case_id,candidate_atm_id,distance_from_last_activity,distance_from_previous_withdrawal,regional_match,time_compatibility,historical_area_score,is_actual_withdrawal,split,source_type
CASE-00001,ATM-001,2.76,3.82,1,0.679,0.209,0,TRAIN,SYNTHETIC
CASE-00001,ATM-073,3.01,2.65,1,0.625,0.75,0,TRAIN,SYNTHETIC
CASE-00001,ATM-103,4.3,5.45,1,0.72,0.878,0,TRAIN,SYNTHETIC
CASE-00001,ATM-043,5.15,4.01,1,0.474,0.573,0,TRAIN,SYNTHETIC
CASE-00001,ATM-115,5.3,7.22,1,0.74,0.664,0,TRAIN,SYNTHETIC
CASE-00001,ATM-085,7.22,9.3,1,0.809,0.692,0,TRAIN,SYNTHETIC
CASE-00001,ATM-025,7.23,6.96,1,0.664,0.269,0,TRAIN,SYNTHETIC
CASE-00001,ATM-067,7.39,9.81,1,0.513,0.392,0,TRAIN,SYNTHETIC
CASE-00002,ATM-020,2.69,3.76,1,0.66,0.866,0,TRAIN,SYNTHETIC
CASE-00002,ATM-086,2.9,4.08,1,0.819,0.184,0,TRAIN,SYNTHETIC
CASE-00002,ATM-032,3.44,4.32,1,0.488,0.555,0,TRAIN,SYNTHETIC
CASE-00002,ATM-074,4.87,5.1,1,0.618,0.547,0,TRAIN,SYNTHETIC
CASE-00002,ATM-116,5.43,4.26,1,0.676,0.17,0,TRAIN,SYNTHETIC
CASE-00002,ATM-110,6.49,7.9,1,0.903,0.67,0,TRAIN,SYNTHETIC
CASE-00002,ATM-080,6.52,7.58,1,0.739,0.625,0,TRAIN,SYNTHETIC
CASE-00002,ATM-008,7.41,7.77,1,0.755,0.095,0,TRAIN,SYNTHETIC
CASE-00003,ATM-099,4.13,3.49,1,0.583,0.579,0,TRAIN,SYNTHETIC
CASE-00003,ATM-075,4.56,2.71,1,0.817,0.147,0,TRAIN,SYNTHETIC
CASE-00003,ATM-009,5.24,3.5,1,0.589,0.722,0,TRAIN,SYNTHETIC
CASE-00003,ATM-105,5.66,6.44,1,0.987,0.356,0,TRAIN,SYNTHETIC
CASE-00003,ATM-027,6.31,5.52,1,0.722,0.135,0,TRAIN,SYNTHETIC
CASE-00003,ATM-021,7.1,9.16,1,0.576,0.104,0,TRAIN,SYNTHETIC
CASE-00003,ATM-081,7.72,5.13,1,0.611,0.295,0,TRAIN,SYNTHETIC
CASE-00003,ATM-022,735.05,779.84,0,0.844,0.224,1,TRAIN,SYNTHETIC
CASE-00004,ATM-046,1.99,1.9,1,0.562,0.837,0,TRAIN,SYNTHETIC
CASE-00004,ATM-040,2.48,2.72,1,0.551,0.824,0,TRAIN,SYNTHETIC
CASE-00004,ATM-064,2.56,3.43,1,0.714,0.56,0,TRAIN,SYNTHETIC
CASE-00004,ATM-094,2.91,2.74,1,0.536,0.157,0,TRAIN,SYNTHETIC
CASE-00004,ATM-112,5.05,4.85,1,0.497,0.598,0,TRAIN,SYNTHETIC
CASE-00004,ATM-004,6.3,6.65,1,0.462,0.683,0,TRAIN,SYNTHETIC
CASE-00004,ATM-088,7.76,6.48,1,0.519,0.93,0,TRAIN,SYNTHETIC
CASE-00004,ATM-026,219.56,147.81,0,0.58,0.129,1,TRAIN,SYNTHETIC
CASE-00005,ATM-119,1.38,1.67,1,0.453,0.092,0,TRAIN,SYNTHETIC
CASE-00005,ATM-077,2.57,1.48,1,0.529,0.876,0,TRAIN,SYNTHETIC
CASE-00005,ATM-041,4.57,4.67,1,0.942,0.385,0,TRAIN,SYNTHETIC
CASE-00005,ATM-053,6.91,5.22,1,0.876,0.014,0,TRAIN,SYNTHETIC
CASE-00005,ATM-017,7.17,6.78,1,0.61,0.81,0,TRAIN,SYNTHETIC
CASE-00005,ATM-101,8.31,8.14,1,0.462,0.631,0,TRAIN,SYNTHETIC
CASE-00005,ATM-059,8.94,8.73,1,0.595,0.135,0,TRAIN,SYNTHETIC
CASE-00005,ATM-034,909.88,1165.92,0,0.74,0.693,1,TRAIN,SYNTHETIC
CASE-00006,ATM-120,1.22,0.76,1,0.824,0.967,0,TRAIN,SYNTHETIC
CASE-00006,ATM-078,2.38,1.31,1,0.575,0.765,0,TRAIN,SYNTHETIC
CASE-00006,ATM-018,4.57,3.09,1,0.962,0.824,0,TRAIN,SYNTHETIC
CASE-00006,ATM-072,5.09,4.54,1,0.587,0.981,0,TRAIN,SYNTHETIC
CASE-00006,ATM-048,6.51,5.79,1,0.991,0.036,0,TRAIN,SYNTHETIC
CASE-00006,ATM-042,6.91,5.86,1,0.552,0.611,0,TRAIN,SYNTHETIC
CASE-00006,ATM-024,6.94,4.07,1,0.936,0.556,0,TRAIN,SYNTHETIC
CASE-00006,ATM-066,7.01,7.08,1,0.636,0.646,0,TRAIN,SYNTHETIC
CASE-00007,ATM-001,2.76,3.23,1,0.947,0.476,0,TRAIN,SYNTHETIC
CASE-00007,ATM-073,3.01,2.44,1,0.565,0.059,0,TRAIN,SYNTHETIC
CASE-00007,ATM-103,4.3,4.46,1,0.581,0.04,0,TRAIN,SYNTHETIC
CASE-00007,ATM-043,5.15,6.8,1,0.786,0.369,0,TRAIN,SYNTHETIC
CASE-00007,ATM-115,5.3,5.18,1,0.533,0.106,0,TRAIN,SYNTHETIC
CASE-00007,ATM-085,7.22,8.08,1,0.515,0.152,0,TRAIN,SYNTHETIC
CASE-00007,ATM-025,7.23,4.2,1,0.51,0.228,0,TRAIN,SYNTHETIC
CASE-00007,ATM-067,7.39,5.08,1,0.85,0.035,0,TRAIN,SYNTHETIC
CASE-00008,ATM-020,2.69,2.25,1,0.746,0.042,0,TRAIN,SYNTHETIC
CASE-00008,ATM-086,2.9,4.01,1,0.457,0.692,0,TRAIN,SYNTHETIC
CASE-00008,ATM-032,3.44,4.35,1,0.781,0.943,0,TRAIN,SYNTHETIC
CASE-00008,ATM-074,4.87,5.13,1,0.546,0.816,0,TRAIN,SYNTHETIC
CASE-00008,ATM-116,5.43,5.79,1,0.482,0.151,0,TRAIN,SYNTHETIC
CASE-00008,ATM-110,6.49,5.67,1,0.559,0.382,0,TRAIN,SYNTHETIC
CASE-00008,ATM-080,6.52,6.49,1,0.804,0.205,0,TRAIN,SYNTHETIC
CASE-00008,ATM-008,7.41,6.13,1,0.532,0.312,0,TRAIN,SYNTHETIC
CASE-00009,ATM-099,4.13,5.86,1,0.489,0.491,0,TRAIN,SYNTHETIC
CASE-00009,ATM-075,4.56,3.31,1,0.891,0.792,0,TRAIN,SYNTHETIC
CASE-00009,ATM-009,5.24,4.25,1,0.904,0.298,0,TRAIN,SYNTHETIC
CASE-00009,ATM-105,5.66,6.22,1,0.651,0.711,0,TRAIN,SYNTHETIC
CASE-00009,ATM-027,6.31,8.76,1,0.921,0.64,0,TRAIN,SYNTHETIC
CASE-00009,ATM-021,7.1,8.33,1,0.816,0.204,0,TRAIN,SYNTHETIC
CASE-00009,ATM-081,7.72,8.75,1,0.827,0.912,0,TRAIN,SYNTHETIC
CASE-00009,ATM-003,7.98,5.09,1,0.617,0.694,0,TRAIN,SYNTHETIC
CASE-00010,ATM-046,1.99,2.35,1,0.497,0.075,0,TRAIN,SYNTHETIC
CASE-00010,ATM-040,2.48,2.91,1,0.778,0.397,0,TRAIN,SYNTHETIC
CASE-00010,ATM-064,2.56,1.44,1,0.891,0.731,0,TRAIN,SYNTHETIC
CASE-00010,ATM-094,2.91,3.32,1,0.833,0.321,0,TRAIN,SYNTHETIC
CASE-00010,ATM-112,5.05,3.93,1,0.63,0.18,0,TRAIN,SYNTHETIC
CASE-00010,ATM-004,6.3,8.21,1,0.731,0.128,0,TRAIN,SYNTHETIC
CASE-00010,ATM-088,7.76,11.13,1,0.686,0.028,0,TRAIN,SYNTHETIC
CASE-00010,ATM-058,8.21,7.08,1,0.497,0.401,0,TRAIN,SYNTHETIC
CASE-00011,ATM-119,1.38,1.26,1,0.594,0.794,0,TRAIN,SYNTHETIC
CASE-00011,ATM-077,2.57,2.58,1,0.863,0.673,0,TRAIN,SYNTHETIC
CASE-00011,ATM-041,4.57,2.93,1,0.873,0.848,0,TRAIN,SYNTHETIC
CASE-00011,ATM-053,6.91,7.79,1,0.95,0.118,0,TRAIN,SYNTHETIC
CASE-00011,ATM-017,7.17,4.88,1,0.634,0.646,0,TRAIN,SYNTHETIC
CASE-00011,ATM-101,8.31,5.87,1,0.715,0.078,0,TRAIN,SYNTHETIC
CASE-00011,ATM-059,8.94,12.79,1,0.752,0.717,0,TRAIN,SYNTHETIC
CASE-00011,ATM-061,926.63,745.3,0,0.454,0.864,1,TRAIN,SYNTHETIC
CASE-00012,ATM-120,1.22,0.99,1,0.618,0.985,0,TRAIN,SYNTHETIC
CASE-00012,ATM-078,2.38,1.52,1,0.901,0.191,0,TRAIN,SYNTHETIC
CASE-00012,ATM-018,4.57,4.49,1,0.589,0.271,0,TRAIN,SYNTHETIC
CASE-00012,ATM-072,5.09,5.48,1,0.682,0.823,0,TRAIN,SYNTHETIC
CASE-00012,ATM-048,6.51,7.03,1,0.936,0.061,0,TRAIN,SYNTHETIC
CASE-00012,ATM-042,6.91,5.28,1,0.896,0.71,0,TRAIN,SYNTHETIC
CASE-00012,ATM-024,6.94,8.3,1,0.566,0.697,0,TRAIN,SYNTHETIC
CASE-00012,ATM-066,7.01,9.48,1,0.673,0.865,0,TRAIN,SYNTHETIC
CASE-00013,ATM-001,2.76,2.41,1,0.761,0.089,0,TRAIN,SYNTHETIC
CASE-00013,ATM-073,3.01,3.04,1,0.583,0.913,0,TRAIN,SYNTHETIC
CASE-00013,ATM-103,4.3,4.54,1,0.515,0.742,0,TRAIN,SYNTHETIC
CASE-00013,ATM-043,5.15,4.31,1,0.689,0.816,0,TRAIN,SYNTHETIC
CASE-00013,ATM-115,5.3,3.13,1,0.647,0.648,0,TRAIN,SYNTHETIC
CASE-00013,ATM-085,7.22,4.33,1,0.949,0.71,0,TRAIN,SYNTHETIC
CASE-00013,ATM-025,7.23,6.43,1,0.576,0.965,0,TRAIN,SYNTHETIC
CASE-00013,ATM-092,287.89,191.74,0,0.576,0.306,1,TRAIN,SYNTHETIC
CASE-00014,ATM-020,2.69,2.28,1,0.652,0.738,0,VALIDATION,SYNTHETIC
CASE-00014,ATM-086,2.9,1.75,1,0.95,0.277,0,VALIDATION,SYNTHETIC
CASE-00014,ATM-032,3.44,3.1,1,0.493,0.551,0,VALIDATION,SYNTHETIC
CASE-00014,ATM-074,4.87,6,1,0.654,0.922,0,VALIDATION,SYNTHETIC
CASE-00014,ATM-116,5.43,4.44,1,0.753,0.894,0,VALIDATION,SYNTHETIC
CASE-00014,ATM-110,6.49,7.73,1,0.612,0.789,0,VALIDATION,SYNTHETIC
CASE-00014,ATM-080,6.52,6.99,1,0.949,0.897,0,VALIDATION,SYNTHETIC
CASE-00014,ATM-014,10.24,12.9,1,0.585,0.233,1,VALIDATION,SYNTHETIC
CASE-00015,ATM-099,4.13,5.36,1,0.863,0.598,0,VALIDATION,SYNTHETIC
CASE-00015,ATM-075,4.56,2.63,1,0.585,0.686,0,VALIDATION,SYNTHETIC
CASE-00015,ATM-009,5.24,4.54,1,0.768,0.947,0,VALIDATION,SYNTHETIC
CASE-00015,ATM-105,5.66,5.49,1,0.722,0.874,0,VALIDATION,SYNTHETIC
CASE-00015,ATM-027,6.31,5.81,1,0.669,0.515,0,VALIDATION,SYNTHETIC
CASE-00015,ATM-021,7.1,5.71,1,0.896,0.079,0,VALIDATION,SYNTHETIC
CASE-00015,ATM-081,7.72,4.82,1,0.739,0.833,0,VALIDATION,SYNTHETIC
CASE-00015,ATM-003,7.98,6.1,1,0.825,0.803,0,VALIDATION,SYNTHETIC
CASE-00016,ATM-046,1.99,2.56,1,0.45,0.074,0,VALIDATION,SYNTHETIC
CASE-00016,ATM-040,2.48,2.82,1,0.91,0.935,0,VALIDATION,SYNTHETIC
CASE-00016,ATM-064,2.56,1.66,1,0.625,0.752,0,VALIDATION,SYNTHETIC
CASE-00016,ATM-094,2.91,2.05,1,0.682,0.088,0,VALIDATION,SYNTHETIC
CASE-00016,ATM-112,5.05,4.98,1,0.575,0.669,0,VALIDATION,SYNTHETIC
CASE-00016,ATM-004,6.3,4.5,1,0.933,0.111,0,VALIDATION,SYNTHETIC
CASE-00016,ATM-088,7.76,6.61,1,0.978,0.545,0,VALIDATION,SYNTHETIC
CASE-00016,ATM-071,893.66,908.41,0,0.531,0.67,1,VALIDATION,SYNTHETIC
CASE-00017,ATM-119,1.38,1.56,1,0.943,0.553,0,TEST,SYNTHETIC
CASE-00017,ATM-077,2.57,2.22,1,0.807,0.071,0,TEST,SYNTHETIC
CASE-00017,ATM-041,4.57,4.89,1,0.52,0.328,0,TEST,SYNTHETIC
CASE-00017,ATM-053,6.91,8.16,1,0.661,0.166,0,TEST,SYNTHETIC
CASE-00017,ATM-017,7.17,9.49,1,0.587,0.97,0,TEST,SYNTHETIC
CASE-00017,ATM-101,8.31,5.16,1,0.782,0.089,0,TEST,SYNTHETIC
CASE-00017,ATM-059,8.94,5.14,1,0.479,0.802,0,TEST,SYNTHETIC
CASE-00017,ATM-005,8.96,7.36,1,0.455,1,0,TEST,SYNTHETIC
CASE-00018,ATM-120,1.22,0.91,1,0.63,0.508,0,TEST,SYNTHETIC
CASE-00018,ATM-078,2.38,2.85,1,0.749,0.734,0,TEST,SYNTHETIC
CASE-00018,ATM-018,4.57,4.35,1,0.822,0.978,0,TEST,SYNTHETIC
CASE-00018,ATM-072,5.09,4.5,1,0.869,0.553,0,TEST,SYNTHETIC
CASE-00018,ATM-048,6.51,5.74,1,0.837,0.637,0,TEST,SYNTHETIC
CASE-00018,ATM-042,6.91,4.45,1,0.932,0.298,0,TEST,SYNTHETIC
CASE-00018,ATM-024,6.94,8.36,1,0.963,0.455,0,TEST,SYNTHETIC
CASE-00018,ATM-066,7.01,7.2,1,0.883,0.978,0,TEST,SYNTHETIC
CASE-00019,ATM-001,2.76,2.98,1,0.906,0.001,0,TEST,SYNTHETIC
CASE-00019,ATM-073,3.01,1.83,1,0.792,0.425,0,TEST,SYNTHETIC
CASE-00019,ATM-103,4.3,4.7,1,0.629,0.28,0,TEST,SYNTHETIC
CASE-00019,ATM-043,5.15,6.33,1,0.515,0.2,0,TEST,SYNTHETIC
CASE-00019,ATM-115,5.3,4.56,1,0.715,0.871,0,TEST,SYNTHETIC
CASE-00019,ATM-085,7.22,3.98,1,0.861,0.301,0,TEST,SYNTHETIC
CASE-00019,ATM-025,7.23,5.6,1,0.693,0.588,0,TEST,SYNTHETIC
CASE-00019,ATM-088,424.58,453.99,1,0.897,0.01,1,TEST,SYNTHETIC
CASE-00020,ATM-020,2.69,1.55,1,0.785,0.085,0,TRAIN,SYNTHETIC
CASE-00020,ATM-086,2.9,2.38,1,0.653,0.071,0,TRAIN,SYNTHETIC
CASE-00020,ATM-032,3.44,3.52,1,0.729,0.847,0,TRAIN,SYNTHETIC
CASE-00020,ATM-074,4.87,5.34,1,0.63,0.348,0,TRAIN,SYNTHETIC
CASE-00020,ATM-116,5.43,7.57,1,0.897,0.794,0,TRAIN,SYNTHETIC
CASE-00020,ATM-110,6.49,8.22,1,0.856,0.672,0,TRAIN,SYNTHETIC
CASE-00020,ATM-080,6.52,6.54,1,0.589,0.8,0,TRAIN,SYNTHETIC
CASE-00020,ATM-008,7.41,9.02,1,0.719,0.759,0,TRAIN,SYNTHETIC
CASE-00021,ATM-099,4.13,5.48,1,0.815,0.251,0,TRAIN,SYNTHETIC
CASE-00021,ATM-075,4.56,4.93,1,0.625,0.291,0,TRAIN,SYNTHETIC
CASE-00021,ATM-009,5.24,5.09,1,0.718,0.852,0,TRAIN,SYNTHETIC
CASE-00021,ATM-105,5.66,7.96,1,0.48,0.304,0,TRAIN,SYNTHETIC
CASE-00021,ATM-027,6.31,5.68,1,0.903,0.807,0,TRAIN,SYNTHETIC
CASE-00021,ATM-021,7.1,3.99,1,0.796,0.525,0,TRAIN,SYNTHETIC
CASE-00021,ATM-081,7.72,8.99,1,0.702,0.913,0,TRAIN,SYNTHETIC
CASE-00021,ATM-003,7.98,6.19,1,0.981,0.178,0,TRAIN,SYNTHETIC
CASE-00022,ATM-046,1.99,2.62,1,0.908,0.477,0,TRAIN,SYNTHETIC
CASE-00022,ATM-040,2.48,3.33,1,0.562,0.578,0,TRAIN,SYNTHETIC
CASE-00022,ATM-064,2.56,3.63,1,0.636,0.999,0,TRAIN,SYNTHETIC
CASE-00022,ATM-094,2.91,3.44,1,0.478,0.286,0,TRAIN,SYNTHETIC
CASE-00022,ATM-112,5.05,5.61,1,0.952,0.851,0,TRAIN,SYNTHETIC
CASE-00022,ATM-004,6.3,3.92,1,0.704,0.925,0,TRAIN,SYNTHETIC
CASE-00022,ATM-088,7.76,5.16,1,0.858,0.98,0,TRAIN,SYNTHETIC
CASE-00022,ATM-058,8.21,8.11,1,0.49,0.764,0,TRAIN,SYNTHETIC
CASE-00023,ATM-119,1.38,1.47,1,0.959,0.843,0,TRAIN,SYNTHETIC
CASE-00023,ATM-077,2.57,2.4,1,0.699,0.753,0,TRAIN,SYNTHETIC
CASE-00023,ATM-041,4.57,6.57,1,0.803,0.416,0,TRAIN,SYNTHETIC
CASE-00023,ATM-053,6.91,5.94,1,0.674,0.422,0,TRAIN,SYNTHETIC
CASE-00023,ATM-017,7.17,7.37,1,0.758,0.399,0,TRAIN,SYNTHETIC
CASE-00023,ATM-101,8.31,7.62,1,0.607,0.783,0,TRAIN,SYNTHETIC
CASE-00023,ATM-059,8.94,5.81,1,0.617,0.198,0,TRAIN,SYNTHETIC
CASE-00023,ATM-042,760.57,562.06,0,0.482,0.9,1,TRAIN,SYNTHETIC
CASE-00024,ATM-120,1.22,1.39,1,0.879,0.54,0,TRAIN,SYNTHETIC
CASE-00024,ATM-078,2.38,3.15,1,0.765,0.374,0,TRAIN,SYNTHETIC
CASE-00024,ATM-018,4.57,4.39,1,0.803,0.265,0,TRAIN,SYNTHETIC
CASE-00024,ATM-072,5.09,6.46,1,0.463,0.914,0,TRAIN,SYNTHETIC
CASE-00024,ATM-048,6.51,5.7,1,0.66,0.341,0,TRAIN,SYNTHETIC
CASE-00024,ATM-042,6.91,8.57,1,0.615,0.77,0,TRAIN,SYNTHETIC
CASE-00024,ATM-024,6.94,5.37,1,0.68,0.497,0,TRAIN,SYNTHETIC
CASE-00024,ATM-066,7.01,7.22,1,0.564,0.304,0,TRAIN,SYNTHETIC
CASE-00025,ATM-001,2.76,3.22,1,0.888,0.353,0,TRAIN,SYNTHETIC
CASE-00025,ATM-073,3.01,3.06,1,0.866,0.279,0,TRAIN,SYNTHETIC
CASE-00025,ATM-103,4.3,3.37,1,0.789,0.799,0,TRAIN,SYNTHETIC
CASE-00025,ATM-043,5.15,5.65,1,0.656,0.629,0,TRAIN,SYNTHETIC
CASE-00025,ATM-115,5.3,5.8,1,0.63,0.372,0,TRAIN,SYNTHETIC
CASE-00025,ATM-085,7.22,6.84,1,0.972,0.514,0,TRAIN,SYNTHETIC
CASE-00025,ATM-025,7.23,7.1,1,0.489,0.718,0,TRAIN,SYNTHETIC
CASE-00025,ATM-065,917.43,792.94,0,0.464,0.721,1,TRAIN,SYNTHETIC
CASE-00026,ATM-020,2.69,3.02,1,0.798,0.398,0,TRAIN,SYNTHETIC
CASE-00026,ATM-086,2.9,1.66,1,0.917,0.429,0,TRAIN,SYNTHETIC
CASE-00026,ATM-032,3.44,4.15,1,0.505,0.623,0,TRAIN,SYNTHETIC
CASE-00026,ATM-074,4.87,3.82,1,0.541,0.585,0,TRAIN,SYNTHETIC
CASE-00026,ATM-116,5.43,4.07,1,0.748,0.789,0,TRAIN,SYNTHETIC
CASE-00026,ATM-110,6.49,5.84,1,0.523,0.99,0,TRAIN,SYNTHETIC
CASE-00026,ATM-080,6.52,7.93,1,0.86,0.664,0,TRAIN,SYNTHETIC
CASE-00026,ATM-008,7.41,6.8,1,0.507,0.542,0,TRAIN,SYNTHETIC
CASE-00027,ATM-099,4.13,3.81,1,0.5,0.796,0,TRAIN,SYNTHETIC
CASE-00027,ATM-075,4.56,4.69,1,0.804,0.664,0,TRAIN,SYNTHETIC
CASE-00027,ATM-009,5.24,4.16,1,0.647,0.894,0,TRAIN,SYNTHETIC
CASE-00027,ATM-105,5.66,3.88,1,0.815,0.503,0,TRAIN,SYNTHETIC
CASE-00027,ATM-027,6.31,6.01,1,0.64,0.287,0,TRAIN,SYNTHETIC
CASE-00027,ATM-021,7.1,4.74,1,0.809,0.546,0,TRAIN,SYNTHETIC
CASE-00027,ATM-081,7.72,8.24,1,0.748,0.555,0,TRAIN,SYNTHETIC
CASE-00027,ATM-003,7.98,5.64,1,0.98,0.191,0,TRAIN,SYNTHETIC
CASE-00028,ATM-046,1.99,2.17,1,0.572,0.752,0,TRAIN,SYNTHETIC
CASE-00028,ATM-040,2.48,2.3,1,0.843,0.063,0,TRAIN,SYNTHETIC
CASE-00028,ATM-064,2.56,2.18,1,0.844,0.014,0,TRAIN,SYNTHETIC
CASE-00028,ATM-094,2.91,2.65,1,0.592,0.836,0,TRAIN,SYNTHETIC
CASE-00028,ATM-112,5.05,3.62,1,0.698,0.009,0,TRAIN,SYNTHETIC
CASE-00028,ATM-004,6.3,7.86,1,0.935,0.885,0,TRAIN,SYNTHETIC
CASE-00028,ATM-088,7.76,5.99,1,0.914,0.586,0,TRAIN,SYNTHETIC
CASE-00028,ATM-077,897.26,1281.18,0,0.943,0.293,1,TRAIN,SYNTHETIC
CASE-00029,ATM-119,1.38,1.42,1,0.943,0.82,0,TRAIN,SYNTHETIC
CASE-00029,ATM-077,2.57,1.99,1,0.472,0.783,0,TRAIN,SYNTHETIC
CASE-00029,ATM-041,4.57,4.5,1,0.778,0.512,0,TRAIN,SYNTHETIC
CASE-00029,ATM-053,6.91,7.89,1,0.947,0.608,0,TRAIN,SYNTHETIC
CASE-00029,ATM-017,7.17,9.24,1,0.781,0.555,0,TRAIN,SYNTHETIC
CASE-00029,ATM-101,8.31,10.27,1,0.469,0.554,0,TRAIN,SYNTHETIC
CASE-00029,ATM-059,8.94,11.99,1,0.583,0.476,0,TRAIN,SYNTHETIC
CASE-00029,ATM-005,8.96,6.31,1,0.829,0.468,1,TRAIN,SYNTHETIC
CASE-00030,ATM-120,1.22,1.26,1,0.657,0.444,0,TRAIN,SYNTHETIC
CASE-00030,ATM-078,2.38,3.29,1,0.723,0.754,0,TRAIN,SYNTHETIC
CASE-00030,ATM-018,4.57,3.08,1,0.633,0.289,0,TRAIN,SYNTHETIC
CASE-00030,ATM-072,5.09,2.96,1,0.499,0.566,0,TRAIN,SYNTHETIC
CASE-00030,ATM-048,6.51,3.8,1,0.562,0.161,0,TRAIN,SYNTHETIC
CASE-00030,ATM-042,6.91,7.93,1,0.962,0.89,0,TRAIN,SYNTHETIC
CASE-00030,ATM-024,6.94,9.26,1,0.702,0.709,0,TRAIN,SYNTHETIC
CASE-00030,ATM-080,518.62,430.69,0,0.978,0.605,1,TRAIN,SYNTHETIC
CASE-00031,ATM-001,2.76,2,1,0.508,0.26,0,TRAIN,SYNTHETIC
CASE-00031,ATM-073,3.01,2.37,1,0.752,0.359,0,TRAIN,SYNTHETIC
CASE-00031,ATM-103,4.3,6.07,1,0.821,0.893,0,TRAIN,SYNTHETIC
CASE-00031,ATM-043,5.15,5.99,1,0.713,0.51,0,TRAIN,SYNTHETIC
CASE-00031,ATM-115,5.3,7.4,1,0.532,0.455,0,TRAIN,SYNTHETIC
CASE-00031,ATM-085,7.22,7.54,1,0.953,0.722,0,TRAIN,SYNTHETIC
CASE-00031,ATM-025,7.23,6.52,1,0.713,0.521,0,TRAIN,SYNTHETIC
CASE-00031,ATM-067,7.39,5.06,1,0.882,0.383,0,TRAIN,SYNTHETIC
CASE-00032,ATM-020,2.69,1.51,1,0.798,0.484,0,TRAIN,SYNTHETIC
CASE-00032,ATM-086,2.9,2.51,1,0.63,0.84,0,TRAIN,SYNTHETIC
CASE-00032,ATM-032,3.44,2.74,1,0.604,0.676,0,TRAIN,SYNTHETIC
CASE-00032,ATM-074,4.87,5.35,1,0.9,0.885,0,TRAIN,SYNTHETIC
CASE-00032,ATM-116,5.43,3.15,1,0.603,0.096,0,TRAIN,SYNTHETIC
CASE-00032,ATM-110,6.49,7.71,1,0.925,0.831,0,TRAIN,SYNTHETIC
CASE-00032,ATM-080,6.52,4.81,1,0.763,0.868,0,TRAIN,SYNTHETIC
CASE-00032,ATM-120,510.9,580.31,0,0.985,0.233,1,TRAIN,SYNTHETIC
CASE-00033,ATM-099,4.13,4.13,1,0.802,0.895,0,TRAIN,SYNTHETIC
CASE-00033,ATM-075,4.56,6.36,1,0.938,0.973,0,TRAIN,SYNTHETIC
CASE-00033,ATM-009,5.24,4.21,1,0.788,0.539,0,TRAIN,SYNTHETIC
CASE-00033,ATM-105,5.66,3.56,1,0.997,0.058,0,TRAIN,SYNTHETIC
CASE-00033,ATM-027,6.31,8.64,1,0.698,0.212,0,TRAIN,SYNTHETIC
CASE-00033,ATM-021,7.1,5.72,1,0.921,0.191,0,TRAIN,SYNTHETIC
CASE-00033,ATM-081,7.72,9.89,1,0.68,0.972,0,TRAIN,SYNTHETIC
CASE-00033,ATM-112,726.77,729.99,0,0.489,0.749,1,TRAIN,SYNTHETIC
CASE-00034,ATM-046,1.99,1.27,1,0.656,0.505,0,VALIDATION,SYNTHETIC
CASE-00034,ATM-040,2.48,2.74,1,0.974,0.906,0,VALIDATION,SYNTHETIC
CASE-00034,ATM-064,2.56,2.29,1,0.897,0.672,0,VALIDATION,SYNTHETIC
CASE-00034,ATM-094,2.91,2.87,1,0.992,0.493,0,VALIDATION,SYNTHETIC
CASE-00034,ATM-112,5.05,5.44,1,0.499,0.927,0,VALIDATION,SYNTHETIC
CASE-00034,ATM-004,6.3,4.33,1,0.708,0.958,0,VALIDATION,SYNTHETIC
CASE-00034,ATM-088,7.76,9.89,1,0.744,0.909,0,VALIDATION,SYNTHETIC
CASE-00034,ATM-058,8.21,10.05,1,0.567,0.191,0,VALIDATION,SYNTHETIC
CASE-00035,ATM-119,1.38,1.4,1,0.82,0.976,0,VALIDATION,SYNTHETIC
CASE-00035,ATM-077,2.57,3.46,1,0.941,0.083,0,VALIDATION,SYNTHETIC
CASE-00035,ATM-041,4.57,2.92,1,0.745,0.588,0,VALIDATION,SYNTHETIC
CASE-00035,ATM-053,6.91,6.68,1,0.563,0.581,0,VALIDATION,SYNTHETIC
CASE-00035,ATM-017,7.17,6.65,1,0.542,0.888,0,VALIDATION,SYNTHETIC
CASE-00035,ATM-101,8.31,6.09,1,0.745,0.01,0,VALIDATION,SYNTHETIC
CASE-00035,ATM-059,8.94,11.88,1,0.551,0.654,0,VALIDATION,SYNTHETIC
CASE-00035,ATM-074,739.3,543.02,0,0.992,0.229,1,VALIDATION,SYNTHETIC
CASE-00036,ATM-120,1.22,1.48,1,0.588,0.699,0,VALIDATION,SYNTHETIC
CASE-00036,ATM-078,2.38,3.08,1,0.699,0.906,0,VALIDATION,SYNTHETIC
CASE-00036,ATM-018,4.57,4.73,1,0.883,0.392,0,VALIDATION,SYNTHETIC
CASE-00036,ATM-072,5.09,3.63,1,0.817,0.446,0,VALIDATION,SYNTHETIC
CASE-00036,ATM-048,6.51,3.91,1,0.872,0.628,0,VALIDATION,SYNTHETIC
CASE-00036,ATM-042,6.91,5.07,1,0.646,0.689,0,VALIDATION,SYNTHETIC
CASE-00036,ATM-024,6.94,7.36,1,0.686,0.122,0,VALIDATION,SYNTHETIC
CASE-00036,ATM-069,236.53,332.78,0,0.914,0.168,1,VALIDATION,SYNTHETIC
CASE-00037,ATM-001,2.76,3.5,1,0.723,0.097,0,TEST,SYNTHETIC
CASE-00037,ATM-073,3.01,2.05,1,0.881,0.779,0,TEST,SYNTHETIC
CASE-00037,ATM-103,4.3,4.84,1,0.489,0.905,0,TEST,SYNTHETIC
CASE-00037,ATM-043,5.15,5.44,1,0.906,0.021,0,TEST,SYNTHETIC
CASE-00037,ATM-115,5.3,5.83,1,0.955,0.532,0,TEST,SYNTHETIC
CASE-00037,ATM-085,7.22,6.03,1,0.686,0.044,0,TEST,SYNTHETIC
CASE-00037,ATM-025,7.23,4.67,1,0.995,0.841,0,TEST,SYNTHETIC
CASE-00037,ATM-067,7.39,4.5,1,0.62,0.637,0,TEST,SYNTHETIC
CASE-00038,ATM-020,2.69,3.08,1,0.687,0.771,0,TEST,SYNTHETIC
CASE-00038,ATM-086,2.9,3.27,1,0.697,0.365,0,TEST,SYNTHETIC
CASE-00038,ATM-032,3.44,4.69,1,0.639,0.063,0,TEST,SYNTHETIC
CASE-00038,ATM-074,4.87,4.99,1,0.814,0.427,0,TEST,SYNTHETIC
CASE-00038,ATM-116,5.43,4.89,1,0.728,0.158,0,TEST,SYNTHETIC
CASE-00038,ATM-110,6.49,7.72,1,0.904,0.909,0,TEST,SYNTHETIC
CASE-00038,ATM-080,6.52,8.36,1,0.642,0.422,0,TEST,SYNTHETIC
CASE-00038,ATM-027,505.22,477.42,0,0.825,0.261,1,TEST,SYNTHETIC
CASE-00039,ATM-099,4.13,5.1,1,0.904,0.557,0,TEST,SYNTHETIC
CASE-00039,ATM-075,4.56,3.41,1,0.747,0.91,0,TEST,SYNTHETIC
CASE-00039,ATM-009,5.24,5.27,1,0.902,0.225,0,TEST,SYNTHETIC
CASE-00039,ATM-105,5.66,7.96,1,0.785,0.984,0,TEST,SYNTHETIC
CASE-00039,ATM-027,6.31,8.39,1,0.772,0.215,0,TEST,SYNTHETIC
CASE-00039,ATM-021,7.1,5.29,1,0.994,0.548,0,TEST,SYNTHETIC
CASE-00039,ATM-081,7.72,5.22,1,0.673,0.534,0,TEST,SYNTHETIC
CASE-00039,ATM-036,240.9,242.82,0,0.799,0.258,1,TEST,SYNTHETIC
CASE-00040,ATM-046,1.99,2.42,1,0.87,0.7,0,TRAIN,SYNTHETIC
CASE-00040,ATM-040,2.48,2.83,1,0.923,0.378,0,TRAIN,SYNTHETIC
CASE-00040,ATM-064,2.56,1.86,1,0.933,0.642,0,TRAIN,SYNTHETIC
CASE-00040,ATM-094,2.91,2.88,1,0.818,0.45,0,TRAIN,SYNTHETIC
CASE-00040,ATM-112,5.05,2.92,1,0.992,0.684,0,TRAIN,SYNTHETIC
CASE-00040,ATM-004,6.3,8.69,1,0.769,0.85,0,TRAIN,SYNTHETIC
CASE-00040,ATM-088,7.76,11.08,1,0.498,0.266,0,TRAIN,SYNTHETIC
CASE-00040,ATM-013,415.56,592.01,1,0.608,0.656,1,TRAIN,SYNTHETIC
CASE-00041,ATM-119,1.38,1.61,1,0.645,0.739,0,TRAIN,SYNTHETIC
CASE-00041,ATM-077,2.57,1.68,1,0.566,0.345,0,TRAIN,SYNTHETIC
CASE-00041,ATM-041,4.57,6.29,1,0.892,0.536,0,TRAIN,SYNTHETIC
CASE-00041,ATM-053,6.91,5.41,1,0.898,0.766,0,TRAIN,SYNTHETIC
CASE-00041,ATM-017,7.17,8.77,1,0.662,0.492,0,TRAIN,SYNTHETIC
CASE-00041,ATM-101,8.31,10.12,1,0.87,0.621,0,TRAIN,SYNTHETIC
CASE-00041,ATM-059,8.94,7.7,1,0.499,0.079,0,TRAIN,SYNTHETIC
CASE-00041,ATM-005,8.96,8.5,1,0.898,0.327,0,TRAIN,SYNTHETIC
CASE-00042,ATM-120,1.22,0.71,1,0.869,0.756,0,TRAIN,SYNTHETIC
CASE-00042,ATM-078,2.38,3.36,1,0.727,0.057,0,TRAIN,SYNTHETIC
CASE-00042,ATM-018,4.57,5.06,1,0.517,0.27,0,TRAIN,SYNTHETIC
CASE-00042,ATM-072,5.09,4.92,1,0.472,0.447,0,TRAIN,SYNTHETIC
CASE-00042,ATM-048,6.51,9.14,1,0.481,0.282,0,TRAIN,SYNTHETIC
CASE-00042,ATM-042,6.91,9.64,1,0.555,0.013,0,TRAIN,SYNTHETIC
CASE-00042,ATM-024,6.94,6.29,1,0.778,0.686,0,TRAIN,SYNTHETIC
CASE-00042,ATM-066,7.01,9.21,1,0.751,0.128,0,TRAIN,SYNTHETIC
CASE-00043,ATM-001,2.76,2.76,1,0.882,0.898,0,TRAIN,SYNTHETIC
CASE-00043,ATM-073,3.01,3.39,1,0.607,0.313,0,TRAIN,SYNTHETIC
CASE-00043,ATM-103,4.3,6.1,1,0.638,0.172,0,TRAIN,SYNTHETIC
CASE-00043,ATM-043,5.15,6.29,1,0.615,0.367,0,TRAIN,SYNTHETIC
CASE-00043,ATM-115,5.3,7.64,1,0.762,0.864,0,TRAIN,SYNTHETIC
CASE-00043,ATM-085,7.22,9.13,1,0.885,0.095,0,TRAIN,SYNTHETIC
CASE-00043,ATM-025,7.23,4.23,1,0.542,0.694,0,TRAIN,SYNTHETIC
CASE-00043,ATM-067,7.39,9.82,1,0.607,0.031,0,TRAIN,SYNTHETIC
CASE-00044,ATM-020,2.69,2.07,1,0.556,0.221,0,TRAIN,SYNTHETIC
CASE-00044,ATM-086,2.9,3.51,1,0.538,0.513,0,TRAIN,SYNTHETIC
CASE-00044,ATM-032,3.44,2.57,1,0.904,0.97,0,TRAIN,SYNTHETIC
CASE-00044,ATM-074,4.87,5.18,1,0.936,0.659,0,TRAIN,SYNTHETIC
CASE-00044,ATM-116,5.43,4.98,1,0.994,0.83,0,TRAIN,SYNTHETIC
CASE-00044,ATM-110,6.49,4.7,1,0.687,0.708,0,TRAIN,SYNTHETIC
CASE-00044,ATM-080,6.52,8.7,1,0.703,0.322,0,TRAIN,SYNTHETIC
CASE-00044,ATM-008,7.41,4.76,1,0.741,0.834,0,TRAIN,SYNTHETIC
CASE-00045,ATM-099,4.13,5.74,1,0.895,0.64,0,TRAIN,SYNTHETIC
CASE-00045,ATM-075,4.56,4.06,1,0.51,0.418,0,TRAIN,SYNTHETIC
CASE-00045,ATM-009,5.24,3.58,1,0.692,0.285,0,TRAIN,SYNTHETIC
CASE-00045,ATM-105,5.66,6.83,1,0.986,0.029,0,TRAIN,SYNTHETIC
CASE-00045,ATM-027,6.31,9.07,1,0.974,0.236,0,TRAIN,SYNTHETIC
CASE-00045,ATM-021,7.1,6.74,1,0.712,0.24,0,TRAIN,SYNTHETIC
CASE-00045,ATM-081,7.72,10.31,1,0.99,0.516,0,TRAIN,SYNTHETIC
CASE-00045,ATM-003,7.98,5.08,1,0.612,0.973,0,TRAIN,SYNTHETIC
CASE-00046,ATM-046,1.99,1.62,1,0.668,0.432,0,TRAIN,SYNTHETIC
CASE-00046,ATM-040,2.48,1.66,1,0.756,0.516,0,TRAIN,SYNTHETIC
CASE-00046,ATM-064,2.56,2.53,1,0.664,0.747,0,TRAIN,SYNTHETIC
CASE-00046,ATM-094,2.91,3.05,1,0.778,0.372,0,TRAIN,SYNTHETIC
CASE-00046,ATM-112,5.05,6.08,1,0.934,0.903,0,TRAIN,SYNTHETIC
CASE-00046,ATM-004,6.3,5.53,1,0.98,0.341,0,TRAIN,SYNTHETIC
CASE-00046,ATM-088,7.76,6.92,1,0.724,0.048,0,TRAIN,SYNTHETIC
CASE-00046,ATM-058,8.21,10.82,1,0.764,0.121,0,TRAIN,SYNTHETIC
CASE-00047,ATM-119,1.38,0.98,1,0.502,0.464,0,TRAIN,SYNTHETIC
CASE-00047,ATM-077,2.57,3.42,1,0.697,0.594,0,TRAIN,SYNTHETIC
CASE-00047,ATM-041,4.57,2.7,1,0.454,0.79,0,TRAIN,SYNTHETIC
CASE-00047,ATM-053,6.91,5.54,1,0.937,0.005,0,TRAIN,SYNTHETIC
CASE-00047,ATM-017,7.17,5.42,1,0.648,0.961,0,TRAIN,SYNTHETIC
CASE-00047,ATM-101,8.31,4.81,1,0.92,0.464,0,TRAIN,SYNTHETIC
CASE-00047,ATM-059,8.94,8.31,1,0.938,0.323,0,TRAIN,SYNTHETIC
CASE-00047,ATM-063,496.65,423.14,0,0.921,0.026,1,TRAIN,SYNTHETIC
CASE-00048,ATM-120,1.22,1.22,1,0.71,0.496,0,TRAIN,SYNTHETIC
CASE-00048,ATM-078,2.38,1.47,1,0.486,0.271,0,TRAIN,SYNTHETIC
CASE-00048,ATM-018,4.57,6.04,1,0.791,0.632,0,TRAIN,SYNTHETIC
CASE-00048,ATM-072,5.09,5.83,1,0.493,0.971,0,TRAIN,SYNTHETIC
CASE-00048,ATM-048,6.51,4.85,1,0.638,0.969,0,TRAIN,SYNTHETIC
CASE-00048,ATM-042,6.91,6.72,1,0.529,0.894,0,TRAIN,SYNTHETIC
CASE-00048,ATM-024,6.94,9.86,1,0.458,0.723,0,TRAIN,SYNTHETIC
CASE-00048,ATM-066,7.01,8.76,1,0.847,0.924,0,TRAIN,SYNTHETIC
CASE-00049,ATM-001,2.76,3.52,1,0.566,0.26,0,TRAIN,SYNTHETIC
CASE-00049,ATM-073,3.01,4.08,1,0.567,0.71,0,TRAIN,SYNTHETIC
CASE-00049,ATM-103,4.3,2.58,1,0.566,0.83,0,TRAIN,SYNTHETIC
CASE-00049,ATM-043,5.15,2.86,1,0.638,0.282,0,TRAIN,SYNTHETIC
CASE-00049,ATM-115,5.3,5.12,1,0.715,0.533,0,TRAIN,SYNTHETIC
CASE-00049,ATM-085,7.22,9.57,1,0.742,0.506,0,TRAIN,SYNTHETIC
CASE-00049,ATM-025,7.23,5.8,1,0.532,0.012,0,TRAIN,SYNTHETIC
CASE-00049,ATM-059,919.2,1151.29,0,0.934,0.147,1,TRAIN,SYNTHETIC
CASE-00050,ATM-020,2.69,1.58,1,0.741,0.021,0,TRAIN,SYNTHETIC
CASE-00050,ATM-086,2.9,2.16,1,0.778,0.793,0,TRAIN,SYNTHETIC
CASE-00050,ATM-032,3.44,3.52,1,0.681,0.718,0,TRAIN,SYNTHETIC
CASE-00050,ATM-074,4.87,5.6,1,0.986,0.757,0,TRAIN,SYNTHETIC
CASE-00050,ATM-116,5.43,5.57,1,0.526,0.04,0,TRAIN,SYNTHETIC
CASE-00050,ATM-110,6.49,7.81,1,0.694,0.677,0,TRAIN,SYNTHETIC
CASE-00050,ATM-080,6.52,8.34,1,0.794,0.876,0,TRAIN,SYNTHETIC
CASE-00050,ATM-058,230.25,240.37,0,0.817,0.684,1,TRAIN,SYNTHETIC
CASE-00051,ATM-099,4.13,4.33,1,0.986,0.486,0,TRAIN,SYNTHETIC
CASE-00051,ATM-075,4.56,5.99,1,0.473,0.718,0,TRAIN,SYNTHETIC
CASE-00051,ATM-009,5.24,5.82,1,0.454,0.537,0,TRAIN,SYNTHETIC
CASE-00051,ATM-105,5.66,4.8,1,0.627,0.683,0,TRAIN,SYNTHETIC
CASE-00051,ATM-027,6.31,6.34,1,0.562,0.382,0,TRAIN,SYNTHETIC
CASE-00051,ATM-021,7.1,7.63,1,0.653,0.297,0,TRAIN,SYNTHETIC
CASE-00051,ATM-081,7.72,8.12,1,0.759,0.023,0,TRAIN,SYNTHETIC
CASE-00051,ATM-116,497.39,577.59,0,0.646,0.186,1,TRAIN,SYNTHETIC
CASE-00052,ATM-046,1.99,1.71,1,0.945,0.69,0,TRAIN,SYNTHETIC
CASE-00052,ATM-040,2.48,3.27,1,0.929,0.382,0,TRAIN,SYNTHETIC
CASE-00052,ATM-064,2.56,2.99,1,0.653,0.71,0,TRAIN,SYNTHETIC
CASE-00052,ATM-094,2.91,3.18,1,0.911,0.803,0,TRAIN,SYNTHETIC
CASE-00052,ATM-112,5.05,4.29,1,0.933,0.776,0,TRAIN,SYNTHETIC
CASE-00052,ATM-004,6.3,4.33,1,0.775,0.079,0,TRAIN,SYNTHETIC
CASE-00052,ATM-088,7.76,5.55,1,0.641,0.232,0,TRAIN,SYNTHETIC
CASE-00052,ATM-058,8.21,6.14,1,0.737,0.264,0,TRAIN,SYNTHETIC
CASE-00053,ATM-119,1.38,1.99,1,0.583,0.38,0,TRAIN,SYNTHETIC
CASE-00053,ATM-077,2.57,1.88,1,0.545,0.625,0,TRAIN,SYNTHETIC
CASE-00053,ATM-041,4.57,3.91,1,0.907,0.699,0,TRAIN,SYNTHETIC
CASE-00053,ATM-053,6.91,4.85,1,0.869,0.175,0,TRAIN,SYNTHETIC
CASE-00053,ATM-017,7.17,9.04,1,0.56,0.382,0,TRAIN,SYNTHETIC
CASE-00053,ATM-101,8.31,7.55,1,0.683,0.627,0,TRAIN,SYNTHETIC
CASE-00053,ATM-059,8.94,11.06,1,0.832,0.626,0,TRAIN,SYNTHETIC
CASE-00053,ATM-012,742.96,687.98,0,0.822,0.52,1,TRAIN,SYNTHETIC
CASE-00054,ATM-120,1.22,1.18,1,0.746,0.942,0,VALIDATION,SYNTHETIC
CASE-00054,ATM-078,2.38,2.46,1,0.63,0.149,0,VALIDATION,SYNTHETIC
CASE-00054,ATM-018,4.57,3.19,1,0.657,0.992,0,VALIDATION,SYNTHETIC
CASE-00054,ATM-072,5.09,6.5,1,0.908,0.443,0,VALIDATION,SYNTHETIC
CASE-00054,ATM-048,6.51,8.6,1,0.862,0.388,0,VALIDATION,SYNTHETIC
CASE-00054,ATM-042,6.91,9.72,1,0.997,0.187,0,VALIDATION,SYNTHETIC
CASE-00054,ATM-024,6.94,10.02,1,0.747,0.026,0,VALIDATION,SYNTHETIC
CASE-00054,ATM-065,762.09,607.95,0,0.476,0.571,1,VALIDATION,SYNTHETIC
CASE-00055,ATM-001,2.76,3.16,1,0.73,0.045,0,VALIDATION,SYNTHETIC
CASE-00055,ATM-073,3.01,3.17,1,0.923,0.058,0,VALIDATION,SYNTHETIC
CASE-00055,ATM-103,4.3,3.78,1,0.931,0.782,0,VALIDATION,SYNTHETIC
CASE-00055,ATM-043,5.15,5.72,1,0.705,0.992,0,VALIDATION,SYNTHETIC
CASE-00055,ATM-115,5.3,7.08,1,0.743,0.999,0,VALIDATION,SYNTHETIC
CASE-00055,ATM-085,7.22,9.28,1,0.968,0.04,0,VALIDATION,SYNTHETIC
CASE-00055,ATM-025,7.23,8.45,1,0.601,0.287,0,VALIDATION,SYNTHETIC
CASE-00055,ATM-067,7.39,8.88,1,0.451,0.645,0,VALIDATION,SYNTHETIC
CASE-00056,ATM-020,2.69,3.77,1,0.49,0.842,0,VALIDATION,SYNTHETIC
CASE-00056,ATM-086,2.9,3.61,1,0.791,0.206,0,VALIDATION,SYNTHETIC
CASE-00056,ATM-032,3.44,3.69,1,0.628,0.669,0,VALIDATION,SYNTHETIC
CASE-00056,ATM-074,4.87,5.13,1,0.957,0.865,0,VALIDATION,SYNTHETIC
CASE-00056,ATM-116,5.43,7.82,1,0.495,0.858,0,VALIDATION,SYNTHETIC
CASE-00056,ATM-110,6.49,8.39,1,0.494,0.794,0,VALIDATION,SYNTHETIC
CASE-00056,ATM-080,6.52,5.4,1,0.909,0.103,0,VALIDATION,SYNTHETIC
CASE-00056,ATM-008,7.41,7,1,0.88,0.178,0,VALIDATION,SYNTHETIC
CASE-00057,ATM-099,4.13,5.48,1,0.655,0.49,0,TEST,SYNTHETIC
CASE-00057,ATM-075,4.56,4.06,1,0.564,0.728,0,TEST,SYNTHETIC
CASE-00057,ATM-009,5.24,5.6,1,0.748,0.598,0,TEST,SYNTHETIC
CASE-00057,ATM-105,5.66,4.56,1,0.972,0.126,0,TEST,SYNTHETIC
CASE-00057,ATM-027,6.31,7.62,1,0.508,0.375,0,TEST,SYNTHETIC
CASE-00057,ATM-021,7.1,9.87,1,0.876,0.627,0,TEST,SYNTHETIC
CASE-00057,ATM-081,7.72,4.42,1,0.943,0.312,0,TEST,SYNTHETIC
CASE-00057,ATM-093,10.15,5.62,1,0.813,0.766,1,TEST,SYNTHETIC
CASE-00058,ATM-046,1.99,2.08,1,0.748,0.682,0,TEST,SYNTHETIC
CASE-00058,ATM-040,2.48,1.75,1,0.475,0.302,0,TEST,SYNTHETIC
CASE-00058,ATM-064,2.56,3.64,1,0.664,0.37,0,TEST,SYNTHETIC
CASE-00058,ATM-094,2.91,2.53,1,0.666,0.004,0,TEST,SYNTHETIC
CASE-00058,ATM-112,5.05,3.3,1,0.799,0.907,0,TEST,SYNTHETIC
CASE-00058,ATM-004,6.3,7.45,1,0.841,0.545,0,TEST,SYNTHETIC
CASE-00058,ATM-088,7.76,5.51,1,0.524,0.889,0,TEST,SYNTHETIC
CASE-00058,ATM-047,897.27,1034.05,0,0.913,0.858,1,TEST,SYNTHETIC
CASE-00059,ATM-119,1.38,0.99,1,0.987,0.323,0,TEST,SYNTHETIC
CASE-00059,ATM-077,2.57,3.53,1,0.818,0.926,0,TEST,SYNTHETIC
CASE-00059,ATM-041,4.57,6.28,1,0.638,0.042,0,TEST,SYNTHETIC
CASE-00059,ATM-053,6.91,8.56,1,0.939,0.103,0,TEST,SYNTHETIC
CASE-00059,ATM-017,7.17,7.4,1,0.978,0.787,0,TEST,SYNTHETIC
CASE-00059,ATM-101,8.31,9.87,1,0.913,0.383,0,TEST,SYNTHETIC
CASE-00059,ATM-059,8.94,6.04,1,0.828,0.665,0,TEST,SYNTHETIC
CASE-00059,ATM-089,12.01,14.96,1,0.964,0.881,1,TEST,SYNTHETIC
CASE-00060,ATM-120,1.22,0.88,1,0.647,0.296,0,TRAIN,SYNTHETIC
CASE-00060,ATM-078,2.38,2.73,1,0.694,0.323,0,TRAIN,SYNTHETIC
CASE-00060,ATM-018,4.57,5.93,1,0.563,0.583,0,TRAIN,SYNTHETIC
CASE-00060,ATM-072,5.09,4.78,1,0.805,0.809,0,TRAIN,SYNTHETIC
CASE-00060,ATM-048,6.51,8.78,1,0.744,0.01,0,TRAIN,SYNTHETIC
CASE-00060,ATM-042,6.91,7.46,1,0.528,0.474,0,TRAIN,SYNTHETIC
CASE-00060,ATM-024,6.94,6.83,1,0.731,0.786,0,TRAIN,SYNTHETIC
CASE-00060,ATM-109,395.64,391.94,0,0.7,0.959,1,TRAIN,SYNTHETIC
CASE-00061,ATM-001,2.76,1.53,1,0.813,0.505,0,TRAIN,SYNTHETIC
CASE-00061,ATM-073,3.01,3.22,1,0.644,0.425,0,TRAIN,SYNTHETIC
CASE-00061,ATM-103,4.3,2.57,1,0.856,0.697,0,TRAIN,SYNTHETIC
CASE-00061,ATM-043,5.15,7.42,1,0.6,0.007,0,TRAIN,SYNTHETIC
CASE-00061,ATM-115,5.3,3.59,1,0.784,0.993,0,TRAIN,SYNTHETIC
CASE-00061,ATM-085,7.22,8.52,1,0.955,0.398,0,TRAIN,SYNTHETIC
CASE-00061,ATM-025,7.23,5.01,1,0.991,0.28,0,TRAIN,SYNTHETIC
CASE-00061,ATM-067,7.39,10.47,1,0.9,0.111,0,TRAIN,SYNTHETIC
CASE-00062,ATM-020,2.69,3.67,1,0.494,0.563,0,TRAIN,SYNTHETIC
CASE-00062,ATM-086,2.9,2.22,1,0.996,0.733,0,TRAIN,SYNTHETIC
CASE-00062,ATM-032,3.44,4.01,1,0.755,0.059,0,TRAIN,SYNTHETIC
CASE-00062,ATM-074,4.87,2.68,1,0.694,0.978,0,TRAIN,SYNTHETIC
CASE-00062,ATM-116,5.43,4.14,1,0.592,0.708,0,TRAIN,SYNTHETIC
CASE-00062,ATM-110,6.49,7.16,1,0.772,0.28,0,TRAIN,SYNTHETIC
CASE-00062,ATM-080,6.52,7.04,1,0.87,0.842,0,TRAIN,SYNTHETIC
CASE-00062,ATM-008,7.41,8.28,1,0.981,0.843,0,TRAIN,SYNTHETIC
CASE-00063,ATM-099,4.13,3.88,1,0.948,0.051,0,TRAIN,SYNTHETIC
CASE-00063,ATM-075,4.56,3.51,1,0.468,0.485,0,TRAIN,SYNTHETIC
CASE-00063,ATM-009,5.24,3.03,1,0.762,0.232,0,TRAIN,SYNTHETIC
CASE-00063,ATM-105,5.66,5.45,1,0.712,0.783,0,TRAIN,SYNTHETIC
CASE-00063,ATM-027,6.31,3.73,1,0.803,0.044,0,TRAIN,SYNTHETIC
CASE-00063,ATM-021,7.1,5.32,1,0.619,0.692,0,TRAIN,SYNTHETIC
CASE-00063,ATM-081,7.72,6.09,1,0.508,0.067,0,TRAIN,SYNTHETIC
CASE-00063,ATM-003,7.98,5.11,1,0.797,0.657,0,TRAIN,SYNTHETIC
CASE-00064,ATM-046,1.99,1.76,1,0.623,0.534,0,TRAIN,SYNTHETIC
CASE-00064,ATM-040,2.48,1.58,1,0.642,0.238,0,TRAIN,SYNTHETIC
CASE-00064,ATM-064,2.56,1.95,1,0.757,0.122,0,TRAIN,SYNTHETIC
CASE-00064,ATM-094,2.91,4.09,1,0.678,0.509,0,TRAIN,SYNTHETIC
CASE-00064,ATM-112,5.05,4.41,1,0.771,0.652,0,TRAIN,SYNTHETIC
CASE-00064,ATM-004,6.3,8.12,1,0.787,0.928,0,TRAIN,SYNTHETIC
CASE-00064,ATM-088,7.76,7.72,1,0.486,0.929,0,TRAIN,SYNTHETIC
CASE-00064,ATM-066,735.9,1051.4,0,0.76,0.856,1,TRAIN,SYNTHETIC
CASE-00065,ATM-119,1.38,1.62,1,0.816,0.829,0,TRAIN,SYNTHETIC
CASE-00065,ATM-077,2.57,1.51,1,0.508,0.239,0,TRAIN,SYNTHETIC
CASE-00065,ATM-041,4.57,4.76,1,0.62,0.912,0,TRAIN,SYNTHETIC
CASE-00065,ATM-053,6.91,7.71,1,0.513,0.92,0,TRAIN,SYNTHETIC
CASE-00065,ATM-017,7.17,7.14,1,0.657,0.198,0,TRAIN,SYNTHETIC
CASE-00065,ATM-101,8.31,11.12,1,0.962,0.139,0,TRAIN,SYNTHETIC
CASE-00065,ATM-059,8.94,12.21,1,0.687,0.186,0,TRAIN,SYNTHETIC
CASE-00065,ATM-005,8.96,5.66,1,0.883,0.238,0,TRAIN,SYNTHETIC
CASE-00066,ATM-120,1.22,1.61,1,0.884,0.786,0,TRAIN,SYNTHETIC
CASE-00066,ATM-078,2.38,1.98,1,0.791,0.499,0,TRAIN,SYNTHETIC
CASE-00066,ATM-018,4.57,5.69,1,0.9,0.395,0,TRAIN,SYNTHETIC
CASE-00066,ATM-072,5.09,7.03,1,0.595,0.672,0,TRAIN,SYNTHETIC
CASE-00066,ATM-048,6.51,6.08,1,0.648,0.181,0,TRAIN,SYNTHETIC
CASE-00066,ATM-042,6.91,6.56,1,0.822,0.34,0,TRAIN,SYNTHETIC
CASE-00066,ATM-024,6.94,8.58,1,0.935,0.022,0,TRAIN,SYNTHETIC
CASE-00066,ATM-111,246.31,262.18,0,0.967,0.391,1,TRAIN,SYNTHETIC
CASE-00067,ATM-001,2.76,1.88,1,0.626,0.015,0,TRAIN,SYNTHETIC
CASE-00067,ATM-073,3.01,3.76,1,0.872,0.074,0,TRAIN,SYNTHETIC
CASE-00067,ATM-103,4.3,3.59,1,0.825,0.85,0,TRAIN,SYNTHETIC
CASE-00067,ATM-043,5.15,3.53,1,0.613,0.981,0,TRAIN,SYNTHETIC
CASE-00067,ATM-115,5.3,3.81,1,0.853,0.303,0,TRAIN,SYNTHETIC
CASE-00067,ATM-085,7.22,9.94,1,0.749,0.718,0,TRAIN,SYNTHETIC
CASE-00067,ATM-025,7.23,5.21,1,0.57,0.894,0,TRAIN,SYNTHETIC
CASE-00067,ATM-067,7.39,8.53,1,0.644,0.145,0,TRAIN,SYNTHETIC
CASE-00068,ATM-020,2.69,1.62,1,0.905,0.344,0,TRAIN,SYNTHETIC
CASE-00068,ATM-086,2.9,3.65,1,0.889,0.074,0,TRAIN,SYNTHETIC
CASE-00068,ATM-032,3.44,2.74,1,0.835,0.708,0,TRAIN,SYNTHETIC
CASE-00068,ATM-074,4.87,3.34,1,0.78,0.142,0,TRAIN,SYNTHETIC
CASE-00068,ATM-116,5.43,3.61,1,0.514,0.077,0,TRAIN,SYNTHETIC
CASE-00068,ATM-110,6.49,5.58,1,0.859,0.412,0,TRAIN,SYNTHETIC
CASE-00068,ATM-080,6.52,5.28,1,0.896,0.197,0,TRAIN,SYNTHETIC
CASE-00068,ATM-008,7.41,5.41,1,0.73,0.37,0,TRAIN,SYNTHETIC
CASE-00069,ATM-099,4.13,4.44,1,0.54,0.427,0,TRAIN,SYNTHETIC
CASE-00069,ATM-075,4.56,4.34,1,0.841,0.232,0,TRAIN,SYNTHETIC
CASE-00069,ATM-009,5.24,4.07,1,0.738,0.418,0,TRAIN,SYNTHETIC
CASE-00069,ATM-105,5.66,7.27,1,0.469,0.237,0,TRAIN,SYNTHETIC
CASE-00069,ATM-027,6.31,5.64,1,0.997,0.075,0,TRAIN,SYNTHETIC
CASE-00069,ATM-021,7.1,9.99,1,0.485,0.467,0,TRAIN,SYNTHETIC
CASE-00069,ATM-081,7.72,6.9,1,0.665,0.507,0,TRAIN,SYNTHETIC
CASE-00069,ATM-003,7.98,10.73,1,0.846,0.792,0,TRAIN,SYNTHETIC
CASE-00070,ATM-046,1.99,2.05,1,0.901,0.008,0,TRAIN,SYNTHETIC
CASE-00070,ATM-040,2.48,1.52,1,0.927,0.507,0,TRAIN,SYNTHETIC
CASE-00070,ATM-064,2.56,3.02,1,0.482,0.906,0,TRAIN,SYNTHETIC
CASE-00070,ATM-094,2.91,3.57,1,0.719,0.678,0,TRAIN,SYNTHETIC
CASE-00070,ATM-112,5.05,2.87,1,0.693,0.311,0,TRAIN,SYNTHETIC
CASE-00070,ATM-004,6.3,8.33,1,0.864,0.317,0,TRAIN,SYNTHETIC
CASE-00070,ATM-088,7.76,7.63,1,0.496,0.528,0,TRAIN,SYNTHETIC
CASE-00070,ATM-058,8.21,8.67,1,0.971,0.297,0,TRAIN,SYNTHETIC
CASE-00071,ATM-119,1.38,1.05,1,0.994,0.631,0,TRAIN,SYNTHETIC
CASE-00071,ATM-077,2.57,3.19,1,0.978,0.811,0,TRAIN,SYNTHETIC
CASE-00071,ATM-041,4.57,6.27,1,0.625,0.222,0,TRAIN,SYNTHETIC
CASE-00071,ATM-053,6.91,3.86,1,0.952,0.012,0,TRAIN,SYNTHETIC
CASE-00071,ATM-017,7.17,5.62,1,0.647,0.941,0,TRAIN,SYNTHETIC
CASE-00071,ATM-101,8.31,7.78,1,0.717,0.146,0,TRAIN,SYNTHETIC
CASE-00071,ATM-059,8.94,6.79,1,0.544,0.23,0,TRAIN,SYNTHETIC
CASE-00071,ATM-005,8.96,9.75,1,0.748,0.271,0,TRAIN,SYNTHETIC
CASE-00072,ATM-120,1.22,1.71,1,0.699,0.285,0,TRAIN,SYNTHETIC
CASE-00072,ATM-078,2.38,2.2,1,0.591,0.353,0,TRAIN,SYNTHETIC
CASE-00072,ATM-018,4.57,4.02,1,0.798,0.871,0,TRAIN,SYNTHETIC
CASE-00072,ATM-072,5.09,4.11,1,0.865,0.35,0,TRAIN,SYNTHETIC
CASE-00072,ATM-048,6.51,7.49,1,0.699,0.5,0,TRAIN,SYNTHETIC
CASE-00072,ATM-042,6.91,9.83,1,0.504,0.818,0,TRAIN,SYNTHETIC
CASE-00072,ATM-024,6.94,4.8,1,0.48,0.028,0,TRAIN,SYNTHETIC
CASE-00072,ATM-040,729.35,632.62,0,0.855,0.52,1,TRAIN,SYNTHETIC
CASE-00073,ATM-001,2.76,3.71,1,0.713,0.66,0,TRAIN,SYNTHETIC
CASE-00073,ATM-073,3.01,2.19,1,0.855,0.05,0,TRAIN,SYNTHETIC
CASE-00073,ATM-103,4.3,4.11,1,0.594,0.074,0,TRAIN,SYNTHETIC
CASE-00073,ATM-043,5.15,4.57,1,0.607,0.539,0,TRAIN,SYNTHETIC
CASE-00073,ATM-115,5.3,4.91,1,0.813,0.018,0,TRAIN,SYNTHETIC
CASE-00073,ATM-085,7.22,7.46,1,0.647,0.851,0,TRAIN,SYNTHETIC
CASE-00073,ATM-025,7.23,4.72,1,0.935,0.417,0,TRAIN,SYNTHETIC
CASE-00073,ATM-032,290.79,268.87,0,0.537,0.049,1,TRAIN,SYNTHETIC
CASE-00074,ATM-020,2.69,2.52,1,0.562,0.001,0,VALIDATION,SYNTHETIC
CASE-00074,ATM-086,2.9,2.61,1,0.954,0.588,0,VALIDATION,SYNTHETIC
CASE-00074,ATM-032,3.44,2.57,1,0.79,0.706,0,VALIDATION,SYNTHETIC
CASE-00074,ATM-074,4.87,3.26,1,0.795,0.874,0,VALIDATION,SYNTHETIC
CASE-00074,ATM-116,5.43,3.02,1,0.505,0.525,0,VALIDATION,SYNTHETIC
CASE-00074,ATM-110,6.49,8.85,1,0.679,0.242,0,VALIDATION,SYNTHETIC
CASE-00074,ATM-080,6.52,6.6,1,0.656,0.862,0,VALIDATION,SYNTHETIC
CASE-00074,ATM-008,7.41,9.6,1,0.622,0.026,0,VALIDATION,SYNTHETIC
CASE-00075,ATM-099,4.13,3.31,1,0.661,0.004,0,VALIDATION,SYNTHETIC
CASE-00075,ATM-075,4.56,5.21,1,0.918,0.662,0,VALIDATION,SYNTHETIC
CASE-00075,ATM-009,5.24,6.02,1,0.724,0.902,0,VALIDATION,SYNTHETIC
CASE-00075,ATM-105,5.66,4.11,1,0.822,0.473,0,VALIDATION,SYNTHETIC
CASE-00075,ATM-027,6.31,8.75,1,0.504,0.722,0,VALIDATION,SYNTHETIC
CASE-00075,ATM-021,7.1,6.11,1,0.469,0.711,0,VALIDATION,SYNTHETIC
CASE-00075,ATM-081,7.72,8.82,1,0.784,0.494,0,VALIDATION,SYNTHETIC
CASE-00075,ATM-003,7.98,7.43,1,0.548,0.367,0,VALIDATION,SYNTHETIC
CASE-00076,ATM-046,1.99,1.66,1,0.622,0.666,0,VALIDATION,SYNTHETIC
CASE-00076,ATM-040,2.48,2.1,1,0.867,0.76,0,VALIDATION,SYNTHETIC
CASE-00076,ATM-064,2.56,2.02,1,0.918,0.629,0,VALIDATION,SYNTHETIC
CASE-00076,ATM-094,2.91,3.17,1,0.674,0.468,0,VALIDATION,SYNTHETIC
CASE-00076,ATM-112,5.05,4.28,1,0.577,0.789,0,VALIDATION,SYNTHETIC
CASE-00076,ATM-004,6.3,8.93,1,0.797,0.062,0,VALIDATION,SYNTHETIC
CASE-00076,ATM-088,7.76,5.03,1,0.805,0.116,0,VALIDATION,SYNTHETIC
CASE-00076,ATM-058,8.21,10.78,1,0.473,0.483,0,VALIDATION,SYNTHETIC
CASE-00077,ATM-119,1.38,0.81,1,0.993,0.66,0,TEST,SYNTHETIC
CASE-00077,ATM-077,2.57,3.47,1,0.846,0.852,0,TEST,SYNTHETIC
CASE-00077,ATM-041,4.57,6.4,1,0.927,0.724,0,TEST,SYNTHETIC
CASE-00077,ATM-053,6.91,7.42,1,0.955,0.901,0,TEST,SYNTHETIC
CASE-00077,ATM-017,7.17,4.88,1,0.605,0.525,0,TEST,SYNTHETIC
CASE-00077,ATM-101,8.31,8.47,1,0.791,0.755,0,TEST,SYNTHETIC
CASE-00077,ATM-059,8.94,7.18,1,0.596,0.617,0,TEST,SYNTHETIC
CASE-00077,ATM-005,8.96,11.06,1,0.989,0.773,0,TEST,SYNTHETIC
CASE-00078,ATM-120,1.22,1.75,1,0.596,0.477,0,TEST,SYNTHETIC
CASE-00078,ATM-078,2.38,2.34,1,0.859,0.005,0,TEST,SYNTHETIC
CASE-00078,ATM-018,4.57,6.52,1,0.942,0.211,0,TEST,SYNTHETIC
CASE-00078,ATM-072,5.09,5.89,1,0.845,0.905,0,TEST,SYNTHETIC
CASE-00078,ATM-048,6.51,5.99,1,0.904,0.024,0,TEST,SYNTHETIC
CASE-00078,ATM-042,6.91,4.23,1,0.608,0.531,0,TEST,SYNTHETIC
CASE-00078,ATM-024,6.94,4.5,1,0.998,0.086,0,TEST,SYNTHETIC
CASE-00078,ATM-067,388.49,338.39,0,0.814,0.338,1,TEST,SYNTHETIC
CASE-00079,ATM-001,2.76,1.67,1,0.852,0.786,0,TEST,SYNTHETIC
CASE-00079,ATM-073,3.01,3.39,1,0.796,0.604,0,TEST,SYNTHETIC
CASE-00079,ATM-103,4.3,5.67,1,0.687,0.012,0,TEST,SYNTHETIC
CASE-00079,ATM-043,5.15,4.87,1,0.506,0.664,0,TEST,SYNTHETIC
CASE-00079,ATM-115,5.3,6.28,1,0.764,0.336,0,TEST,SYNTHETIC
CASE-00079,ATM-085,7.22,5.65,1,0.826,0.304,0,TEST,SYNTHETIC
CASE-00079,ATM-025,7.23,9.98,1,0.477,0.396,0,TEST,SYNTHETIC
CASE-00079,ATM-017,908.73,769.96,0,0.547,0.998,1,TEST,SYNTHETIC
CASE-00080,ATM-020,2.69,1.95,1,0.775,0.234,0,TRAIN,SYNTHETIC
CASE-00080,ATM-086,2.9,3.81,1,0.642,0.072,0,TRAIN,SYNTHETIC
CASE-00080,ATM-032,3.44,4.17,1,0.73,0.706,0,TRAIN,SYNTHETIC
CASE-00080,ATM-074,4.87,4.46,1,0.496,0.993,0,TRAIN,SYNTHETIC
CASE-00080,ATM-116,5.43,3.39,1,0.519,0.481,0,TRAIN,SYNTHETIC
CASE-00080,ATM-110,6.49,8.11,1,0.805,0.558,0,TRAIN,SYNTHETIC
CASE-00080,ATM-080,6.52,6.67,1,0.864,0.328,0,TRAIN,SYNTHETIC
CASE-00080,ATM-008,7.41,10.06,1,0.66,0.246,0,TRAIN,SYNTHETIC
CASE-00081,ATM-099,4.13,4.56,1,0.456,0.871,0,TRAIN,SYNTHETIC
CASE-00081,ATM-075,4.56,3.27,1,0.763,0.589,0,TRAIN,SYNTHETIC
CASE-00081,ATM-009,5.24,5.44,1,0.973,0.073,0,TRAIN,SYNTHETIC
CASE-00081,ATM-105,5.66,4.91,1,0.567,0.607,0,TRAIN,SYNTHETIC
CASE-00081,ATM-027,6.31,6.49,1,0.786,0.919,0,TRAIN,SYNTHETIC
CASE-00081,ATM-021,7.1,8.94,1,0.803,0.662,0,TRAIN,SYNTHETIC
CASE-00081,ATM-081,7.72,10.76,1,0.636,0.018,0,TRAIN,SYNTHETIC
CASE-00081,ATM-065,514.22,325.83,0,0.714,0.023,1,TRAIN,SYNTHETIC
CASE-00082,ATM-046,1.99,2.25,1,0.741,0.764,0,TRAIN,SYNTHETIC
CASE-00082,ATM-040,2.48,2.59,1,0.981,0.812,0,TRAIN,SYNTHETIC
CASE-00082,ATM-064,2.56,3.64,1,0.837,0.857,0,TRAIN,SYNTHETIC
CASE-00082,ATM-094,2.91,2.92,1,0.877,0.901,0,TRAIN,SYNTHETIC
CASE-00082,ATM-112,5.05,7.06,1,0.72,0.707,0,TRAIN,SYNTHETIC
CASE-00082,ATM-004,6.3,7.43,1,0.695,0.938,0,TRAIN,SYNTHETIC
CASE-00082,ATM-088,7.76,11.01,1,0.79,0.804,0,TRAIN,SYNTHETIC
CASE-00082,ATM-058,8.21,8.15,1,0.888,0.311,0,TRAIN,SYNTHETIC
CASE-00083,ATM-119,1.38,1.99,1,0.752,0.524,0,TRAIN,SYNTHETIC
CASE-00083,ATM-077,2.57,3.25,1,0.846,0.612,0,TRAIN,SYNTHETIC
CASE-00083,ATM-041,4.57,5.42,1,0.745,0.145,0,TRAIN,SYNTHETIC
CASE-00083,ATM-053,6.91,9.22,1,0.765,0.172,0,TRAIN,SYNTHETIC
CASE-00083,ATM-017,7.17,5.29,1,0.959,0.49,0,TRAIN,SYNTHETIC
CASE-00083,ATM-101,8.31,8.04,1,0.688,0.344,0,TRAIN,SYNTHETIC
CASE-00083,ATM-059,8.94,11.79,1,0.646,0.14,0,TRAIN,SYNTHETIC
CASE-00083,ATM-102,759.44,428.48,0,0.521,0.29,1,TRAIN,SYNTHETIC
CASE-00084,ATM-120,1.22,1.75,1,0.874,0.193,0,TRAIN,SYNTHETIC
CASE-00084,ATM-078,2.38,1.65,1,0.662,0.727,0,TRAIN,SYNTHETIC
CASE-00084,ATM-018,4.57,4.93,1,0.634,0.734,0,TRAIN,SYNTHETIC
CASE-00084,ATM-072,5.09,3.94,1,0.633,0.148,0,TRAIN,SYNTHETIC
CASE-00084,ATM-048,6.51,9.11,1,0.997,0.911,0,TRAIN,SYNTHETIC
CASE-00084,ATM-042,6.91,8.22,1,0.776,0.462,0,TRAIN,SYNTHETIC
CASE-00084,ATM-024,6.94,7.78,1,0.618,0.289,0,TRAIN,SYNTHETIC
CASE-00084,ATM-066,7.01,9.76,1,0.896,0.601,0,TRAIN,SYNTHETIC
CASE-00085,ATM-001,2.76,2.47,1,0.841,0.355,0,TRAIN,SYNTHETIC
CASE-00085,ATM-073,3.01,2.78,1,0.869,0.276,0,TRAIN,SYNTHETIC
CASE-00085,ATM-103,4.3,4.67,1,0.675,0.202,0,TRAIN,SYNTHETIC
CASE-00085,ATM-043,5.15,3.42,1,0.937,0.774,0,TRAIN,SYNTHETIC
CASE-00085,ATM-115,5.3,4.69,1,0.758,0.553,0,TRAIN,SYNTHETIC
CASE-00085,ATM-085,7.22,7.43,1,0.804,0.012,0,TRAIN,SYNTHETIC
CASE-00085,ATM-025,7.23,7.24,1,0.8,0.454,0,TRAIN,SYNTHETIC
CASE-00085,ATM-067,7.39,4.72,1,0.842,0.608,0,TRAIN,SYNTHETIC
CASE-00086,ATM-020,2.69,2.24,1,0.501,0.267,0,TRAIN,SYNTHETIC
CASE-00086,ATM-086,2.9,2.35,1,0.665,0.258,0,TRAIN,SYNTHETIC
CASE-00086,ATM-032,3.44,2.1,1,0.454,0.605,0,TRAIN,SYNTHETIC
CASE-00086,ATM-074,4.87,2.9,1,0.873,0.034,0,TRAIN,SYNTHETIC
CASE-00086,ATM-116,5.43,4.23,1,0.954,0.037,0,TRAIN,SYNTHETIC
CASE-00086,ATM-110,6.49,8.79,1,0.936,0.783,0,TRAIN,SYNTHETIC
CASE-00086,ATM-080,6.52,3.81,1,0.491,0.178,0,TRAIN,SYNTHETIC
CASE-00086,ATM-008,7.41,7.34,1,0.969,0.639,0,TRAIN,SYNTHETIC
CASE-00087,ATM-099,4.13,5.98,1,0.702,0.947,0,TRAIN,SYNTHETIC
CASE-00087,ATM-075,4.56,3.15,1,0.906,0.811,0,TRAIN,SYNTHETIC
CASE-00087,ATM-009,5.24,7.36,1,0.913,0.086,0,TRAIN,SYNTHETIC
CASE-00087,ATM-105,5.66,7.85,1,0.649,0.438,0,TRAIN,SYNTHETIC
CASE-00087,ATM-027,6.31,7.24,1,0.786,0.701,0,TRAIN,SYNTHETIC
CASE-00087,ATM-021,7.1,7.39,1,0.786,0.471,0,TRAIN,SYNTHETIC
CASE-00087,ATM-081,7.72,7.3,1,0.814,0.066,0,TRAIN,SYNTHETIC
CASE-00087,ATM-003,7.98,4.92,1,0.482,0.576,0,TRAIN,SYNTHETIC
CASE-00088,ATM-046,1.99,1.96,1,0.676,0.577,0,TRAIN,SYNTHETIC
CASE-00088,ATM-040,2.48,3.38,1,0.454,0.689,0,TRAIN,SYNTHETIC
CASE-00088,ATM-064,2.56,2.64,1,0.627,0.626,0,TRAIN,SYNTHETIC
CASE-00088,ATM-094,2.91,2.25,1,0.878,0.304,0,TRAIN,SYNTHETIC
CASE-00088,ATM-112,5.05,5.78,1,0.592,0.081,0,TRAIN,SYNTHETIC
CASE-00088,ATM-004,6.3,3.66,1,0.991,0.237,0,TRAIN,SYNTHETIC
CASE-00088,ATM-088,7.76,10.88,1,0.975,0.347,0,TRAIN,SYNTHETIC
CASE-00088,ATM-058,8.21,11.88,1,0.844,0.497,0,TRAIN,SYNTHETIC
CASE-00089,ATM-119,1.38,1.55,1,0.914,0.268,0,TRAIN,SYNTHETIC
CASE-00089,ATM-077,2.57,3.14,1,0.799,0.961,0,TRAIN,SYNTHETIC
CASE-00089,ATM-041,4.57,5.43,1,0.546,0.312,0,TRAIN,SYNTHETIC
CASE-00089,ATM-053,6.91,4.84,1,0.865,0.788,0,TRAIN,SYNTHETIC
CASE-00089,ATM-017,7.17,7.99,1,0.696,0.076,0,TRAIN,SYNTHETIC
CASE-00089,ATM-101,8.31,6.72,1,0.863,0.389,0,TRAIN,SYNTHETIC
CASE-00089,ATM-059,8.94,5.47,1,0.632,0.384,0,TRAIN,SYNTHETIC
CASE-00089,ATM-034,909.88,985.84,0,0.976,0.722,1,TRAIN,SYNTHETIC
CASE-00090,ATM-120,1.22,1.15,1,0.984,0.744,0,TRAIN,SYNTHETIC
CASE-00090,ATM-078,2.38,2.61,1,0.537,0.562,0,TRAIN,SYNTHETIC
CASE-00090,ATM-018,4.57,4.45,1,0.746,0.982,0,TRAIN,SYNTHETIC
CASE-00090,ATM-072,5.09,4.07,1,0.852,0.074,0,TRAIN,SYNTHETIC
CASE-00090,ATM-048,6.51,4.14,1,0.685,0.39,0,TRAIN,SYNTHETIC
CASE-00090,ATM-042,6.91,6.04,1,0.698,0.519,0,TRAIN,SYNTHETIC
CASE-00090,ATM-024,6.94,7.12,1,0.972,0.653,0,TRAIN,SYNTHETIC
CASE-00090,ATM-060,9.41,5.97,1,0.582,0.39,1,TRAIN,SYNTHETIC
CASE-00091,ATM-001,2.76,2.66,1,0.853,0.528,0,TRAIN,SYNTHETIC
CASE-00091,ATM-073,3.01,3.49,1,0.916,0.244,0,TRAIN,SYNTHETIC
CASE-00091,ATM-103,4.3,5.93,1,0.824,0.601,0,TRAIN,SYNTHETIC
CASE-00091,ATM-043,5.15,4.72,1,0.788,0.304,0,TRAIN,SYNTHETIC
CASE-00091,ATM-115,5.3,4.47,1,0.71,0.088,0,TRAIN,SYNTHETIC
CASE-00091,ATM-085,7.22,7.99,1,0.542,0.024,0,TRAIN,SYNTHETIC
CASE-00091,ATM-025,7.23,8.06,1,0.522,0.735,0,TRAIN,SYNTHETIC
CASE-00091,ATM-067,7.39,7.61,1,0.848,0.388,0,TRAIN,SYNTHETIC
CASE-00092,ATM-020,2.69,2.63,1,0.6,0.636,0,TRAIN,SYNTHETIC
CASE-00092,ATM-086,2.9,3.2,1,0.946,0.074,0,TRAIN,SYNTHETIC
CASE-00092,ATM-032,3.44,4.6,1,0.851,0.4,0,TRAIN,SYNTHETIC
CASE-00092,ATM-074,4.87,6.67,1,0.499,0.495,0,TRAIN,SYNTHETIC
CASE-00092,ATM-116,5.43,7.76,1,0.61,0.082,0,TRAIN,SYNTHETIC
CASE-00092,ATM-110,6.49,8.56,1,0.517,0.79,0,TRAIN,SYNTHETIC
CASE-00092,ATM-080,6.52,5.24,1,0.713,0.509,0,TRAIN,SYNTHETIC
CASE-00092,ATM-008,7.41,5.61,1,0.852,0.273,0,TRAIN,SYNTHETIC
CASE-00093,ATM-099,4.13,3.12,1,0.758,0.203,0,TRAIN,SYNTHETIC
CASE-00093,ATM-075,4.56,3.31,1,0.51,0.597,0,TRAIN,SYNTHETIC
CASE-00093,ATM-009,5.24,4.52,1,0.984,0.476,0,TRAIN,SYNTHETIC
CASE-00093,ATM-105,5.66,6.23,1,0.542,0.635,0,TRAIN,SYNTHETIC
CASE-00093,ATM-027,6.31,5.6,1,0.606,0.605,0,TRAIN,SYNTHETIC
CASE-00093,ATM-021,7.1,6.15,1,0.721,0.058,0,TRAIN,SYNTHETIC
CASE-00093,ATM-081,7.72,8.81,1,0.82,0.541,0,TRAIN,SYNTHETIC
CASE-00093,ATM-003,7.98,9.43,1,0.575,0.216,0,TRAIN,SYNTHETIC
CASE-00094,ATM-046,1.99,2.09,1,0.791,0.531,0,VALIDATION,SYNTHETIC
CASE-00094,ATM-040,2.48,3.31,1,0.859,0.431,0,VALIDATION,SYNTHETIC
CASE-00094,ATM-064,2.56,3.65,1,0.667,0.309,0,VALIDATION,SYNTHETIC
CASE-00094,ATM-094,2.91,2.81,1,0.585,0.428,0,VALIDATION,SYNTHETIC
CASE-00094,ATM-112,5.05,6.39,1,0.974,0.905,0,VALIDATION,SYNTHETIC
CASE-00094,ATM-004,6.3,3.5,1,0.941,0.959,0,VALIDATION,SYNTHETIC
CASE-00094,ATM-088,7.76,9.2,1,0.895,0.691,0,VALIDATION,SYNTHETIC
CASE-00094,ATM-049,439.32,601.14,1,0.968,0.811,1,VALIDATION,SYNTHETIC
CASE-00095,ATM-119,1.38,1.56,1,0.774,0.522,0,VALIDATION,SYNTHETIC
CASE-00095,ATM-077,2.57,2.11,1,0.902,0.166,0,VALIDATION,SYNTHETIC
CASE-00095,ATM-041,4.57,4.29,1,0.739,0.658,0,VALIDATION,SYNTHETIC
CASE-00095,ATM-053,6.91,9.03,1,0.832,0.143,0,VALIDATION,SYNTHETIC
CASE-00095,ATM-017,7.17,4.05,1,0.464,0.509,0,VALIDATION,SYNTHETIC
CASE-00095,ATM-101,8.31,9.69,1,0.807,0.383,0,VALIDATION,SYNTHETIC
CASE-00095,ATM-059,8.94,7.8,1,0.818,0.767,0,VALIDATION,SYNTHETIC
CASE-00095,ATM-115,916.77,1214.62,0,0.756,0.404,1,VALIDATION,SYNTHETIC
CASE-00096,ATM-120,1.22,1.72,1,0.758,0.899,0,VALIDATION,SYNTHETIC
CASE-00096,ATM-078,2.38,1.56,1,0.762,0.613,0,VALIDATION,SYNTHETIC
CASE-00096,ATM-018,4.57,4.2,1,0.8,0.894,0,VALIDATION,SYNTHETIC
CASE-00096,ATM-072,5.09,7.38,1,0.559,0.879,0,VALIDATION,SYNTHETIC
CASE-00096,ATM-048,6.51,7.28,1,0.958,0.09,0,VALIDATION,SYNTHETIC
CASE-00096,ATM-042,6.91,6.8,1,0.982,0.562,0,VALIDATION,SYNTHETIC
CASE-00096,ATM-024,6.94,9.48,1,0.82,0.819,0,VALIDATION,SYNTHETIC
CASE-00096,ATM-066,7.01,8.14,1,0.95,0.501,0,VALIDATION,SYNTHETIC
CASE-00097,ATM-001,2.76,3.87,1,0.912,0.422,0,TEST,SYNTHETIC
CASE-00097,ATM-073,3.01,1.89,1,0.494,0.302,0,TEST,SYNTHETIC
CASE-00097,ATM-103,4.3,6,1,0.636,0.912,0,TEST,SYNTHETIC
CASE-00097,ATM-043,5.15,4.05,1,0.572,0.916,0,TEST,SYNTHETIC
CASE-00097,ATM-115,5.3,3.71,1,0.508,0.297,0,TEST,SYNTHETIC
CASE-00097,ATM-085,7.22,8.22,1,0.942,0.396,0,TEST,SYNTHETIC
CASE-00097,ATM-025,7.23,4.47,1,0.841,0.027,0,TEST,SYNTHETIC
CASE-00097,ATM-067,7.39,7.81,1,0.633,0.976,0,TEST,SYNTHETIC
CASE-00098,ATM-020,2.69,1.94,1,0.923,0.754,0,TEST,SYNTHETIC
CASE-00098,ATM-086,2.9,2.57,1,0.622,0.138,0,TEST,SYNTHETIC
CASE-00098,ATM-032,3.44,2.01,1,0.859,0.491,0,TEST,SYNTHETIC
CASE-00098,ATM-074,4.87,3.09,1,0.518,0.733,0,TEST,SYNTHETIC
CASE-00098,ATM-116,5.43,7.35,1,0.722,0.539,0,TEST,SYNTHETIC
CASE-00098,ATM-110,6.49,4.83,1,0.925,0.009,0,TEST,SYNTHETIC
CASE-00098,ATM-080,6.52,6.21,1,0.455,0.063,0,TEST,SYNTHETIC
CASE-00098,ATM-087,507.02,590.17,0,1,0.146,1,TEST,SYNTHETIC
CASE-00099,ATM-099,4.13,5.37,1,0.599,0.577,0,TEST,SYNTHETIC
CASE-00099,ATM-075,4.56,4.56,1,0.807,0.66,0,TEST,SYNTHETIC
CASE-00099,ATM-009,5.24,4.89,1,0.791,0.123,0,TEST,SYNTHETIC
CASE-00099,ATM-105,5.66,3.6,1,0.682,0.048,0,TEST,SYNTHETIC
CASE-00099,ATM-027,6.31,6.92,1,0.656,0.339,0,TEST,SYNTHETIC
CASE-00099,ATM-021,7.1,4,1,0.909,0.035,0,TEST,SYNTHETIC
CASE-00099,ATM-081,7.72,5.64,1,0.881,0.511,0,TEST,SYNTHETIC
CASE-00099,ATM-096,253.95,293.67,0,0.989,0.254,1,TEST,SYNTHETIC
CASE-00100,ATM-046,1.99,1.21,1,0.786,0.763,0,TRAIN,SYNTHETIC
CASE-00100,ATM-040,2.48,1.83,1,0.49,0.035,0,TRAIN,SYNTHETIC
CASE-00100,ATM-064,2.56,2.7,1,0.932,0.014,0,TRAIN,SYNTHETIC
CASE-00100,ATM-094,2.91,4.15,1,0.691,0.028,0,TRAIN,SYNTHETIC
CASE-00100,ATM-112,5.05,4.41,1,0.633,0.535,0,TRAIN,SYNTHETIC
CASE-00100,ATM-004,6.3,7.9,1,0.965,0.31,0,TRAIN,SYNTHETIC
CASE-00100,ATM-088,7.76,10.24,1,0.608,0.59,0,TRAIN,SYNTHETIC
CASE-00100,ATM-050,218.57,247.7,0,0.456,0.154,1,TRAIN,SYNTHETIC
CASE-00101,ATM-119,1.38,1.81,1,0.933,0.345,0,TRAIN,SYNTHETIC
CASE-00101,ATM-077,2.57,1.48,1,0.966,0.898,0,TRAIN,SYNTHETIC
CASE-00101,ATM-041,4.57,4.48,1,0.698,0.012,0,TRAIN,SYNTHETIC
CASE-00101,ATM-053,6.91,6.43,1,0.662,0.99,0,TRAIN,SYNTHETIC
CASE-00101,ATM-017,7.17,9.33,1,0.911,0.081,0,TRAIN,SYNTHETIC
CASE-00101,ATM-101,8.31,9.22,1,0.544,0.958,0,TRAIN,SYNTHETIC
CASE-00101,ATM-059,8.94,10.92,1,0.876,0.424,0,TRAIN,SYNTHETIC
CASE-00101,ATM-005,8.96,10.43,1,0.726,0.021,0,TRAIN,SYNTHETIC
CASE-00102,ATM-120,1.22,1.66,1,0.88,0.464,0,TRAIN,SYNTHETIC
CASE-00102,ATM-078,2.38,1.48,1,0.504,0.939,0,TRAIN,SYNTHETIC
CASE-00102,ATM-018,4.57,4.09,1,0.984,0.308,0,TRAIN,SYNTHETIC
CASE-00102,ATM-072,5.09,4.28,1,0.458,0.811,0,TRAIN,SYNTHETIC
CASE-00102,ATM-048,6.51,8.19,1,0.678,0.676,0,TRAIN,SYNTHETIC
CASE-00102,ATM-042,6.91,4.15,1,0.767,0.577,0,TRAIN,SYNTHETIC
CASE-00102,ATM-024,6.94,8.5,1,0.659,0.498,0,TRAIN,SYNTHETIC
CASE-00102,ATM-106,718.38,668.35,0,0.482,0.563,1,TRAIN,SYNTHETIC
CASE-00103,ATM-001,2.76,3.63,1,0.841,0.321,0,TRAIN,SYNTHETIC
CASE-00103,ATM-073,3.01,2.33,1,0.751,0.124,0,TRAIN,SYNTHETIC
CASE-00103,ATM-103,4.3,3.17,1,0.478,0.011,0,TRAIN,SYNTHETIC
CASE-00103,ATM-043,5.15,6.49,1,0.535,0.95,0,TRAIN,SYNTHETIC
CASE-00103,ATM-115,5.3,4.95,1,0.748,0.354,0,TRAIN,SYNTHETIC
CASE-00103,ATM-085,7.22,8.68,1,0.958,0.323,0,TRAIN,SYNTHETIC
CASE-00103,ATM-025,7.23,6.07,1,0.509,0.201,0,TRAIN,SYNTHETIC
CASE-00103,ATM-067,7.39,7.61,1,0.537,0.805,0,TRAIN,SYNTHETIC
CASE-00104,ATM-020,2.69,3.13,1,0.722,0.404,0,TRAIN,SYNTHETIC
CASE-00104,ATM-086,2.9,3.88,1,0.569,0.781,0,TRAIN,SYNTHETIC
CASE-00104,ATM-032,3.44,1.93,1,0.562,0.293,0,TRAIN,SYNTHETIC
CASE-00104,ATM-074,4.87,3.25,1,0.572,0.675,0,TRAIN,SYNTHETIC
CASE-00104,ATM-116,5.43,7.75,1,0.941,0.55,0,TRAIN,SYNTHETIC
CASE-00104,ATM-110,6.49,6.76,1,0.473,0.265,0,TRAIN,SYNTHETIC
CASE-00104,ATM-080,6.52,7.74,1,0.508,0.919,0,TRAIN,SYNTHETIC
CASE-00104,ATM-008,7.41,10.37,1,0.565,0.588,0,TRAIN,SYNTHETIC
CASE-00105,ATM-099,4.13,4.7,1,0.993,0.163,0,TRAIN,SYNTHETIC
CASE-00105,ATM-075,4.56,4.08,1,0.607,0.441,0,TRAIN,SYNTHETIC
CASE-00105,ATM-009,5.24,3.91,1,0.823,0.473,0,TRAIN,SYNTHETIC
CASE-00105,ATM-105,5.66,3.35,1,0.576,0.974,0,TRAIN,SYNTHETIC
CASE-00105,ATM-027,6.31,8.43,1,0.832,0.907,0,TRAIN,SYNTHETIC
CASE-00105,ATM-021,7.1,4.9,1,0.729,0.108,0,TRAIN,SYNTHETIC
CASE-00105,ATM-081,7.72,10.04,1,0.523,0.042,0,TRAIN,SYNTHETIC
CASE-00105,ATM-003,7.98,4.98,1,0.957,0.517,0,TRAIN,SYNTHETIC
CASE-00106,ATM-046,1.99,1.73,1,0.838,0.011,0,TRAIN,SYNTHETIC
CASE-00106,ATM-040,2.48,1.68,1,0.952,0.358,0,TRAIN,SYNTHETIC
CASE-00106,ATM-064,2.56,2.62,1,0.746,0.911,0,TRAIN,SYNTHETIC
CASE-00106,ATM-094,2.91,3.75,1,0.887,0.091,0,TRAIN,SYNTHETIC
CASE-00106,ATM-112,5.05,5.38,1,0.59,0.903,0,TRAIN,SYNTHETIC
CASE-00106,ATM-004,6.3,8.76,1,0.642,0.384,0,TRAIN,SYNTHETIC
CASE-00106,ATM-088,7.76,8.05,1,0.741,0.042,0,TRAIN,SYNTHETIC
CASE-00106,ATM-096,740.79,547.84,0,0.697,0.044,1,TRAIN,SYNTHETIC
CASE-00107,ATM-119,1.38,1.11,1,0.484,0.862,0,TRAIN,SYNTHETIC
CASE-00107,ATM-077,2.57,3.58,1,0.871,0.92,0,TRAIN,SYNTHETIC
CASE-00107,ATM-041,4.57,3.05,1,0.461,0.405,0,TRAIN,SYNTHETIC
CASE-00107,ATM-053,6.91,5.33,1,0.738,0.109,0,TRAIN,SYNTHETIC
CASE-00107,ATM-017,7.17,7.34,1,0.462,0.717,0,TRAIN,SYNTHETIC
CASE-00107,ATM-101,8.31,12.04,1,0.931,0.401,0,TRAIN,SYNTHETIC
CASE-00107,ATM-059,8.94,11.5,1,0.743,0.959,0,TRAIN,SYNTHETIC
CASE-00107,ATM-033,514.06,623.59,0,0.503,0.998,1,TRAIN,SYNTHETIC
CASE-00108,ATM-120,1.22,1.56,1,0.873,0.609,0,TRAIN,SYNTHETIC
CASE-00108,ATM-078,2.38,3.29,1,0.787,0.618,0,TRAIN,SYNTHETIC
CASE-00108,ATM-018,4.57,2.93,1,0.698,0.817,0,TRAIN,SYNTHETIC
CASE-00108,ATM-072,5.09,3.86,1,0.786,0.431,0,TRAIN,SYNTHETIC
CASE-00108,ATM-048,6.51,8.64,1,0.792,0.085,0,TRAIN,SYNTHETIC
CASE-00108,ATM-042,6.91,5.53,1,0.896,0.462,0,TRAIN,SYNTHETIC
CASE-00108,ATM-024,6.94,9.36,1,0.837,0.432,0,TRAIN,SYNTHETIC
CASE-00108,ATM-037,381.6,288.15,0,0.667,0.414,1,TRAIN,SYNTHETIC
CASE-00109,ATM-001,2.76,3.54,1,0.575,0.788,0,TRAIN,SYNTHETIC
CASE-00109,ATM-073,3.01,2.76,1,0.582,0.884,0,TRAIN,SYNTHETIC
CASE-00109,ATM-103,4.3,4.24,1,0.898,0.148,0,TRAIN,SYNTHETIC
CASE-00109,ATM-043,5.15,5.54,1,0.77,0.25,0,TRAIN,SYNTHETIC
CASE-00109,ATM-115,5.3,3.85,1,0.725,0.712,0,TRAIN,SYNTHETIC
CASE-00109,ATM-085,7.22,5.45,1,0.464,0.988,0,TRAIN,SYNTHETIC
CASE-00109,ATM-025,7.23,8.32,1,0.993,0.343,0,TRAIN,SYNTHETIC
CASE-00109,ATM-038,278.98,367.29,0,0.996,0.935,1,TRAIN,SYNTHETIC
CASE-00110,ATM-020,2.69,2.17,1,0.966,0.975,0,TRAIN,SYNTHETIC
CASE-00110,ATM-086,2.9,1.97,1,0.531,0.677,0,TRAIN,SYNTHETIC
CASE-00110,ATM-032,3.44,2.87,1,0.582,0.741,0,TRAIN,SYNTHETIC
CASE-00110,ATM-074,4.87,3.95,1,0.959,0.206,0,TRAIN,SYNTHETIC
CASE-00110,ATM-116,5.43,4.53,1,0.963,0.443,0,TRAIN,SYNTHETIC
CASE-00110,ATM-110,6.49,8.66,1,0.888,0.535,0,TRAIN,SYNTHETIC
CASE-00110,ATM-080,6.52,5.5,1,0.713,0.901,0,TRAIN,SYNTHETIC
CASE-00110,ATM-008,7.41,10.16,1,0.747,0.382,0,TRAIN,SYNTHETIC
CASE-00111,ATM-099,4.13,3.87,1,0.884,0.431,0,TRAIN,SYNTHETIC
CASE-00111,ATM-075,4.56,3.62,1,0.963,0.501,0,TRAIN,SYNTHETIC
CASE-00111,ATM-009,5.24,6.79,1,0.526,0.701,0,TRAIN,SYNTHETIC
CASE-00111,ATM-105,5.66,3.44,1,0.503,0.999,0,TRAIN,SYNTHETIC
CASE-00111,ATM-027,6.31,5.26,1,0.983,0.917,0,TRAIN,SYNTHETIC
CASE-00111,ATM-021,7.1,6.65,1,0.939,0.15,0,TRAIN,SYNTHETIC
CASE-00111,ATM-081,7.72,10.17,1,0.805,0.299,0,TRAIN,SYNTHETIC
CASE-00111,ATM-072,244.74,345.08,0,0.766,0.508,1,TRAIN,SYNTHETIC
CASE-00112,ATM-046,1.99,1.55,1,0.684,0.624,0,TRAIN,SYNTHETIC
CASE-00112,ATM-040,2.48,3.18,1,0.617,0.142,0,TRAIN,SYNTHETIC
CASE-00112,ATM-064,2.56,2.32,1,0.983,0.089,0,TRAIN,SYNTHETIC
CASE-00112,ATM-094,2.91,1.94,1,0.715,0.387,0,TRAIN,SYNTHETIC
CASE-00112,ATM-112,5.05,3.36,1,0.522,0.482,0,TRAIN,SYNTHETIC
CASE-00112,ATM-004,6.3,3.81,1,0.763,0.222,0,TRAIN,SYNTHETIC
CASE-00112,ATM-088,7.76,4.5,1,0.726,0.164,0,TRAIN,SYNTHETIC
CASE-00112,ATM-058,8.21,9.45,1,0.818,0.545,0,TRAIN,SYNTHETIC
CASE-00113,ATM-119,1.38,1.29,1,0.915,0.64,0,TRAIN,SYNTHETIC
CASE-00113,ATM-077,2.57,1.76,1,0.866,0.397,0,TRAIN,SYNTHETIC
CASE-00113,ATM-041,4.57,3.8,1,0.538,0.011,0,TRAIN,SYNTHETIC
CASE-00113,ATM-053,6.91,8.52,1,0.649,0.468,0,TRAIN,SYNTHETIC
CASE-00113,ATM-017,7.17,9.47,1,0.537,0.704,0,TRAIN,SYNTHETIC
CASE-00113,ATM-101,8.31,8.36,1,0.699,0.675,0,TRAIN,SYNTHETIC
CASE-00113,ATM-059,8.94,6.11,1,0.855,0.877,0,TRAIN,SYNTHETIC
CASE-00113,ATM-005,8.96,8.69,1,0.708,0.244,0,TRAIN,SYNTHETIC
CASE-00114,ATM-120,1.22,1.01,1,0.938,0.319,0,VALIDATION,SYNTHETIC
CASE-00114,ATM-078,2.38,2.99,1,0.486,0.747,0,VALIDATION,SYNTHETIC
CASE-00114,ATM-018,4.57,6,1,0.685,0.592,0,VALIDATION,SYNTHETIC
CASE-00114,ATM-072,5.09,3.16,1,0.578,0.693,0,VALIDATION,SYNTHETIC
CASE-00114,ATM-048,6.51,7.66,1,0.523,0.965,0,VALIDATION,SYNTHETIC
CASE-00114,ATM-042,6.91,4.22,1,0.892,0.949,0,VALIDATION,SYNTHETIC
CASE-00114,ATM-024,6.94,5.78,1,0.656,0.774,0,VALIDATION,SYNTHETIC
CASE-00114,ATM-066,7.01,6.68,1,0.738,0.608,0,VALIDATION,SYNTHETIC
CASE-00115,ATM-001,2.76,3.92,1,0.525,0.055,0,VALIDATION,SYNTHETIC
CASE-00115,ATM-073,3.01,2.56,1,0.786,0.852,0,VALIDATION,SYNTHETIC
CASE-00115,ATM-103,4.3,6.13,1,0.917,0.675,0,VALIDATION,SYNTHETIC
CASE-00115,ATM-043,5.15,7.27,1,0.571,0.966,0,VALIDATION,SYNTHETIC
CASE-00115,ATM-115,5.3,4.34,1,0.743,0.507,0,VALIDATION,SYNTHETIC
CASE-00115,ATM-085,7.22,9.18,1,0.501,0.294,0,VALIDATION,SYNTHETIC
CASE-00115,ATM-025,7.23,9.63,1,0.933,0.688,0,VALIDATION,SYNTHETIC
CASE-00115,ATM-067,7.39,7.46,1,0.503,0.843,0,VALIDATION,SYNTHETIC
CASE-00116,ATM-020,2.69,2.08,1,0.545,0.042,0,VALIDATION,SYNTHETIC
CASE-00116,ATM-086,2.9,3.67,1,0.99,0.322,0,VALIDATION,SYNTHETIC
CASE-00116,ATM-032,3.44,2.39,1,0.882,0.118,0,VALIDATION,SYNTHETIC
CASE-00116,ATM-074,4.87,4.05,1,0.798,0.789,0,VALIDATION,SYNTHETIC
CASE-00116,ATM-116,5.43,4.61,1,0.796,0.367,0,VALIDATION,SYNTHETIC
CASE-00116,ATM-110,6.49,4.33,1,0.745,0.489,0,VALIDATION,SYNTHETIC
CASE-00116,ATM-080,6.52,7.48,1,0.707,0.413,0,VALIDATION,SYNTHETIC
CASE-00116,ATM-008,7.41,7.6,1,0.56,0.903,0,VALIDATION,SYNTHETIC
CASE-00117,ATM-099,4.13,4.76,1,0.89,0.689,0,TEST,SYNTHETIC
CASE-00117,ATM-075,4.56,5.02,1,0.547,0.348,0,TEST,SYNTHETIC
CASE-00117,ATM-009,5.24,5.39,1,0.688,0.193,0,TEST,SYNTHETIC
CASE-00117,ATM-105,5.66,3.57,1,0.77,0.571,0,TEST,SYNTHETIC
CASE-00117,ATM-027,6.31,3.96,1,0.828,0.705,0,TEST,SYNTHETIC
CASE-00117,ATM-021,7.1,4.08,1,0.744,0.111,0,TEST,SYNTHETIC
CASE-00117,ATM-081,7.72,8.13,1,0.481,0.254,0,TEST,SYNTHETIC
CASE-00117,ATM-003,7.98,7.7,1,0.796,0.055,0,TEST,SYNTHETIC
CASE-00118,ATM-046,1.99,2.54,1,0.711,0.692,0,TEST,SYNTHETIC
CASE-00118,ATM-040,2.48,1.49,1,0.609,0.141,0,TEST,SYNTHETIC
CASE-00118,ATM-064,2.56,1.67,1,0.602,0.501,0,TEST,SYNTHETIC
CASE-00118,ATM-094,2.91,2.48,1,0.917,0.804,0,TEST,SYNTHETIC
CASE-00118,ATM-112,5.05,6.95,1,0.549,0.463,0,TEST,SYNTHETIC
CASE-00118,ATM-004,6.3,6.91,1,0.949,0.894,0,TEST,SYNTHETIC
CASE-00118,ATM-088,7.76,8.74,1,0.874,0.849,0,TEST,SYNTHETIC
CASE-00118,ATM-107,891.47,563.07,0,0.749,0.914,1,TEST,SYNTHETIC
CASE-00119,ATM-119,1.38,1.18,1,0.587,0.686,0,TEST,SYNTHETIC
CASE-00119,ATM-077,2.57,1.54,1,0.498,0.998,0,TEST,SYNTHETIC
CASE-00119,ATM-041,4.57,6.13,1,0.693,0.974,0,TEST,SYNTHETIC
CASE-00119,ATM-053,6.91,5.46,1,0.492,0.92,0,TEST,SYNTHETIC
CASE-00119,ATM-017,7.17,4.9,1,0.881,0.946,0,TEST,SYNTHETIC
CASE-00119,ATM-101,8.31,8.55,1,0.902,0.066,0,TEST,SYNTHETIC
CASE-00119,ATM-059,8.94,5.68,1,0.966,0.254,0,TEST,SYNTHETIC
CASE-00119,ATM-051,495.39,654.57,0,0.675,0.8,1,TEST,SYNTHETIC
CASE-00120,ATM-120,1.22,1.06,1,0.583,0.226,0,TRAIN,SYNTHETIC
CASE-00120,ATM-078,2.38,1.51,1,0.486,0.182,0,TRAIN,SYNTHETIC
CASE-00120,ATM-018,4.57,4.37,1,0.887,0.035,0,TRAIN,SYNTHETIC
CASE-00120,ATM-072,5.09,6.1,1,0.47,0.63,0,TRAIN,SYNTHETIC
CASE-00120,ATM-048,6.51,8.22,1,0.608,0.15,0,TRAIN,SYNTHETIC
CASE-00120,ATM-042,6.91,7.77,1,0.46,0.462,0,TRAIN,SYNTHETIC
CASE-00120,ATM-024,6.94,4.8,1,0.911,0.868,0,TRAIN,SYNTHETIC
CASE-00120,ATM-052,723.56,757.31,0,0.797,0.796,1,TRAIN,SYNTHETIC
CASE-00121,ATM-001,2.76,2.13,1,0.95,0.628,0,TRAIN,SYNTHETIC
CASE-00121,ATM-073,3.01,2.64,1,0.925,0.758,0,TRAIN,SYNTHETIC
CASE-00121,ATM-103,4.3,5.08,1,0.874,0.823,0,TRAIN,SYNTHETIC
CASE-00121,ATM-043,5.15,3.71,1,0.475,0.462,0,TRAIN,SYNTHETIC
CASE-00121,ATM-115,5.3,5.7,1,0.613,0.966,0,TRAIN,SYNTHETIC
CASE-00121,ATM-085,7.22,5.48,1,0.642,0.121,0,TRAIN,SYNTHETIC
CASE-00121,ATM-025,7.23,9.29,1,0.955,0.966,0,TRAIN,SYNTHETIC
CASE-00121,ATM-067,7.39,7.81,1,0.45,0.6,0,TRAIN,SYNTHETIC
CASE-00122,ATM-020,2.69,1.74,1,0.664,0.256,0,TRAIN,SYNTHETIC
CASE-00122,ATM-086,2.9,3.06,1,0.975,0.78,0,TRAIN,SYNTHETIC
CASE-00122,ATM-032,3.44,2.69,1,0.924,0.513,0,TRAIN,SYNTHETIC
CASE-00122,ATM-074,4.87,7.04,1,0.689,0.858,0,TRAIN,SYNTHETIC
CASE-00122,ATM-116,5.43,3.99,1,0.719,0.271,0,TRAIN,SYNTHETIC
CASE-00122,ATM-110,6.49,6.65,1,0.638,0.267,0,TRAIN,SYNTHETIC
CASE-00122,ATM-080,6.52,3.89,1,0.502,0.494,0,TRAIN,SYNTHETIC
CASE-00122,ATM-094,230.44,314.35,0,0.857,0.206,1,TRAIN,SYNTHETIC
CASE-00123,ATM-099,4.13,3.28,1,0.708,0.885,0,TRAIN,SYNTHETIC
CASE-00123,ATM-075,4.56,5.21,1,0.715,0.901,0,TRAIN,SYNTHETIC
CASE-00123,ATM-009,5.24,7.28,1,0.909,0.862,0,TRAIN,SYNTHETIC
CASE-00123,ATM-105,5.66,4.91,1,0.806,0.114,0,TRAIN,SYNTHETIC
CASE-00123,ATM-027,6.31,5.46,1,0.761,0.109,0,TRAIN,SYNTHETIC
CASE-00123,ATM-021,7.1,5.88,1,0.948,0.64,0,TRAIN,SYNTHETIC
CASE-00123,ATM-081,7.72,10.13,1,0.79,0.275,0,TRAIN,SYNTHETIC
CASE-00123,ATM-003,7.98,10.4,1,0.896,0.322,0,TRAIN,SYNTHETIC
CASE-00124,ATM-046,1.99,1.81,1,0.651,0.061,0,TRAIN,SYNTHETIC
CASE-00124,ATM-040,2.48,2.48,1,0.497,0.815,0,TRAIN,SYNTHETIC
CASE-00124,ATM-064,2.56,3.68,1,0.566,0.055,0,TRAIN,SYNTHETIC
CASE-00124,ATM-094,2.91,3.65,1,0.843,0.67,0,TRAIN,SYNTHETIC
CASE-00124,ATM-112,5.05,3.2,1,0.8,0.351,0,TRAIN,SYNTHETIC
CASE-00124,ATM-004,6.3,4.66,1,0.522,0.451,0,TRAIN,SYNTHETIC
CASE-00124,ATM-088,7.76,4.91,1,0.863,0.799,0,TRAIN,SYNTHETIC
CASE-00124,ATM-058,8.21,10.4,1,0.452,0.537,0,TRAIN,SYNTHETIC
CASE-00125,ATM-119,1.38,1.61,1,0.901,0.94,0,TRAIN,SYNTHETIC
CASE-00125,ATM-077,2.57,3.46,1,0.997,0.769,0,TRAIN,SYNTHETIC
CASE-00125,ATM-041,4.57,2.64,1,0.981,0.461,0,TRAIN,SYNTHETIC
CASE-00125,ATM-053,6.91,7.23,1,0.723,0.25,0,TRAIN,SYNTHETIC
CASE-00125,ATM-017,7.17,8.89,1,0.818,0.761,0,TRAIN,SYNTHETIC
CASE-00125,ATM-101,8.31,4.85,1,0.793,0.886,0,TRAIN,SYNTHETIC
CASE-00125,ATM-059,8.94,12.06,1,0.968,0.143,0,TRAIN,SYNTHETIC
CASE-00125,ATM-005,8.96,6.72,1,0.83,0.156,0,TRAIN,SYNTHETIC
CASE-00126,ATM-120,1.22,0.83,1,0.929,0.607,0,TRAIN,SYNTHETIC
CASE-00126,ATM-078,2.38,2.15,1,0.944,0.023,0,TRAIN,SYNTHETIC
CASE-00126,ATM-018,4.57,4.94,1,0.728,0.307,0,TRAIN,SYNTHETIC
CASE-00126,ATM-072,5.09,3.77,1,0.972,0.421,0,TRAIN,SYNTHETIC
CASE-00126,ATM-048,6.51,4.09,1,0.925,0.083,0,TRAIN,SYNTHETIC
CASE-00126,ATM-042,6.91,9.47,1,0.527,0.884,0,TRAIN,SYNTHETIC
CASE-00126,ATM-024,6.94,6.42,1,0.63,0.83,0,TRAIN,SYNTHETIC
CASE-00126,ATM-029,758.73,493.44,0,0.896,0.039,1,TRAIN,SYNTHETIC
CASE-00127,ATM-001,2.76,2.04,1,0.853,0.545,0,TRAIN,SYNTHETIC
CASE-00127,ATM-073,3.01,3.84,1,0.517,0.986,0,TRAIN,SYNTHETIC
CASE-00127,ATM-103,4.3,2.99,1,0.597,0.828,0,TRAIN,SYNTHETIC
CASE-00127,ATM-043,5.15,6.34,1,0.675,0.314,0,TRAIN,SYNTHETIC
CASE-00127,ATM-115,5.3,4.55,1,0.612,0.211,0,TRAIN,SYNTHETIC
CASE-00127,ATM-085,7.22,5.72,1,0.928,0.933,0,TRAIN,SYNTHETIC
CASE-00127,ATM-025,7.23,6.22,1,0.884,0.442,0,TRAIN,SYNTHETIC
CASE-00127,ATM-067,7.39,10.67,1,0.523,0.708,0,TRAIN,SYNTHETIC
CASE-00128,ATM-020,2.69,3.51,1,0.972,0.006,0,TRAIN,SYNTHETIC
CASE-00128,ATM-086,2.9,1.73,1,0.451,0.955,0,TRAIN,SYNTHETIC
CASE-00128,ATM-032,3.44,2.81,1,0.896,0.3,0,TRAIN,SYNTHETIC
CASE-00128,ATM-074,4.87,6.83,1,0.613,0.487,0,TRAIN,SYNTHETIC
CASE-00128,ATM-116,5.43,6.05,1,0.742,0.627,0,TRAIN,SYNTHETIC
CASE-00128,ATM-110,6.49,7.72,1,0.912,0.998,0,TRAIN,SYNTHETIC
CASE-00128,ATM-080,6.52,6.87,1,0.454,0.004,0,TRAIN,SYNTHETIC
CASE-00128,ATM-008,7.41,5.09,1,0.657,0.787,0,TRAIN,SYNTHETIC
CASE-00129,ATM-099,4.13,3.1,1,0.799,0.836,0,TRAIN,SYNTHETIC
CASE-00129,ATM-075,4.56,2.81,1,0.882,0.616,0,TRAIN,SYNTHETIC
CASE-00129,ATM-009,5.24,6.05,1,0.6,0.646,0,TRAIN,SYNTHETIC
CASE-00129,ATM-105,5.66,7.21,1,0.982,0.165,0,TRAIN,SYNTHETIC
CASE-00129,ATM-027,6.31,6.9,1,0.835,0.211,0,TRAIN,SYNTHETIC
CASE-00129,ATM-021,7.1,8.64,1,0.874,0.989,0,TRAIN,SYNTHETIC
CASE-00129,ATM-081,7.72,6,1,0.646,0.766,0,TRAIN,SYNTHETIC
CASE-00129,ATM-095,508.88,675.59,0,0.778,0.304,1,TRAIN,SYNTHETIC
CASE-00130,ATM-046,1.99,2.57,1,0.973,0.672,0,TRAIN,SYNTHETIC
CASE-00130,ATM-040,2.48,2.47,1,0.657,0.325,0,TRAIN,SYNTHETIC
CASE-00130,ATM-064,2.56,2.72,1,0.763,0.479,0,TRAIN,SYNTHETIC
CASE-00130,ATM-094,2.91,2.82,1,0.997,0.162,0,TRAIN,SYNTHETIC
CASE-00130,ATM-112,5.05,5.74,1,0.549,0.43,0,TRAIN,SYNTHETIC
CASE-00130,ATM-004,6.3,8.79,1,0.819,0.376,0,TRAIN,SYNTHETIC
CASE-00130,ATM-088,7.76,11.24,1,0.549,0.774,0,TRAIN,SYNTHETIC
CASE-00130,ATM-069,723.19,612.42,0,0.71,0.908,1,TRAIN,SYNTHETIC
CASE-00131,ATM-119,1.38,1.83,1,0.469,0.323,0,TRAIN,SYNTHETIC
CASE-00131,ATM-077,2.57,2.51,1,0.955,0.908,0,TRAIN,SYNTHETIC
CASE-00131,ATM-041,4.57,6.59,1,0.689,0.409,0,TRAIN,SYNTHETIC
CASE-00131,ATM-053,6.91,8.86,1,0.948,0.818,0,TRAIN,SYNTHETIC
CASE-00131,ATM-017,7.17,3.95,1,0.775,0.864,0,TRAIN,SYNTHETIC
CASE-00131,ATM-101,8.31,9.61,1,0.828,0.306,0,TRAIN,SYNTHETIC
CASE-00131,ATM-059,8.94,12.28,1,0.549,0.406,0,TRAIN,SYNTHETIC
CASE-00131,ATM-005,8.96,5.28,1,0.875,0.155,0,TRAIN,SYNTHETIC
CASE-00132,ATM-120,1.22,0.81,1,0.784,0.468,0,TRAIN,SYNTHETIC
CASE-00132,ATM-078,2.38,2.33,1,0.756,0.148,0,TRAIN,SYNTHETIC
CASE-00132,ATM-018,4.57,4.15,1,0.618,0.141,0,TRAIN,SYNTHETIC
CASE-00132,ATM-072,5.09,4.77,1,0.543,0.629,0,TRAIN,SYNTHETIC
CASE-00132,ATM-048,6.51,4.59,1,0.686,0.522,0,TRAIN,SYNTHETIC
CASE-00132,ATM-042,6.91,6.47,1,0.861,0.881,0,TRAIN,SYNTHETIC
CASE-00132,ATM-024,6.94,8.73,1,0.876,0.097,0,TRAIN,SYNTHETIC
CASE-00132,ATM-039,241.48,200.24,0,0.815,0.72,1,TRAIN,SYNTHETIC
CASE-00133,ATM-001,2.76,2.86,1,0.831,0.912,0,TRAIN,SYNTHETIC
CASE-00133,ATM-073,3.01,3.27,1,0.961,0.957,0,TRAIN,SYNTHETIC
CASE-00133,ATM-103,4.3,4.96,1,0.781,0.15,0,TRAIN,SYNTHETIC
CASE-00133,ATM-043,5.15,3.49,1,0.931,0.356,0,TRAIN,SYNTHETIC
CASE-00133,ATM-115,5.3,4.84,1,0.591,0.919,0,TRAIN,SYNTHETIC
CASE-00133,ATM-085,7.22,5.05,1,0.917,0.728,0,TRAIN,SYNTHETIC
CASE-00133,ATM-025,7.23,9.47,1,0.718,0.797,0,TRAIN,SYNTHETIC
CASE-00133,ATM-067,7.39,6.2,1,0.624,0.47,0,TRAIN,SYNTHETIC
CASE-00134,ATM-020,2.69,1.79,1,0.573,0.617,0,VALIDATION,SYNTHETIC
CASE-00134,ATM-086,2.9,2.34,1,0.505,0.557,0,VALIDATION,SYNTHETIC
CASE-00134,ATM-032,3.44,3.19,1,0.545,0.61,0,VALIDATION,SYNTHETIC
CASE-00134,ATM-074,4.87,4.58,1,0.601,0.66,0,VALIDATION,SYNTHETIC
CASE-00134,ATM-116,5.43,4.2,1,0.721,0.89,0,VALIDATION,SYNTHETIC
CASE-00134,ATM-110,6.49,5.53,1,0.99,0.672,0,VALIDATION,SYNTHETIC
CASE-00134,ATM-080,6.52,5.43,1,0.716,0.299,0,VALIDATION,SYNTHETIC
CASE-00134,ATM-089,723.47,632.78,0,0.565,0.571,1,VALIDATION,SYNTHETIC
CASE-00135,ATM-099,4.13,5.14,1,0.712,0.867,0,VALIDATION,SYNTHETIC
CASE-00135,ATM-075,4.56,4.71,1,0.526,0.901,0,VALIDATION,SYNTHETIC
CASE-00135,ATM-009,5.24,5.35,1,0.563,0.257,0,VALIDATION,SYNTHETIC
CASE-00135,ATM-105,5.66,6.84,1,0.868,0.222,0,VALIDATION,SYNTHETIC
CASE-00135,ATM-027,6.31,4.3,1,0.607,0.586,0,VALIDATION,SYNTHETIC
CASE-00135,ATM-021,7.1,6.87,1,0.503,0.572,0,VALIDATION,SYNTHETIC
CASE-00135,ATM-081,7.72,4.94,1,0.904,0.098,0,VALIDATION,SYNTHETIC
CASE-00135,ATM-046,728.45,760.13,0,0.747,0.167,1,VALIDATION,SYNTHETIC
CASE-00136,ATM-046,1.99,2.54,1,0.83,0.694,0,VALIDATION,SYNTHETIC
CASE-00136,ATM-040,2.48,3.21,1,0.509,0.033,0,VALIDATION,SYNTHETIC
CASE-00136,ATM-064,2.56,1.92,1,0.536,0.17,0,VALIDATION,SYNTHETIC
CASE-00136,ATM-094,2.91,2.69,1,0.877,0.022,0,VALIDATION,SYNTHETIC
CASE-00136,ATM-112,5.05,6.63,1,0.784,0.349,0,VALIDATION,SYNTHETIC
CASE-00136,ATM-004,6.3,3.67,1,0.594,0.406,0,VALIDATION,SYNTHETIC
CASE-00136,ATM-088,7.76,6.21,1,0.543,0.28,0,VALIDATION,SYNTHETIC
CASE-00136,ATM-114,715.79,943.06,0,0.611,0.521,1,VALIDATION,SYNTHETIC
CASE-00137,ATM-119,1.38,1.69,1,0.912,0.184,0,TEST,SYNTHETIC
CASE-00137,ATM-077,2.57,2.61,1,0.601,0.079,0,TEST,SYNTHETIC
CASE-00137,ATM-041,4.57,5.51,1,0.828,0.923,0,TEST,SYNTHETIC
CASE-00137,ATM-053,6.91,5.98,1,0.983,0.264,0,TEST,SYNTHETIC
CASE-00137,ATM-017,7.17,4.81,1,0.756,0.627,0,TEST,SYNTHETIC
CASE-00137,ATM-101,8.31,8.06,1,0.914,0.213,0,TEST,SYNTHETIC
CASE-00137,ATM-059,8.94,8.23,1,0.949,0.806,0,TEST,SYNTHETIC
CASE-00137,ATM-005,8.96,9.32,1,0.889,0.708,0,TEST,SYNTHETIC
CASE-00138,ATM-120,1.22,1.76,1,0.877,0.529,0,TEST,SYNTHETIC
CASE-00138,ATM-078,2.38,1.83,1,0.823,0.844,0,TEST,SYNTHETIC
CASE-00138,ATM-018,4.57,4.78,1,0.478,0.144,0,TEST,SYNTHETIC
CASE-00138,ATM-072,5.09,3.11,1,0.476,0.139,0,TEST,SYNTHETIC
CASE-00138,ATM-048,6.51,8.09,1,0.791,0.927,0,TEST,SYNTHETIC
CASE-00138,ATM-042,6.91,4.66,1,0.899,0.656,0,TEST,SYNTHETIC
CASE-00138,ATM-024,6.94,9.83,1,0.511,0.649,0,TEST,SYNTHETIC
CASE-00138,ATM-007,377.37,345.16,0,0.81,0.559,1,TEST,SYNTHETIC
CASE-00139,ATM-001,2.76,2.69,1,0.991,0.006,0,TEST,SYNTHETIC
CASE-00139,ATM-073,3.01,3.42,1,0.657,0.351,0,TEST,SYNTHETIC
CASE-00139,ATM-103,4.3,3.53,1,0.794,0.781,0,TEST,SYNTHETIC
CASE-00139,ATM-043,5.15,7.28,1,0.567,0.712,0,TEST,SYNTHETIC
CASE-00139,ATM-115,5.3,4.81,1,0.894,0.387,0,TEST,SYNTHETIC
CASE-00139,ATM-085,7.22,9.62,1,0.907,0.775,0,TEST,SYNTHETIC
CASE-00139,ATM-025,7.23,4.68,1,0.954,0.866,0,TEST,SYNTHETIC
CASE-00139,ATM-067,7.39,4.38,1,0.773,0.802,0,TEST,SYNTHETIC
CASE-00140,ATM-020,2.69,2.05,1,0.715,0.507,0,TRAIN,SYNTHETIC
CASE-00140,ATM-086,2.9,2.18,1,0.632,0.702,0,TRAIN,SYNTHETIC
CASE-00140,ATM-032,3.44,3.24,1,0.654,0.66,0,TRAIN,SYNTHETIC
CASE-00140,ATM-074,4.87,4.84,1,0.559,0.522,0,TRAIN,SYNTHETIC
CASE-00140,ATM-116,5.43,7.33,1,0.455,0.614,0,TRAIN,SYNTHETIC
CASE-00140,ATM-110,6.49,4.33,1,0.508,0.7,0,TRAIN,SYNTHETIC
CASE-00140,ATM-080,6.52,6.83,1,0.955,0.648,0,TRAIN,SYNTHETIC
CASE-00140,ATM-042,512.32,317.08,0,0.834,0.837,1,TRAIN,SYNTHETIC
CASE-00141,ATM-099,4.13,2.66,1,0.948,0.362,0,TRAIN,SYNTHETIC
CASE-00141,ATM-075,4.56,2.69,1,0.495,0.364,0,TRAIN,SYNTHETIC
CASE-00141,ATM-009,5.24,5.92,1,0.954,0.364,0,TRAIN,SYNTHETIC
CASE-00141,ATM-105,5.66,7.7,1,0.533,0.981,0,TRAIN,SYNTHETIC
CASE-00141,ATM-027,6.31,6.11,1,0.938,0.741,0,TRAIN,SYNTHETIC
CASE-00141,ATM-021,7.1,7.18,1,0.763,0.358,0,TRAIN,SYNTHETIC
CASE-00141,ATM-081,7.72,10.1,1,0.971,0.035,0,TRAIN,SYNTHETIC
CASE-00141,ATM-006,260.46,323.41,0,0.927,0.367,1,TRAIN,SYNTHETIC
CASE-00142,ATM-046,1.99,2.56,1,0.466,0.452,0,TRAIN,SYNTHETIC
CASE-00142,ATM-040,2.48,1.93,1,0.616,0.335,0,TRAIN,SYNTHETIC
CASE-00142,ATM-064,2.56,1.75,1,0.655,0.919,0,TRAIN,SYNTHETIC
CASE-00142,ATM-094,2.91,1.87,1,0.453,0.063,0,TRAIN,SYNTHETIC
CASE-00142,ATM-112,5.05,7.16,1,0.879,0.365,0,TRAIN,SYNTHETIC
CASE-00142,ATM-004,6.3,5.25,1,0.454,0.477,0,TRAIN,SYNTHETIC
CASE-00142,ATM-088,7.76,9.87,1,0.693,0.341,0,TRAIN,SYNTHETIC
CASE-00142,ATM-058,8.21,6.61,1,0.657,0.548,0,TRAIN,SYNTHETIC
CASE-00143,ATM-119,1.38,1.73,1,0.906,0.49,0,TRAIN,SYNTHETIC
CASE-00143,ATM-077,2.57,2.36,1,0.79,0.635,0,TRAIN,SYNTHETIC
CASE-00143,ATM-041,4.57,6.25,1,0.682,0.36,0,TRAIN,SYNTHETIC
CASE-00143,ATM-053,6.91,8.64,1,0.689,0.275,0,TRAIN,SYNTHETIC
CASE-00143,ATM-017,7.17,9.71,1,0.788,0.67,0,TRAIN,SYNTHETIC
CASE-00143,ATM-101,8.31,10.37,1,0.468,0.365,0,TRAIN,SYNTHETIC
CASE-00143,ATM-059,8.94,6.52,1,0.737,0.948,0,TRAIN,SYNTHETIC
CASE-00143,ATM-005,8.96,6.42,1,0.479,0.588,0,TRAIN,SYNTHETIC
CASE-00144,ATM-120,1.22,1.48,1,0.747,0.203,0,TRAIN,SYNTHETIC
CASE-00144,ATM-078,2.38,2.33,1,0.635,0.934,0,TRAIN,SYNTHETIC
CASE-00144,ATM-018,4.57,3.86,1,0.688,0.46,0,TRAIN,SYNTHETIC
CASE-00144,ATM-072,5.09,2.95,1,0.675,0.95,0,TRAIN,SYNTHETIC
CASE-00144,ATM-048,6.51,7.93,1,0.971,0.983,0,TRAIN,SYNTHETIC
CASE-00144,ATM-042,6.91,8.4,1,0.722,0.2,0,TRAIN,SYNTHETIC
CASE-00144,ATM-024,6.94,7.4,1,0.543,0.767,0,TRAIN,SYNTHETIC
CASE-00144,ATM-066,7.01,4.33,1,0.809,0.497,0,TRAIN,SYNTHETIC
CASE-00145,ATM-001,2.76,3.46,1,0.968,0.158,0,TRAIN,SYNTHETIC
CASE-00145,ATM-073,3.01,2.34,1,0.758,0.566,0,TRAIN,SYNTHETIC
CASE-00145,ATM-103,4.3,4.82,1,0.878,0.844,0,TRAIN,SYNTHETIC
CASE-00145,ATM-043,5.15,3.41,1,0.999,0.371,0,TRAIN,SYNTHETIC
CASE-00145,ATM-115,5.3,3.2,1,0.798,0.448,0,TRAIN,SYNTHETIC
CASE-00145,ATM-085,7.22,7.03,1,0.979,0.138,0,TRAIN,SYNTHETIC
CASE-00145,ATM-025,7.23,4.82,1,0.73,0.322,0,TRAIN,SYNTHETIC
CASE-00145,ATM-067,7.39,8.27,1,0.494,0.889,0,TRAIN,SYNTHETIC
CASE-00146,ATM-020,2.69,2.27,1,0.53,0.705,0,TRAIN,SYNTHETIC
CASE-00146,ATM-086,2.9,2.4,1,0.643,0.679,0,TRAIN,SYNTHETIC
CASE-00146,ATM-032,3.44,3.88,1,0.769,0.935,0,TRAIN,SYNTHETIC
CASE-00146,ATM-074,4.87,6.32,1,0.475,0.474,0,TRAIN,SYNTHETIC
CASE-00146,ATM-116,5.43,3.08,1,0.925,0.451,0,TRAIN,SYNTHETIC
CASE-00146,ATM-110,6.49,3.86,1,0.99,0.619,0,TRAIN,SYNTHETIC
CASE-00146,ATM-080,6.52,5.75,1,0.716,0.464,0,TRAIN,SYNTHETIC
CASE-00146,ATM-008,7.41,7.92,1,0.8,0.878,0,TRAIN,SYNTHETIC
CASE-00147,ATM-099,4.13,4.64,1,0.87,0.336,0,TRAIN,SYNTHETIC
CASE-00147,ATM-075,4.56,4.31,1,0.758,0.536,0,TRAIN,SYNTHETIC
CASE-00147,ATM-009,5.24,3.85,1,0.505,0.865,0,TRAIN,SYNTHETIC
CASE-00147,ATM-105,5.66,7.52,1,0.558,0.483,0,TRAIN,SYNTHETIC
CASE-00147,ATM-027,6.31,8.81,1,0.852,0.926,0,TRAIN,SYNTHETIC
CASE-00147,ATM-021,7.1,9.68,1,0.731,0.04,0,TRAIN,SYNTHETIC
CASE-00147,ATM-081,7.72,4.8,1,0.521,0.636,0,TRAIN,SYNTHETIC
CASE-00147,ATM-069,13.39,11.54,1,0.541,0.132,1,TRAIN,SYNTHETIC
CASE-00148,ATM-046,1.99,1.99,1,0.574,0.243,0,TRAIN,SYNTHETIC
CASE-00148,ATM-040,2.48,2.1,1,0.79,0.482,0,TRAIN,SYNTHETIC
CASE-00148,ATM-064,2.56,1.79,1,0.515,0.968,0,TRAIN,SYNTHETIC
CASE-00148,ATM-094,2.91,1.95,1,0.627,0.07,0,TRAIN,SYNTHETIC
CASE-00148,ATM-112,5.05,6.54,1,0.649,0.573,0,TRAIN,SYNTHETIC
CASE-00148,ATM-004,6.3,7.76,1,0.937,0.85,0,TRAIN,SYNTHETIC
CASE-00148,ATM-088,7.76,11.24,1,0.894,0.342,0,TRAIN,SYNTHETIC
CASE-00148,ATM-058,8.21,9.79,1,0.577,0.852,0,TRAIN,SYNTHETIC
CASE-00149,ATM-119,1.38,1.81,1,0.538,0.977,0,TRAIN,SYNTHETIC
CASE-00149,ATM-077,2.57,1.58,1,0.538,0.732,0,TRAIN,SYNTHETIC
CASE-00149,ATM-041,4.57,3.31,1,0.791,0.424,0,TRAIN,SYNTHETIC
CASE-00149,ATM-053,6.91,7.56,1,0.564,0.324,0,TRAIN,SYNTHETIC
CASE-00149,ATM-017,7.17,9.82,1,0.578,0.103,0,TRAIN,SYNTHETIC
CASE-00149,ATM-101,8.31,7.53,1,0.73,0.697,0,TRAIN,SYNTHETIC
CASE-00149,ATM-059,8.94,12.23,1,0.622,0.03,0,TRAIN,SYNTHETIC
CASE-00149,ATM-005,8.96,5.18,1,0.499,0.881,0,TRAIN,SYNTHETIC
CASE-00150,ATM-120,1.22,1.26,1,0.698,0.72,0,TRAIN,SYNTHETIC
CASE-00150,ATM-078,2.38,1.65,1,0.748,0.654,0,TRAIN,SYNTHETIC
CASE-00150,ATM-018,4.57,4.35,1,0.89,0.066,0,TRAIN,SYNTHETIC
CASE-00150,ATM-072,5.09,6.63,1,0.771,0.779,0,TRAIN,SYNTHETIC
CASE-00150,ATM-048,6.51,9.33,1,0.724,0.909,0,TRAIN,SYNTHETIC
CASE-00150,ATM-042,6.91,4.56,1,0.988,0.382,0,TRAIN,SYNTHETIC
CASE-00150,ATM-024,6.94,5.88,1,0.916,0.273,0,TRAIN,SYNTHETIC
CASE-00150,ATM-066,7.01,5.94,1,0.797,0.568,0,TRAIN,SYNTHETIC
CASE-00151,ATM-001,2.76,3.03,1,0.811,0.467,0,TRAIN,SYNTHETIC
CASE-00151,ATM-073,3.01,2.55,1,0.709,0.854,0,TRAIN,SYNTHETIC
CASE-00151,ATM-103,4.3,3.31,1,0.81,0.115,0,TRAIN,SYNTHETIC
CASE-00151,ATM-043,5.15,3.1,1,0.5,0.339,0,TRAIN,SYNTHETIC
CASE-00151,ATM-115,5.3,7.19,1,0.843,0.803,0,TRAIN,SYNTHETIC
CASE-00151,ATM-085,7.22,7.03,1,0.932,0.622,0,TRAIN,SYNTHETIC
CASE-00151,ATM-025,7.23,9.39,1,0.805,0.316,0,TRAIN,SYNTHETIC
CASE-00151,ATM-067,7.39,4.27,1,0.525,0.761,0,TRAIN,SYNTHETIC
CASE-00152,ATM-020,2.69,2.76,1,0.719,0.016,0,TRAIN,SYNTHETIC
CASE-00152,ATM-086,2.9,2.53,1,0.754,0.831,0,TRAIN,SYNTHETIC
CASE-00152,ATM-032,3.44,1.9,1,0.553,0.707,0,TRAIN,SYNTHETIC
CASE-00152,ATM-074,4.87,3.49,1,0.666,0.943,0,TRAIN,SYNTHETIC
CASE-00152,ATM-116,5.43,6.3,1,0.619,0.18,0,TRAIN,SYNTHETIC
CASE-00152,ATM-110,6.49,7.65,1,0.727,0.17,0,TRAIN,SYNTHETIC
CASE-00152,ATM-080,6.52,8.65,1,0.814,0.698,0,TRAIN,SYNTHETIC
CASE-00152,ATM-008,7.41,7.4,1,0.469,0.961,0,TRAIN,SYNTHETIC
CASE-00153,ATM-099,4.13,2.51,1,0.734,0.551,0,TRAIN,SYNTHETIC
CASE-00153,ATM-075,4.56,4.22,1,0.563,0.859,0,TRAIN,SYNTHETIC
CASE-00153,ATM-009,5.24,4.93,1,0.535,0.695,0,TRAIN,SYNTHETIC
CASE-00153,ATM-105,5.66,6.71,1,0.492,0.225,0,TRAIN,SYNTHETIC
CASE-00153,ATM-027,6.31,5.2,1,0.812,0.028,0,TRAIN,SYNTHETIC
CASE-00153,ATM-021,7.1,7.16,1,0.891,0.098,0,TRAIN,SYNTHETIC
CASE-00153,ATM-081,7.72,11.09,1,0.791,0.469,0,TRAIN,SYNTHETIC
CASE-00153,ATM-112,726.77,500.52,0,0.506,0.987,1,TRAIN,SYNTHETIC
CASE-00154,ATM-046,1.99,2.13,1,0.93,0.599,0,VALIDATION,SYNTHETIC
CASE-00154,ATM-040,2.48,1.37,1,0.851,0.937,0,VALIDATION,SYNTHETIC
CASE-00154,ATM-064,2.56,1.75,1,0.57,0.279,0,VALIDATION,SYNTHETIC
CASE-00154,ATM-094,2.91,3.33,1,0.917,0.392,0,VALIDATION,SYNTHETIC
CASE-00154,ATM-112,5.05,5.6,1,0.51,0.817,0,VALIDATION,SYNTHETIC
CASE-00154,ATM-004,6.3,3.98,1,0.497,0.555,0,VALIDATION,SYNTHETIC
CASE-00154,ATM-088,7.76,11.25,1,0.673,0.813,0,VALIDATION,SYNTHETIC
CASE-00154,ATM-016,11.48,13.76,1,0.456,0.759,1,VALIDATION,SYNTHETIC
CASE-00155,ATM-119,1.38,1.18,1,0.455,0.983,0,VALIDATION,SYNTHETIC
CASE-00155,ATM-077,2.57,1.97,1,0.579,0.035,0,VALIDATION,SYNTHETIC
CASE-00155,ATM-041,4.57,3.66,1,0.991,0.894,0,VALIDATION,SYNTHETIC
CASE-00155,ATM-053,6.91,7.88,1,0.462,0.968,0,VALIDATION,SYNTHETIC
CASE-00155,ATM-017,7.17,7.16,1,0.843,0.458,0,VALIDATION,SYNTHETIC
CASE-00155,ATM-101,8.31,7.51,1,0.737,0.595,0,VALIDATION,SYNTHETIC
CASE-00155,ATM-059,8.94,4.95,1,0.654,0.605,0,VALIDATION,SYNTHETIC
CASE-00155,ATM-070,901.04,599.17,0,0.58,0.383,1,VALIDATION,SYNTHETIC
CASE-00156,ATM-120,1.22,0.93,1,0.824,0.029,0,VALIDATION,SYNTHETIC
CASE-00156,ATM-078,2.38,3.29,1,0.603,0.227,0,VALIDATION,SYNTHETIC
CASE-00156,ATM-018,4.57,3.43,1,0.815,0.161,0,VALIDATION,SYNTHETIC
CASE-00156,ATM-072,5.09,7.38,1,0.638,0.638,0,VALIDATION,SYNTHETIC
CASE-00156,ATM-048,6.51,4.6,1,0.811,0.552,0,VALIDATION,SYNTHETIC
CASE-00156,ATM-042,6.91,9.31,1,0.78,0.416,0,VALIDATION,SYNTHETIC
CASE-00156,ATM-024,6.94,9.68,1,0.804,0.886,0,VALIDATION,SYNTHETIC
CASE-00156,ATM-045,246.5,236.54,0,0.593,0.449,1,VALIDATION,SYNTHETIC
CASE-00157,ATM-001,2.76,2.18,1,0.513,0.047,0,TEST,SYNTHETIC
CASE-00157,ATM-073,3.01,3.41,1,0.981,0.499,0,TEST,SYNTHETIC
CASE-00157,ATM-103,4.3,5.24,1,0.887,0.64,0,TEST,SYNTHETIC
CASE-00157,ATM-043,5.15,4.89,1,1,0.627,0,TEST,SYNTHETIC
CASE-00157,ATM-115,5.3,5.12,1,0.507,0.093,0,TEST,SYNTHETIC
CASE-00157,ATM-085,7.22,4.79,1,0.793,0.979,0,TEST,SYNTHETIC
CASE-00157,ATM-025,7.23,8.42,1,0.942,0.148,0,TEST,SYNTHETIC
CASE-00157,ATM-067,7.39,6.89,1,0.685,0.684,0,TEST,SYNTHETIC
CASE-00158,ATM-020,2.69,1.92,1,0.691,0.181,0,TEST,SYNTHETIC
CASE-00158,ATM-086,2.9,2.36,1,0.548,0.86,0,TEST,SYNTHETIC
CASE-00158,ATM-032,3.44,3.25,1,0.817,0.585,0,TEST,SYNTHETIC
CASE-00158,ATM-074,4.87,6.96,1,0.947,0.749,0,TEST,SYNTHETIC
CASE-00158,ATM-116,5.43,5.47,1,0.969,0.062,0,TEST,SYNTHETIC
CASE-00158,ATM-110,6.49,5.45,1,0.698,0.426,0,TEST,SYNTHETIC
CASE-00158,ATM-080,6.52,9.24,1,0.743,0.489,0,TEST,SYNTHETIC
CASE-00158,ATM-008,7.41,8.92,1,0.758,0.309,0,TEST,SYNTHETIC
CASE-00159,ATM-099,4.13,2.95,1,0.595,0.917,0,TEST,SYNTHETIC
CASE-00159,ATM-075,4.56,5.12,1,0.485,0.581,0,TEST,SYNTHETIC
CASE-00159,ATM-009,5.24,5.68,1,0.793,0.694,0,TEST,SYNTHETIC
CASE-00159,ATM-105,5.66,4.13,1,0.591,0.103,0,TEST,SYNTHETIC
CASE-00159,ATM-027,6.31,6.54,1,0.522,0.537,0,TEST,SYNTHETIC
CASE-00159,ATM-021,7.1,7.65,1,0.476,0.326,0,TEST,SYNTHETIC
CASE-00159,ATM-081,7.72,5.99,1,0.564,0.817,0,TEST,SYNTHETIC
CASE-00159,ATM-003,7.98,10.49,1,0.839,0.204,0,TEST,SYNTHETIC
CASE-00160,ATM-046,1.99,1.88,1,0.603,0.539,0,TRAIN,SYNTHETIC
CASE-00160,ATM-040,2.48,2.96,1,0.965,0.908,0,TRAIN,SYNTHETIC
CASE-00160,ATM-064,2.56,1.78,1,0.692,0.708,0,TRAIN,SYNTHETIC
CASE-00160,ATM-094,2.91,2.38,1,0.665,0.82,0,TRAIN,SYNTHETIC
CASE-00160,ATM-112,5.05,4.78,1,0.819,0.781,0,TRAIN,SYNTHETIC
CASE-00160,ATM-004,6.3,6.73,1,0.81,0.497,0,TRAIN,SYNTHETIC
CASE-00160,ATM-088,7.76,5.68,1,0.56,0.47,0,TRAIN,SYNTHETIC
CASE-00160,ATM-098,215.8,296.65,0,0.978,0.79,1,TRAIN,SYNTHETIC
CASE-00161,ATM-119,1.38,0.8,1,0.535,0.773,0,TRAIN,SYNTHETIC
CASE-00161,ATM-077,2.57,3.7,1,0.516,0.743,0,TRAIN,SYNTHETIC
CASE-00161,ATM-041,4.57,6.41,1,0.755,0.846,0,TRAIN,SYNTHETIC
CASE-00161,ATM-053,6.91,5.04,1,0.717,0.419,0,TRAIN,SYNTHETIC
CASE-00161,ATM-017,7.17,7.03,1,0.595,0.058,0,TRAIN,SYNTHETIC
CASE-00161,ATM-101,8.31,7.2,1,0.703,0.102,0,TRAIN,SYNTHETIC
CASE-00161,ATM-059,8.94,11.95,1,0.662,0.924,0,TRAIN,SYNTHETIC
CASE-00161,ATM-005,8.96,11.78,1,0.716,0.439,0,TRAIN,SYNTHETIC
CASE-00162,ATM-120,1.22,1.29,1,0.959,0.955,0,TRAIN,SYNTHETIC
CASE-00162,ATM-078,2.38,1.8,1,0.643,0.775,0,TRAIN,SYNTHETIC
CASE-00162,ATM-018,4.57,3.35,1,0.793,0.569,0,TRAIN,SYNTHETIC
CASE-00162,ATM-072,5.09,4.22,1,0.997,0.108,0,TRAIN,SYNTHETIC
CASE-00162,ATM-048,6.51,8.57,1,0.645,0.326,0,TRAIN,SYNTHETIC
CASE-00162,ATM-042,6.91,4.96,1,0.87,0.198,0,TRAIN,SYNTHETIC
CASE-00162,ATM-024,6.94,4.59,1,0.609,0.379,0,TRAIN,SYNTHETIC
CASE-00162,ATM-066,7.01,7.44,1,0.907,0.557,0,TRAIN,SYNTHETIC
CASE-00163,ATM-001,2.76,4,1,0.948,0.324,0,TRAIN,SYNTHETIC
CASE-00163,ATM-073,3.01,2.69,1,0.747,0.391,0,TRAIN,SYNTHETIC
CASE-00163,ATM-103,4.3,4.43,1,0.843,0.829,0,TRAIN,SYNTHETIC
CASE-00163,ATM-043,5.15,4.47,1,0.888,0.278,0,TRAIN,SYNTHETIC
CASE-00163,ATM-115,5.3,5.05,1,0.467,0.258,0,TRAIN,SYNTHETIC
CASE-00163,ATM-085,7.22,9.96,1,0.95,0.672,0,TRAIN,SYNTHETIC
CASE-00163,ATM-025,7.23,5.49,1,0.853,0.244,0,TRAIN,SYNTHETIC
CASE-00163,ATM-067,7.39,9.71,1,0.595,0.54,0,TRAIN,SYNTHETIC
CASE-00164,ATM-020,2.69,2.17,1,0.655,0.065,0,TRAIN,SYNTHETIC
CASE-00164,ATM-086,2.9,2.64,1,0.516,0.52,0,TRAIN,SYNTHETIC
CASE-00164,ATM-032,3.44,3.55,1,0.869,0.201,0,TRAIN,SYNTHETIC
CASE-00164,ATM-074,4.87,6.79,1,0.774,0.919,0,TRAIN,SYNTHETIC
CASE-00164,ATM-116,5.43,6.09,1,0.53,0.883,0,TRAIN,SYNTHETIC
CASE-00164,ATM-110,6.49,6.74,1,0.773,0.363,0,TRAIN,SYNTHETIC
CASE-00164,ATM-080,6.52,6.03,1,0.731,0.057,0,TRAIN,SYNTHETIC
CASE-00164,ATM-065,734.69,404.44,0,0.68,0.255,1,TRAIN,SYNTHETIC
CASE-00165,ATM-099,4.13,3.55,1,0.593,0.207,0,TRAIN,SYNTHETIC
CASE-00165,ATM-075,4.56,4.28,1,0.785,0.305,0,TRAIN,SYNTHETIC
CASE-00165,ATM-009,5.24,7.4,1,0.523,0.465,0,TRAIN,SYNTHETIC
CASE-00165,ATM-105,5.66,6.43,1,0.947,0.894,0,TRAIN,SYNTHETIC
CASE-00165,ATM-027,6.31,9.02,1,0.86,0.357,0,TRAIN,SYNTHETIC
CASE-00165,ATM-021,7.1,6.03,1,0.644,0.855,0,TRAIN,SYNTHETIC
CASE-00165,ATM-081,7.72,9.56,1,0.454,0.539,0,TRAIN,SYNTHETIC
CASE-00165,ATM-005,508.57,311.1,0,0.97,0.071,1,TRAIN,SYNTHETIC
CASE-00166,ATM-046,1.99,1.52,1,0.937,0.883,0,TRAIN,SYNTHETIC
CASE-00166,ATM-040,2.48,1.85,1,0.895,0.13,0,TRAIN,SYNTHETIC
CASE-00166,ATM-064,2.56,2.25,1,0.756,0.831,0,TRAIN,SYNTHETIC
CASE-00166,ATM-094,2.91,1.71,1,0.493,0.522,0,TRAIN,SYNTHETIC
CASE-00166,ATM-112,5.05,5.06,1,0.917,0.321,0,TRAIN,SYNTHETIC
CASE-00166,ATM-004,6.3,5.02,1,0.96,0.277,0,TRAIN,SYNTHETIC
CASE-00166,ATM-088,7.76,4.71,1,0.958,0.287,0,TRAIN,SYNTHETIC
CASE-00166,ATM-048,730.62,766.9,0,0.874,0.074,1,TRAIN,SYNTHETIC
CASE-00167,ATM-119,1.38,1.26,1,0.822,0.204,0,TRAIN,SYNTHETIC
CASE-00167,ATM-077,2.57,2.62,1,0.589,0.485,0,TRAIN,SYNTHETIC
CASE-00167,ATM-041,4.57,3.42,1,0.475,0.509,0,TRAIN,SYNTHETIC
CASE-00167,ATM-053,6.91,4.77,1,0.491,0.912,0,TRAIN,SYNTHETIC
CASE-00167,ATM-017,7.17,8.28,1,0.823,0.863,0,TRAIN,SYNTHETIC
CASE-00167,ATM-101,8.31,5.21,1,0.952,0.881,0,TRAIN,SYNTHETIC
CASE-00167,ATM-059,8.94,12.94,1,0.865,0.219,0,TRAIN,SYNTHETIC
CASE-00167,ATM-012,742.96,643.15,0,0.778,0.472,1,TRAIN,SYNTHETIC
CASE-00168,ATM-120,1.22,0.9,1,0.644,0.943,0,TRAIN,SYNTHETIC
CASE-00168,ATM-078,2.38,3.42,1,0.456,0.223,0,TRAIN,SYNTHETIC
CASE-00168,ATM-018,4.57,3.98,1,0.995,0.945,0,TRAIN,SYNTHETIC
CASE-00168,ATM-072,5.09,4.18,1,0.736,0.787,0,TRAIN,SYNTHETIC
CASE-00168,ATM-048,6.51,5.53,1,0.887,0.872,0,TRAIN,SYNTHETIC
CASE-00168,ATM-042,6.91,5.98,1,0.805,0.989,0,TRAIN,SYNTHETIC
CASE-00168,ATM-024,6.94,5.24,1,0.877,0.882,0,TRAIN,SYNTHETIC
CASE-00168,ATM-097,378.19,520.94,0,0.993,0.805,1,TRAIN,SYNTHETIC
CASE-00169,ATM-001,2.76,3.62,1,0.939,0.651,0,TRAIN,SYNTHETIC
CASE-00169,ATM-073,3.01,2.1,1,0.711,0.025,0,TRAIN,SYNTHETIC
CASE-00169,ATM-103,4.3,4.41,1,0.539,0.719,0,TRAIN,SYNTHETIC
CASE-00169,ATM-043,5.15,4.59,1,0.919,0.179,0,TRAIN,SYNTHETIC
CASE-00169,ATM-115,5.3,6.53,1,0.707,0.249,0,TRAIN,SYNTHETIC
CASE-00169,ATM-085,7.22,9.11,1,0.703,0.328,0,TRAIN,SYNTHETIC
CASE-00169,ATM-025,7.23,4.28,1,0.896,0.651,0,TRAIN,SYNTHETIC
CASE-00169,ATM-067,7.39,7.89,1,0.873,0.823,0,TRAIN,SYNTHETIC
CASE-00170,ATM-020,2.69,1.66,1,0.47,0.354,0,TRAIN,SYNTHETIC
CASE-00170,ATM-086,2.9,2.08,1,0.966,0.873,0,TRAIN,SYNTHETIC
CASE-00170,ATM-032,3.44,1.98,1,0.983,0.357,0,TRAIN,SYNTHETIC
CASE-00170,ATM-074,4.87,4.12,1,0.967,0.797,0,TRAIN,SYNTHETIC
CASE-00170,ATM-116,5.43,6.24,1,0.674,0.281,0,TRAIN,SYNTHETIC
CASE-00170,ATM-110,6.49,4.76,1,0.56,0.955,0,TRAIN,SYNTHETIC
CASE-00170,ATM-080,6.52,4.76,1,0.542,0.946,0,TRAIN,SYNTHETIC
CASE-00170,ATM-008,7.41,8.84,1,0.474,0.586,0,TRAIN,SYNTHETIC
CASE-00171,ATM-099,4.13,4.18,1,0.554,0.896,0,TRAIN,SYNTHETIC
CASE-00171,ATM-075,4.56,5.98,1,0.458,0.124,0,TRAIN,SYNTHETIC
CASE-00171,ATM-009,5.24,6.32,1,0.992,0.325,0,TRAIN,SYNTHETIC
CASE-00171,ATM-105,5.66,5.02,1,0.967,0.469,0,TRAIN,SYNTHETIC
CASE-00171,ATM-027,6.31,9.09,1,0.936,0.265,0,TRAIN,SYNTHETIC
CASE-00171,ATM-021,7.1,6.18,1,0.73,0.292,0,TRAIN,SYNTHETIC
CASE-00171,ATM-081,7.72,6.88,1,0.651,0.478,0,TRAIN,SYNTHETIC
CASE-00171,ATM-036,240.9,264.13,0,0.819,0.339,1,TRAIN,SYNTHETIC
CASE-00172,ATM-046,1.99,1.31,1,0.528,0.803,0,TRAIN,SYNTHETIC
CASE-00172,ATM-040,2.48,2.49,1,0.574,0.341,0,TRAIN,SYNTHETIC
CASE-00172,ATM-064,2.56,1.41,1,0.926,0.913,0,TRAIN,SYNTHETIC
CASE-00172,ATM-094,2.91,1.98,1,0.721,0.25,0,TRAIN,SYNTHETIC
CASE-00172,ATM-112,5.05,5.5,1,0.651,0.199,0,TRAIN,SYNTHETIC
CASE-00172,ATM-004,6.3,7.63,1,0.744,0.043,0,TRAIN,SYNTHETIC
CASE-00172,ATM-088,7.76,8.15,1,0.729,0.281,0,TRAIN,SYNTHETIC
CASE-00172,ATM-058,8.21,11.04,1,0.856,0.905,0,TRAIN,SYNTHETIC
CASE-00173,ATM-119,1.38,1.64,1,0.833,0.178,0,TRAIN,SYNTHETIC
CASE-00173,ATM-077,2.57,1.69,1,0.817,0.493,0,TRAIN,SYNTHETIC
CASE-00173,ATM-041,4.57,6.32,1,0.803,0.273,0,TRAIN,SYNTHETIC
CASE-00173,ATM-053,6.91,9.59,1,0.554,0.625,0,TRAIN,SYNTHETIC
CASE-00173,ATM-017,7.17,5.84,1,0.475,0.418,0,TRAIN,SYNTHETIC
CASE-00173,ATM-101,8.31,4.94,1,0.714,0.429,0,TRAIN,SYNTHETIC
CASE-00173,ATM-059,8.94,8.8,1,0.54,0.321,0,TRAIN,SYNTHETIC
CASE-00173,ATM-005,8.96,11.16,1,0.838,0.513,0,TRAIN,SYNTHETIC
CASE-00174,ATM-120,1.22,0.77,1,0.965,0.462,0,VALIDATION,SYNTHETIC
CASE-00174,ATM-078,2.38,1.54,1,0.777,0.02,0,VALIDATION,SYNTHETIC
CASE-00174,ATM-018,4.57,5.19,1,0.49,0.87,0,VALIDATION,SYNTHETIC
CASE-00174,ATM-072,5.09,7.36,1,0.905,0.423,0,VALIDATION,SYNTHETIC
CASE-00174,ATM-048,6.51,6.86,1,0.535,0.959,0,VALIDATION,SYNTHETIC
CASE-00174,ATM-042,6.91,4.04,1,0.916,0.662,0,VALIDATION,SYNTHETIC
CASE-00174,ATM-024,6.94,8.29,1,0.475,0.05,0,VALIDATION,SYNTHETIC
CASE-00174,ATM-100,717.29,455.11,0,0.453,0.748,1,VALIDATION,SYNTHETIC
CASE-00175,ATM-001,2.76,1.84,1,0.995,0.045,0,VALIDATION,SYNTHETIC
CASE-00175,ATM-073,3.01,3.03,1,0.462,0.627,0,VALIDATION,SYNTHETIC
CASE-00175,ATM-103,4.3,3.39,1,0.513,0.277,0,VALIDATION,SYNTHETIC
CASE-00175,ATM-043,5.15,2.91,1,0.956,0.168,0,VALIDATION,SYNTHETIC
CASE-00175,ATM-115,5.3,5.06,1,0.562,0.262,0,VALIDATION,SYNTHETIC
CASE-00175,ATM-085,7.22,4.28,1,0.522,0.938,0,VALIDATION,SYNTHETIC
CASE-00175,ATM-025,7.23,8.77,1,0.906,0.767,0,VALIDATION,SYNTHETIC
CASE-00175,ATM-067,7.39,10.47,1,0.481,0.3,0,VALIDATION,SYNTHETIC
CASE-00176,ATM-020,2.69,2.94,1,0.585,0.698,0,VALIDATION,SYNTHETIC
CASE-00176,ATM-086,2.9,2.13,1,0.729,0.787,0,VALIDATION,SYNTHETIC
CASE-00176,ATM-032,3.44,3.65,1,0.487,0.219,0,VALIDATION,SYNTHETIC
CASE-00176,ATM-074,4.87,3.63,1,0.931,0.778,0,VALIDATION,SYNTHETIC
CASE-00176,ATM-116,5.43,4.12,1,0.983,0.487,0,VALIDATION,SYNTHETIC
CASE-00176,ATM-110,6.49,5.67,1,0.48,0.353,0,VALIDATION,SYNTHETIC
CASE-00176,ATM-080,6.52,4.56,1,0.594,0.916,0,VALIDATION,SYNTHETIC
CASE-00176,ATM-008,7.41,9.2,1,0.504,0.171,0,VALIDATION,SYNTHETIC
CASE-00177,ATM-099,4.13,5.17,1,0.663,0.759,0,TEST,SYNTHETIC
CASE-00177,ATM-075,4.56,2.86,1,0.678,0.768,0,TEST,SYNTHETIC
CASE-00177,ATM-009,5.24,3.15,1,0.534,0.935,0,TEST,SYNTHETIC
CASE-00177,ATM-105,5.66,4.42,1,0.741,0.742,0,TEST,SYNTHETIC
CASE-00177,ATM-027,6.31,3.67,1,0.48,0.216,0,TEST,SYNTHETIC
CASE-00177,ATM-021,7.1,8.78,1,0.958,0.6,0,TEST,SYNTHETIC
CASE-00177,ATM-081,7.72,10.17,1,0.459,0.303,0,TEST,SYNTHETIC
CASE-00177,ATM-003,7.98,4.98,1,0.811,0.901,0,TEST,SYNTHETIC
CASE-00178,ATM-046,1.99,2.29,1,0.958,0.84,0,TEST,SYNTHETIC
CASE-00178,ATM-040,2.48,2.98,1,0.471,0.928,0,TEST,SYNTHETIC
CASE-00178,ATM-064,2.56,2.75,1,0.564,0.628,0,TEST,SYNTHETIC
CASE-00178,ATM-094,2.91,1.98,1,0.693,0.718,0,TEST,SYNTHETIC
CASE-00178,ATM-112,5.05,5.47,1,0.887,0.731,0,TEST,SYNTHETIC
CASE-00178,ATM-004,6.3,8.42,1,0.546,0.205,0,TEST,SYNTHETIC
CASE-00178,ATM-088,7.76,6.77,1,0.504,0.522,0,TEST,SYNTHETIC
CASE-00178,ATM-047,897.27,1091.82,0,0.465,0.91,1,TEST,SYNTHETIC
CASE-00179,ATM-119,1.38,1.3,1,0.552,0.568,0,TEST,SYNTHETIC
CASE-00179,ATM-077,2.57,2.6,1,0.939,0.419,0,TEST,SYNTHETIC
CASE-00179,ATM-041,4.57,4.72,1,0.977,0.857,0,TEST,SYNTHETIC
CASE-00179,ATM-053,6.91,4.68,1,0.699,0.326,0,TEST,SYNTHETIC
CASE-00179,ATM-017,7.17,6.27,1,0.496,0.307,0,TEST,SYNTHETIC
CASE-00179,ATM-101,8.31,8.46,1,0.515,0.634,0,TEST,SYNTHETIC
CASE-00179,ATM-059,8.94,10.84,1,0.646,0.073,0,TEST,SYNTHETIC
CASE-00179,ATM-005,8.96,11.55,1,0.533,0.435,0,TEST,SYNTHETIC
CASE-00180,ATM-120,1.22,1.77,1,0.727,0.677,0,TRAIN,SYNTHETIC
CASE-00180,ATM-078,2.38,2.14,1,0.906,0.266,0,TRAIN,SYNTHETIC
CASE-00180,ATM-018,4.57,2.64,1,0.806,0.168,0,TRAIN,SYNTHETIC
CASE-00180,ATM-072,5.09,5.29,1,0.915,0.065,0,TRAIN,SYNTHETIC
CASE-00180,ATM-048,6.51,7.96,1,0.861,0.613,0,TRAIN,SYNTHETIC
CASE-00180,ATM-042,6.91,8.31,1,0.71,0.924,0,TRAIN,SYNTHETIC
CASE-00180,ATM-024,6.94,5.34,1,0.611,0.992,0,TRAIN,SYNTHETIC
CASE-00180,ATM-066,7.01,6.94,1,0.709,0.038,0,TRAIN,SYNTHETIC
CASE-00181,ATM-001,2.76,3.76,1,0.916,0.061,0,TRAIN,SYNTHETIC
CASE-00181,ATM-073,3.01,4.35,1,0.925,0.894,0,TRAIN,SYNTHETIC
CASE-00181,ATM-103,4.3,3.19,1,0.843,0.277,0,TRAIN,SYNTHETIC
CASE-00181,ATM-043,5.15,6.94,1,0.841,0.057,0,TRAIN,SYNTHETIC
CASE-00181,ATM-115,5.3,6.16,1,0.692,0.048,0,TRAIN,SYNTHETIC
CASE-00181,ATM-085,7.22,9.35,1,0.709,0.784,0,TRAIN,SYNTHETIC
CASE-00181,ATM-025,7.23,9.69,1,0.965,0.436,0,TRAIN,SYNTHETIC
CASE-00181,ATM-067,7.39,8.69,1,0.612,0.331,0,TRAIN,SYNTHETIC
CASE-00182,ATM-020,2.69,2.75,1,0.965,0.147,0,TRAIN,SYNTHETIC
CASE-00182,ATM-086,2.9,3.01,1,0.632,0.153,0,TRAIN,SYNTHETIC
CASE-00182,ATM-032,3.44,2.32,1,0.53,0.862,0,TRAIN,SYNTHETIC
CASE-00182,ATM-074,4.87,3.45,1,0.551,0.09,0,TRAIN,SYNTHETIC
CASE-00182,ATM-116,5.43,3.39,1,0.873,0.392,0,TRAIN,SYNTHETIC
CASE-00182,ATM-110,6.49,7.01,1,0.632,0.363,0,TRAIN,SYNTHETIC
CASE-00182,ATM-080,6.52,9.05,1,0.783,0.185,0,TRAIN,SYNTHETIC
CASE-00182,ATM-008,7.41,8.46,1,0.905,0.027,0,TRAIN,SYNTHETIC
CASE-00183,ATM-099,4.13,2.93,1,0.863,0.746,0,TRAIN,SYNTHETIC
CASE-00183,ATM-075,4.56,3.4,1,0.941,0.233,0,TRAIN,SYNTHETIC
CASE-00183,ATM-009,5.24,4.1,1,0.688,0.725,0,TRAIN,SYNTHETIC
CASE-00183,ATM-105,5.66,7.28,1,0.923,0.583,0,TRAIN,SYNTHETIC
CASE-00183,ATM-027,6.31,5.98,1,0.803,0.823,0,TRAIN,SYNTHETIC
CASE-00183,ATM-021,7.1,6.63,1,0.815,0.239,0,TRAIN,SYNTHETIC
CASE-00183,ATM-081,7.72,7.58,1,0.54,0.837,0,TRAIN,SYNTHETIC
CASE-00183,ATM-003,7.98,11.43,1,0.943,0.569,0,TRAIN,SYNTHETIC
CASE-00184,ATM-046,1.99,2.53,1,0.764,0.531,0,TRAIN,SYNTHETIC
CASE-00184,ATM-040,2.48,2.21,1,0.865,0.503,0,TRAIN,SYNTHETIC
CASE-00184,ATM-064,2.56,2.61,1,0.519,0.475,0,TRAIN,SYNTHETIC
CASE-00184,ATM-094,2.91,2.82,1,0.791,0.568,0,TRAIN,SYNTHETIC
CASE-00184,ATM-112,5.05,2.95,1,0.808,0.868,0,TRAIN,SYNTHETIC
CASE-00184,ATM-004,6.3,6.91,1,0.801,0.681,0,TRAIN,SYNTHETIC
CASE-00184,ATM-088,7.76,8.87,1,0.923,0.626,0,TRAIN,SYNTHETIC
CASE-00184,ATM-058,8.21,7.44,1,0.616,0.351,0,TRAIN,SYNTHETIC
CASE-00185,ATM-119,1.38,1.75,1,0.612,0.677,0,TRAIN,SYNTHETIC
CASE-00185,ATM-077,2.57,1.91,1,0.647,0.633,0,TRAIN,SYNTHETIC
CASE-00185,ATM-041,4.57,2.6,1,0.995,0.863,0,TRAIN,SYNTHETIC
CASE-00185,ATM-053,6.91,7.88,1,0.744,0.149,0,TRAIN,SYNTHETIC
CASE-00185,ATM-017,7.17,5.3,1,0.534,0.935,0,TRAIN,SYNTHETIC
CASE-00185,ATM-101,8.31,4.7,1,0.822,0.784,0,TRAIN,SYNTHETIC
CASE-00185,ATM-059,8.94,5.33,1,0.974,0.728,0,TRAIN,SYNTHETIC
CASE-00185,ATM-005,8.96,8.28,1,0.498,0.448,0,TRAIN,SYNTHETIC
CASE-00186,ATM-120,1.22,1.55,1,0.523,0.288,0,TRAIN,SYNTHETIC
CASE-00186,ATM-078,2.38,2.28,1,0.991,0.925,0,TRAIN,SYNTHETIC
CASE-00186,ATM-018,4.57,3.14,1,0.768,0.192,0,TRAIN,SYNTHETIC
CASE-00186,ATM-072,5.09,5.39,1,0.623,0.596,0,TRAIN,SYNTHETIC
CASE-00186,ATM-048,6.51,6.26,1,0.582,0.14,0,TRAIN,SYNTHETIC
CASE-00186,ATM-042,6.91,8.72,1,0.966,0.152,0,TRAIN,SYNTHETIC
CASE-00186,ATM-024,6.94,9.4,1,0.772,0.964,0,TRAIN,SYNTHETIC
CASE-00186,ATM-066,7.01,7.14,1,0.505,0.527,0,TRAIN,SYNTHETIC
CASE-00187,ATM-001,2.76,1.96,1,0.483,0.784,0,TRAIN,SYNTHETIC
CASE-00187,ATM-073,3.01,3.41,1,0.92,0.798,0,TRAIN,SYNTHETIC
CASE-00187,ATM-103,4.3,3.16,1,0.49,0.138,0,TRAIN,SYNTHETIC
CASE-00187,ATM-043,5.15,7.3,1,0.643,0.036,0,TRAIN,SYNTHETIC
CASE-00187,ATM-115,5.3,4.49,1,0.52,0.828,0,TRAIN,SYNTHETIC
CASE-00187,ATM-085,7.22,5.34,1,0.687,0.771,0,TRAIN,SYNTHETIC
CASE-00187,ATM-025,7.23,7.47,1,0.451,0.336,0,TRAIN,SYNTHETIC
CASE-00187,ATM-067,7.39,9.04,1,0.63,0.532,0,TRAIN,SYNTHETIC
CASE-00188,ATM-020,2.69,2.79,1,0.822,0.744,0,TRAIN,SYNTHETIC
CASE-00188,ATM-086,2.9,1.66,1,0.654,0.231,0,TRAIN,SYNTHETIC
CASE-00188,ATM-032,3.44,2.78,1,0.518,0.013,0,TRAIN,SYNTHETIC
CASE-00188,ATM-074,4.87,3.96,1,0.517,0.255,0,TRAIN,SYNTHETIC
CASE-00188,ATM-116,5.43,3.66,1,0.559,0.934,0,TRAIN,SYNTHETIC
CASE-00188,ATM-110,6.49,5.63,1,0.877,0.112,0,TRAIN,SYNTHETIC
CASE-00188,ATM-080,6.52,3.71,1,0.644,0.454,0,TRAIN,SYNTHETIC
CASE-00188,ATM-117,508.35,457.87,0,0.517,0.936,1,TRAIN,SYNTHETIC
CASE-00189,ATM-099,4.13,5.78,1,0.455,0.531,0,TRAIN,SYNTHETIC
CASE-00189,ATM-075,4.56,2.53,1,0.735,0.982,0,TRAIN,SYNTHETIC
CASE-00189,ATM-009,5.24,5.15,1,0.907,0.525,0,TRAIN,SYNTHETIC
CASE-00189,ATM-105,5.66,3.67,1,0.8,0.561,0,TRAIN,SYNTHETIC
CASE-00189,ATM-027,6.31,7.85,1,0.896,0.112,0,TRAIN,SYNTHETIC
CASE-00189,ATM-021,7.1,8.27,1,0.921,0.69,0,TRAIN,SYNTHETIC
CASE-00189,ATM-081,7.72,6.6,1,0.506,0.356,0,TRAIN,SYNTHETIC
CASE-00189,ATM-004,731.81,684.51,0,0.684,0.182,1,TRAIN,SYNTHETIC
CASE-00190,ATM-046,1.99,1.74,1,0.745,0.663,0,TRAIN,SYNTHETIC
CASE-00190,ATM-040,2.48,1.43,1,0.84,0.429,0,TRAIN,SYNTHETIC
CASE-00190,ATM-064,2.56,2.58,1,0.578,0.264,0,TRAIN,SYNTHETIC
CASE-00190,ATM-094,2.91,2.69,1,0.781,0.138,0,TRAIN,SYNTHETIC
CASE-00190,ATM-112,5.05,6.99,1,0.848,0.753,0,TRAIN,SYNTHETIC
CASE-00190,ATM-004,6.3,8.13,1,0.9,0.997,0,TRAIN,SYNTHETIC
CASE-00190,ATM-088,7.76,4.89,1,0.673,0.171,0,TRAIN,SYNTHETIC
CASE-00190,ATM-058,8.21,6.62,1,0.945,0.012,0,TRAIN,SYNTHETIC
CASE-00191,ATM-119,1.38,1.6,1,0.966,0.668,0,TRAIN,SYNTHETIC
CASE-00191,ATM-077,2.57,2.08,1,0.953,0.784,0,TRAIN,SYNTHETIC
CASE-00191,ATM-041,4.57,3.63,1,0.84,0.327,0,TRAIN,SYNTHETIC
CASE-00191,ATM-053,6.91,7.45,1,0.935,0.323,0,TRAIN,SYNTHETIC
CASE-00191,ATM-017,7.17,6.07,1,0.936,0.89,0,TRAIN,SYNTHETIC
CASE-00191,ATM-101,8.31,4.73,1,0.896,0.55,0,TRAIN,SYNTHETIC
CASE-00191,ATM-059,8.94,12.66,1,0.511,0.741,0,TRAIN,SYNTHETIC
CASE-00191,ATM-008,741.5,906.37,0,0.906,0.352,1,TRAIN,SYNTHETIC
CASE-00192,ATM-120,1.22,1.01,1,0.555,0.131,0,TRAIN,SYNTHETIC
CASE-00192,ATM-078,2.38,3.34,1,0.517,0.872,0,TRAIN,SYNTHETIC
CASE-00192,ATM-018,4.57,3.07,1,0.814,0.927,0,TRAIN,SYNTHETIC
CASE-00192,ATM-072,5.09,7.34,1,0.886,0.536,0,TRAIN,SYNTHETIC
CASE-00192,ATM-048,6.51,8.46,1,0.467,0.643,0,TRAIN,SYNTHETIC
CASE-00192,ATM-042,6.91,9.31,1,0.677,0.237,0,TRAIN,SYNTHETIC
CASE-00192,ATM-024,6.94,6.05,1,0.497,0.866,0,TRAIN,SYNTHETIC
CASE-00192,ATM-066,7.01,6.41,1,0.701,0.309,0,TRAIN,SYNTHETIC
CASE-00193,ATM-001,2.76,2.47,1,0.564,0.723,0,TRAIN,SYNTHETIC
CASE-00193,ATM-073,3.01,2.81,1,0.656,0.158,0,TRAIN,SYNTHETIC
CASE-00193,ATM-103,4.3,4.19,1,0.502,0.343,0,TRAIN,SYNTHETIC
CASE-00193,ATM-043,5.15,6.62,1,0.636,0.508,0,TRAIN,SYNTHETIC
CASE-00193,ATM-115,5.3,6.61,1,0.69,0.123,0,TRAIN,SYNTHETIC
CASE-00193,ATM-085,7.22,10.06,1,0.881,0.917,0,TRAIN,SYNTHETIC
CASE-00193,ATM-025,7.23,9.14,1,0.926,0.137,0,TRAIN,SYNTHETIC
CASE-00193,ATM-067,7.39,9.62,1,0.993,0.029,0,TRAIN,SYNTHETIC
CASE-00194,ATM-020,2.69,2.6,1,0.587,0.131,0,VALIDATION,SYNTHETIC
CASE-00194,ATM-086,2.9,1.94,1,0.578,0.82,0,VALIDATION,SYNTHETIC
CASE-00194,ATM-032,3.44,4.94,1,0.988,0.003,0,VALIDATION,SYNTHETIC
CASE-00194,ATM-074,4.87,5.49,1,0.47,0.753,0,VALIDATION,SYNTHETIC
CASE-00194,ATM-116,5.43,7.32,1,0.722,0.832,0,VALIDATION,SYNTHETIC
CASE-00194,ATM-110,6.49,6.09,1,0.556,0.819,0,VALIDATION,SYNTHETIC
CASE-00194,ATM-080,6.52,7.45,1,0.498,0.296,0,VALIDATION,SYNTHETIC
CASE-00194,ATM-098,13.16,18.53,1,0.816,0.956,1,VALIDATION,SYNTHETIC
CASE-00195,ATM-099,4.13,5.69,1,0.725,0.238,0,VALIDATION,SYNTHETIC
CASE-00195,ATM-075,4.56,3.44,1,0.776,0.76,0,VALIDATION,SYNTHETIC
CASE-00195,ATM-009,5.24,6.14,1,0.531,0.497,0,VALIDATION,SYNTHETIC
CASE-00195,ATM-105,5.66,3.3,1,0.684,0.489,0,VALIDATION,SYNTHETIC
CASE-00195,ATM-027,6.31,5.24,1,0.631,0.252,0,VALIDATION,SYNTHETIC
CASE-00195,ATM-021,7.1,5.38,1,0.814,0.583,0,VALIDATION,SYNTHETIC
CASE-00195,ATM-081,7.72,10.89,1,0.603,0.871,0,VALIDATION,SYNTHETIC
CASE-00195,ATM-003,7.98,10.26,1,0.773,0.381,0,VALIDATION,SYNTHETIC
CASE-00196,ATM-046,1.99,2.17,1,0.655,0.324,0,VALIDATION,SYNTHETIC
CASE-00196,ATM-040,2.48,3.47,1,0.544,0.558,0,VALIDATION,SYNTHETIC
CASE-00196,ATM-064,2.56,2.15,1,0.711,0.794,0,VALIDATION,SYNTHETIC
CASE-00196,ATM-094,2.91,2.13,1,0.549,0.752,0,VALIDATION,SYNTHETIC
CASE-00196,ATM-112,5.05,4.91,1,0.891,0.493,0,VALIDATION,SYNTHETIC
CASE-00196,ATM-004,6.3,6.85,1,0.801,0.599,0,VALIDATION,SYNTHETIC
CASE-00196,ATM-088,7.76,7.62,1,0.454,0.978,0,VALIDATION,SYNTHETIC
CASE-00196,ATM-058,8.21,9.94,1,0.935,0.94,0,VALIDATION,SYNTHETIC
CASE-00197,ATM-119,1.38,1.45,1,0.904,0.82,0,TEST,SYNTHETIC
CASE-00197,ATM-077,2.57,2.59,1,0.55,0.125,0,TEST,SYNTHETIC
CASE-00197,ATM-041,4.57,3.08,1,0.586,0.355,0,TEST,SYNTHETIC
CASE-00197,ATM-053,6.91,8.47,1,0.968,0.748,0,TEST,SYNTHETIC
CASE-00197,ATM-017,7.17,6.99,1,0.979,0.087,0,TEST,SYNTHETIC
CASE-00197,ATM-101,8.31,11.97,1,0.541,0.975,0,TEST,SYNTHETIC
CASE-00197,ATM-059,8.94,11.45,1,0.622,0.492,0,TEST,SYNTHETIC
CASE-00197,ATM-005,8.96,9.72,1,0.562,0.248,0,TEST,SYNTHETIC
CASE-00198,ATM-120,1.22,0.91,1,0.928,0.186,0,TEST,SYNTHETIC
CASE-00198,ATM-078,2.38,2.94,1,0.888,0.292,0,TEST,SYNTHETIC
CASE-00198,ATM-018,4.57,3.29,1,0.922,0.467,0,TEST,SYNTHETIC
CASE-00198,ATM-072,5.09,6.97,1,0.604,0.341,0,TEST,SYNTHETIC
CASE-00198,ATM-048,6.51,8.76,1,0.824,0.024,0,TEST,SYNTHETIC
CASE-00198,ATM-042,6.91,5.74,1,0.8,0.521,0,TEST,SYNTHETIC
CASE-00198,ATM-024,6.94,8.23,1,0.644,0.84,0,TEST,SYNTHETIC
CASE-00198,ATM-066,7.01,9.12,1,0.482,0.847,0,TEST,SYNTHETIC
CASE-00199,ATM-001,2.76,3.58,1,0.579,0.232,0,TEST,SYNTHETIC
CASE-00199,ATM-073,3.01,3.94,1,0.771,0.631,0,TEST,SYNTHETIC
CASE-00199,ATM-103,4.3,2.93,1,0.699,0.695,0,TEST,SYNTHETIC
CASE-00199,ATM-043,5.15,4.33,1,0.657,0.038,0,TEST,SYNTHETIC
CASE-00199,ATM-115,5.3,3.38,1,0.634,0.209,0,TEST,SYNTHETIC
CASE-00199,ATM-085,7.22,9.28,1,0.931,0.882,0,TEST,SYNTHETIC
CASE-00199,ATM-025,7.23,6.05,1,0.965,0.336,0,TEST,SYNTHETIC
CASE-00199,ATM-067,7.39,6.39,1,0.562,0.647,0,TEST,SYNTHETIC
CASE-00200,ATM-020,2.69,2.98,1,0.773,0.448,0,TRAIN,SYNTHETIC
CASE-00200,ATM-086,2.9,2.48,1,0.537,0.482,0,TRAIN,SYNTHETIC
CASE-00200,ATM-032,3.44,3.26,1,0.812,0.122,0,TRAIN,SYNTHETIC
CASE-00200,ATM-074,4.87,4.57,1,0.865,0.276,0,TRAIN,SYNTHETIC
CASE-00200,ATM-116,5.43,7.57,1,0.595,0.102,0,TRAIN,SYNTHETIC
CASE-00200,ATM-110,6.49,3.75,1,0.711,0.368,0,TRAIN,SYNTHETIC
CASE-00200,ATM-080,6.52,8.07,1,0.789,0.994,0,TRAIN,SYNTHETIC
CASE-00200,ATM-058,230.25,244.12,0,0.795,0.489,1,TRAIN,SYNTHETIC
CASE-00201,ATM-099,4.13,4.99,1,0.941,0.996,0,TRAIN,SYNTHETIC
CASE-00201,ATM-075,4.56,5.81,1,0.991,0.051,0,TRAIN,SYNTHETIC
CASE-00201,ATM-009,5.24,6.71,1,0.503,0.503,0,TRAIN,SYNTHETIC
CASE-00201,ATM-105,5.66,3.78,1,0.565,0.693,0,TRAIN,SYNTHETIC
CASE-00201,ATM-027,6.31,4.44,1,0.669,0.587,0,TRAIN,SYNTHETIC
CASE-00201,ATM-021,7.1,8.21,1,0.897,0.228,0,TRAIN,SYNTHETIC
CASE-00201,ATM-081,7.72,8.5,1,0.989,0.64,0,TRAIN,SYNTHETIC
CASE-00201,ATM-001,512.49,292.66,0,0.89,0.941,1,TRAIN,SYNTHETIC
CASE-00202,ATM-046,1.99,2.1,1,0.574,0.347,0,TRAIN,SYNTHETIC
CASE-00202,ATM-040,2.48,2.02,1,0.472,0.515,0,TRAIN,SYNTHETIC
CASE-00202,ATM-064,2.56,2.49,1,0.577,0.819,0,TRAIN,SYNTHETIC
CASE-00202,ATM-094,2.91,3.46,1,0.492,0.409,0,TRAIN,SYNTHETIC
CASE-00202,ATM-112,5.05,5.44,1,0.549,0.682,0,TRAIN,SYNTHETIC
CASE-00202,ATM-004,6.3,4.33,1,0.759,0.224,0,TRAIN,SYNTHETIC
CASE-00202,ATM-088,7.76,10.35,1,0.861,0.346,0,TRAIN,SYNTHETIC
CASE-00202,ATM-115,423.53,475.9,1,0.82,0.14,1,TRAIN,SYNTHETIC
CASE-00203,ATM-119,1.38,0.83,1,0.897,0.634,0,TRAIN,SYNTHETIC
CASE-00203,ATM-077,2.57,1.59,1,0.712,0.702,0,TRAIN,SYNTHETIC
CASE-00203,ATM-041,4.57,6.5,1,0.62,0.417,0,TRAIN,SYNTHETIC
CASE-00203,ATM-053,6.91,9.83,1,0.466,0.656,0,TRAIN,SYNTHETIC
CASE-00203,ATM-017,7.17,8.13,1,0.476,0.723,0,TRAIN,SYNTHETIC
CASE-00203,ATM-101,8.31,8.6,1,0.552,0.629,0,TRAIN,SYNTHETIC
CASE-00203,ATM-059,8.94,11.25,1,0.831,0.248,0,TRAIN,SYNTHETIC
CASE-00203,ATM-102,759.44,645.88,0,0.456,0.151,1,TRAIN,SYNTHETIC
CASE-00204,ATM-120,1.22,0.96,1,0.48,0.5,0,TRAIN,SYNTHETIC
CASE-00204,ATM-078,2.38,3.34,1,0.804,0.534,0,TRAIN,SYNTHETIC
CASE-00204,ATM-018,4.57,4.81,1,0.552,0.188,0,TRAIN,SYNTHETIC
CASE-00204,ATM-072,5.09,5.32,1,0.467,0.954,0,TRAIN,SYNTHETIC
CASE-00204,ATM-048,6.51,4.63,1,0.996,0.409,0,TRAIN,SYNTHETIC
CASE-00204,ATM-042,6.91,5.22,1,0.655,0.95,0,TRAIN,SYNTHETIC
CASE-00204,ATM-024,6.94,9.67,1,0.48,0.704,0,TRAIN,SYNTHETIC
CASE-00204,ATM-063,260,306.45,0,0.846,0.495,1,TRAIN,SYNTHETIC
CASE-00205,ATM-001,2.76,3.73,1,0.854,0.902,0,TRAIN,SYNTHETIC
CASE-00205,ATM-073,3.01,1.84,1,0.691,0.179,0,TRAIN,SYNTHETIC
CASE-00205,ATM-103,4.3,3.39,1,0.715,0.099,0,TRAIN,SYNTHETIC
CASE-00205,ATM-043,5.15,7.15,1,0.467,0.325,0,TRAIN,SYNTHETIC
CASE-00205,ATM-115,5.3,3.7,1,0.9,0.54,0,TRAIN,SYNTHETIC
CASE-00205,ATM-085,7.22,5.1,1,0.721,0.046,0,TRAIN,SYNTHETIC
CASE-00205,ATM-025,7.23,4.85,1,0.63,0.816,0,TRAIN,SYNTHETIC
CASE-00205,ATM-067,7.39,10.19,1,0.486,0.316,0,TRAIN,SYNTHETIC
CASE-00206,ATM-020,2.69,1.96,1,0.499,0.401,0,TRAIN,SYNTHETIC
CASE-00206,ATM-086,2.9,3.47,1,0.48,0.577,0,TRAIN,SYNTHETIC
CASE-00206,ATM-032,3.44,2.64,1,0.519,0.142,0,TRAIN,SYNTHETIC
CASE-00206,ATM-074,4.87,6.56,1,0.876,0.399,0,TRAIN,SYNTHETIC
CASE-00206,ATM-116,5.43,7.7,1,0.881,0.702,0,TRAIN,SYNTHETIC
CASE-00206,ATM-110,6.49,5.94,1,0.548,0.487,0,TRAIN,SYNTHETIC
CASE-00206,ATM-080,6.52,7.1,1,0.744,0.258,0,TRAIN,SYNTHETIC
CASE-00206,ATM-008,7.41,9.74,1,0.602,0.173,0,TRAIN,SYNTHETIC
CASE-00207,ATM-099,4.13,2.4,1,0.594,0.431,0,TRAIN,SYNTHETIC
CASE-00207,ATM-075,4.56,4.3,1,0.513,0.15,0,TRAIN,SYNTHETIC
CASE-00207,ATM-009,5.24,7.57,1,0.5,0.784,0,TRAIN,SYNTHETIC
CASE-00207,ATM-105,5.66,4.98,1,0.461,0.031,0,TRAIN,SYNTHETIC
CASE-00207,ATM-027,6.31,3.87,1,0.891,0.079,0,TRAIN,SYNTHETIC
CASE-00207,ATM-021,7.1,5.17,1,0.612,0.89,0,TRAIN,SYNTHETIC
CASE-00207,ATM-081,7.72,6.8,1,0.61,0.229,0,TRAIN,SYNTHETIC
CASE-00207,ATM-003,7.98,5.84,1,0.963,0.381,0,TRAIN,SYNTHETIC
CASE-00208,ATM-046,1.99,2.84,1,0.965,0.745,0,TRAIN,SYNTHETIC
CASE-00208,ATM-040,2.48,3.02,1,0.968,0.767,0,TRAIN,SYNTHETIC
CASE-00208,ATM-064,2.56,3.3,1,0.604,0.621,0,TRAIN,SYNTHETIC
CASE-00208,ATM-094,2.91,3.26,1,0.828,0.204,0,TRAIN,SYNTHETIC
CASE-00208,ATM-112,5.05,4.37,1,0.829,0.737,0,TRAIN,SYNTHETIC
CASE-00208,ATM-004,6.3,8.03,1,0.612,0.088,0,TRAIN,SYNTHETIC
CASE-00208,ATM-088,7.76,7.87,1,0.459,0.381,0,TRAIN,SYNTHETIC
CASE-00208,ATM-058,8.21,10.48,1,0.526,0.16,0,TRAIN,SYNTHETIC
CASE-00209,ATM-119,1.38,1.98,1,0.607,0.079,0,TRAIN,SYNTHETIC
CASE-00209,ATM-077,2.57,3.34,1,0.988,0.572,0,TRAIN,SYNTHETIC
CASE-00209,ATM-041,4.57,3.85,1,0.89,0.032,0,TRAIN,SYNTHETIC
CASE-00209,ATM-053,6.91,4.9,1,0.596,0.385,0,TRAIN,SYNTHETIC
CASE-00209,ATM-017,7.17,4.25,1,0.984,0.373,0,TRAIN,SYNTHETIC
CASE-00209,ATM-101,8.31,9.63,1,0.736,0.227,0,TRAIN,SYNTHETIC
CASE-00209,ATM-059,8.94,6.93,1,0.797,0.568,0,TRAIN,SYNTHETIC
CASE-00209,ATM-005,8.96,11.08,1,0.452,0.245,0,TRAIN,SYNTHETIC
CASE-00210,ATM-120,1.22,1.7,1,0.512,0.875,0,TRAIN,SYNTHETIC
CASE-00210,ATM-078,2.38,1.94,1,0.502,0.232,0,TRAIN,SYNTHETIC
CASE-00210,ATM-018,4.57,4.77,1,0.617,0.524,0,TRAIN,SYNTHETIC
CASE-00210,ATM-072,5.09,3.09,1,0.707,0.75,0,TRAIN,SYNTHETIC
CASE-00210,ATM-048,6.51,5.83,1,0.864,0.756,0,TRAIN,SYNTHETIC
CASE-00210,ATM-042,6.91,7.1,1,0.614,0.81,0,TRAIN,SYNTHETIC
CASE-00210,ATM-024,6.94,5.77,1,0.995,0.122,0,TRAIN,SYNTHETIC
CASE-00210,ATM-075,252.39,206.3,0,0.498,0.656,1,TRAIN,SYNTHETIC
CASE-00211,ATM-001,2.76,2.2,1,0.583,0.243,0,TRAIN,SYNTHETIC
CASE-00211,ATM-073,3.01,3.87,1,0.814,0.185,0,TRAIN,SYNTHETIC
CASE-00211,ATM-103,4.3,6.2,1,0.621,0.739,0,TRAIN,SYNTHETIC
CASE-00211,ATM-043,5.15,4.77,1,0.516,0.97,0,TRAIN,SYNTHETIC
CASE-00211,ATM-115,5.3,7.23,1,0.898,0.219,0,TRAIN,SYNTHETIC
CASE-00211,ATM-085,7.22,7.83,1,0.936,0.689,0,TRAIN,SYNTHETIC
CASE-00211,ATM-025,7.23,4.27,1,0.934,0.519,0,TRAIN,SYNTHETIC
CASE-00211,ATM-065,917.43,901.5,0,0.699,0.617,1,TRAIN,SYNTHETIC
CASE-00212,ATM-020,2.69,2.16,1,0.682,0.902,0,TRAIN,SYNTHETIC
CASE-00212,ATM-086,2.9,3.78,1,0.837,0.063,0,TRAIN,SYNTHETIC
CASE-00212,ATM-032,3.44,2.97,1,0.654,0.875,0,TRAIN,SYNTHETIC
CASE-00212,ATM-074,4.87,4.69,1,0.799,0.665,0,TRAIN,SYNTHETIC
CASE-00212,ATM-116,5.43,5.65,1,0.826,0.956,0,TRAIN,SYNTHETIC
CASE-00212,ATM-110,6.49,5.34,1,0.877,0.408,0,TRAIN,SYNTHETIC
CASE-00212,ATM-080,6.52,4.92,1,0.896,0.516,0,TRAIN,SYNTHETIC
CASE-00212,ATM-008,7.41,6.05,1,0.683,0.182,0,TRAIN,SYNTHETIC
CASE-00213,ATM-099,4.13,5.17,1,0.655,0.272,0,TRAIN,SYNTHETIC
CASE-00213,ATM-075,4.56,5.75,1,0.687,0.669,0,TRAIN,SYNTHETIC
CASE-00213,ATM-009,5.24,5.03,1,0.897,0.39,0,TRAIN,SYNTHETIC
CASE-00213,ATM-105,5.66,6.98,1,0.74,0.301,0,TRAIN,SYNTHETIC
CASE-00213,ATM-027,6.31,8.25,1,0.768,0.522,0,TRAIN,SYNTHETIC
CASE-00213,ATM-021,7.1,5.7,1,0.976,0.819,0,TRAIN,SYNTHETIC
CASE-00213,ATM-081,7.72,8.52,1,0.506,0.124,0,TRAIN,SYNTHETIC
CASE-00213,ATM-052,717.59,429.99,0,0.995,0.293,1,TRAIN,SYNTHETIC
CASE-00214,ATM-046,1.99,2.85,1,0.987,0.39,0,VALIDATION,SYNTHETIC
CASE-00214,ATM-040,2.48,3.26,1,0.538,0.07,0,VALIDATION,SYNTHETIC
CASE-00214,ATM-064,2.56,3.38,1,0.451,0.932,0,VALIDATION,SYNTHETIC
CASE-00214,ATM-094,2.91,3.19,1,0.631,0.056,0,VALIDATION,SYNTHETIC
CASE-00214,ATM-112,5.05,5.88,1,0.941,0.945,0,VALIDATION,SYNTHETIC
CASE-00214,ATM-004,6.3,9.12,1,0.624,0.147,0,VALIDATION,SYNTHETIC
CASE-00214,ATM-088,7.76,10.9,1,0.622,0.465,0,VALIDATION,SYNTHETIC
CASE-00214,ATM-058,8.21,5.61,1,0.814,0.14,0,VALIDATION,SYNTHETIC
CASE-00215,ATM-119,1.38,1.67,1,0.689,0.423,0,VALIDATION,SYNTHETIC
CASE-00215,ATM-077,2.57,3.68,1,0.803,0.66,0,VALIDATION,SYNTHETIC
CASE-00215,ATM-041,4.57,3.93,1,0.629,0.45,0,VALIDATION,SYNTHETIC
CASE-00215,ATM-053,6.91,9.21,1,0.931,0.87,0,VALIDATION,SYNTHETIC
CASE-00215,ATM-017,7.17,6.72,1,0.67,0.753,0,VALIDATION,SYNTHETIC
CASE-00215,ATM-101,8.31,9.02,1,0.867,0.281,0,VALIDATION,SYNTHETIC
CASE-00215,ATM-059,8.94,6.9,1,0.965,0.27,0,VALIDATION,SYNTHETIC
CASE-00215,ATM-005,8.96,8.98,1,0.492,0.938,0,VALIDATION,SYNTHETIC
CASE-00216,ATM-120,1.22,0.84,1,0.562,0.618,0,VALIDATION,SYNTHETIC
CASE-00216,ATM-078,2.38,3.07,1,0.921,0.793,0,VALIDATION,SYNTHETIC
CASE-00216,ATM-018,4.57,2.65,1,0.933,0.682,0,VALIDATION,SYNTHETIC
CASE-00216,ATM-072,5.09,4.67,1,0.604,0.803,0,VALIDATION,SYNTHETIC
CASE-00216,ATM-048,6.51,3.9,1,0.501,0.119,0,VALIDATION,SYNTHETIC
CASE-00216,ATM-042,6.91,8.16,1,0.638,0.066,0,VALIDATION,SYNTHETIC
CASE-00216,ATM-024,6.94,4.42,1,0.514,0.411,0,VALIDATION,SYNTHETIC
CASE-00216,ATM-007,377.37,346.88,0,0.932,0.242,1,VALIDATION,SYNTHETIC
CASE-00217,ATM-001,2.76,3.88,1,0.906,0.525,0,TEST,SYNTHETIC
CASE-00217,ATM-073,3.01,2.49,1,0.753,0.886,0,TEST,SYNTHETIC
CASE-00217,ATM-103,4.3,3.48,1,0.635,0.606,0,TEST,SYNTHETIC
CASE-00217,ATM-043,5.15,3.01,1,0.754,0.874,0,TEST,SYNTHETIC
CASE-00217,ATM-115,5.3,5.86,1,0.719,0.503,0,TEST,SYNTHETIC
CASE-00217,ATM-085,7.22,9.41,1,0.458,0.941,0,TEST,SYNTHETIC
CASE-00217,ATM-025,7.23,10.34,1,1,0.023,0,TEST,SYNTHETIC
CASE-00217,ATM-048,387.18,557.09,0,0.706,0.542,1,TEST,SYNTHETIC
CASE-00218,ATM-020,2.69,2.14,1,0.58,0.838,0,TEST,SYNTHETIC
CASE-00218,ATM-086,2.9,3.31,1,0.861,0.534,0,TEST,SYNTHETIC
CASE-00218,ATM-032,3.44,4.11,1,0.524,0.085,0,TEST,SYNTHETIC
CASE-00218,ATM-074,4.87,4.72,1,0.596,0.619,0,TEST,SYNTHETIC
CASE-00218,ATM-116,5.43,3.42,1,0.923,0.731,0,TEST,SYNTHETIC
CASE-00218,ATM-110,6.49,6.85,1,0.636,0.241,0,TEST,SYNTHETIC
CASE-00218,ATM-080,6.52,7.32,1,0.75,0.824,0,TEST,SYNTHETIC
CASE-00218,ATM-008,7.41,6.67,1,0.467,0.672,0,TEST,SYNTHETIC
CASE-00219,ATM-099,4.13,3.28,1,0.74,0.383,0,TEST,SYNTHETIC
CASE-00219,ATM-075,4.56,5.84,1,0.642,0.724,0,TEST,SYNTHETIC
CASE-00219,ATM-009,5.24,5.48,1,0.668,0.95,0,TEST,SYNTHETIC
CASE-00219,ATM-105,5.66,4.08,1,0.875,0.656,0,TEST,SYNTHETIC
CASE-00219,ATM-027,6.31,3.82,1,0.71,0.213,0,TEST,SYNTHETIC
CASE-00219,ATM-021,7.1,4.48,1,0.858,0.115,0,TEST,SYNTHETIC
CASE-00219,ATM-081,7.72,6.96,1,0.557,0.744,0,TEST,SYNTHETIC
CASE-00219,ATM-034,735.99,786.27,0,0.798,0.695,1,TEST,SYNTHETIC
CASE-00220,ATM-046,1.99,1.79,1,0.762,0.354,0,TRAIN,SYNTHETIC
CASE-00220,ATM-040,2.48,2.89,1,0.456,0.149,0,TRAIN,SYNTHETIC
CASE-00220,ATM-064,2.56,2.88,1,0.703,0.537,0,TRAIN,SYNTHETIC
CASE-00220,ATM-094,2.91,3.78,1,0.892,0.108,0,TRAIN,SYNTHETIC
CASE-00220,ATM-112,5.05,5.27,1,0.713,0.585,0,TRAIN,SYNTHETIC
CASE-00220,ATM-004,6.3,3.71,1,0.614,0.902,0,TRAIN,SYNTHETIC
CASE-00220,ATM-088,7.76,6.19,1,0.868,0.652,0,TRAIN,SYNTHETIC
CASE-00220,ATM-058,8.21,9.98,1,0.85,0.721,0,TRAIN,SYNTHETIC
CASE-00221,ATM-119,1.38,1.85,1,0.835,0.13,0,TRAIN,SYNTHETIC
CASE-00221,ATM-077,2.57,2.46,1,0.754,0.528,0,TRAIN,SYNTHETIC
CASE-00221,ATM-041,4.57,4.81,1,0.765,0.096,0,TRAIN,SYNTHETIC
CASE-00221,ATM-053,6.91,3.82,1,0.559,0.353,0,TRAIN,SYNTHETIC
CASE-00221,ATM-017,7.17,6.75,1,0.658,0.07,0,TRAIN,SYNTHETIC
CASE-00221,ATM-101,8.31,5.09,1,0.545,0.552,0,TRAIN,SYNTHETIC
CASE-00221,ATM-059,8.94,9.36,1,0.766,0.259,0,TRAIN,SYNTHETIC
CASE-00221,ATM-026,746.05,566.08,0,0.585,0.94,1,TRAIN,SYNTHETIC
CASE-00222,ATM-120,1.22,1.75,1,0.932,0.943,0,TRAIN,SYNTHETIC
CASE-00222,ATM-078,2.38,1.82,1,0.612,0.424,0,TRAIN,SYNTHETIC
CASE-00222,ATM-018,4.57,6.51,1,0.797,0.873,0,TRAIN,SYNTHETIC
CASE-00222,ATM-072,5.09,5.78,1,0.716,0.249,0,TRAIN,SYNTHETIC
CASE-00222,ATM-048,6.51,7.48,1,0.698,0.73,0,TRAIN,SYNTHETIC
CASE-00222,ATM-042,6.91,8.16,1,0.751,0.097,0,TRAIN,SYNTHETIC
CASE-00222,ATM-024,6.94,7.17,1,0.59,0.92,0,TRAIN,SYNTHETIC
CASE-00222,ATM-044,502.67,590.79,0,0.979,0.527,1,TRAIN,SYNTHETIC
CASE-00223,ATM-001,2.76,2.13,1,0.556,0.972,0,TRAIN,SYNTHETIC
CASE-00223,ATM-073,3.01,4.24,1,0.715,0.312,0,TRAIN,SYNTHETIC
CASE-00223,ATM-103,4.3,5.52,1,0.484,0.718,0,TRAIN,SYNTHETIC
CASE-00223,ATM-043,5.15,7.06,1,0.723,0.76,0,TRAIN,SYNTHETIC
CASE-00223,ATM-115,5.3,4.6,1,0.86,0.662,0,TRAIN,SYNTHETIC
CASE-00223,ATM-085,7.22,10.42,1,0.573,0.376,0,TRAIN,SYNTHETIC
CASE-00223,ATM-025,7.23,4.11,1,0.633,0.265,0,TRAIN,SYNTHETIC
CASE-00223,ATM-067,7.39,8.15,1,0.773,0.05,0,TRAIN,SYNTHETIC
CASE-00224,ATM-020,2.69,1.51,1,0.671,0.422,0,TRAIN,SYNTHETIC
CASE-00224,ATM-086,2.9,3.13,1,0.852,0.547,0,TRAIN,SYNTHETIC
CASE-00224,ATM-032,3.44,3.73,1,0.778,0.419,0,TRAIN,SYNTHETIC
CASE-00224,ATM-074,4.87,2.97,1,0.705,0.241,0,TRAIN,SYNTHETIC
CASE-00224,ATM-116,5.43,5.41,1,0.691,0.981,0,TRAIN,SYNTHETIC
CASE-00224,ATM-110,6.49,4.37,1,0.518,0.01,0,TRAIN,SYNTHETIC
CASE-00224,ATM-080,6.52,5.47,1,0.63,0.889,0,TRAIN,SYNTHETIC
CASE-00224,ATM-008,7.41,5.72,1,0.773,0.085,0,TRAIN,SYNTHETIC
CASE-00225,ATM-099,4.13,4.84,1,0.907,0.901,0,TRAIN,SYNTHETIC
CASE-00225,ATM-075,4.56,3.65,1,0.87,0.464,0,TRAIN,SYNTHETIC
CASE-00225,ATM-009,5.24,7.47,1,0.476,0.891,0,TRAIN,SYNTHETIC
CASE-00225,ATM-105,5.66,8.01,1,0.826,0.211,0,TRAIN,SYNTHETIC
CASE-00225,ATM-027,6.31,8.45,1,0.943,0.873,0,TRAIN,SYNTHETIC
CASE-00225,ATM-021,7.1,5.08,1,0.737,0.048,0,TRAIN,SYNTHETIC
CASE-00225,ATM-081,7.72,7.09,1,0.77,0.3,0,TRAIN,SYNTHETIC
CASE-00225,ATM-003,7.98,9.31,1,0.978,0.911,0,TRAIN,SYNTHETIC
CASE-00226,ATM-046,1.99,2.44,1,0.744,0.744,0,TRAIN,SYNTHETIC
CASE-00226,ATM-040,2.48,3.2,1,0.588,0.564,0,TRAIN,SYNTHETIC
CASE-00226,ATM-064,2.56,1.65,1,0.627,0.728,0,TRAIN,SYNTHETIC
CASE-00226,ATM-094,2.91,3.45,1,0.962,0.717,0,TRAIN,SYNTHETIC
CASE-00226,ATM-112,5.05,7.28,1,0.828,0.947,0,TRAIN,SYNTHETIC
CASE-00226,ATM-004,6.3,7.22,1,0.977,0.31,0,TRAIN,SYNTHETIC
CASE-00226,ATM-088,7.76,4.99,1,0.69,0.762,0,TRAIN,SYNTHETIC
CASE-00226,ATM-020,230.23,144.78,0,0.986,0.815,1,TRAIN,SYNTHETIC
CASE-00227,ATM-119,1.38,1.03,1,0.998,0.683,0,TRAIN,SYNTHETIC
CASE-00227,ATM-077,2.57,2.36,1,0.919,0.365,0,TRAIN,SYNTHETIC
CASE-00227,ATM-041,4.57,3.53,1,0.701,0.979,0,TRAIN,SYNTHETIC
CASE-00227,ATM-053,6.91,9.47,1,0.499,0.684,0,TRAIN,SYNTHETIC
CASE-00227,ATM-017,7.17,8.9,1,0.454,0.439,0,TRAIN,SYNTHETIC
CASE-00227,ATM-101,8.31,5.47,1,0.914,0.564,0,TRAIN,SYNTHETIC
CASE-00227,ATM-059,8.94,9.7,1,0.58,0.571,0,TRAIN,SYNTHETIC
CASE-00227,ATM-078,755.73,683.62,0,0.89,0.484,1,TRAIN,SYNTHETIC
CASE-00228,ATM-120,1.22,0.79,1,0.641,0.868,0,TRAIN,SYNTHETIC
CASE-00228,ATM-078,2.38,2.33,1,0.46,0.079,0,TRAIN,SYNTHETIC
CASE-00228,ATM-018,4.57,5.98,1,0.812,0.145,0,TRAIN,SYNTHETIC
CASE-00228,ATM-072,5.09,6.89,1,0.785,0.244,0,TRAIN,SYNTHETIC
CASE-00228,ATM-048,6.51,3.67,1,0.854,0.893,0,TRAIN,SYNTHETIC
CASE-00228,ATM-042,6.91,9.41,1,0.831,0.526,0,TRAIN,SYNTHETIC
CASE-00228,ATM-024,6.94,6.53,1,0.72,0.449,0,TRAIN,SYNTHETIC
CASE-00228,ATM-037,381.6,331.3,0,0.933,0.575,1,TRAIN,SYNTHETIC
CASE-00229,ATM-001,2.76,4,1,0.799,0.754,0,TRAIN,SYNTHETIC
CASE-00229,ATM-073,3.01,4.26,1,0.974,0.984,0,TRAIN,SYNTHETIC
CASE-00229,ATM-103,4.3,4.98,1,0.811,0.718,0,TRAIN,SYNTHETIC
CASE-00229,ATM-043,5.15,7.11,1,0.663,0.003,0,TRAIN,SYNTHETIC
CASE-00229,ATM-115,5.3,6.54,1,0.84,0.128,0,TRAIN,SYNTHETIC
CASE-00229,ATM-085,7.22,5.13,1,0.814,0.372,0,TRAIN,SYNTHETIC
CASE-00229,ATM-025,7.23,8.34,1,0.664,0.511,0,TRAIN,SYNTHETIC
CASE-00229,ATM-051,525.81,395.49,0,0.675,0.122,1,TRAIN,SYNTHETIC
CASE-00230,ATM-020,2.69,3.01,1,0.531,0.936,0,TRAIN,SYNTHETIC
CASE-00230,ATM-086,2.9,2.68,1,0.793,0.904,0,TRAIN,SYNTHETIC
CASE-00230,ATM-032,3.44,2.08,1,0.516,0.625,0,TRAIN,SYNTHETIC
CASE-00230,ATM-074,4.87,3.63,1,0.865,0.265,0,TRAIN,SYNTHETIC
CASE-00230,ATM-116,5.43,6.92,1,0.95,0.037,0,TRAIN,SYNTHETIC
CASE-00230,ATM-110,6.49,6.61,1,0.558,0.323,0,TRAIN,SYNTHETIC
CASE-00230,ATM-080,6.52,7.75,1,0.465,0.884,0,TRAIN,SYNTHETIC
CASE-00230,ATM-008,7.41,7.71,1,0.743,0.462,0,TRAIN,SYNTHETIC
CASE-00231,ATM-099,4.13,5.56,1,0.603,0.657,0,TRAIN,SYNTHETIC
CASE-00231,ATM-075,4.56,6.53,1,0.499,0.071,0,TRAIN,SYNTHETIC
CASE-00231,ATM-009,5.24,6.5,1,0.845,0.108,0,TRAIN,SYNTHETIC
CASE-00231,ATM-105,5.66,6.77,1,0.912,0.557,0,TRAIN,SYNTHETIC
CASE-00231,ATM-027,6.31,5.13,1,0.749,0.579,0,TRAIN,SYNTHETIC
CASE-00231,ATM-021,7.1,5.07,1,0.84,0.948,0,TRAIN,SYNTHETIC
CASE-00231,ATM-081,7.72,4.54,1,0.951,0.534,0,TRAIN,SYNTHETIC
CASE-00231,ATM-083,513.17,529.25,0,0.754,0.291,1,TRAIN,SYNTHETIC
CASE-00232,ATM-046,1.99,1.36,1,0.477,0.728,0,TRAIN,SYNTHETIC
CASE-00232,ATM-040,2.48,3.08,1,0.845,0.169,0,TRAIN,SYNTHETIC
CASE-00232,ATM-064,2.56,1.77,1,0.9,0.936,0,TRAIN,SYNTHETIC
CASE-00232,ATM-094,2.91,1.73,1,0.935,0.156,0,TRAIN,SYNTHETIC
CASE-00232,ATM-112,5.05,6.53,1,0.976,0.175,0,TRAIN,SYNTHETIC
CASE-00232,ATM-004,6.3,3.96,1,0.723,0.368,0,TRAIN,SYNTHETIC
CASE-00232,ATM-088,7.76,9.1,1,0.936,0.418,0,TRAIN,SYNTHETIC
CASE-00232,ATM-058,8.21,6.41,1,0.948,0.191,0,TRAIN,SYNTHETIC
CASE-00233,ATM-119,1.38,1.21,1,0.516,0.586,0,TRAIN,SYNTHETIC
CASE-00233,ATM-077,2.57,1.5,1,0.864,0.351,0,TRAIN,SYNTHETIC
CASE-00233,ATM-041,4.57,3.15,1,0.775,0.505,0,TRAIN,SYNTHETIC
CASE-00233,ATM-053,6.91,7.81,1,0.679,0.235,0,TRAIN,SYNTHETIC
CASE-00233,ATM-017,7.17,5.42,1,0.498,0.517,0,TRAIN,SYNTHETIC
CASE-00233,ATM-101,8.31,6.54,1,0.981,0.425,0,TRAIN,SYNTHETIC
CASE-00233,ATM-059,8.94,7.22,1,0.94,0.934,0,TRAIN,SYNTHETIC
CASE-00233,ATM-072,749.01,1007.17,0,0.464,0.301,1,TRAIN,SYNTHETIC
CASE-00234,ATM-120,1.22,1.49,1,0.631,0.079,0,VALIDATION,SYNTHETIC
CASE-00234,ATM-078,2.38,2.34,1,0.579,0.733,0,VALIDATION,SYNTHETIC
CASE-00234,ATM-018,4.57,3.6,1,0.462,0.015,0,VALIDATION,SYNTHETIC
CASE-00234,ATM-072,5.09,3.23,1,0.454,0.146,0,VALIDATION,SYNTHETIC
CASE-00234,ATM-048,6.51,8.34,1,0.662,0.54,0,VALIDATION,SYNTHETIC
CASE-00234,ATM-042,6.91,9.45,1,0.797,0.312,0,VALIDATION,SYNTHETIC
CASE-00234,ATM-024,6.94,9.75,1,0.524,0.42,0,VALIDATION,SYNTHETIC
CASE-00234,ATM-066,7.01,7.73,1,0.532,0.435,0,VALIDATION,SYNTHETIC
CASE-00235,ATM-001,2.76,2.68,1,0.469,0.937,0,VALIDATION,SYNTHETIC
CASE-00235,ATM-073,3.01,1.68,1,0.757,0.661,0,VALIDATION,SYNTHETIC
CASE-00235,ATM-103,4.3,5.17,1,0.971,0.767,0,VALIDATION,SYNTHETIC
CASE-00235,ATM-043,5.15,6.04,1,0.901,0.891,0,VALIDATION,SYNTHETIC
CASE-00235,ATM-115,5.3,7.49,1,0.828,0.129,0,VALIDATION,SYNTHETIC
CASE-00235,ATM-085,7.22,4.57,1,0.577,0.416,0,VALIDATION,SYNTHETIC
CASE-00235,ATM-025,7.23,6.17,1,0.812,0.314,0,VALIDATION,SYNTHETIC
CASE-00235,ATM-067,7.39,7.67,1,0.845,0.773,0,VALIDATION,SYNTHETIC
CASE-00236,ATM-020,2.69,3.63,1,0.856,0.065,0,VALIDATION,SYNTHETIC
CASE-00236,ATM-086,2.9,1.9,1,0.649,0.828,0,VALIDATION,SYNTHETIC
CASE-00236,ATM-032,3.44,3.2,1,0.706,0.445,0,VALIDATION,SYNTHETIC
CASE-00236,ATM-074,4.87,4.85,1,0.552,0.729,0,VALIDATION,SYNTHETIC
CASE-00236,ATM-116,5.43,3.46,1,0.966,0.28,0,VALIDATION,SYNTHETIC
CASE-00236,ATM-110,6.49,5.16,1,0.972,0.112,0,VALIDATION,SYNTHETIC
CASE-00236,ATM-080,6.52,6.27,1,0.646,0.635,0,VALIDATION,SYNTHETIC
CASE-00236,ATM-008,7.41,5.02,1,0.891,0.888,0,VALIDATION,SYNTHETIC
CASE-00237,ATM-099,4.13,4.73,1,0.754,0.077,0,TEST,SYNTHETIC
CASE-00237,ATM-075,4.56,3.11,1,0.862,0.076,0,TEST,SYNTHETIC
CASE-00237,ATM-009,5.24,6.78,1,0.709,0.854,0,TEST,SYNTHETIC
CASE-00237,ATM-105,5.66,5.94,1,0.557,0.858,0,TEST,SYNTHETIC
CASE-00237,ATM-027,6.31,5.51,1,0.894,0.608,0,TEST,SYNTHETIC
CASE-00237,ATM-021,7.1,10.24,1,0.546,0.298,0,TEST,SYNTHETIC
CASE-00237,ATM-081,7.72,5.66,1,0.493,0.397,0,TEST,SYNTHETIC
CASE-00237,ATM-106,715.96,923.69,0,0.617,0.321,1,TEST,SYNTHETIC
CASE-00238,ATM-046,1.99,2.57,1,0.575,0.708,0,TEST,SYNTHETIC
CASE-00238,ATM-040,2.48,1.42,1,0.924,0.694,0,TEST,SYNTHETIC
CASE-00238,ATM-064,2.56,3.09,1,0.964,0.873,0,TEST,SYNTHETIC
CASE-00238,ATM-094,2.91,3.54,1,0.611,0.349,0,TEST,SYNTHETIC
CASE-00238,ATM-112,5.05,6.28,1,0.755,0.631,0,TEST,SYNTHETIC
CASE-00238,ATM-004,6.3,8.47,1,0.894,0.41,0,TEST,SYNTHETIC
CASE-00238,ATM-088,7.76,4.76,1,0.746,0.354,0,TEST,SYNTHETIC
CASE-00238,ATM-107,891.47,760.2,0,0.487,0.215,1,TEST,SYNTHETIC
CASE-00239,ATM-119,1.38,1.83,1,0.828,0.088,0,TEST,SYNTHETIC
CASE-00239,ATM-077,2.57,2.98,1,0.501,0.592,0,TEST,SYNTHETIC
CASE-00239,ATM-041,4.57,6.47,1,0.55,0.192,0,TEST,SYNTHETIC
CASE-00239,ATM-053,6.91,9.93,1,0.946,0.225,0,TEST,SYNTHETIC
CASE-00239,ATM-017,7.17,10.38,1,0.517,0.157,0,TEST,SYNTHETIC
CASE-00239,ATM-101,8.31,10.58,1,0.849,0.484,0,TEST,SYNTHETIC
CASE-00239,ATM-059,8.94,10.03,1,0.997,0.669,0,TEST,SYNTHETIC
CASE-00239,ATM-005,8.96,10.41,1,0.511,0.754,0,TEST,SYNTHETIC
CASE-00240,ATM-120,1.22,1.23,1,0.547,0.806,0,TRAIN,SYNTHETIC
CASE-00240,ATM-078,2.38,2.96,1,0.615,0.377,0,TRAIN,SYNTHETIC
CASE-00240,ATM-018,4.57,3.41,1,0.931,0.456,0,TRAIN,SYNTHETIC
CASE-00240,ATM-072,5.09,4.93,1,0.808,0.248,0,TRAIN,SYNTHETIC
CASE-00240,ATM-048,6.51,8.05,1,0.607,0.347,0,TRAIN,SYNTHETIC
CASE-00240,ATM-042,6.91,4.53,1,0.568,0.87,0,TRAIN,SYNTHETIC
CASE-00240,ATM-024,6.94,4.27,1,0.469,0.741,0,TRAIN,SYNTHETIC
CASE-00240,ATM-066,7.01,5.81,1,0.926,0.176,0,TRAIN,SYNTHETIC
CASE-00241,ATM-001,2.76,2.26,1,0.643,0.821,0,TRAIN,SYNTHETIC
CASE-00241,ATM-073,3.01,1.69,1,0.855,0.124,0,TRAIN,SYNTHETIC
CASE-00241,ATM-103,4.3,4.79,1,0.948,0.86,0,TRAIN,SYNTHETIC
CASE-00241,ATM-043,5.15,4.48,1,0.83,0.08,0,TRAIN,SYNTHETIC
CASE-00241,ATM-115,5.3,7.56,1,0.694,0.933,0,TRAIN,SYNTHETIC
CASE-00241,ATM-085,7.22,9.08,1,0.63,0.409,0,TRAIN,SYNTHETIC
CASE-00241,ATM-025,7.23,7.58,1,0.752,0.807,0,TRAIN,SYNTHETIC
CASE-00241,ATM-067,7.39,9.3,1,0.787,0.917,0,TRAIN,SYNTHETIC
CASE-00242,ATM-020,2.69,2.71,1,0.899,0.883,0,TRAIN,SYNTHETIC
CASE-00242,ATM-086,2.9,4.11,1,0.524,0.299,0,TRAIN,SYNTHETIC
CASE-00242,ATM-032,3.44,2.56,1,0.951,0.133,0,TRAIN,SYNTHETIC
CASE-00242,ATM-074,4.87,3.37,1,0.575,0.878,0,TRAIN,SYNTHETIC
CASE-00242,ATM-116,5.43,7.03,1,0.719,0.713,0,TRAIN,SYNTHETIC
CASE-00242,ATM-110,6.49,7.82,1,0.506,0.399,0,TRAIN,SYNTHETIC
CASE-00242,ATM-080,6.52,4.17,1,0.753,0.712,0,TRAIN,SYNTHETIC
CASE-00242,ATM-008,7.41,10.2,1,0.657,0.412,0,TRAIN,SYNTHETIC
CASE-00243,ATM-099,4.13,4.17,1,0.67,0.837,0,TRAIN,SYNTHETIC
CASE-00243,ATM-075,4.56,5.16,1,0.541,0.21,0,TRAIN,SYNTHETIC
CASE-00243,ATM-009,5.24,5.7,1,0.657,0.401,0,TRAIN,SYNTHETIC
CASE-00243,ATM-105,5.66,4.45,1,0.892,0.246,0,TRAIN,SYNTHETIC
CASE-00243,ATM-027,6.31,7.21,1,0.634,0.457,0,TRAIN,SYNTHETIC
CASE-00243,ATM-021,7.1,7.67,1,0.58,0.152,0,TRAIN,SYNTHETIC
CASE-00243,ATM-081,7.72,10.79,1,0.71,0.847,0,TRAIN,SYNTHETIC
CASE-00243,ATM-022,735.05,924.06,0,0.772,0.293,1,TRAIN,SYNTHETIC
CASE-00244,ATM-046,1.99,2.1,1,0.76,0.708,0,TRAIN,SYNTHETIC
CASE-00244,ATM-040,2.48,2.9,1,0.462,0.594,0,TRAIN,SYNTHETIC
CASE-00244,ATM-064,2.56,1.75,1,0.747,0.79,0,TRAIN,SYNTHETIC
CASE-00244,ATM-094,2.91,2.6,1,0.612,0.354,0,TRAIN,SYNTHETIC
CASE-00244,ATM-112,5.05,7.32,1,0.513,0.364,0,TRAIN,SYNTHETIC
CASE-00244,ATM-004,6.3,9.07,1,0.877,0.007,0,TRAIN,SYNTHETIC
CASE-00244,ATM-088,7.76,5.16,1,0.995,0.817,0,TRAIN,SYNTHETIC
CASE-00244,ATM-022,8.53,11.66,1,0.937,0.25,1,TRAIN,SYNTHETIC
CASE-00245,ATM-119,1.38,1.58,1,0.728,0.625,0,TRAIN,SYNTHETIC
CASE-00245,ATM-077,2.57,3.04,1,0.834,0.243,0,TRAIN,SYNTHETIC
CASE-00245,ATM-041,4.57,2.66,1,0.459,0.798,0,TRAIN,SYNTHETIC
CASE-00245,ATM-053,6.91,8.18,1,0.794,0.949,0,TRAIN,SYNTHETIC
CASE-00245,ATM-017,7.17,4.91,1,0.478,0.382,0,TRAIN,SYNTHETIC
CASE-00245,ATM-101,8.31,6.17,1,0.565,0.861,0,TRAIN,SYNTHETIC
CASE-00245,ATM-059,8.94,5.31,1,0.988,0.127,0,TRAIN,SYNTHETIC
CASE-00245,ATM-009,507.08,306.13,0,0.996,0.052,1,TRAIN,SYNTHETIC
CASE-00246,ATM-120,1.22,0.72,1,0.476,0.358,0,TRAIN,SYNTHETIC
CASE-00246,ATM-078,2.38,1.94,1,0.676,0.159,0,TRAIN,SYNTHETIC
CASE-00246,ATM-018,4.57,3.52,1,0.898,0.203,0,TRAIN,SYNTHETIC
CASE-00246,ATM-072,5.09,3.84,1,0.589,0.896,0,TRAIN,SYNTHETIC
CASE-00246,ATM-048,6.51,9.27,1,0.876,0.407,0,TRAIN,SYNTHETIC
CASE-00246,ATM-042,6.91,4.27,1,0.665,0.152,0,TRAIN,SYNTHETIC
CASE-00246,ATM-024,6.94,4.05,1,0.712,0.975,0,TRAIN,SYNTHETIC
CASE-00246,ATM-066,7.01,5.78,1,0.886,0.346,0,TRAIN,SYNTHETIC
CASE-00247,ATM-001,2.76,3.84,1,0.596,0.537,0,TRAIN,SYNTHETIC
CASE-00247,ATM-073,3.01,2,1,0.694,0.412,0,TRAIN,SYNTHETIC
CASE-00247,ATM-103,4.3,3.14,1,0.462,0.381,0,TRAIN,SYNTHETIC
CASE-00247,ATM-043,5.15,6.65,1,0.922,0.023,0,TRAIN,SYNTHETIC
CASE-00247,ATM-115,5.3,3.58,1,0.628,0.689,0,TRAIN,SYNTHETIC
CASE-00247,ATM-085,7.22,4.54,1,0.872,0.046,0,TRAIN,SYNTHETIC
CASE-00247,ATM-025,7.23,9.63,1,0.95,0.812,0,TRAIN,SYNTHETIC
CASE-00247,ATM-007,7.57,5.31,1,0.893,0.193,1,TRAIN,SYNTHETIC
CASE-00248,ATM-020,2.69,2.52,1,0.613,0.75,0,TRAIN,SYNTHETIC
CASE-00248,ATM-086,2.9,2.93,1,0.831,0.188,0,TRAIN,SYNTHETIC
CASE-00248,ATM-032,3.44,4.11,1,0.739,0.604,0,TRAIN,SYNTHETIC
CASE-00248,ATM-074,4.87,2.79,1,0.604,0.473,0,TRAIN,SYNTHETIC
CASE-00248,ATM-116,5.43,7.52,1,0.48,0.762,0,TRAIN,SYNTHETIC
CASE-00248,ATM-110,6.49,4.88,1,0.45,0.546,0,TRAIN,SYNTHETIC
CASE-00248,ATM-080,6.52,6.8,1,0.612,0.833,0,TRAIN,SYNTHETIC
CASE-00248,ATM-008,7.41,4.62,1,0.968,0.47,0,TRAIN,SYNTHETIC
CASE-00249,ATM-099,4.13,2.85,1,0.751,0.637,0,TRAIN,SYNTHETIC
CASE-00249,ATM-075,4.56,3.41,1,0.78,0.793,0,TRAIN,SYNTHETIC
CASE-00249,ATM-009,5.24,5.56,1,0.887,0.644,0,TRAIN,SYNTHETIC
CASE-00249,ATM-105,5.66,4.52,1,0.778,0.904,0,TRAIN,SYNTHETIC
CASE-00249,ATM-027,6.31,4.01,1,0.976,0.172,0,TRAIN,SYNTHETIC
CASE-00249,ATM-021,7.1,7.17,1,0.944,0.468,0,TRAIN,SYNTHETIC
CASE-00249,ATM-081,7.72,11.16,1,0.687,0.118,0,TRAIN,SYNTHETIC
CASE-00249,ATM-003,7.98,11.21,1,0.798,0.032,0,TRAIN,SYNTHETIC
CASE-00250,ATM-046,1.99,1.16,1,0.741,0.557,0,TRAIN,SYNTHETIC
CASE-00250,ATM-040,2.48,2.81,1,0.666,0.303,0,TRAIN,SYNTHETIC
CASE-00250,ATM-064,2.56,1.44,1,0.845,0.114,0,TRAIN,SYNTHETIC
CASE-00250,ATM-094,2.91,2.7,1,0.668,0.347,0,TRAIN,SYNTHETIC
CASE-00250,ATM-112,5.05,4.65,1,0.848,0.967,0,TRAIN,SYNTHETIC
CASE-00250,ATM-004,6.3,7.75,1,0.554,0.611,0,TRAIN,SYNTHETIC
CASE-00250,ATM-088,7.76,9.65,1,0.833,0.59,0,TRAIN,SYNTHETIC
CASE-00250,ATM-058,8.21,10.78,1,0.527,0.699,0,TRAIN,SYNTHETIC
CASE-00251,ATM-119,1.38,0.87,1,0.713,0.086,0,TRAIN,SYNTHETIC
CASE-00251,ATM-077,2.57,2.18,1,0.482,0.581,0,TRAIN,SYNTHETIC
CASE-00251,ATM-041,4.57,3.89,1,0.489,0.54,0,TRAIN,SYNTHETIC
CASE-00251,ATM-053,6.91,5.42,1,0.887,0.653,0,TRAIN,SYNTHETIC
CASE-00251,ATM-017,7.17,9.76,1,0.947,0.328,0,TRAIN,SYNTHETIC
CASE-00251,ATM-101,8.31,5.58,1,0.596,0.693,0,TRAIN,SYNTHETIC
CASE-00251,ATM-059,8.94,9.54,1,0.864,0.884,0,TRAIN,SYNTHETIC
CASE-00251,ATM-005,8.96,7.12,1,0.85,0.259,0,TRAIN,SYNTHETIC
CASE-00252,ATM-120,1.22,1.62,1,0.657,0.659,0,TRAIN,SYNTHETIC
CASE-00252,ATM-078,2.38,1.77,1,0.605,0.045,0,TRAIN,SYNTHETIC
CASE-00252,ATM-018,4.57,5.23,1,0.932,0.713,0,TRAIN,SYNTHETIC
CASE-00252,ATM-072,5.09,6.4,1,0.793,0.325,0,TRAIN,SYNTHETIC
CASE-00252,ATM-048,6.51,7.93,1,0.798,0.101,0,TRAIN,SYNTHETIC
CASE-00252,ATM-042,6.91,3.97,1,0.889,0.832,0,TRAIN,SYNTHETIC
CASE-00252,ATM-024,6.94,8.07,1,0.638,0.143,0,TRAIN,SYNTHETIC
CASE-00252,ATM-066,7.01,6.68,1,0.602,0.014,0,TRAIN,SYNTHETIC
CASE-00253,ATM-001,2.76,3.96,1,0.651,0.061,0,TRAIN,SYNTHETIC
CASE-00253,ATM-073,3.01,2.3,1,0.699,0.537,0,TRAIN,SYNTHETIC
CASE-00253,ATM-103,4.3,3.19,1,0.82,0.82,0,TRAIN,SYNTHETIC
CASE-00253,ATM-043,5.15,7.16,1,0.612,0.416,0,TRAIN,SYNTHETIC
CASE-00253,ATM-115,5.3,6.89,1,0.976,0.448,0,TRAIN,SYNTHETIC
CASE-00253,ATM-085,7.22,4.39,1,0.627,0.441,0,TRAIN,SYNTHETIC
CASE-00253,ATM-025,7.23,3.99,1,0.863,0.247,0,TRAIN,SYNTHETIC
CASE-00253,ATM-092,287.89,228.74,0,0.541,0.097,1,TRAIN,SYNTHETIC
CASE-00254,ATM-020,2.69,3.32,1,0.998,0.416,0,VALIDATION,SYNTHETIC
CASE-00254,ATM-086,2.9,2.28,1,0.696,0.311,0,VALIDATION,SYNTHETIC
CASE-00254,ATM-032,3.44,2.85,1,0.57,0.51,0,VALIDATION,SYNTHETIC
CASE-00254,ATM-074,4.87,5.36,1,0.676,0.997,0,VALIDATION,SYNTHETIC
CASE-00254,ATM-116,5.43,4.69,1,0.978,0.05,0,VALIDATION,SYNTHETIC
CASE-00254,ATM-110,6.49,3.63,1,0.5,0.128,0,VALIDATION,SYNTHETIC
CASE-00254,ATM-080,6.52,7.84,1,0.591,0.026,0,VALIDATION,SYNTHETIC
CASE-00254,ATM-043,288.83,255,0,0.805,0.544,1,VALIDATION,SYNTHETIC
CASE-00255,ATM-099,4.13,5.31,1,0.912,0.591,0,VALIDATION,SYNTHETIC
CASE-00255,ATM-075,4.56,4.13,1,0.827,0.757,0,VALIDATION,SYNTHETIC
CASE-00255,ATM-009,5.24,4.04,1,0.504,0.56,0,VALIDATION,SYNTHETIC
CASE-00255,ATM-105,5.66,6.99,1,0.924,0.598,0,VALIDATION,SYNTHETIC
CASE-00255,ATM-027,6.31,4.77,1,0.582,0.187,0,VALIDATION,SYNTHETIC
CASE-00255,ATM-021,7.1,4.06,1,0.962,0.589,0,VALIDATION,SYNTHETIC
CASE-00255,ATM-081,7.72,6.44,1,0.689,0.921,0,VALIDATION,SYNTHETIC
CASE-00255,ATM-003,7.98,11.47,1,0.697,0.461,0,VALIDATION,SYNTHETIC
CASE-00256,ATM-046,1.99,1.84,1,0.761,0.124,0,VALIDATION,SYNTHETIC
CASE-00256,ATM-040,2.48,3.33,1,0.543,0.613,0,VALIDATION,SYNTHETIC
CASE-00256,ATM-064,2.56,3.5,1,0.697,0.919,0,VALIDATION,SYNTHETIC
CASE-00256,ATM-094,2.91,2.52,1,0.763,0.81,0,VALIDATION,SYNTHETIC
CASE-00256,ATM-112,5.05,7.18,1,0.785,0.458,0,VALIDATION,SYNTHETIC
CASE-00256,ATM-004,6.3,6.94,1,0.845,0.72,0,VALIDATION,SYNTHETIC
CASE-00256,ATM-088,7.76,7.51,1,0.462,0.321,0,VALIDATION,SYNTHETIC
CASE-00256,ATM-058,8.21,11.67,1,0.784,0.813,0,VALIDATION,SYNTHETIC
CASE-00257,ATM-119,1.38,1.54,1,0.772,0.997,0,TEST,SYNTHETIC
CASE-00257,ATM-077,2.57,1.62,1,0.777,0.219,0,TEST,SYNTHETIC
CASE-00257,ATM-041,4.57,3.28,1,0.686,0.898,0,TEST,SYNTHETIC
CASE-00257,ATM-053,6.91,8.84,1,0.931,0.292,0,TEST,SYNTHETIC
CASE-00257,ATM-017,7.17,8.54,1,0.523,0.374,0,TEST,SYNTHETIC
CASE-00257,ATM-101,8.31,5.76,1,0.56,0.127,0,TEST,SYNTHETIC
CASE-00257,ATM-059,8.94,9.48,1,0.636,0.255,0,TEST,SYNTHETIC
CASE-00257,ATM-005,8.96,9.75,1,0.689,0.203,0,TEST,SYNTHETIC
CASE-00258,ATM-120,1.22,1.1,1,0.716,0.688,0,TEST,SYNTHETIC
CASE-00258,ATM-078,2.38,1.37,1,0.88,0.203,0,TEST,SYNTHETIC
CASE-00258,ATM-018,4.57,4.42,1,0.64,0.751,0,TEST,SYNTHETIC
CASE-00258,ATM-072,5.09,7.01,1,0.751,0.481,0,TEST,SYNTHETIC
CASE-00258,ATM-048,6.51,6.5,1,0.841,0.539,0,TEST,SYNTHETIC
CASE-00258,ATM-042,6.91,9.64,1,0.841,0.69,0,TEST,SYNTHETIC
CASE-00258,ATM-024,6.94,5.41,1,0.893,0.336,0,TEST,SYNTHETIC
CASE-00258,ATM-066,7.01,5.48,1,0.649,0.774,0,TEST,SYNTHETIC
CASE-00259,ATM-001,2.76,3.04,1,0.736,0.855,0,TEST,SYNTHETIC
CASE-00259,ATM-073,3.01,2.83,1,0.53,0.438,0,TEST,SYNTHETIC
CASE-00259,ATM-103,4.3,5.17,1,0.86,0.552,0,TEST,SYNTHETIC
CASE-00259,ATM-043,5.15,3.26,1,0.897,0.867,0,TEST,SYNTHETIC
CASE-00259,ATM-115,5.3,6.62,1,0.466,0.449,0,TEST,SYNTHETIC
CASE-00259,ATM-085,7.22,6.33,1,0.684,0.091,0,TEST,SYNTHETIC
CASE-00259,ATM-025,7.23,4.72,1,0.958,0.27,0,TEST,SYNTHETIC
CASE-00259,ATM-067,7.39,8.71,1,0.941,0.728,0,TEST,SYNTHETIC
CASE-00260,ATM-020,2.69,2.2,1,0.892,0.357,0,TRAIN,SYNTHETIC
CASE-00260,ATM-086,2.9,3.7,1,0.791,0.822,0,TRAIN,SYNTHETIC
CASE-00260,ATM-032,3.44,2.97,1,0.949,0.122,0,TRAIN,SYNTHETIC
CASE-00260,ATM-074,4.87,3.25,1,0.459,0.516,0,TRAIN,SYNTHETIC
CASE-00260,ATM-116,5.43,3.05,1,0.503,0.99,0,TRAIN,SYNTHETIC
CASE-00260,ATM-110,6.49,6.62,1,0.642,0.428,0,TRAIN,SYNTHETIC
CASE-00260,ATM-080,6.52,5.2,1,0.556,0.312,0,TRAIN,SYNTHETIC
CASE-00260,ATM-076,220.34,127.71,0,0.485,0.081,1,TRAIN,SYNTHETIC
CASE-00261,ATM-099,4.13,3.44,1,0.827,0.483,0,TRAIN,SYNTHETIC
CASE-00261,ATM-075,4.56,2.8,1,0.845,0.406,0,TRAIN,SYNTHETIC
CASE-00261,ATM-009,5.24,5.72,1,0.875,0.229,0,TRAIN,SYNTHETIC
CASE-00261,ATM-105,5.66,3.91,1,0.772,0.938,0,TRAIN,SYNTHETIC
CASE-00261,ATM-027,6.31,8.8,1,0.534,0.043,0,TRAIN,SYNTHETIC
CASE-00261,ATM-021,7.1,9.8,1,0.499,0.354,0,TRAIN,SYNTHETIC
CASE-00261,ATM-081,7.72,6.37,1,0.527,0.666,0,TRAIN,SYNTHETIC
CASE-00261,ATM-047,513.61,415.48,0,0.866,0.016,1,TRAIN,SYNTHETIC
CASE-00262,ATM-046,1.99,1.56,1,0.746,0.8,0,TRAIN,SYNTHETIC
CASE-00262,ATM-040,2.48,1.86,1,0.519,0.71,0,TRAIN,SYNTHETIC
CASE-00262,ATM-064,2.56,3.12,1,0.8,0.821,0,TRAIN,SYNTHETIC
CASE-00262,ATM-094,2.91,3.39,1,0.8,0.051,0,TRAIN,SYNTHETIC
CASE-00262,ATM-112,5.05,5.27,1,0.76,0.051,0,TRAIN,SYNTHETIC
CASE-00262,ATM-004,6.3,5.69,1,0.788,0.823,0,TRAIN,SYNTHETIC
CASE-00262,ATM-088,7.76,4.74,1,0.703,0.007,0,TRAIN,SYNTHETIC
CASE-00262,ATM-058,8.21,9.64,1,0.659,0.898,0,TRAIN,SYNTHETIC
CASE-00263,ATM-119,1.38,0.97,1,0.515,0.671,0,TRAIN,SYNTHETIC
CASE-00263,ATM-077,2.57,3.66,1,0.778,0.31,0,TRAIN,SYNTHETIC
CASE-00263,ATM-041,4.57,2.85,1,0.574,0.046,0,TRAIN,SYNTHETIC
CASE-00263,ATM-053,6.91,7.02,1,0.674,0.281,0,TRAIN,SYNTHETIC
CASE-00263,ATM-017,7.17,8.98,1,0.815,0.162,0,TRAIN,SYNTHETIC
CASE-00263,ATM-101,8.31,7.41,1,0.962,0.793,0,TRAIN,SYNTHETIC
CASE-00263,ATM-059,8.94,5.95,1,0.872,0.498,0,TRAIN,SYNTHETIC
CASE-00263,ATM-042,760.57,593.84,0,0.501,0.825,1,TRAIN,SYNTHETIC
CASE-00264,ATM-120,1.22,1.48,1,0.496,0.257,0,TRAIN,SYNTHETIC
CASE-00264,ATM-078,2.38,1.4,1,0.895,0.097,0,TRAIN,SYNTHETIC
CASE-00264,ATM-018,4.57,2.78,1,0.64,0.678,0,TRAIN,SYNTHETIC
CASE-00264,ATM-072,5.09,4.28,1,0.537,0.208,0,TRAIN,SYNTHETIC
CASE-00264,ATM-048,6.51,5.96,1,0.887,0.807,0,TRAIN,SYNTHETIC
CASE-00264,ATM-042,6.91,8.39,1,0.923,0.286,0,TRAIN,SYNTHETIC
CASE-00264,ATM-024,6.94,9.1,1,0.493,0.496,0,TRAIN,SYNTHETIC
CASE-00264,ATM-053,751.11,475.58,0,0.976,0.056,1,TRAIN,SYNTHETIC
CASE-00265,ATM-001,2.76,2.67,1,0.554,0.244,0,TRAIN,SYNTHETIC
CASE-00265,ATM-073,3.01,2.99,1,0.614,0.138,0,TRAIN,SYNTHETIC
CASE-00265,ATM-103,4.3,4.25,1,0.927,0.858,0,TRAIN,SYNTHETIC
CASE-00265,ATM-043,5.15,6.44,1,0.899,0.937,0,TRAIN,SYNTHETIC
CASE-00265,ATM-115,5.3,5.01,1,0.662,0.698,0,TRAIN,SYNTHETIC
CASE-00265,ATM-085,7.22,5.01,1,0.831,0.231,0,TRAIN,SYNTHETIC
CASE-00265,ATM-025,7.23,7.46,1,0.709,0.785,0,TRAIN,SYNTHETIC
CASE-00265,ATM-071,914.91,889.53,0,0.61,0.72,1,TRAIN,SYNTHETIC
CASE-00266,ATM-020,2.69,3.28,1,0.586,0.373,0,TRAIN,SYNTHETIC
CASE-00266,ATM-086,2.9,3.14,1,0.552,0.984,0,TRAIN,SYNTHETIC
CASE-00266,ATM-032,3.44,2.02,1,0.466,0.027,0,TRAIN,SYNTHETIC
CASE-00266,ATM-074,4.87,4.06,1,0.563,0.036,0,TRAIN,SYNTHETIC
CASE-00266,ATM-116,5.43,5.99,1,0.853,0.404,0,TRAIN,SYNTHETIC
CASE-00266,ATM-110,6.49,7.36,1,0.843,0.138,0,TRAIN,SYNTHETIC
CASE-00266,ATM-080,6.52,8.99,1,0.543,0.34,0,TRAIN,SYNTHETIC
CASE-00266,ATM-026,11.08,15.39,1,0.934,0.305,1,TRAIN,SYNTHETIC
CASE-00267,ATM-099,4.13,5.18,1,0.686,0.391,0,TRAIN,SYNTHETIC
CASE-00267,ATM-075,4.56,3.26,1,0.595,0.51,0,TRAIN,SYNTHETIC
CASE-00267,ATM-009,5.24,3.22,1,0.613,0.415,0,TRAIN,SYNTHETIC
CASE-00267,ATM-105,5.66,6.8,1,0.456,0.554,0,TRAIN,SYNTHETIC
CASE-00267,ATM-027,6.31,5.7,1,0.509,0.472,0,TRAIN,SYNTHETIC
CASE-00267,ATM-021,7.1,7.76,1,0.887,0.849,0,TRAIN,SYNTHETIC
CASE-00267,ATM-081,7.72,8.92,1,0.991,0.9,0,TRAIN,SYNTHETIC
CASE-00267,ATM-057,9.57,9.19,1,0.769,0.931,1,TRAIN,SYNTHETIC
CASE-00268,ATM-046,1.99,2.61,1,0.71,0.826,0,TRAIN,SYNTHETIC
CASE-00268,ATM-040,2.48,2.7,1,0.891,0.574,0,TRAIN,SYNTHETIC
CASE-00268,ATM-064,2.56,3.68,1,0.834,0.037,0,TRAIN,SYNTHETIC
CASE-00268,ATM-094,2.91,2.68,1,0.628,0.733,0,TRAIN,SYNTHETIC
CASE-00268,ATM-112,5.05,3.6,1,0.837,0.693,0,TRAIN,SYNTHETIC
CASE-00268,ATM-004,6.3,7.94,1,0.652,0.844,0,TRAIN,SYNTHETIC
CASE-00268,ATM-088,7.76,5.08,1,0.716,0.024,0,TRAIN,SYNTHETIC
CASE-00268,ATM-077,897.26,1026.62,0,0.721,0.406,1,TRAIN,SYNTHETIC
CASE-00269,ATM-119,1.38,1.74,1,0.902,0.809,0,TRAIN,SYNTHETIC
CASE-00269,ATM-077,2.57,3.61,1,0.88,0.857,0,TRAIN,SYNTHETIC
CASE-00269,ATM-041,4.57,5.25,1,0.466,0.05,0,TRAIN,SYNTHETIC
CASE-00269,ATM-053,6.91,8.2,1,0.807,0.086,0,TRAIN,SYNTHETIC
CASE-00269,ATM-017,7.17,4.97,1,0.463,0.879,0,TRAIN,SYNTHETIC
CASE-00269,ATM-101,8.31,9.87,1,0.622,0.236,0,TRAIN,SYNTHETIC
CASE-00269,ATM-059,8.94,12.09,1,0.775,0.151,0,TRAIN,SYNTHETIC
CASE-00269,ATM-072,749.01,422.07,0,0.612,0.356,1,TRAIN,SYNTHETIC
CASE-00270,ATM-120,1.22,1.72,1,0.605,0.01,0,TRAIN,SYNTHETIC
CASE-00270,ATM-078,2.38,1.67,1,0.489,0.34,0,TRAIN,SYNTHETIC
CASE-00270,ATM-018,4.57,4.48,1,0.957,0.44,0,TRAIN,SYNTHETIC
CASE-00270,ATM-072,5.09,5.57,1,0.834,0.924,0,TRAIN,SYNTHETIC
CASE-00270,ATM-048,6.51,5.8,1,0.539,0.257,0,TRAIN,SYNTHETIC
CASE-00270,ATM-042,6.91,8.38,1,0.483,0.677,0,TRAIN,SYNTHETIC
CASE-00270,ATM-024,6.94,8.86,1,0.739,0.534,0,TRAIN,SYNTHETIC
CASE-00270,ATM-066,7.01,5.5,1,0.476,0.202,0,TRAIN,SYNTHETIC
CASE-00271,ATM-001,2.76,3.34,1,0.696,0.953,0,TRAIN,SYNTHETIC
CASE-00271,ATM-073,3.01,3.92,1,0.705,0.37,0,TRAIN,SYNTHETIC
CASE-00271,ATM-103,4.3,3.83,1,0.558,0.17,0,TRAIN,SYNTHETIC
CASE-00271,ATM-043,5.15,7,1,0.558,0.581,0,TRAIN,SYNTHETIC
CASE-00271,ATM-115,5.3,5.8,1,0.791,0.623,0,TRAIN,SYNTHETIC
CASE-00271,ATM-085,7.22,7.2,1,0.913,0.09,0,TRAIN,SYNTHETIC
CASE-00271,ATM-025,7.23,5.48,1,0.813,0.506,0,TRAIN,SYNTHETIC
CASE-00271,ATM-067,7.39,5.22,1,0.957,0.597,0,TRAIN,SYNTHETIC
CASE-00272,ATM-020,2.69,3.8,1,0.593,0.647,0,TRAIN,SYNTHETIC
CASE-00272,ATM-086,2.9,3,1,0.844,0.452,0,TRAIN,SYNTHETIC
CASE-00272,ATM-032,3.44,3.64,1,0.855,0.333,0,TRAIN,SYNTHETIC
CASE-00272,ATM-074,4.87,6.3,1,0.908,0.213,0,TRAIN,SYNTHETIC
CASE-00272,ATM-116,5.43,5.55,1,0.873,0.814,0,TRAIN,SYNTHETIC
CASE-00272,ATM-110,6.49,7.69,1,0.992,0.331,0,TRAIN,SYNTHETIC
CASE-00272,ATM-080,6.52,5.18,1,0.962,0.825,0,TRAIN,SYNTHETIC
CASE-00272,ATM-118,234.15,134.87,0,0.762,0.132,1,TRAIN,SYNTHETIC
CASE-00273,ATM-099,4.13,2.47,1,0.684,0.722,0,TRAIN,SYNTHETIC
CASE-00273,ATM-075,4.56,4.04,1,0.579,0.712,0,TRAIN,SYNTHETIC
CASE-00273,ATM-009,5.24,5.04,1,0.999,0.068,0,TRAIN,SYNTHETIC
CASE-00273,ATM-105,5.66,4.03,1,0.568,0.963,0,TRAIN,SYNTHETIC
CASE-00273,ATM-027,6.31,4.78,1,0.688,0.505,0,TRAIN,SYNTHETIC
CASE-00273,ATM-021,7.1,6.14,1,0.9,0.798,0,TRAIN,SYNTHETIC
CASE-00273,ATM-081,7.72,5.41,1,0.578,0.975,0,TRAIN,SYNTHETIC
CASE-00273,ATM-112,726.77,1051.44,0,0.824,0.098,1,TRAIN,SYNTHETIC
CASE-00274,ATM-046,1.99,1.42,1,0.499,0.979,0,VALIDATION,SYNTHETIC
CASE-00274,ATM-040,2.48,3.56,1,0.624,0.723,0,VALIDATION,SYNTHETIC
CASE-00274,ATM-064,2.56,2.11,1,0.452,0.65,0,VALIDATION,SYNTHETIC
CASE-00274,ATM-094,2.91,3.13,1,0.474,0.672,0,VALIDATION,SYNTHETIC
CASE-00274,ATM-112,5.05,7.29,1,0.472,0.104,0,VALIDATION,SYNTHETIC
CASE-00274,ATM-004,6.3,5.28,1,0.656,0.763,0,VALIDATION,SYNTHETIC
CASE-00274,ATM-088,7.76,6.57,1,0.942,0.929,0,VALIDATION,SYNTHETIC
CASE-00274,ATM-058,8.21,9.07,1,0.841,0.904,0,VALIDATION,SYNTHETIC
CASE-00275,ATM-119,1.38,1.24,1,0.61,0.875,0,VALIDATION,SYNTHETIC
CASE-00275,ATM-077,2.57,2.48,1,0.513,0.33,0,VALIDATION,SYNTHETIC
CASE-00275,ATM-041,4.57,5.85,1,0.856,0.5,0,VALIDATION,SYNTHETIC
CASE-00275,ATM-053,6.91,4.9,1,0.834,0.491,0,VALIDATION,SYNTHETIC
CASE-00275,ATM-017,7.17,9.61,1,0.906,0.842,0,VALIDATION,SYNTHETIC
CASE-00275,ATM-101,8.31,12.01,1,0.487,0.941,0,VALIDATION,SYNTHETIC
CASE-00275,ATM-059,8.94,12.83,1,0.732,0.564,0,VALIDATION,SYNTHETIC
CASE-00275,ATM-098,739.98,779.86,0,0.621,0.308,1,VALIDATION,SYNTHETIC
CASE-00276,ATM-120,1.22,1.72,1,0.981,0.201,0,VALIDATION,SYNTHETIC
CASE-00276,ATM-078,2.38,1.51,1,0.841,0.165,0,VALIDATION,SYNTHETIC
CASE-00276,ATM-018,4.57,5.81,1,0.952,0.248,0,VALIDATION,SYNTHETIC
CASE-00276,ATM-072,5.09,4.59,1,0.754,0.888,0,VALIDATION,SYNTHETIC
CASE-00276,ATM-048,6.51,9.34,1,0.575,0.95,0,VALIDATION,SYNTHETIC
CASE-00276,ATM-042,6.91,8.73,1,0.964,0.922,0,VALIDATION,SYNTHETIC
CASE-00276,ATM-024,6.94,8.24,1,0.693,0.9,0,VALIDATION,SYNTHETIC
CASE-00276,ATM-012,11.22,8.08,1,0.509,0.572,1,VALIDATION,SYNTHETIC
CASE-00277,ATM-001,2.76,3.25,1,0.474,0.372,0,TEST,SYNTHETIC
CASE-00277,ATM-073,3.01,1.91,1,0.633,0.427,0,TEST,SYNTHETIC
CASE-00277,ATM-103,4.3,5.15,1,0.474,0.512,0,TEST,SYNTHETIC
CASE-00277,ATM-043,5.15,6.91,1,0.977,0.565,0,TEST,SYNTHETIC
CASE-00277,ATM-115,5.3,7.67,1,0.987,0.741,0,TEST,SYNTHETIC
CASE-00277,ATM-085,7.22,7,1,0.831,0.169,0,TEST,SYNTHETIC
CASE-00277,ATM-025,7.23,4.64,1,0.779,0.764,0,TEST,SYNTHETIC
CASE-00277,ATM-067,7.39,7.19,1,0.565,0.879,0,TEST,SYNTHETIC
CASE-00278,ATM-020,2.69,2.32,1,0.871,0.624,0,TEST,SYNTHETIC
CASE-00278,ATM-086,2.9,1.76,1,0.963,0.113,0,TEST,SYNTHETIC
CASE-00278,ATM-032,3.44,2.72,1,0.612,0.074,0,TEST,SYNTHETIC
CASE-00278,ATM-074,4.87,6.64,1,0.545,0.397,0,TEST,SYNTHETIC
CASE-00278,ATM-116,5.43,5.23,1,0.467,0.829,0,TEST,SYNTHETIC
CASE-00278,ATM-110,6.49,8.04,1,0.933,0.574,0,TEST,SYNTHETIC
CASE-00278,ATM-080,6.52,5.56,1,0.807,0.153,0,TEST,SYNTHETIC
CASE-00278,ATM-027,505.22,624.21,0,0.511,0.542,1,TEST,SYNTHETIC
CASE-00279,ATM-099,4.13,3.34,1,0.778,0.994,0,TEST,SYNTHETIC
CASE-00279,ATM-075,4.56,5.81,1,0.549,0.398,0,TEST,SYNTHETIC
CASE-00279,ATM-009,5.24,5.09,1,0.594,0.74,0,TEST,SYNTHETIC
CASE-00279,ATM-105,5.66,6.74,1,0.966,0.936,0,TEST,SYNTHETIC
CASE-00279,ATM-027,6.31,3.74,1,0.753,0.065,0,TEST,SYNTHETIC
CASE-00279,ATM-021,7.1,10.27,1,0.941,0.06,0,TEST,SYNTHETIC
CASE-00279,ATM-081,7.72,6.65,1,0.476,0.377,0,TEST,SYNTHETIC
CASE-00279,ATM-003,7.98,7.67,1,0.65,0.328,0,TEST,SYNTHETIC
CASE-00280,ATM-046,1.99,2.34,1,0.766,0.529,0,TRAIN,SYNTHETIC
CASE-00280,ATM-040,2.48,1.98,1,0.886,0.626,0,TRAIN,SYNTHETIC
CASE-00280,ATM-064,2.56,3.53,1,0.919,0.859,0,TRAIN,SYNTHETIC
CASE-00280,ATM-094,2.91,2.31,1,0.769,0.672,0,TRAIN,SYNTHETIC
CASE-00280,ATM-112,5.05,5.43,1,0.588,0.594,0,TRAIN,SYNTHETIC
CASE-00280,ATM-004,6.3,3.71,1,0.57,0.233,0,TRAIN,SYNTHETIC
CASE-00280,ATM-088,7.76,9.92,1,0.503,0.076,0,TRAIN,SYNTHETIC
CASE-00280,ATM-082,9.35,6,1,0.961,0.99,1,TRAIN,SYNTHETIC
CASE-00281,ATM-119,1.38,1.15,1,0.708,0.399,0,TRAIN,SYNTHETIC
CASE-00281,ATM-077,2.57,3.49,1,0.51,0.464,0,TRAIN,SYNTHETIC
CASE-00281,ATM-041,4.57,6.14,1,0.956,0.244,0,TRAIN,SYNTHETIC
CASE-00281,ATM-053,6.91,8.27,1,0.883,0.424,0,TRAIN,SYNTHETIC
CASE-00281,ATM-017,7.17,4.03,1,0.757,0.825,0,TRAIN,SYNTHETIC
CASE-00281,ATM-101,8.31,11.98,1,0.631,0.778,0,TRAIN,SYNTHETIC
CASE-00281,ATM-059,8.94,9.57,1,0.486,0.446,0,TRAIN,SYNTHETIC
CASE-00281,ATM-021,510.69,555.38,0,0.835,0.861,1,TRAIN,SYNTHETIC
CASE-00282,ATM-120,1.22,1.07,1,1,0.212,0,TRAIN,SYNTHETIC
CASE-00282,ATM-078,2.38,1.78,1,0.46,0.299,0,TRAIN,SYNTHETIC
CASE-00282,ATM-018,4.57,4.55,1,0.649,0.941,0,TRAIN,SYNTHETIC
CASE-00282,ATM-072,5.09,6.64,1,0.743,0.261,0,TRAIN,SYNTHETIC
CASE-00282,ATM-048,6.51,7.84,1,0.664,0.641,0,TRAIN,SYNTHETIC
CASE-00282,ATM-042,6.91,6.68,1,0.84,0.184,0,TRAIN,SYNTHETIC
CASE-00282,ATM-024,6.94,4.09,1,0.514,0.456,0,TRAIN,SYNTHETIC
CASE-00282,ATM-066,7.01,9.14,1,0.825,0.717,0,TRAIN,SYNTHETIC
CASE-00283,ATM-001,2.76,1.93,1,0.89,0.918,0,TRAIN,SYNTHETIC
CASE-00283,ATM-073,3.01,4.01,1,0.74,0.786,0,TRAIN,SYNTHETIC
CASE-00283,ATM-103,4.3,4.84,1,0.778,0.335,0,TRAIN,SYNTHETIC
CASE-00283,ATM-043,5.15,4.44,1,0.527,0.319,0,TRAIN,SYNTHETIC
CASE-00283,ATM-115,5.3,5.6,1,0.784,0.95,0,TRAIN,SYNTHETIC
CASE-00283,ATM-085,7.22,9.19,1,0.888,0.946,0,TRAIN,SYNTHETIC
CASE-00283,ATM-025,7.23,9.67,1,0.455,0.704,0,TRAIN,SYNTHETIC
CASE-00283,ATM-062,281.08,316.38,0,0.476,0.783,1,TRAIN,SYNTHETIC
CASE-00284,ATM-020,2.69,2.68,1,0.674,0.068,0,TRAIN,SYNTHETIC
CASE-00284,ATM-086,2.9,2.76,1,0.954,0.111,0,TRAIN,SYNTHETIC
CASE-00284,ATM-032,3.44,3.7,1,0.59,0.884,0,TRAIN,SYNTHETIC
CASE-00284,ATM-074,4.87,3.61,1,0.929,0.76,0,TRAIN,SYNTHETIC
CASE-00284,ATM-116,5.43,6.14,1,0.832,0.042,0,TRAIN,SYNTHETIC
CASE-00284,ATM-110,6.49,5.05,1,0.722,0.989,0,TRAIN,SYNTHETIC
CASE-00284,ATM-080,6.52,8.85,1,0.927,0.243,0,TRAIN,SYNTHETIC
CASE-00284,ATM-030,515.03,357.05,0,0.783,0.436,1,TRAIN,SYNTHETIC
CASE-00285,ATM-099,4.13,2.51,1,0.846,0.516,0,TRAIN,SYNTHETIC
CASE-00285,ATM-075,4.56,2.82,1,0.922,0.369,0,TRAIN,SYNTHETIC
CASE-00285,ATM-009,5.24,5.3,1,0.774,0.296,0,TRAIN,SYNTHETIC
CASE-00285,ATM-105,5.66,4.29,1,0.568,0.629,0,TRAIN,SYNTHETIC
CASE-00285,ATM-027,6.31,9.09,1,0.498,0.015,0,TRAIN,SYNTHETIC
CASE-00285,ATM-021,7.1,7.62,1,0.648,0.134,0,TRAIN,SYNTHETIC
CASE-00285,ATM-081,7.72,10.29,1,0.656,0.525,0,TRAIN,SYNTHETIC
CASE-00285,ATM-003,7.98,5.93,1,0.927,0.999,0,TRAIN,SYNTHETIC
CASE-00286,ATM-046,1.99,2.47,1,0.683,0.887,0,TRAIN,SYNTHETIC
CASE-00286,ATM-040,2.48,1.74,1,0.936,0.644,0,TRAIN,SYNTHETIC
CASE-00286,ATM-064,2.56,2.64,1,0.6,0.001,0,TRAIN,SYNTHETIC
CASE-00286,ATM-094,2.91,1.75,1,0.811,0.726,0,TRAIN,SYNTHETIC
CASE-00286,ATM-112,5.05,5.62,1,0.635,0.477,0,TRAIN,SYNTHETIC
CASE-00286,ATM-004,6.3,7,1,0.517,0.474,0,TRAIN,SYNTHETIC
CASE-00286,ATM-088,7.76,7.61,1,0.51,0.762,0,TRAIN,SYNTHETIC
CASE-00286,ATM-058,8.21,8.18,1,0.658,0.959,0,TRAIN,SYNTHETIC
CASE-00287,ATM-119,1.38,0.92,1,0.87,0.213,0,TRAIN,SYNTHETIC
CASE-00287,ATM-077,2.57,1.64,1,0.964,0.59,0,TRAIN,SYNTHETIC
CASE-00287,ATM-041,4.57,4.24,1,0.532,0.564,0,TRAIN,SYNTHETIC
CASE-00287,ATM-053,6.91,5.41,1,0.947,0.623,0,TRAIN,SYNTHETIC
CASE-00287,ATM-017,7.17,7.78,1,0.899,0.982,0,TRAIN,SYNTHETIC
CASE-00287,ATM-101,8.31,9.11,1,0.861,0.518,0,TRAIN,SYNTHETIC
CASE-00287,ATM-059,8.94,12.11,1,0.667,0.856,0,TRAIN,SYNTHETIC
CASE-00287,ATM-020,735.3,937.27,0,0.641,0.106,1,TRAIN,SYNTHETIC
CASE-00288,ATM-120,1.22,1.17,1,0.693,0.86,0,TRAIN,SYNTHETIC
CASE-00288,ATM-078,2.38,1.34,1,0.781,0.226,0,TRAIN,SYNTHETIC
CASE-00288,ATM-018,4.57,4.56,1,0.895,0.798,0,TRAIN,SYNTHETIC
CASE-00288,ATM-072,5.09,4.75,1,0.729,0.819,0,TRAIN,SYNTHETIC
CASE-00288,ATM-048,6.51,4.75,1,0.508,0.409,0,TRAIN,SYNTHETIC
CASE-00288,ATM-042,6.91,5.47,1,0.881,0.252,0,TRAIN,SYNTHETIC
CASE-00288,ATM-024,6.94,4.85,1,0.605,0.778,0,TRAIN,SYNTHETIC
CASE-00288,ATM-097,378.19,239.03,0,0.637,0.128,1,TRAIN,SYNTHETIC
CASE-00289,ATM-001,2.76,3.29,1,0.907,0.612,0,TRAIN,SYNTHETIC
CASE-00289,ATM-073,3.01,3.74,1,0.971,0.515,0,TRAIN,SYNTHETIC
CASE-00289,ATM-103,4.3,3.27,1,0.897,0.636,0,TRAIN,SYNTHETIC
CASE-00289,ATM-043,5.15,5.35,1,0.631,0.319,0,TRAIN,SYNTHETIC
CASE-00289,ATM-115,5.3,7.61,1,0.935,0.619,0,TRAIN,SYNTHETIC
CASE-00289,ATM-085,7.22,5.91,1,0.522,0.965,0,TRAIN,SYNTHETIC
CASE-00289,ATM-025,7.23,8.03,1,0.674,0.438,0,TRAIN,SYNTHETIC
CASE-00289,ATM-067,7.39,10.52,1,0.582,0.666,0,TRAIN,SYNTHETIC
CASE-00290,ATM-020,2.69,3,1,0.764,0.399,0,TRAIN,SYNTHETIC
CASE-00290,ATM-086,2.9,2.6,1,0.954,0.451,0,TRAIN,SYNTHETIC
CASE-00290,ATM-032,3.44,2.65,1,0.862,0.086,0,TRAIN,SYNTHETIC
CASE-00290,ATM-074,4.87,4.62,1,0.926,0.51,0,TRAIN,SYNTHETIC
CASE-00290,ATM-116,5.43,4.73,1,0.605,0.839,0,TRAIN,SYNTHETIC
CASE-00290,ATM-110,6.49,9.06,1,0.676,0.759,0,TRAIN,SYNTHETIC
CASE-00290,ATM-080,6.52,7.87,1,0.511,0.698,0,TRAIN,SYNTHETIC
CASE-00290,ATM-008,7.41,4.59,1,0.574,0.219,0,TRAIN,SYNTHETIC
CASE-00291,ATM-099,4.13,4.86,1,0.833,0.66,0,TRAIN,SYNTHETIC
CASE-00291,ATM-075,4.56,5.11,1,0.55,0.345,0,TRAIN,SYNTHETIC
CASE-00291,ATM-009,5.24,6.5,1,0.798,0.254,0,TRAIN,SYNTHETIC
CASE-00291,ATM-105,5.66,5.62,1,0.957,0.358,0,TRAIN,SYNTHETIC
CASE-00291,ATM-027,6.31,5.37,1,0.793,0.426,0,TRAIN,SYNTHETIC
CASE-00291,ATM-021,7.1,8.14,1,0.586,0.366,0,TRAIN,SYNTHETIC
CASE-00291,ATM-081,7.72,5.33,1,0.602,0.433,0,TRAIN,SYNTHETIC
CASE-00291,ATM-003,7.98,10.51,1,0.541,0.435,0,TRAIN,SYNTHETIC
CASE-00292,ATM-046,1.99,2.48,1,0.58,0.644,0,TRAIN,SYNTHETIC
CASE-00292,ATM-040,2.48,1.94,1,1,0.776,0,TRAIN,SYNTHETIC
CASE-00292,ATM-064,2.56,1.76,1,0.565,0.142,0,TRAIN,SYNTHETIC
CASE-00292,ATM-094,2.91,2.65,1,0.937,0.932,0,TRAIN,SYNTHETIC
CASE-00292,ATM-112,5.05,2.85,1,0.489,0.084,0,TRAIN,SYNTHETIC
CASE-00292,ATM-004,6.3,5.66,1,0.471,0.677,0,TRAIN,SYNTHETIC
CASE-00292,ATM-088,7.76,7.81,1,0.634,0.838,0,TRAIN,SYNTHETIC
CASE-00292,ATM-058,8.21,7.07,1,0.91,0.491,0,TRAIN,SYNTHETIC
CASE-00293,ATM-119,1.38,1.41,1,0.801,0.91,0,TRAIN,SYNTHETIC
CASE-00293,ATM-077,2.57,1.6,1,0.907,0.905,0,TRAIN,SYNTHETIC
CASE-00293,ATM-041,4.57,6.28,1,0.801,0.501,0,TRAIN,SYNTHETIC
CASE-00293,ATM-053,6.91,6.15,1,0.716,0.79,0,TRAIN,SYNTHETIC
CASE-00293,ATM-017,7.17,4.93,1,0.791,0.04,0,TRAIN,SYNTHETIC
CASE-00293,ATM-101,8.31,7.58,1,0.923,0.64,0,TRAIN,SYNTHETIC
CASE-00293,ATM-059,8.94,5.61,1,0.502,0.174,0,TRAIN,SYNTHETIC
CASE-00293,ATM-005,8.96,11.97,1,0.467,0.465,0,TRAIN,SYNTHETIC
CASE-00294,ATM-120,1.22,1.68,1,0.8,0.196,0,VALIDATION,SYNTHETIC
CASE-00294,ATM-078,2.38,2.38,1,0.808,0.962,0,VALIDATION,SYNTHETIC
CASE-00294,ATM-018,4.57,2.73,1,0.808,0.409,0,VALIDATION,SYNTHETIC
CASE-00294,ATM-072,5.09,6.52,1,0.692,0.6,0,VALIDATION,SYNTHETIC
CASE-00294,ATM-048,6.51,8.7,1,0.522,0.47,0,VALIDATION,SYNTHETIC
CASE-00294,ATM-042,6.91,4.25,1,0.736,0.636,0,VALIDATION,SYNTHETIC
CASE-00294,ATM-024,6.94,8.34,1,0.834,0.447,0,VALIDATION,SYNTHETIC
CASE-00294,ATM-063,260,237.3,0,0.846,0.264,1,VALIDATION,SYNTHETIC
CASE-00295,ATM-001,2.76,2.15,1,0.91,0.453,0,VALIDATION,SYNTHETIC
CASE-00295,ATM-073,3.01,3.75,1,0.457,0.129,0,VALIDATION,SYNTHETIC
CASE-00295,ATM-103,4.3,2.92,1,0.659,0.135,0,VALIDATION,SYNTHETIC
CASE-00295,ATM-043,5.15,6.68,1,0.588,0.262,0,VALIDATION,SYNTHETIC
CASE-00295,ATM-115,5.3,5.33,1,0.841,0.01,0,VALIDATION,SYNTHETIC
CASE-00295,ATM-085,7.22,9.66,1,0.537,0.913,0,VALIDATION,SYNTHETIC
CASE-00295,ATM-025,7.23,10.01,1,0.692,0.525,0,VALIDATION,SYNTHETIC
CASE-00295,ATM-019,15.57,12.56,1,0.696,0.803,1,VALIDATION,SYNTHETIC
CASE-00296,ATM-020,2.69,3.25,1,0.76,0.044,0,VALIDATION,SYNTHETIC
CASE-00296,ATM-086,2.9,4.05,1,0.724,0.385,0,VALIDATION,SYNTHETIC
CASE-00296,ATM-032,3.44,2.73,1,0.525,0.553,0,VALIDATION,SYNTHETIC
CASE-00296,ATM-074,4.87,4.09,1,0.799,0.65,0,VALIDATION,SYNTHETIC
CASE-00296,ATM-116,5.43,5.01,1,0.723,0.448,0,VALIDATION,SYNTHETIC
CASE-00296,ATM-110,6.49,4.14,1,0.841,0.191,0,VALIDATION,SYNTHETIC
CASE-00296,ATM-080,6.52,6.67,1,0.829,0.02,0,VALIDATION,SYNTHETIC
CASE-00296,ATM-038,15.03,20.45,1,0.789,0.177,1,VALIDATION,SYNTHETIC
CASE-00297,ATM-099,4.13,3.1,1,0.729,0.233,0,TEST,SYNTHETIC
CASE-00297,ATM-075,4.56,4.4,1,0.682,0.905,0,TEST,SYNTHETIC
CASE-00297,ATM-009,5.24,7.42,1,0.865,0.697,0,TEST,SYNTHETIC
CASE-00297,ATM-105,5.66,3.74,1,0.974,0.153,0,TEST,SYNTHETIC
CASE-00297,ATM-027,6.31,4.88,1,0.754,0.241,0,TEST,SYNTHETIC
CASE-00297,ATM-021,7.1,6.51,1,0.465,0.938,0,TEST,SYNTHETIC
CASE-00297,ATM-081,7.72,9.47,1,0.497,0.531,0,TEST,SYNTHETIC
CASE-00297,ATM-003,7.98,5.55,1,0.475,0.257,0,TEST,SYNTHETIC
CASE-00298,ATM-046,1.99,1.43,1,0.713,0.688,0,TEST,SYNTHETIC
CASE-00298,ATM-040,2.48,2.46,1,0.765,0.915,0,TEST,SYNTHETIC
CASE-00298,ATM-064,2.56,2.51,1,0.733,0.817,0,TEST,SYNTHETIC
CASE-00298,ATM-094,2.91,3.6,1,0.46,0.2,0,TEST,SYNTHETIC
CASE-00298,ATM-112,5.05,6.47,1,0.914,0.002,0,TEST,SYNTHETIC
CASE-00298,ATM-004,6.3,4.6,1,0.738,0.954,0,TEST,SYNTHETIC
CASE-00298,ATM-088,7.76,6.27,1,0.883,0.747,0,TEST,SYNTHETIC
CASE-00298,ATM-058,8.21,10.28,1,0.667,0.543,0,TEST,SYNTHETIC
CASE-00299,ATM-119,1.38,1.69,1,0.467,0.764,0,TEST,SYNTHETIC
CASE-00299,ATM-077,2.57,3.55,1,0.979,0.727,0,TEST,SYNTHETIC
CASE-00299,ATM-041,4.57,4.06,1,0.78,0.66,0,TEST,SYNTHETIC
CASE-00299,ATM-053,6.91,3.94,1,0.846,0.058,0,TEST,SYNTHETIC
CASE-00299,ATM-017,7.17,8.68,1,0.849,0.579,0,TEST,SYNTHETIC
CASE-00299,ATM-101,8.31,8.05,1,0.77,0.582,0,TEST,SYNTHETIC
CASE-00299,ATM-059,8.94,12.38,1,0.887,0.257,0,TEST,SYNTHETIC
CASE-00299,ATM-005,8.96,6.15,1,0.897,0.504,0,TEST,SYNTHETIC
CASE-00300,ATM-120,1.22,1.46,1,0.669,0.734,0,TRAIN,SYNTHETIC
CASE-00300,ATM-078,2.38,2.55,1,1,0.623,0,TRAIN,SYNTHETIC
CASE-00300,ATM-018,4.57,3.81,1,0.886,0.646,0,TRAIN,SYNTHETIC
CASE-00300,ATM-072,5.09,4.82,1,0.754,0.51,0,TRAIN,SYNTHETIC
CASE-00300,ATM-048,6.51,6.35,1,0.673,0.923,0,TRAIN,SYNTHETIC
CASE-00300,ATM-042,6.91,9.51,1,0.865,0.424,0,TRAIN,SYNTHETIC
CASE-00300,ATM-024,6.94,9.01,1,0.635,0.646,0,TRAIN,SYNTHETIC
CASE-00300,ATM-025,388.62,467.67,0,0.817,0.631,1,TRAIN,SYNTHETIC
CASE-00301,ATM-001,2.76,2.41,1,0.978,0.482,0,TRAIN,SYNTHETIC
CASE-00301,ATM-073,3.01,3.79,1,0.604,0.067,0,TRAIN,SYNTHETIC
CASE-00301,ATM-103,4.3,4.23,1,0.979,0.66,0,TRAIN,SYNTHETIC
CASE-00301,ATM-043,5.15,5.18,1,0.481,0.742,0,TRAIN,SYNTHETIC
CASE-00301,ATM-115,5.3,7.63,1,0.56,0.295,0,TRAIN,SYNTHETIC
CASE-00301,ATM-085,7.22,6.79,1,0.706,0.793,0,TRAIN,SYNTHETIC
CASE-00301,ATM-025,7.23,7.74,1,0.834,0.638,0,TRAIN,SYNTHETIC
CASE-00301,ATM-104,281.23,255.42,0,0.779,0.13,1,TRAIN,SYNTHETIC
CASE-00302,ATM-020,2.69,1.53,1,0.965,0.364,0,TRAIN,SYNTHETIC
CASE-00302,ATM-086,2.9,2.13,1,0.873,0.885,0,TRAIN,SYNTHETIC
CASE-00302,ATM-032,3.44,4.61,1,0.988,0.077,0,TRAIN,SYNTHETIC
CASE-00302,ATM-074,4.87,3.33,1,0.964,0.538,0,TRAIN,SYNTHETIC
CASE-00302,ATM-116,5.43,7.27,1,0.642,0.361,0,TRAIN,SYNTHETIC
CASE-00302,ATM-110,6.49,4.33,1,0.716,0.626,0,TRAIN,SYNTHETIC
CASE-00302,ATM-080,6.52,5.99,1,0.915,0.892,0,TRAIN,SYNTHETIC
CASE-00302,ATM-008,7.41,10.53,1,0.957,0.468,0,TRAIN,SYNTHETIC
CASE-00303,ATM-099,4.13,4.94,1,0.498,0.523,0,TRAIN,SYNTHETIC
CASE-00303,ATM-075,4.56,3.58,1,0.982,0.946,0,TRAIN,SYNTHETIC
CASE-00303,ATM-009,5.24,4.53,1,0.539,0.505,0,TRAIN,SYNTHETIC
CASE-00303,ATM-105,5.66,6.37,1,0.506,0.475,0,TRAIN,SYNTHETIC
CASE-00303,ATM-027,6.31,8.2,1,0.963,0.496,0,TRAIN,SYNTHETIC
CASE-00303,ATM-021,7.1,7.19,1,0.649,0.507,0,TRAIN,SYNTHETIC
CASE-00303,ATM-081,7.72,8.5,1,0.964,0.292,0,TRAIN,SYNTHETIC
CASE-00303,ATM-003,7.98,5.16,1,0.752,0.915,0,TRAIN,SYNTHETIC
CASE-00304,ATM-046,1.99,1.18,1,0.491,0.63,0,TRAIN,SYNTHETIC
CASE-00304,ATM-040,2.48,1.74,1,0.889,0.386,0,TRAIN,SYNTHETIC
CASE-00304,ATM-064,2.56,2.66,1,0.9,0.876,1,TRAIN,SYNTHETIC
CASE-00304,ATM-094,2.91,3.37,1,0.924,0.6,0,TRAIN,SYNTHETIC
CASE-00304,ATM-112,5.05,5.16,1,0.484,0.807,0,TRAIN,SYNTHETIC
CASE-00304,ATM-004,6.3,3.92,1,0.605,0.188,0,TRAIN,SYNTHETIC
CASE-00304,ATM-088,7.76,9.08,1,0.84,0.646,0,TRAIN,SYNTHETIC
CASE-00304,ATM-058,8.21,5.17,1,0.582,0.285,0,TRAIN,SYNTHETIC
CASE-00305,ATM-119,1.38,1.47,1,0.612,0.934,0,TRAIN,SYNTHETIC
CASE-00305,ATM-077,2.57,2.68,1,0.927,0.049,0,TRAIN,SYNTHETIC
CASE-00305,ATM-041,4.57,5.99,1,0.538,0.765,0,TRAIN,SYNTHETIC
CASE-00305,ATM-053,6.91,6.13,1,0.823,0.889,0,TRAIN,SYNTHETIC
CASE-00305,ATM-017,7.17,5.93,1,0.793,0.958,0,TRAIN,SYNTHETIC
CASE-00305,ATM-101,8.31,6.74,1,0.51,0.694,0,TRAIN,SYNTHETIC
CASE-00305,ATM-059,8.94,8.79,1,0.746,0.331,0,TRAIN,SYNTHETIC
CASE-00305,ATM-001,911.79,1206.91,0,0.549,0.084,1,TRAIN,SYNTHETIC
CASE-00306,ATM-120,1.22,1.52,1,0.479,0.01,0,TRAIN,SYNTHETIC
CASE-00306,ATM-078,2.38,1.67,1,0.834,0.369,0,TRAIN,SYNTHETIC
CASE-00306,ATM-018,4.57,6.53,1,0.631,0.06,0,TRAIN,SYNTHETIC
CASE-00306,ATM-072,5.09,6.75,1,0.677,0.232,0,TRAIN,SYNTHETIC
CASE-00306,ATM-048,6.51,7.27,1,0.848,0.4,0,TRAIN,SYNTHETIC
CASE-00306,ATM-042,6.91,7.58,1,0.925,0.228,0,TRAIN,SYNTHETIC
CASE-00306,ATM-024,6.94,7.75,1,0.465,0.222,0,TRAIN,SYNTHETIC
CASE-00306,ATM-069,236.53,180.25,0,0.913,0.406,1,TRAIN,SYNTHETIC
CASE-00307,ATM-001,2.76,2.68,1,0.698,0.17,0,TRAIN,SYNTHETIC
CASE-00307,ATM-073,3.01,3.97,1,0.799,0.269,0,TRAIN,SYNTHETIC
CASE-00307,ATM-103,4.3,2.76,1,0.657,0.404,0,TRAIN,SYNTHETIC
CASE-00307,ATM-043,5.15,7.24,1,0.674,0.741,0,TRAIN,SYNTHETIC
CASE-00307,ATM-115,5.3,3.95,1,0.882,0.571,0,TRAIN,SYNTHETIC
CASE-00307,ATM-085,7.22,7.49,1,0.621,0.584,0,TRAIN,SYNTHETIC
CASE-00307,ATM-025,7.23,5.93,1,0.844,0.717,0,TRAIN,SYNTHETIC
CASE-00307,ATM-038,278.98,194.68,0,0.874,0.007,1,TRAIN,SYNTHETIC
CASE-00308,ATM-020,2.69,3.34,1,0.897,0.245,0,TRAIN,SYNTHETIC
CASE-00308,ATM-086,2.9,1.64,1,0.75,0.562,0,TRAIN,SYNTHETIC
CASE-00308,ATM-032,3.44,3.32,1,0.613,0.233,0,TRAIN,SYNTHETIC
CASE-00308,ATM-074,4.87,5.78,1,0.807,0.471,0,TRAIN,SYNTHETIC
CASE-00308,ATM-116,5.43,4.86,1,1,0.537,0,TRAIN,SYNTHETIC
CASE-00308,ATM-110,6.49,4.57,1,0.883,0.875,0,TRAIN,SYNTHETIC
CASE-00308,ATM-080,6.52,6.31,1,0.5,0.654,0,TRAIN,SYNTHETIC
CASE-00308,ATM-117,508.35,308.95,0,0.89,0.442,1,TRAIN,SYNTHETIC
CASE-00309,ATM-099,4.13,4.31,1,0.624,0.305,0,TRAIN,SYNTHETIC
CASE-00309,ATM-075,4.56,4.39,1,0.492,0.337,0,TRAIN,SYNTHETIC
CASE-00309,ATM-009,5.24,2.89,1,0.685,0.907,0,TRAIN,SYNTHETIC
CASE-00309,ATM-105,5.66,5,1,0.492,0.535,0,TRAIN,SYNTHETIC
CASE-00309,ATM-027,6.31,7.41,1,0.879,0.036,0,TRAIN,SYNTHETIC
CASE-00309,ATM-021,7.1,8.91,1,0.868,0.163,0,TRAIN,SYNTHETIC
CASE-00309,ATM-081,7.72,8.19,1,0.808,0.285,0,TRAIN,SYNTHETIC
CASE-00309,ATM-048,243.88,330.03,0,0.628,0.228,1,TRAIN,SYNTHETIC
CASE-00310,ATM-046,1.99,2.1,1,0.615,0.393,0,TRAIN,SYNTHETIC
CASE-00310,ATM-040,2.48,2.95,1,0.859,0.606,0,TRAIN,SYNTHETIC
CASE-00310,ATM-064,2.56,2.87,1,0.917,0.786,0,TRAIN,SYNTHETIC
CASE-00310,ATM-094,2.91,4.14,1,0.93,0.304,0,TRAIN,SYNTHETIC
CASE-00310,ATM-112,5.05,6.17,1,0.579,0.232,0,TRAIN,SYNTHETIC
CASE-00310,ATM-004,6.3,6.49,1,0.906,0.057,0,TRAIN,SYNTHETIC
CASE-00310,ATM-088,7.76,7.88,1,0.961,0.103,0,TRAIN,SYNTHETIC
CASE-00310,ATM-058,8.21,10.96,1,0.924,0.711,0,TRAIN,SYNTHETIC
CASE-00311,ATM-119,1.38,1.28,1,0.702,0.829,0,TRAIN,SYNTHETIC
CASE-00311,ATM-077,2.57,2.57,1,0.566,0.483,0,TRAIN,SYNTHETIC
CASE-00311,ATM-041,4.57,4.32,1,0.727,0.274,0,TRAIN,SYNTHETIC
CASE-00311,ATM-053,6.91,6.91,1,0.784,0.208,0,TRAIN,SYNTHETIC
CASE-00311,ATM-017,7.17,7.85,1,0.918,0.203,0,TRAIN,SYNTHETIC
CASE-00311,ATM-101,8.31,5.96,1,1,0.545,0,TRAIN,SYNTHETIC
CASE-00311,ATM-059,8.94,12.82,1,0.994,0.234,0,TRAIN,SYNTHETIC
CASE-00311,ATM-005,8.96,7.69,1,0.904,0.435,0,TRAIN,SYNTHETIC
CASE-00312,ATM-120,1.22,1.23,1,0.508,0.129,0,TRAIN,SYNTHETIC
CASE-00312,ATM-078,2.38,1.94,1,0.957,0.874,0,TRAIN,SYNTHETIC
CASE-00312,ATM-018,4.57,4.12,1,0.747,0.459,0,TRAIN,SYNTHETIC
CASE-00312,ATM-072,5.09,4.26,1,0.89,0.512,0,TRAIN,SYNTHETIC
CASE-00312,ATM-048,6.51,5.06,1,0.931,0.406,0,TRAIN,SYNTHETIC
CASE-00312,ATM-042,6.91,3.85,1,0.772,0.112,0,TRAIN,SYNTHETIC
CASE-00312,ATM-024,6.94,6.04,1,0.965,0.357,0,TRAIN,SYNTHETIC
CASE-00312,ATM-113,756.79,905.62,0,0.71,0.621,1,TRAIN,SYNTHETIC
CASE-00313,ATM-001,2.76,2.38,1,0.885,0.045,0,TRAIN,SYNTHETIC
CASE-00313,ATM-073,3.01,2.51,1,0.746,0.391,0,TRAIN,SYNTHETIC
CASE-00313,ATM-103,4.3,4.8,1,0.824,0.521,0,TRAIN,SYNTHETIC
CASE-00313,ATM-043,5.15,5.37,1,0.477,0.903,0,TRAIN,SYNTHETIC
CASE-00313,ATM-115,5.3,5.04,1,0.928,0.811,0,TRAIN,SYNTHETIC
CASE-00313,ATM-085,7.22,8.8,1,0.717,0.217,0,TRAIN,SYNTHETIC
CASE-00313,ATM-025,7.23,8.2,1,0.818,0.3,0,TRAIN,SYNTHETIC
CASE-00313,ATM-067,7.39,8.59,1,0.64,0.839,0,TRAIN,SYNTHETIC
CASE-00314,ATM-020,2.69,1.61,1,0.65,0.503,0,VALIDATION,SYNTHETIC
CASE-00314,ATM-086,2.9,1.92,1,0.997,0.321,0,VALIDATION,SYNTHETIC
CASE-00314,ATM-032,3.44,3.47,1,0.819,0.975,0,VALIDATION,SYNTHETIC
CASE-00314,ATM-074,4.87,3.41,1,0.504,0.713,0,VALIDATION,SYNTHETIC
CASE-00314,ATM-116,5.43,6.04,1,0.75,0.622,0,VALIDATION,SYNTHETIC
CASE-00314,ATM-110,6.49,6.22,1,0.875,0.868,0,VALIDATION,SYNTHETIC
CASE-00314,ATM-080,6.52,8.31,1,0.695,0.224,0,VALIDATION,SYNTHETIC
CASE-00314,ATM-008,7.41,8.21,1,0.811,0.475,0,VALIDATION,SYNTHETIC
CASE-00315,ATM-099,4.13,3.01,1,0.722,0.467,0,VALIDATION,SYNTHETIC
CASE-00315,ATM-075,4.56,6.41,1,0.991,0.778,0,VALIDATION,SYNTHETIC
CASE-00315,ATM-009,5.24,4.39,1,0.477,0.309,0,VALIDATION,SYNTHETIC
CASE-00315,ATM-105,5.66,3.68,1,0.506,0.169,0,VALIDATION,SYNTHETIC
CASE-00315,ATM-027,6.31,6.49,1,0.644,0.911,0,VALIDATION,SYNTHETIC
CASE-00315,ATM-021,7.1,9.35,1,0.779,0.676,0,VALIDATION,SYNTHETIC
CASE-00315,ATM-081,7.72,4.57,1,0.672,0.589,0,VALIDATION,SYNTHETIC
CASE-00315,ATM-039,9.83,8.09,1,0.507,0.891,1,VALIDATION,SYNTHETIC
CASE-00316,ATM-046,1.99,2.6,1,0.892,0.272,0,VALIDATION,SYNTHETIC
CASE-00316,ATM-040,2.48,2.78,1,0.802,0.976,0,VALIDATION,SYNTHETIC
CASE-00316,ATM-064,2.56,1.45,1,0.829,0.099,0,VALIDATION,SYNTHETIC
CASE-00316,ATM-094,2.91,3.4,1,0.52,0.491,0,VALIDATION,SYNTHETIC
CASE-00316,ATM-112,5.05,3.82,1,0.806,0.562,0,VALIDATION,SYNTHETIC
CASE-00316,ATM-004,6.3,6.57,1,0.937,0.016,0,VALIDATION,SYNTHETIC
CASE-00316,ATM-088,7.76,7.06,1,0.943,0.428,0,VALIDATION,SYNTHETIC
CASE-00316,ATM-058,8.21,7.22,1,0.697,0.097,0,VALIDATION,SYNTHETIC
CASE-00317,ATM-119,1.38,0.79,1,0.596,0.389,0,TEST,SYNTHETIC
CASE-00317,ATM-077,2.57,1.47,1,0.56,0.672,0,TEST,SYNTHETIC
CASE-00317,ATM-041,4.57,5.97,1,0.879,0.969,0,TEST,SYNTHETIC
CASE-00317,ATM-053,6.91,8.73,1,0.504,0.834,0,TEST,SYNTHETIC
CASE-00317,ATM-017,7.17,7.62,1,0.688,0.732,0,TEST,SYNTHETIC
CASE-00317,ATM-101,8.31,5.9,1,0.467,0.069,0,TEST,SYNTHETIC
CASE-00317,ATM-059,8.94,11.31,1,0.729,0.241,0,TEST,SYNTHETIC
CASE-00317,ATM-049,916.88,1269.17,0,0.953,0.313,1,TEST,SYNTHETIC
CASE-00318,ATM-120,1.22,1.59,1,0.903,0.713,0,TEST,SYNTHETIC
CASE-00318,ATM-078,2.38,1.69,1,0.829,0.086,0,TEST,SYNTHETIC
CASE-00318,ATM-018,4.57,6.26,1,0.552,0.159,0,TEST,SYNTHETIC
CASE-00318,ATM-072,5.09,4.24,1,0.633,0.405,0,TEST,SYNTHETIC
CASE-00318,ATM-048,6.51,6.53,1,0.861,0.216,0,TEST,SYNTHETIC
CASE-00318,ATM-042,6.91,5.54,1,0.734,0.214,0,TEST,SYNTHETIC
CASE-00318,ATM-024,6.94,7.86,1,0.549,0.457,0,TEST,SYNTHETIC
CASE-00318,ATM-066,7.01,7.96,1,0.997,0.241,0,TEST,SYNTHETIC
CASE-00319,ATM-001,2.76,2.61,1,0.487,0.902,0,TEST,SYNTHETIC
CASE-00319,ATM-073,3.01,3.27,1,0.599,0.657,0,TEST,SYNTHETIC
CASE-00319,ATM-103,4.3,6.01,1,0.689,0.085,0,TEST,SYNTHETIC
CASE-00319,ATM-043,5.15,3.13,1,0.984,0.397,0,TEST,SYNTHETIC
CASE-00319,ATM-115,5.3,7.47,1,0.944,0.099,0,TEST,SYNTHETIC
CASE-00319,ATM-085,7.22,9.99,1,0.608,0.053,0,TEST,SYNTHETIC
CASE-00319,ATM-025,7.23,4.18,1,0.612,0.255,0,TEST,SYNTHETIC
CASE-00319,ATM-096,392.5,501.81,0,0.917,0.261,1,TEST,SYNTHETIC
CASE-00320,ATM-020,2.69,1.96,1,0.937,0.012,0,TRAIN,SYNTHETIC
CASE-00320,ATM-086,2.9,1.98,1,0.828,0.989,0,TRAIN,SYNTHETIC
CASE-00320,ATM-032,3.44,4.97,1,0.767,0.341,0,TRAIN,SYNTHETIC
CASE-00320,ATM-074,4.87,6.02,1,0.682,0.894,0,TRAIN,SYNTHETIC
CASE-00320,ATM-116,5.43,7.18,1,0.527,0.853,0,TRAIN,SYNTHETIC
CASE-00320,ATM-110,6.49,4.34,1,0.978,0.808,0,TRAIN,SYNTHETIC
CASE-00320,ATM-080,6.52,7.94,1,0.598,0.603,0,TRAIN,SYNTHETIC
CASE-00320,ATM-008,7.41,7.65,1,0.69,0.488,0,TRAIN,SYNTHETIC
CASE-00321,ATM-099,4.13,4.33,1,0.986,0.057,0,TRAIN,SYNTHETIC
CASE-00321,ATM-075,4.56,4.97,1,0.652,0.144,0,TRAIN,SYNTHETIC
CASE-00321,ATM-009,5.24,4.2,1,0.748,0.794,0,TRAIN,SYNTHETIC
CASE-00321,ATM-105,5.66,5.74,1,0.84,0.867,0,TRAIN,SYNTHETIC
CASE-00321,ATM-027,6.31,8.55,1,0.958,0.378,0,TRAIN,SYNTHETIC
CASE-00321,ATM-021,7.1,8.08,1,0.677,0.449,0,TRAIN,SYNTHETIC
CASE-00321,ATM-081,7.72,5.4,1,0.569,0.551,0,TRAIN,SYNTHETIC
CASE-00321,ATM-003,7.98,7.73,1,0.942,0.834,0,TRAIN,SYNTHETIC
CASE-00322,ATM-046,1.99,2.67,1,0.636,0.825,0,TRAIN,SYNTHETIC
CASE-00322,ATM-040,2.48,2.87,1,0.563,0.866,0,TRAIN,SYNTHETIC
CASE-00322,ATM-064,2.56,3.29,1,0.964,0.931,0,TRAIN,SYNTHETIC
CASE-00322,ATM-094,2.91,2.12,1,0.624,0.855,0,TRAIN,SYNTHETIC
CASE-00322,ATM-112,5.05,3.77,1,0.885,0.579,0,TRAIN,SYNTHETIC
CASE-00322,ATM-004,6.3,8.33,1,0.896,0.533,0,TRAIN,SYNTHETIC
CASE-00322,ATM-088,7.76,11.15,1,0.726,0.347,0,TRAIN,SYNTHETIC
CASE-00322,ATM-058,8.21,8.89,1,0.93,0.653,0,TRAIN,SYNTHETIC
CASE-00323,ATM-119,1.38,1.09,1,0.723,0.588,0,TRAIN,SYNTHETIC
CASE-00323,ATM-077,2.57,3.34,1,0.912,0.775,0,TRAIN,SYNTHETIC
CASE-00323,ATM-041,4.57,3.76,1,0.469,0.919,0,TRAIN,SYNTHETIC
CASE-00323,ATM-053,6.91,7.73,1,0.733,0.725,0,TRAIN,SYNTHETIC
CASE-00323,ATM-017,7.17,10.16,1,0.674,0.267,0,TRAIN,SYNTHETIC
CASE-00323,ATM-101,8.31,7.57,1,0.462,0.31,0,TRAIN,SYNTHETIC
CASE-00323,ATM-059,8.94,11.26,1,0.76,0.485,0,TRAIN,SYNTHETIC
CASE-00323,ATM-005,8.96,5.43,1,0.914,0.714,0,TRAIN,SYNTHETIC
CASE-00324,ATM-120,1.22,1.38,1,0.702,0.438,0,TRAIN,SYNTHETIC
CASE-00324,ATM-078,2.38,1.68,1,0.523,0.795,0,TRAIN,SYNTHETIC
CASE-00324,ATM-018,4.57,3.96,1,0.822,0.783,0,TRAIN,SYNTHETIC
CASE-00324,ATM-072,5.09,5.3,1,0.726,0.86,0,TRAIN,SYNTHETIC
CASE-00324,ATM-048,6.51,7.83,1,0.99,0.14,0,TRAIN,SYNTHETIC
CASE-00324,ATM-042,6.91,6.13,1,0.573,0.616,0,TRAIN,SYNTHETIC
CASE-00324,ATM-024,6.94,7.74,1,0.695,0.184,0,TRAIN,SYNTHETIC
CASE-00324,ATM-066,7.01,8.82,1,0.969,0.918,0,TRAIN,SYNTHETIC
CASE-00325,ATM-001,2.76,2.61,1,0.48,0.424,0,TRAIN,SYNTHETIC
CASE-00325,ATM-073,3.01,2.86,1,0.542,0.692,0,TRAIN,SYNTHETIC
CASE-00325,ATM-103,4.3,6.05,1,0.452,0.897,0,TRAIN,SYNTHETIC
CASE-00325,ATM-043,5.15,3.01,1,0.863,0.19,0,TRAIN,SYNTHETIC
CASE-00325,ATM-115,5.3,5.59,1,0.667,0.976,0,TRAIN,SYNTHETIC
CASE-00325,ATM-085,7.22,5.24,1,0.885,0.403,0,TRAIN,SYNTHETIC
CASE-00325,ATM-025,7.23,7.23,1,0.488,0.625,0,TRAIN,SYNTHETIC
CASE-00325,ATM-067,7.39,7.75,1,0.634,0.888,0,TRAIN,SYNTHETIC
CASE-00326,ATM-020,2.69,2.12,1,0.737,0.442,0,TRAIN,SYNTHETIC
CASE-00326,ATM-086,2.9,3.38,1,0.537,0.568,0,TRAIN,SYNTHETIC
CASE-00326,ATM-032,3.44,4.19,1,0.915,0.848,0,TRAIN,SYNTHETIC
CASE-00326,ATM-074,4.87,5.8,1,0.836,0.178,0,TRAIN,SYNTHETIC
CASE-00326,ATM-116,5.43,6.6,1,0.615,0.313,0,TRAIN,SYNTHETIC
CASE-00326,ATM-110,6.49,5.56,1,0.458,0.533,0,TRAIN,SYNTHETIC
CASE-00326,ATM-080,6.52,5.16,1,0.718,0.83,0,TRAIN,SYNTHETIC
CASE-00326,ATM-008,7.41,6.8,1,0.697,0.012,0,TRAIN,SYNTHETIC
CASE-00327,ATM-099,4.13,4,1,0.919,0.238,0,TRAIN,SYNTHETIC
CASE-00327,ATM-075,4.56,5.99,1,0.581,0.194,0,TRAIN,SYNTHETIC
CASE-00327,ATM-009,5.24,5.26,1,0.977,0.116,0,TRAIN,SYNTHETIC
CASE-00327,ATM-105,5.66,6.63,1,0.725,0.189,0,TRAIN,SYNTHETIC
CASE-00327,ATM-027,6.31,4.67,1,0.752,0.101,0,TRAIN,SYNTHETIC
CASE-00327,ATM-021,7.1,7.9,1,0.696,0.047,0,TRAIN,SYNTHETIC
CASE-00327,ATM-081,7.72,10.87,1,0.697,0.493,0,TRAIN,SYNTHETIC
CASE-00327,ATM-032,503.43,300.66,0,0.988,0.697,1,TRAIN,SYNTHETIC
CASE-00328,ATM-046,1.99,2.11,1,0.521,0.538,0,TRAIN,SYNTHETIC
CASE-00328,ATM-040,2.48,3.53,1,0.588,0.692,0,TRAIN,SYNTHETIC
CASE-00328,ATM-064,2.56,3.04,1,0.671,0.804,0,TRAIN,SYNTHETIC
CASE-00328,ATM-094,2.91,2.96,1,0.717,0.878,0,TRAIN,SYNTHETIC
CASE-00328,ATM-112,5.05,5.18,1,0.584,0.182,0,TRAIN,SYNTHETIC
CASE-00328,ATM-004,6.3,7.76,1,0.958,0.078,0,TRAIN,SYNTHETIC
CASE-00328,ATM-088,7.76,7.09,1,0.914,0.975,0,TRAIN,SYNTHETIC
CASE-00328,ATM-058,8.21,11.84,1,0.868,0.646,0,TRAIN,SYNTHETIC
CASE-00329,ATM-119,1.38,1.44,1,0.67,0.648,0,TRAIN,SYNTHETIC
CASE-00329,ATM-077,2.57,3.45,1,0.783,0.525,0,TRAIN,SYNTHETIC
CASE-00329,ATM-041,4.57,5.23,1,0.45,0.61,0,TRAIN,SYNTHETIC
CASE-00329,ATM-053,6.91,5.91,1,0.724,0.037,0,TRAIN,SYNTHETIC
CASE-00329,ATM-017,7.17,9.34,1,0.952,0.754,0,TRAIN,SYNTHETIC
CASE-00329,ATM-101,8.31,6.88,1,0.456,0.606,0,TRAIN,SYNTHETIC
CASE-00329,ATM-059,8.94,10.37,1,0.618,0.931,0,TRAIN,SYNTHETIC
CASE-00329,ATM-005,8.96,5.97,1,0.547,0.991,0,TRAIN,SYNTHETIC
CASE-00330,ATM-120,1.22,1.07,1,0.486,0.411,0,TRAIN,SYNTHETIC
CASE-00330,ATM-078,2.38,2.53,1,0.813,0.575,0,TRAIN,SYNTHETIC
CASE-00330,ATM-018,4.57,2.86,1,0.645,0.87,0,TRAIN,SYNTHETIC
CASE-00330,ATM-072,5.09,6.65,1,0.558,0.918,0,TRAIN,SYNTHETIC
CASE-00330,ATM-048,6.51,8.56,1,0.613,0.511,0,TRAIN,SYNTHETIC
CASE-00330,ATM-042,6.91,6.32,1,0.726,0.654,0,TRAIN,SYNTHETIC
CASE-00330,ATM-024,6.94,4.8,1,0.705,0.562,0,TRAIN,SYNTHETIC
CASE-00330,ATM-041,750.84,737.25,0,0.616,0.43,1,TRAIN,SYNTHETIC
CASE-00331,ATM-001,2.76,2.41,1,0.814,0.661,0,TRAIN,SYNTHETIC
CASE-00331,ATM-073,3.01,3.48,1,0.681,0.26,0,TRAIN,SYNTHETIC
CASE-00331,ATM-103,4.3,3.68,1,0.925,0.636,0,TRAIN,SYNTHETIC
CASE-00331,ATM-043,5.15,3.32,1,0.665,0.966,0,TRAIN,SYNTHETIC
CASE-00331,ATM-115,5.3,6.39,1,0.792,0.104,0,TRAIN,SYNTHETIC
CASE-00331,ATM-085,7.22,7.97,1,0.767,0.454,0,TRAIN,SYNTHETIC
CASE-00331,ATM-025,7.23,5.34,1,0.674,0.443,0,TRAIN,SYNTHETIC
CASE-00331,ATM-030,392.8,375.14,0,0.973,0.196,1,TRAIN,SYNTHETIC
CASE-00332,ATM-020,2.69,2.96,1,0.883,0.894,0,TRAIN,SYNTHETIC
CASE-00332,ATM-086,2.9,3.13,1,0.524,0.92,0,TRAIN,SYNTHETIC
CASE-00332,ATM-032,3.44,4.39,1,0.995,0.087,0,TRAIN,SYNTHETIC
CASE-00332,ATM-074,4.87,3.12,1,0.657,0.103,0,TRAIN,SYNTHETIC
CASE-00332,ATM-116,5.43,6.44,1,0.661,0.707,0,TRAIN,SYNTHETIC
CASE-00332,ATM-110,6.49,4.5,1,0.626,0.654,0,TRAIN,SYNTHETIC
CASE-00332,ATM-080,6.52,3.66,1,0.588,0.989,0,TRAIN,SYNTHETIC
CASE-00332,ATM-094,230.44,152.32,0,0.94,0.477,1,TRAIN,SYNTHETIC
CASE-00333,ATM-099,4.13,3.2,1,0.776,0.439,0,TRAIN,SYNTHETIC
CASE-00333,ATM-075,4.56,6.27,1,0.981,0.99,0,TRAIN,SYNTHETIC
CASE-00333,ATM-009,5.24,7.05,1,0.834,0.681,0,TRAIN,SYNTHETIC
CASE-00333,ATM-105,5.66,7.45,1,0.76,0.749,0,TRAIN,SYNTHETIC
CASE-00333,ATM-027,6.31,4.12,1,0.667,0.439,0,TRAIN,SYNTHETIC
CASE-00333,ATM-021,7.1,4.01,1,0.679,0.371,0,TRAIN,SYNTHETIC
CASE-00333,ATM-081,7.72,8.59,1,0.817,0.108,0,TRAIN,SYNTHETIC
CASE-00333,ATM-003,7.98,8.38,1,0.825,0.852,0,TRAIN,SYNTHETIC
CASE-00334,ATM-046,1.99,1.36,1,0.579,0.761,0,VALIDATION,SYNTHETIC
CASE-00334,ATM-040,2.48,3.26,1,0.722,0.996,0,VALIDATION,SYNTHETIC
CASE-00334,ATM-064,2.56,1.51,1,0.784,0.635,0,VALIDATION,SYNTHETIC
CASE-00334,ATM-094,2.91,2.99,1,0.921,0.366,0,VALIDATION,SYNTHETIC
CASE-00334,ATM-112,5.05,4.42,1,0.65,0.554,0,VALIDATION,SYNTHETIC
CASE-00334,ATM-004,6.3,5.91,1,0.945,0.742,0,VALIDATION,SYNTHETIC
CASE-00334,ATM-088,7.76,9.72,1,0.5,0.476,0,VALIDATION,SYNTHETIC
CASE-00334,ATM-074,227.7,129.94,0,0.836,0.503,1,VALIDATION,SYNTHETIC
CASE-00335,ATM-119,1.38,1.07,1,0.723,0.055,0,VALIDATION,SYNTHETIC
CASE-00335,ATM-077,2.57,1.51,1,0.781,0.361,0,VALIDATION,SYNTHETIC
CASE-00335,ATM-041,4.57,6.38,1,0.541,0.309,0,VALIDATION,SYNTHETIC
CASE-00335,ATM-053,6.91,8.15,1,0.717,0.813,0,VALIDATION,SYNTHETIC
CASE-00335,ATM-017,7.17,7.73,1,0.477,0.45,0,VALIDATION,SYNTHETIC
CASE-00335,ATM-101,8.31,9.88,1,0.629,0.068,0,VALIDATION,SYNTHETIC
CASE-00335,ATM-059,8.94,6.84,1,0.502,0.71,0,VALIDATION,SYNTHETIC
CASE-00335,ATM-109,915.06,943.92,0,0.834,0.772,1,VALIDATION,SYNTHETIC
CASE-00336,ATM-120,1.22,0.86,1,0.798,0.651,0,VALIDATION,SYNTHETIC
CASE-00336,ATM-078,2.38,1.75,1,0.81,0.685,0,VALIDATION,SYNTHETIC
CASE-00336,ATM-018,4.57,5.74,1,0.553,0.894,0,VALIDATION,SYNTHETIC
CASE-00336,ATM-072,5.09,5.35,1,0.873,0.829,0,VALIDATION,SYNTHETIC
CASE-00336,ATM-048,6.51,7.21,1,0.909,0.549,0,VALIDATION,SYNTHETIC
CASE-00336,ATM-042,6.91,6.54,1,0.571,0.453,0,VALIDATION,SYNTHETIC
CASE-00336,ATM-024,6.94,5.45,1,0.93,0.491,0,VALIDATION,SYNTHETIC
CASE-00336,ATM-027,247.41,136.64,0,0.712,0.1,1,VALIDATION,SYNTHETIC
CASE-00337,ATM-001,2.76,2.65,1,0.69,0.931,0,TEST,SYNTHETIC
CASE-00337,ATM-073,3.01,3.52,1,0.701,0.238,0,TEST,SYNTHETIC
CASE-00337,ATM-103,4.3,3.64,1,0.463,0.055,0,TEST,SYNTHETIC
CASE-00337,ATM-043,5.15,6.37,1,0.999,0.62,0,TEST,SYNTHETIC
CASE-00337,ATM-115,5.3,6.04,1,0.492,0.943,0,TEST,SYNTHETIC
CASE-00337,ATM-085,7.22,7.36,1,0.992,0.244,0,TEST,SYNTHETIC
CASE-00337,ATM-025,7.23,9.03,1,0.599,0.307,0,TEST,SYNTHETIC
CASE-00337,ATM-067,7.39,9.65,1,0.879,0.215,0,TEST,SYNTHETIC
CASE-00338,ATM-020,2.69,3.38,1,0.817,0.522,0,TEST,SYNTHETIC
CASE-00338,ATM-086,2.9,1.62,1,0.933,0.832,0,TEST,SYNTHETIC
CASE-00338,ATM-032,3.44,4.26,1,0.563,0.998,0,TEST,SYNTHETIC
CASE-00338,ATM-074,4.87,5.15,1,0.775,0.793,0,TEST,SYNTHETIC
CASE-00338,ATM-116,5.43,6.18,1,0.702,0.788,0,TEST,SYNTHETIC
CASE-00338,ATM-110,6.49,5.12,1,0.59,0.036,0,TEST,SYNTHETIC
CASE-00338,ATM-080,6.52,6.53,1,0.628,0.269,0,TEST,SYNTHETIC
CASE-00338,ATM-008,7.41,7.28,1,0.905,0.547,0,TEST,SYNTHETIC
CASE-00339,ATM-099,4.13,2.62,1,0.869,0.444,0,TEST,SYNTHETIC
CASE-00339,ATM-075,4.56,4.51,1,0.894,0.985,0,TEST,SYNTHETIC
CASE-00339,ATM-009,5.24,4.23,1,0.643,0.782,0,TEST,SYNTHETIC
CASE-00339,ATM-105,5.66,4.67,1,0.564,0.383,0,TEST,SYNTHETIC
CASE-00339,ATM-027,6.31,5.38,1,0.759,0.344,0,TEST,SYNTHETIC
CASE-00339,ATM-021,7.1,6.13,1,0.79,0.929,0,TEST,SYNTHETIC
CASE-00339,ATM-081,7.72,10.85,1,0.905,0.595,0,TEST,SYNTHETIC
CASE-00339,ATM-063,12.08,15.95,1,0.555,0.456,1,TEST,SYNTHETIC
CASE-00340,ATM-046,1.99,2.77,1,0.742,0.912,0,TRAIN,SYNTHETIC
CASE-00340,ATM-040,2.48,2.75,1,0.773,0.032,0,TRAIN,SYNTHETIC
CASE-00340,ATM-064,2.56,2.74,1,0.602,0.661,0,TRAIN,SYNTHETIC
CASE-00340,ATM-094,2.91,3.47,1,0.991,0.214,0,TRAIN,SYNTHETIC
CASE-00340,ATM-112,5.05,5.38,1,0.979,0.703,0,TRAIN,SYNTHETIC
CASE-00340,ATM-004,6.3,3.52,1,0.514,0.041,0,TRAIN,SYNTHETIC
CASE-00340,ATM-088,7.76,6.71,1,0.546,0.736,0,TRAIN,SYNTHETIC
CASE-00340,ATM-058,8.21,8.75,1,0.966,0.932,0,TRAIN,SYNTHETIC
CASE-00341,ATM-119,1.38,1.33,1,0.512,0.521,0,TRAIN,SYNTHETIC
CASE-00341,ATM-077,2.57,2.05,1,0.899,0.645,0,TRAIN,SYNTHETIC
CASE-00341,ATM-041,4.57,6.57,1,0.988,0.176,0,TRAIN,SYNTHETIC
CASE-00341,ATM-053,6.91,6.52,1,0.811,0.644,0,TRAIN,SYNTHETIC
CASE-00341,ATM-017,7.17,6.44,1,0.739,0.633,0,TRAIN,SYNTHETIC
CASE-00341,ATM-101,8.31,4.88,1,0.752,0.336,0,TRAIN,SYNTHETIC
CASE-00341,ATM-059,8.94,6.08,1,0.852,0.627,0,TRAIN,SYNTHETIC
CASE-00341,ATM-005,8.96,7.78,1,0.673,0.706,0,TRAIN,SYNTHETIC
CASE-00342,ATM-120,1.22,0.81,1,0.52,0.973,0,TRAIN,SYNTHETIC
CASE-00342,ATM-078,2.38,1.58,1,0.545,0.205,0,TRAIN,SYNTHETIC
CASE-00342,ATM-018,4.57,5.53,1,0.953,0.759,0,TRAIN,SYNTHETIC
CASE-00342,ATM-072,5.09,4.01,1,0.496,0.245,0,TRAIN,SYNTHETIC
CASE-00342,ATM-048,6.51,7.87,1,0.516,0.9,0,TRAIN,SYNTHETIC
CASE-00342,ATM-042,6.91,6.7,1,0.995,0.617,0,TRAIN,SYNTHETIC
CASE-00342,ATM-024,6.94,8.24,1,0.87,0.369,0,TRAIN,SYNTHETIC
CASE-00342,ATM-066,7.01,5.69,1,0.761,0.345,0,TRAIN,SYNTHETIC
CASE-00343,ATM-001,2.76,1.72,1,0.521,0.38,0,TRAIN,SYNTHETIC
CASE-00343,ATM-073,3.01,1.7,1,0.781,0.657,0,TRAIN,SYNTHETIC
CASE-00343,ATM-103,4.3,4.79,1,0.547,0.333,0,TRAIN,SYNTHETIC
CASE-00343,ATM-043,5.15,5.79,1,0.493,0.133,0,TRAIN,SYNTHETIC
CASE-00343,ATM-115,5.3,6.57,1,0.63,0.3,0,TRAIN,SYNTHETIC
CASE-00343,ATM-085,7.22,8.19,1,0.454,0.601,0,TRAIN,SYNTHETIC
CASE-00343,ATM-025,7.23,7.36,1,0.986,0.933,0,TRAIN,SYNTHETIC
CASE-00343,ATM-067,7.39,4.68,1,0.975,0.629,0,TRAIN,SYNTHETIC
CASE-00344,ATM-020,2.69,1.96,1,0.492,0.033,0,TRAIN,SYNTHETIC
CASE-00344,ATM-086,2.9,3.99,1,0.971,0.318,0,TRAIN,SYNTHETIC
CASE-00344,ATM-032,3.44,2.97,1,0.456,0.101,0,TRAIN,SYNTHETIC
CASE-00344,ATM-074,4.87,3.02,1,0.62,0.757,0,TRAIN,SYNTHETIC
CASE-00344,ATM-116,5.43,4.96,1,0.949,0.375,0,TRAIN,SYNTHETIC
CASE-00344,ATM-110,6.49,3.7,1,0.535,0.411,0,TRAIN,SYNTHETIC
CASE-00344,ATM-080,6.52,5.63,1,0.503,0.149,0,TRAIN,SYNTHETIC
CASE-00344,ATM-008,7.41,6.69,1,0.581,0.646,0,TRAIN,SYNTHETIC
CASE-00345,ATM-099,4.13,4.22,1,0.577,0.417,0,TRAIN,SYNTHETIC
CASE-00345,ATM-075,4.56,4.87,1,0.865,0.869,0,TRAIN,SYNTHETIC
CASE-00345,ATM-009,5.24,6.94,1,0.834,0.2,0,TRAIN,SYNTHETIC
CASE-00345,ATM-105,5.66,4.46,1,0.96,0.255,0,TRAIN,SYNTHETIC
CASE-00345,ATM-027,6.31,4.9,1,0.94,0.263,0,TRAIN,SYNTHETIC
CASE-00345,ATM-021,7.1,6.94,1,0.881,0.27,0,TRAIN,SYNTHETIC
CASE-00345,ATM-081,7.72,8.55,1,0.751,0.406,0,TRAIN,SYNTHETIC
CASE-00345,ATM-003,7.98,9.47,1,0.844,0.526,0,TRAIN,SYNTHETIC
CASE-00346,ATM-046,1.99,2.88,1,0.887,0.656,0,TRAIN,SYNTHETIC
CASE-00346,ATM-040,2.48,3.04,1,0.839,0.377,0,TRAIN,SYNTHETIC
CASE-00346,ATM-064,2.56,1.55,1,0.996,0.615,0,TRAIN,SYNTHETIC
CASE-00346,ATM-094,2.91,2.7,1,0.858,0.789,0,TRAIN,SYNTHETIC
CASE-00346,ATM-112,5.05,6,1,0.663,0.82,0,TRAIN,SYNTHETIC
CASE-00346,ATM-004,6.3,7.17,1,0.832,0.915,0,TRAIN,SYNTHETIC
CASE-00346,ATM-088,7.76,11.17,1,0.455,0.604,0,TRAIN,SYNTHETIC
CASE-00346,ATM-058,8.21,8.39,1,0.742,0.707,0,TRAIN,SYNTHETIC
CASE-00347,ATM-119,1.38,1.51,1,0.505,0.59,0,TRAIN,SYNTHETIC
CASE-00347,ATM-077,2.57,3.56,1,0.817,0.444,0,TRAIN,SYNTHETIC
CASE-00347,ATM-041,4.57,4.97,1,0.91,0.204,0,TRAIN,SYNTHETIC
CASE-00347,ATM-053,6.91,8.53,1,0.997,0.639,0,TRAIN,SYNTHETIC
CASE-00347,ATM-017,7.17,3.99,1,0.482,0.877,0,TRAIN,SYNTHETIC
CASE-00347,ATM-101,8.31,5.15,1,0.87,0.098,0,TRAIN,SYNTHETIC
CASE-00347,ATM-059,8.94,7.96,1,0.596,0.383,0,TRAIN,SYNTHETIC
CASE-00347,ATM-005,8.96,12.98,1,0.537,0.091,0,TRAIN,SYNTHETIC
CASE-00348,ATM-120,1.22,1,1,0.612,0.715,0,TRAIN,SYNTHETIC
CASE-00348,ATM-078,2.38,2.16,1,0.894,0.571,0,TRAIN,SYNTHETIC
CASE-00348,ATM-018,4.57,6.34,1,0.999,0.624,0,TRAIN,SYNTHETIC
CASE-00348,ATM-072,5.09,4.63,1,0.866,0.748,0,TRAIN,SYNTHETIC
CASE-00348,ATM-048,6.51,8.45,1,0.531,0.657,0,TRAIN,SYNTHETIC
CASE-00348,ATM-042,6.91,7.18,1,0.747,0.866,0,TRAIN,SYNTHETIC
CASE-00348,ATM-024,6.94,7.52,1,0.502,0.465,0,TRAIN,SYNTHETIC
CASE-00348,ATM-066,7.01,5.99,1,0.784,0.712,0,TRAIN,SYNTHETIC
CASE-00349,ATM-001,2.76,2.1,1,0.498,0.841,0,TRAIN,SYNTHETIC
CASE-00349,ATM-073,3.01,3.64,1,0.929,0.656,0,TRAIN,SYNTHETIC
CASE-00349,ATM-103,4.3,4.92,1,0.884,0.246,0,TRAIN,SYNTHETIC
CASE-00349,ATM-043,5.15,5.11,1,0.878,0.871,0,TRAIN,SYNTHETIC
CASE-00349,ATM-115,5.3,4.18,1,0.805,0.398,0,TRAIN,SYNTHETIC
CASE-00349,ATM-085,7.22,9.16,1,0.48,0.076,0,TRAIN,SYNTHETIC
CASE-00349,ATM-025,7.23,4.19,1,0.513,0.785,0,TRAIN,SYNTHETIC
CASE-00349,ATM-069,504.66,572.66,0,0.494,0.496,1,TRAIN,SYNTHETIC
CASE-00350,ATM-020,2.69,3.47,1,0.949,0.681,0,TRAIN,SYNTHETIC
CASE-00350,ATM-086,2.9,3.07,1,0.811,0.545,0,TRAIN,SYNTHETIC
CASE-00350,ATM-032,3.44,3.68,1,0.572,0.183,0,TRAIN,SYNTHETIC
CASE-00350,ATM-074,4.87,6.19,1,0.903,0.731,0,TRAIN,SYNTHETIC
CASE-00350,ATM-116,5.43,3.8,1,0.512,0.267,0,TRAIN,SYNTHETIC
CASE-00350,ATM-110,6.49,3.76,1,0.68,0.683,0,TRAIN,SYNTHETIC
CASE-00350,ATM-080,6.52,5.55,1,0.987,0.102,0,TRAIN,SYNTHETIC
CASE-00350,ATM-008,7.41,5.76,1,0.566,0.784,0,TRAIN,SYNTHETIC
CASE-00351,ATM-099,4.13,3.67,1,0.618,0.561,0,TRAIN,SYNTHETIC
CASE-00351,ATM-075,4.56,6.53,1,0.911,0.346,0,TRAIN,SYNTHETIC
CASE-00351,ATM-009,5.24,7.33,1,0.874,0.068,0,TRAIN,SYNTHETIC
CASE-00351,ATM-105,5.66,6.12,1,0.674,0.747,0,TRAIN,SYNTHETIC
CASE-00351,ATM-027,6.31,9.04,1,0.882,0.353,0,TRAIN,SYNTHETIC
CASE-00351,ATM-021,7.1,9.25,1,0.721,0.016,0,TRAIN,SYNTHETIC
CASE-00351,ATM-081,7.72,5.29,1,0.905,0.639,0,TRAIN,SYNTHETIC
CASE-00351,ATM-069,13.39,8.38,1,0.825,0.327,1,TRAIN,SYNTHETIC
CASE-00352,ATM-046,1.99,2.46,1,0.867,0.589,0,TRAIN,SYNTHETIC
CASE-00352,ATM-040,2.48,1.95,1,0.484,0.96,0,TRAIN,SYNTHETIC
CASE-00352,ATM-064,2.56,2.09,1,0.767,0.073,0,TRAIN,SYNTHETIC
CASE-00352,ATM-094,2.91,2.7,1,0.976,0.724,0,TRAIN,SYNTHETIC
CASE-00352,ATM-112,5.05,4.62,1,0.622,0.304,0,TRAIN,SYNTHETIC
CASE-00352,ATM-004,6.3,5.73,1,0.701,0.317,0,TRAIN,SYNTHETIC
CASE-00352,ATM-088,7.76,6.78,1,0.653,0.862,0,TRAIN,SYNTHETIC
CASE-00352,ATM-047,897.27,1022.55,0,0.994,0.658,1,TRAIN,SYNTHETIC
CASE-00353,ATM-119,1.38,1.54,1,0.52,0.079,0,TRAIN,SYNTHETIC
CASE-00353,ATM-077,2.57,3.25,1,0.538,0.839,0,TRAIN,SYNTHETIC
CASE-00353,ATM-041,4.57,2.6,1,0.874,0.012,0,TRAIN,SYNTHETIC
CASE-00353,ATM-053,6.91,6.31,1,0.763,0.818,0,TRAIN,SYNTHETIC
CASE-00353,ATM-017,7.17,4.44,1,0.929,0.1,0,TRAIN,SYNTHETIC
CASE-00353,ATM-101,8.31,8.83,1,0.97,0.123,0,TRAIN,SYNTHETIC
CASE-00353,ATM-059,8.94,7.47,1,0.656,0.183,0,TRAIN,SYNTHETIC
CASE-00353,ATM-072,749.01,710.94,0,0.832,0.547,1,TRAIN,SYNTHETIC
CASE-00354,ATM-120,1.22,0.9,1,0.653,0.904,0,VALIDATION,SYNTHETIC
CASE-00354,ATM-078,2.38,1.48,1,0.837,0.294,0,VALIDATION,SYNTHETIC
CASE-00354,ATM-018,4.57,5.84,1,0.657,0.129,0,VALIDATION,SYNTHETIC
CASE-00354,ATM-072,5.09,3.81,1,0.518,0.949,0,VALIDATION,SYNTHETIC
CASE-00354,ATM-048,6.51,6.84,1,0.959,0.449,0,VALIDATION,SYNTHETIC
CASE-00354,ATM-042,6.91,7.96,1,0.973,0.281,0,VALIDATION,SYNTHETIC
CASE-00354,ATM-024,6.94,7.61,1,0.533,0.467,0,VALIDATION,SYNTHETIC
CASE-00354,ATM-106,718.38,585.2,0,0.93,0.123,1,VALIDATION,SYNTHETIC
CASE-00355,ATM-001,2.76,3.02,1,0.697,0.994,0,VALIDATION,SYNTHETIC
CASE-00355,ATM-073,3.01,3.85,1,0.864,0.25,0,VALIDATION,SYNTHETIC
CASE-00355,ATM-103,4.3,3.07,1,0.693,0.873,0,VALIDATION,SYNTHETIC
CASE-00355,ATM-043,5.15,6.54,1,0.822,0.006,0,VALIDATION,SYNTHETIC
CASE-00355,ATM-115,5.3,4.23,1,0.848,0.673,0,VALIDATION,SYNTHETIC
CASE-00355,ATM-085,7.22,6.3,1,0.641,0.594,0,VALIDATION,SYNTHETIC
CASE-00355,ATM-025,7.23,5.24,1,0.759,0.775,0,VALIDATION,SYNTHETIC
CASE-00355,ATM-067,7.39,10.32,1,0.705,0.311,0,VALIDATION,SYNTHETIC
CASE-00356,ATM-020,2.69,2.91,1,0.536,0.395,0,VALIDATION,SYNTHETIC
CASE-00356,ATM-086,2.9,4.16,1,0.786,0.657,0,VALIDATION,SYNTHETIC
CASE-00356,ATM-032,3.44,4.92,1,0.927,0.912,0,VALIDATION,SYNTHETIC
CASE-00356,ATM-074,4.87,6.77,1,0.683,0.22,0,VALIDATION,SYNTHETIC
CASE-00356,ATM-116,5.43,5.28,1,0.86,0.37,0,VALIDATION,SYNTHETIC
CASE-00356,ATM-110,6.49,5.11,1,0.964,0.595,0,VALIDATION,SYNTHETIC
CASE-00356,ATM-080,6.52,8.7,1,0.878,0.262,0,VALIDATION,SYNTHETIC
CASE-00356,ATM-008,7.41,7.28,1,0.46,0.319,0,VALIDATION,SYNTHETIC
CASE-00357,ATM-099,4.13,5.57,1,0.914,0.953,0,TEST,SYNTHETIC
CASE-00357,ATM-075,4.56,4.13,1,0.643,0.411,0,TEST,SYNTHETIC
CASE-00357,ATM-009,5.24,3.15,1,0.644,0.211,0,TEST,SYNTHETIC
CASE-00357,ATM-105,5.66,3.89,1,0.968,0.893,0,TEST,SYNTHETIC
CASE-00357,ATM-027,6.31,4.18,1,0.654,0.966,0,TEST,SYNTHETIC
CASE-00357,ATM-021,7.1,6.31,1,0.873,0.694,0,TEST,SYNTHETIC
CASE-00357,ATM-081,7.72,10.98,1,0.521,0.719,0,TEST,SYNTHETIC
CASE-00357,ATM-003,7.98,7.81,1,0.552,0.978,0,TEST,SYNTHETIC
CASE-00358,ATM-046,1.99,1.88,1,0.93,0.215,0,TEST,SYNTHETIC
CASE-00358,ATM-040,2.48,1.81,1,0.964,0.879,0,TEST,SYNTHETIC
CASE-00358,ATM-064,2.56,3.52,1,0.889,0.648,0,TEST,SYNTHETIC
CASE-00358,ATM-094,2.91,3.45,1,0.523,0.883,0,TEST,SYNTHETIC
CASE-00358,ATM-112,5.05,7.09,1,0.619,0.756,0,TEST,SYNTHETIC
CASE-00358,ATM-004,6.3,4.06,1,0.993,0.492,0,TEST,SYNTHETIC
CASE-00358,ATM-088,7.76,10.84,1,0.604,0.65,0,TEST,SYNTHETIC
CASE-00358,ATM-058,8.21,9.24,1,0.936,0.032,0,TEST,SYNTHETIC
CASE-00359,ATM-119,1.38,1.25,1,0.801,0.971,0,TEST,SYNTHETIC
CASE-00359,ATM-077,2.57,3.29,1,0.774,0.639,0,TEST,SYNTHETIC
CASE-00359,ATM-041,4.57,6.02,1,0.941,0.487,0,TEST,SYNTHETIC
CASE-00359,ATM-053,6.91,9.13,1,0.677,0.912,0,TEST,SYNTHETIC
CASE-00359,ATM-017,7.17,8.98,1,0.791,0.672,0,TEST,SYNTHETIC
CASE-00359,ATM-101,8.31,10.14,1,0.545,0.786,0,TEST,SYNTHETIC
CASE-00359,ATM-059,8.94,7.04,1,0.838,0.526,0,TEST,SYNTHETIC
CASE-00359,ATM-005,8.96,10.59,1,0.855,0.103,0,TEST,SYNTHETIC
CASE-00360,ATM-120,1.22,1.03,1,0.682,0.697,0,TRAIN,SYNTHETIC
CASE-00360,ATM-078,2.38,2.48,1,0.892,0.158,0,TRAIN,SYNTHETIC
CASE-00360,ATM-018,4.57,4.32,1,0.848,0.735,0,TRAIN,SYNTHETIC
CASE-00360,ATM-072,5.09,6.37,1,0.608,0.11,0,TRAIN,SYNTHETIC
CASE-00360,ATM-048,6.51,8.81,1,0.73,0.026,0,TRAIN,SYNTHETIC
CASE-00360,ATM-042,6.91,6.15,1,0.852,0.396,0,TRAIN,SYNTHETIC
CASE-00360,ATM-024,6.94,4.32,1,0.69,0.672,0,TRAIN,SYNTHETIC
CASE-00360,ATM-066,7.01,9.26,1,0.464,0.122,0,TRAIN,SYNTHETIC
CASE-00361,ATM-001,2.76,3.68,1,0.806,0.871,0,TRAIN,SYNTHETIC
CASE-00361,ATM-073,3.01,4.09,1,0.526,0.816,0,TRAIN,SYNTHETIC
CASE-00361,ATM-103,4.3,5.91,1,0.691,0.534,0,TRAIN,SYNTHETIC
CASE-00361,ATM-043,5.15,4.83,1,0.676,0.612,0,TRAIN,SYNTHETIC
CASE-00361,ATM-115,5.3,5.49,1,0.709,0.576,0,TRAIN,SYNTHETIC
CASE-00361,ATM-085,7.22,9.58,1,0.897,0.986,0,TRAIN,SYNTHETIC
CASE-00361,ATM-025,7.23,4.22,1,0.82,0.567,0,TRAIN,SYNTHETIC
CASE-00361,ATM-062,281.08,281.42,0,0.844,0.156,1,TRAIN,SYNTHETIC
CASE-00362,ATM-020,2.69,1.85,1,0.937,0.465,0,TRAIN,SYNTHETIC
CASE-00362,ATM-086,2.9,4.19,1,0.967,0.146,0,TRAIN,SYNTHETIC
CASE-00362,ATM-032,3.44,4.03,1,0.985,0.846,0,TRAIN,SYNTHETIC
CASE-00362,ATM-074,4.87,6.23,1,0.587,0.913,0,TRAIN,SYNTHETIC
CASE-00362,ATM-116,5.43,6.13,1,0.89,0.674,0,TRAIN,SYNTHETIC
CASE-00362,ATM-110,6.49,8.34,1,0.571,0.399,0,TRAIN,SYNTHETIC
CASE-00362,ATM-080,6.52,8.01,1,0.612,0.83,0,TRAIN,SYNTHETIC
CASE-00362,ATM-013,279.57,173.11,0,0.957,0.707,1,TRAIN,SYNTHETIC
CASE-00363,ATM-099,4.13,2.43,1,0.469,0.866,0,TRAIN,SYNTHETIC
CASE-00363,ATM-075,4.56,4.61,1,0.804,0.023,0,TRAIN,SYNTHETIC
CASE-00363,ATM-009,5.24,6.27,1,0.922,0.993,0,TRAIN,SYNTHETIC
CASE-00363,ATM-105,5.66,5.56,1,0.801,0.331,0,TRAIN,SYNTHETIC
CASE-00363,ATM-027,6.31,4.09,1,0.595,0.933,0,TRAIN,SYNTHETIC
CASE-00363,ATM-021,7.1,9.39,1,0.524,0.988,0,TRAIN,SYNTHETIC
CASE-00363,ATM-081,7.72,8.74,1,0.776,0.943,0,TRAIN,SYNTHETIC
CASE-00363,ATM-022,735.05,452.06,0,0.801,0.282,1,TRAIN,SYNTHETIC
CASE-00364,ATM-046,1.99,1.47,1,0.693,0.439,0,TRAIN,SYNTHETIC
CASE-00364,ATM-040,2.48,1.65,1,0.923,0.541,0,TRAIN,SYNTHETIC
CASE-00364,ATM-064,2.56,1.75,1,0.534,0.893,0,TRAIN,SYNTHETIC
CASE-00364,ATM-094,2.91,3.99,1,0.531,0.874,0,TRAIN,SYNTHETIC
CASE-00364,ATM-112,5.05,5.22,1,0.514,0.762,0,TRAIN,SYNTHETIC
CASE-00364,ATM-004,6.3,8.51,1,0.969,0.204,0,TRAIN,SYNTHETIC
CASE-00364,ATM-088,7.76,8.13,1,0.82,0.825,0,TRAIN,SYNTHETIC
CASE-00364,ATM-058,8.21,6.07,1,0.7,0.255,0,TRAIN,SYNTHETIC
CASE-00365,ATM-119,1.38,1.05,1,0.846,0.771,0,TRAIN,SYNTHETIC
CASE-00365,ATM-077,2.57,2.48,1,0.462,0.609,0,TRAIN,SYNTHETIC
CASE-00365,ATM-041,4.57,5.54,1,0.746,0.062,0,TRAIN,SYNTHETIC
CASE-00365,ATM-053,6.91,8.05,1,0.452,0.055,0,TRAIN,SYNTHETIC
CASE-00365,ATM-017,7.17,5.64,1,0.888,0.956,0,TRAIN,SYNTHETIC
CASE-00365,ATM-101,8.31,5.8,1,0.584,0.365,0,TRAIN,SYNTHETIC
CASE-00365,ATM-059,8.94,6.47,1,0.611,0.887,0,TRAIN,SYNTHETIC
CASE-00365,ATM-005,8.96,8.47,1,0.989,0.383,0,TRAIN,SYNTHETIC
CASE-00366,ATM-120,1.22,0.71,1,0.832,0.952,0,TRAIN,SYNTHETIC
CASE-00366,ATM-078,2.38,1.88,1,0.72,0.062,0,TRAIN,SYNTHETIC
CASE-00366,ATM-018,4.57,6.28,1,0.481,0.172,0,TRAIN,SYNTHETIC
CASE-00366,ATM-072,5.09,5.28,1,0.77,0.096,0,TRAIN,SYNTHETIC
CASE-00366,ATM-048,6.51,4.43,1,0.913,0.498,0,TRAIN,SYNTHETIC
CASE-00366,ATM-042,6.91,9.58,1,0.906,0.434,0,TRAIN,SYNTHETIC
CASE-00366,ATM-024,6.94,8.3,1,0.549,0.918,0,TRAIN,SYNTHETIC
CASE-00366,ATM-066,7.01,9.63,1,0.743,0.926,0,TRAIN,SYNTHETIC
CASE-00367,ATM-001,2.76,2.13,1,0.487,0.893,0,TRAIN,SYNTHETIC
CASE-00367,ATM-073,3.01,3.12,1,0.998,0.734,0,TRAIN,SYNTHETIC
CASE-00367,ATM-103,4.3,5.68,1,0.927,0.246,0,TRAIN,SYNTHETIC
CASE-00367,ATM-043,5.15,5.02,1,0.63,0.148,0,TRAIN,SYNTHETIC
CASE-00367,ATM-115,5.3,7.44,1,0.697,0.353,0,TRAIN,SYNTHETIC
CASE-00367,ATM-085,7.22,6.34,1,0.522,0.197,0,TRAIN,SYNTHETIC
CASE-00367,ATM-025,7.23,10.23,1,0.997,0.083,1,TRAIN,SYNTHETIC
CASE-00367,ATM-067,7.39,6.18,1,0.636,0.004,0,TRAIN,SYNTHETIC
CASE-00368,ATM-020,2.69,3.26,1,0.748,0.842,0,TRAIN,SYNTHETIC
CASE-00368,ATM-086,2.9,3.71,1,0.456,0.799,0,TRAIN,SYNTHETIC
CASE-00368,ATM-032,3.44,4.71,1,0.764,0.289,0,TRAIN,SYNTHETIC
CASE-00368,ATM-074,4.87,5.54,1,0.881,0.439,0,TRAIN,SYNTHETIC
CASE-00368,ATM-116,5.43,4.44,1,0.548,0.703,0,TRAIN,SYNTHETIC
CASE-00368,ATM-110,6.49,9.17,1,0.61,0.282,0,TRAIN,SYNTHETIC
CASE-00368,ATM-080,6.52,4.91,1,0.454,0.347,0,TRAIN,SYNTHETIC
CASE-00368,ATM-057,504.9,665.64,0,0.999,0.158,1,TRAIN,SYNTHETIC
CASE-00369,ATM-099,4.13,5.05,1,0.709,0.201,0,TRAIN,SYNTHETIC
CASE-00369,ATM-075,4.56,6.28,1,0.774,0.125,0,TRAIN,SYNTHETIC
CASE-00369,ATM-009,5.24,7.57,1,0.473,0.076,0,TRAIN,SYNTHETIC
CASE-00369,ATM-105,5.66,7.39,1,0.753,0.041,0,TRAIN,SYNTHETIC
CASE-00369,ATM-027,6.31,3.75,1,0.959,0.803,0,TRAIN,SYNTHETIC
CASE-00369,ATM-021,7.1,8.59,1,0.501,0.769,0,TRAIN,SYNTHETIC
CASE-00369,ATM-081,7.72,6.95,1,0.462,0.187,0,TRAIN,SYNTHETIC
CASE-00369,ATM-003,7.98,4.58,1,0.675,0.125,0,TRAIN,SYNTHETIC
CASE-00370,ATM-046,1.99,2.04,1,0.772,0.977,0,TRAIN,SYNTHETIC
CASE-00370,ATM-040,2.48,2.53,1,0.749,0.957,0,TRAIN,SYNTHETIC
CASE-00370,ATM-064,2.56,1.41,1,0.732,0.433,0,TRAIN,SYNTHETIC
CASE-00370,ATM-094,2.91,3.79,1,0.524,0.63,0,TRAIN,SYNTHETIC
CASE-00370,ATM-112,5.05,5.28,1,0.661,0.555,0,TRAIN,SYNTHETIC
CASE-00370,ATM-004,6.3,5.61,1,0.504,0.258,0,TRAIN,SYNTHETIC
CASE-00370,ATM-088,7.76,8.79,1,0.628,0.052,0,TRAIN,SYNTHETIC
CASE-00370,ATM-058,8.21,5.64,1,0.858,0.46,0,TRAIN,SYNTHETIC
CASE-00371,ATM-119,1.38,1.57,1,0.759,0.153,0,TRAIN,SYNTHETIC
CASE-00371,ATM-077,2.57,3.69,1,0.607,0.937,0,TRAIN,SYNTHETIC
CASE-00371,ATM-041,4.57,5.1,1,0.927,0.749,0,TRAIN,SYNTHETIC
CASE-00371,ATM-053,6.91,3.99,1,0.906,0.14,0,TRAIN,SYNTHETIC
CASE-00371,ATM-017,7.17,8.62,1,0.665,0.894,0,TRAIN,SYNTHETIC
CASE-00371,ATM-101,8.31,5.08,1,0.46,0.108,0,TRAIN,SYNTHETIC
CASE-00371,ATM-059,8.94,5.57,1,0.919,0.178,0,TRAIN,SYNTHETIC
CASE-00371,ATM-060,748.44,721.57,0,0.455,0.897,1,TRAIN,SYNTHETIC
CASE-00372,ATM-120,1.22,1.16,1,0.558,0.421,0,TRAIN,SYNTHETIC
CASE-00372,ATM-078,2.38,2.86,1,0.474,0.81,0,TRAIN,SYNTHETIC
CASE-00372,ATM-018,4.57,3.19,1,0.746,0.658,0,TRAIN,SYNTHETIC
CASE-00372,ATM-072,5.09,6.7,1,0.715,0.022,0,TRAIN,SYNTHETIC
CASE-00372,ATM-048,6.51,8.83,1,0.517,0.494,0,TRAIN,SYNTHETIC
CASE-00372,ATM-042,6.91,9.32,1,0.472,0.815,0,TRAIN,SYNTHETIC
CASE-00372,ATM-024,6.94,4.4,1,0.842,0.353,0,TRAIN,SYNTHETIC
CASE-00372,ATM-066,7.01,7.38,1,0.532,0.158,0,TRAIN,SYNTHETIC
CASE-00373,ATM-001,2.76,2.06,1,0.827,0.136,0,TRAIN,SYNTHETIC
CASE-00373,ATM-073,3.01,2.82,1,0.948,0.15,0,TRAIN,SYNTHETIC
CASE-00373,ATM-103,4.3,3.4,1,0.763,0.212,0,TRAIN,SYNTHETIC
CASE-00373,ATM-043,5.15,3.56,1,0.583,0.996,0,TRAIN,SYNTHETIC
CASE-00373,ATM-115,5.3,5,1,0.552,0.982,0,TRAIN,SYNTHETIC
CASE-00373,ATM-085,7.22,5.69,1,0.732,0.071,0,TRAIN,SYNTHETIC
CASE-00373,ATM-025,7.23,6.13,1,0.8,0.496,0,TRAIN,SYNTHETIC
CASE-00373,ATM-092,287.89,322.84,0,0.549,0.577,1,TRAIN,SYNTHETIC
CASE-00374,ATM-020,2.69,3.29,1,0.497,0.563,0,VALIDATION,SYNTHETIC
CASE-00374,ATM-086,2.9,2.52,1,0.911,0.592,0,VALIDATION,SYNTHETIC
CASE-00374,ATM-032,3.44,3.56,1,0.737,0.062,0,VALIDATION,SYNTHETIC
CASE-00374,ATM-074,4.87,4.26,1,0.501,0.423,0,VALIDATION,SYNTHETIC
CASE-00374,ATM-116,5.43,6.03,1,0.57,0.793,0,VALIDATION,SYNTHETIC
CASE-00374,ATM-110,6.49,8.29,1,0.77,0.963,0,VALIDATION,SYNTHETIC
CASE-00374,ATM-080,6.52,4.06,1,0.497,0.162,0,VALIDATION,SYNTHETIC
CASE-00374,ATM-008,7.41,5.51,1,0.906,0.486,0,VALIDATION,SYNTHETIC
CASE-00375,ATM-099,4.13,3.84,1,0.498,0.909,0,VALIDATION,SYNTHETIC
CASE-00375,ATM-075,4.56,4.8,1,0.681,0.899,0,VALIDATION,SYNTHETIC
CASE-00375,ATM-009,5.24,5.96,1,0.713,0.091,0,VALIDATION,SYNTHETIC
CASE-00375,ATM-105,5.66,4.19,1,0.948,0.173,0,VALIDATION,SYNTHETIC
CASE-00375,ATM-027,6.31,7.19,1,0.599,0.686,0,VALIDATION,SYNTHETIC
CASE-00375,ATM-021,7.1,8.16,1,0.832,0.211,0,VALIDATION,SYNTHETIC
CASE-00375,ATM-081,7.72,6.83,1,0.901,0.732,0,VALIDATION,SYNTHETIC
CASE-00375,ATM-003,7.98,5.95,1,0.83,0.673,0,VALIDATION,SYNTHETIC
CASE-00376,ATM-046,1.99,1.19,1,0.489,0.378,0,VALIDATION,SYNTHETIC
CASE-00376,ATM-040,2.48,3.03,1,0.507,0.022,0,VALIDATION,SYNTHETIC
CASE-00376,ATM-064,2.56,3.24,1,0.487,0.997,0,VALIDATION,SYNTHETIC
CASE-00376,ATM-094,2.91,3.88,1,0.773,0.448,0,VALIDATION,SYNTHETIC
CASE-00376,ATM-112,5.05,3.14,1,0.559,0.391,0,VALIDATION,SYNTHETIC
CASE-00376,ATM-004,6.3,4.77,1,0.914,0.563,0,VALIDATION,SYNTHETIC
CASE-00376,ATM-088,7.76,6.05,1,0.771,0.588,0,VALIDATION,SYNTHETIC
CASE-00376,ATM-005,906.86,1091.3,0,0.705,0.507,1,VALIDATION,SYNTHETIC
CASE-00377,ATM-119,1.38,1.16,1,0.719,0.428,0,TEST,SYNTHETIC
CASE-00377,ATM-077,2.57,1.77,1,0.813,0.109,0,TEST,SYNTHETIC
CASE-00377,ATM-041,4.57,2.6,1,0.945,0.981,0,TEST,SYNTHETIC
CASE-00377,ATM-053,6.91,4.5,1,0.618,0.793,0,TEST,SYNTHETIC
CASE-00377,ATM-017,7.17,4.22,1,0.709,0.51,0,TEST,SYNTHETIC
CASE-00377,ATM-101,8.31,5.36,1,0.807,0.338,0,TEST,SYNTHETIC
CASE-00377,ATM-059,8.94,9.45,1,0.548,0.157,0,TEST,SYNTHETIC
CASE-00377,ATM-005,8.96,8.85,1,0.549,0.094,0,TEST,SYNTHETIC
CASE-00378,ATM-120,1.22,1.74,1,0.77,0.362,0,TEST,SYNTHETIC
CASE-00378,ATM-078,2.38,3.41,1,0.474,0.288,0,TEST,SYNTHETIC
CASE-00378,ATM-018,4.57,3.6,1,0.646,0.277,0,TEST,SYNTHETIC
CASE-00378,ATM-072,5.09,4.15,1,0.52,0.503,0,TEST,SYNTHETIC
CASE-00378,ATM-048,6.51,5.78,1,0.495,0.577,0,TEST,SYNTHETIC
CASE-00378,ATM-042,6.91,8.18,1,0.704,0.594,0,TEST,SYNTHETIC
CASE-00378,ATM-024,6.94,5.01,1,0.816,0.241,0,TEST,SYNTHETIC
CASE-00378,ATM-066,7.01,6.2,1,0.611,0.539,0,TEST,SYNTHETIC
CASE-00379,ATM-001,2.76,2.1,1,0.897,0.438,0,TEST,SYNTHETIC
CASE-00379,ATM-073,3.01,3.61,1,0.738,0.196,0,TEST,SYNTHETIC
CASE-00379,ATM-103,4.3,6.01,1,0.622,0.169,0,TEST,SYNTHETIC
CASE-00379,ATM-043,5.15,3.6,1,0.908,0.531,0,TEST,SYNTHETIC
CASE-00379,ATM-115,5.3,6.19,1,0.56,0.569,0,TEST,SYNTHETIC
CASE-00379,ATM-085,7.22,7.15,1,0.587,0.987,0,TEST,SYNTHETIC
CASE-00379,ATM-025,7.23,6.77,1,0.645,0.477,0,TEST,SYNTHETIC
CASE-00379,ATM-067,7.39,6.88,1,0.645,0.427,0,TEST,SYNTHETIC
CASE-00380,ATM-020,2.69,3.82,1,0.746,0.953,0,TRAIN,SYNTHETIC
CASE-00380,ATM-086,2.9,2.27,1,0.953,0.279,0,TRAIN,SYNTHETIC
CASE-00380,ATM-032,3.44,4.06,1,0.976,0.557,0,TRAIN,SYNTHETIC
CASE-00380,ATM-074,4.87,2.9,1,0.907,0.411,0,TRAIN,SYNTHETIC
CASE-00380,ATM-116,5.43,3.61,1,0.623,0.764,0,TRAIN,SYNTHETIC
CASE-00380,ATM-110,6.49,7.19,1,0.617,0.561,0,TRAIN,SYNTHETIC
CASE-00380,ATM-080,6.52,4.94,1,0.741,0.416,0,TRAIN,SYNTHETIC
CASE-00380,ATM-008,7.41,5.09,1,0.609,0.751,0,TRAIN,SYNTHETIC
CASE-00381,ATM-099,4.13,2.98,1,0.673,0.3,0,TRAIN,SYNTHETIC
CASE-00381,ATM-075,4.56,5.07,1,0.754,0.209,0,TRAIN,SYNTHETIC
CASE-00381,ATM-009,5.24,6.95,1,0.997,0.626,0,TRAIN,SYNTHETIC
CASE-00381,ATM-105,5.66,3.41,1,0.507,0.553,0,TRAIN,SYNTHETIC
CASE-00381,ATM-027,6.31,4.05,1,0.462,0.18,0,TRAIN,SYNTHETIC
CASE-00381,ATM-021,7.1,6.82,1,0.75,0.633,0,TRAIN,SYNTHETIC
CASE-00381,ATM-081,7.72,10.47,1,0.78,0.841,0,TRAIN,SYNTHETIC
CASE-00381,ATM-003,7.98,5.94,1,0.62,0.344,0,TRAIN,SYNTHETIC
CASE-00382,ATM-046,1.99,2.45,1,0.551,0.318,0,TRAIN,SYNTHETIC
CASE-00382,ATM-040,2.48,1.97,1,0.764,0.74,0,TRAIN,SYNTHETIC
CASE-00382,ATM-064,2.56,3.47,1,0.488,0.237,0,TRAIN,SYNTHETIC
CASE-00382,ATM-094,2.91,3.43,1,0.772,0.93,0,TRAIN,SYNTHETIC
CASE-00382,ATM-112,5.05,6.72,1,0.498,0.634,0,TRAIN,SYNTHETIC
CASE-00382,ATM-004,6.3,7.07,1,0.675,0.714,0,TRAIN,SYNTHETIC
CASE-00382,ATM-088,7.76,10.63,1,0.493,0.237,0,TRAIN,SYNTHETIC
CASE-00382,ATM-058,8.21,8.14,1,0.997,0.722,0,TRAIN,SYNTHETIC
CASE-00383,ATM-119,1.38,1.13,1,0.507,0.664,0,TRAIN,SYNTHETIC
CASE-00383,ATM-077,2.57,3.34,1,0.488,0.186,0,TRAIN,SYNTHETIC
CASE-00383,ATM-041,4.57,3.07,1,0.968,0.421,0,TRAIN,SYNTHETIC
CASE-00383,ATM-053,6.91,6.75,1,0.668,0.954,0,TRAIN,SYNTHETIC
CASE-00383,ATM-017,7.17,6.33,1,0.592,0.057,0,TRAIN,SYNTHETIC
CASE-00383,ATM-101,8.31,5.21,1,0.605,0.011,0,TRAIN,SYNTHETIC
CASE-00383,ATM-059,8.94,11.17,1,0.59,0.585,0,TRAIN,SYNTHETIC
CASE-00383,ATM-005,8.96,12.99,1,0.904,0.128,0,TRAIN,SYNTHETIC
CASE-00384,ATM-120,1.22,1,1,0.788,0.746,1,TRAIN,SYNTHETIC
CASE-00384,ATM-078,2.38,1.55,1,0.649,0.764,0,TRAIN,SYNTHETIC
CASE-00384,ATM-018,4.57,6.54,1,0.516,0.812,0,TRAIN,SYNTHETIC
CASE-00384,ATM-072,5.09,2.87,1,0.769,0.914,0,TRAIN,SYNTHETIC
CASE-00384,ATM-048,6.51,8.68,1,0.52,0.07,0,TRAIN,SYNTHETIC
CASE-00384,ATM-042,6.91,9.58,1,0.543,0.246,0,TRAIN,SYNTHETIC
CASE-00384,ATM-024,6.94,4.49,1,0.533,0.764,0,TRAIN,SYNTHETIC
CASE-00384,ATM-066,7.01,9.95,1,0.618,0.034,0,TRAIN,SYNTHETIC
CASE-00385,ATM-001,2.76,2.19,1,0.556,0.501,0,TRAIN,SYNTHETIC
CASE-00385,ATM-073,3.01,2.93,1,0.952,0.477,0,TRAIN,SYNTHETIC
CASE-00385,ATM-103,4.3,3.74,1,0.507,0.06,0,TRAIN,SYNTHETIC
CASE-00385,ATM-043,5.15,5.74,1,0.452,0.994,0,TRAIN,SYNTHETIC
CASE-00385,ATM-115,5.3,4.96,1,0.767,0.361,0,TRAIN,SYNTHETIC
CASE-00385,ATM-085,7.22,7.21,1,0.87,0.064,0,TRAIN,SYNTHETIC
CASE-00385,ATM-025,7.23,4.13,1,0.828,0.285,0,TRAIN,SYNTHETIC
CASE-00385,ATM-067,7.39,5.65,1,0.551,0.247,0,TRAIN,SYNTHETIC
CASE-00386,ATM-020,2.69,2.12,1,0.841,0.248,0,TRAIN,SYNTHETIC
CASE-00386,ATM-086,2.9,2.51,1,0.564,0.931,0,TRAIN,SYNTHETIC
CASE-00386,ATM-032,3.44,2.03,1,0.876,0.094,0,TRAIN,SYNTHETIC
CASE-00386,ATM-074,4.87,5.37,1,0.653,0.554,0,TRAIN,SYNTHETIC
CASE-00386,ATM-116,5.43,3.1,1,0.668,0.447,0,TRAIN,SYNTHETIC
CASE-00386,ATM-110,6.49,5.44,1,0.919,0.92,0,TRAIN,SYNTHETIC
CASE-00386,ATM-080,6.52,8.01,1,0.876,0.536,0,TRAIN,SYNTHETIC
CASE-00386,ATM-008,7.41,10.65,1,0.823,0.656,0,TRAIN,SYNTHETIC
CASE-00387,ATM-099,4.13,4.46,1,0.634,0.296,0,TRAIN,SYNTHETIC
CASE-00387,ATM-075,4.56,4.38,1,0.569,0.381,0,TRAIN,SYNTHETIC
CASE-00387,ATM-009,5.24,2.99,1,0.799,0.073,0,TRAIN,SYNTHETIC
CASE-00387,ATM-105,5.66,8.19,1,0.761,0.761,0,TRAIN,SYNTHETIC
CASE-00387,ATM-027,6.31,4.51,1,0.773,0.401,0,TRAIN,SYNTHETIC
CASE-00387,ATM-021,7.1,4.3,1,0.692,0.636,0,TRAIN,SYNTHETIC
CASE-00387,ATM-081,7.72,10.15,1,0.587,0.681,0,TRAIN,SYNTHETIC
CASE-00387,ATM-003,7.98,7.14,1,0.509,0.577,0,TRAIN,SYNTHETIC
CASE-00388,ATM-046,1.99,1.3,1,0.805,0.29,0,TRAIN,SYNTHETIC
CASE-00388,ATM-040,2.48,3.55,1,0.728,0.468,0,TRAIN,SYNTHETIC
CASE-00388,ATM-064,2.56,1.54,1,0.886,0.66,0,TRAIN,SYNTHETIC
CASE-00388,ATM-094,2.91,2.96,1,0.726,0.329,0,TRAIN,SYNTHETIC
CASE-00388,ATM-112,5.05,2.85,1,0.887,0.236,0,TRAIN,SYNTHETIC
CASE-00388,ATM-004,6.3,7.07,1,0.96,0.237,0,TRAIN,SYNTHETIC
CASE-00388,ATM-088,7.76,10,1,0.487,0.849,0,TRAIN,SYNTHETIC
CASE-00388,ATM-058,8.21,6.99,1,0.688,0.296,0,TRAIN,SYNTHETIC
CASE-00389,ATM-119,1.38,1.67,1,0.561,0.31,0,TRAIN,SYNTHETIC
CASE-00389,ATM-077,2.57,1.87,1,0.963,0.218,0,TRAIN,SYNTHETIC
CASE-00389,ATM-041,4.57,4.01,1,0.807,0.045,0,TRAIN,SYNTHETIC
CASE-00389,ATM-053,6.91,6.66,1,0.706,0.246,0,TRAIN,SYNTHETIC
CASE-00389,ATM-017,7.17,8.26,1,0.646,0.582,0,TRAIN,SYNTHETIC
CASE-00389,ATM-101,8.31,5.01,1,0.576,0.082,0,TRAIN,SYNTHETIC
CASE-00389,ATM-059,8.94,6.4,1,0.751,0.402,0,TRAIN,SYNTHETIC
CASE-00389,ATM-005,8.96,5.73,1,0.902,0.972,0,TRAIN,SYNTHETIC
CASE-00390,ATM-120,1.22,1.47,1,0.938,0.249,0,TRAIN,SYNTHETIC
CASE-00390,ATM-078,2.38,2.77,1,0.893,0.857,0,TRAIN,SYNTHETIC
CASE-00390,ATM-018,4.57,3.11,1,0.625,0.552,0,TRAIN,SYNTHETIC
CASE-00390,ATM-072,5.09,5.5,1,0.963,0.357,0,TRAIN,SYNTHETIC
CASE-00390,ATM-048,6.51,4.02,1,0.902,0.434,0,TRAIN,SYNTHETIC
CASE-00390,ATM-042,6.91,7.81,1,0.547,0.944,0,TRAIN,SYNTHETIC
CASE-00390,ATM-024,6.94,4.72,1,0.592,0.486,0,TRAIN,SYNTHETIC
CASE-00390,ATM-047,761.63,1047.05,0,0.601,0.345,1,TRAIN,SYNTHETIC
CASE-00391,ATM-001,2.76,3.9,1,0.971,0.405,0,TRAIN,SYNTHETIC
CASE-00391,ATM-073,3.01,4.25,1,0.705,0.999,0,TRAIN,SYNTHETIC
CASE-00391,ATM-103,4.3,4.47,1,0.942,0.699,0,TRAIN,SYNTHETIC
CASE-00391,ATM-043,5.15,6.28,1,0.645,0.019,0,TRAIN,SYNTHETIC
CASE-00391,ATM-115,5.3,3.82,1,0.837,0.406,0,TRAIN,SYNTHETIC
CASE-00391,ATM-085,7.22,8.68,1,0.891,0.856,0,TRAIN,SYNTHETIC
CASE-00391,ATM-025,7.23,9.76,1,0.575,0.447,0,TRAIN,SYNTHETIC
CASE-00391,ATM-067,7.39,5.63,1,0.451,0.29,0,TRAIN,SYNTHETIC
CASE-00392,ATM-020,2.69,1.72,1,0.57,0.604,0,TRAIN,SYNTHETIC
CASE-00392,ATM-086,2.9,3.79,1,0.637,0.663,0,TRAIN,SYNTHETIC
CASE-00392,ATM-032,3.44,3.13,1,0.794,0.768,0,TRAIN,SYNTHETIC
CASE-00392,ATM-074,4.87,2.74,1,0.457,0.161,0,TRAIN,SYNTHETIC
CASE-00392,ATM-116,5.43,5.17,1,0.558,0.099,0,TRAIN,SYNTHETIC
CASE-00392,ATM-110,6.49,6.96,1,0.547,0.805,0,TRAIN,SYNTHETIC
CASE-00392,ATM-080,6.52,6.81,1,0.581,0.485,0,TRAIN,SYNTHETIC
CASE-00392,ATM-077,733.71,503.69,0,0.565,0.422,1,TRAIN,SYNTHETIC
CASE-00393,ATM-099,4.13,2.79,1,0.501,0.68,0,TRAIN,SYNTHETIC
CASE-00393,ATM-075,4.56,4.08,1,0.765,0.935,0,TRAIN,SYNTHETIC
CASE-00393,ATM-009,5.24,5.53,1,0.635,0.049,0,TRAIN,SYNTHETIC
CASE-00393,ATM-105,5.66,5.47,1,0.883,0.847,0,TRAIN,SYNTHETIC
CASE-00393,ATM-027,6.31,8.62,1,0.665,0.469,0,TRAIN,SYNTHETIC
CASE-00393,ATM-021,7.1,7.79,1,0.915,0.751,0,TRAIN,SYNTHETIC
CASE-00393,ATM-081,7.72,8.25,1,0.924,0.339,0,TRAIN,SYNTHETIC
CASE-00393,ATM-003,7.98,8.97,1,0.66,0.338,0,TRAIN,SYNTHETIC
CASE-00394,ATM-046,1.99,2.83,1,0.685,0.017,0,VALIDATION,SYNTHETIC
CASE-00394,ATM-040,2.48,3.44,1,0.476,0.499,0,VALIDATION,SYNTHETIC
CASE-00394,ATM-064,2.56,3.34,1,0.758,0.858,0,VALIDATION,SYNTHETIC
CASE-00394,ATM-094,2.91,2.84,1,0.493,0.137,0,VALIDATION,SYNTHETIC
CASE-00394,ATM-112,5.05,6.69,1,0.592,0.715,0,VALIDATION,SYNTHETIC
CASE-00394,ATM-004,6.3,8.42,1,0.558,0.389,0,VALIDATION,SYNTHETIC
CASE-00394,ATM-088,7.76,10.65,1,0.727,0.691,0,VALIDATION,SYNTHETIC
CASE-00394,ATM-058,8.21,9.48,1,0.467,0.751,0,VALIDATION,SYNTHETIC
CASE-00395,ATM-119,1.38,1.93,1,0.888,0.296,0,VALIDATION,SYNTHETIC
CASE-00395,ATM-077,2.57,2.99,1,0.769,0.803,0,VALIDATION,SYNTHETIC
CASE-00395,ATM-041,4.57,3.37,1,0.741,0.935,0,VALIDATION,SYNTHETIC
CASE-00395,ATM-053,6.91,9.35,1,0.741,0.645,0,VALIDATION,SYNTHETIC
CASE-00395,ATM-017,7.17,4.97,1,0.82,0.654,0,VALIDATION,SYNTHETIC
CASE-00395,ATM-101,8.31,9.75,1,0.608,0.625,0,VALIDATION,SYNTHETIC
CASE-00395,ATM-059,8.94,6.36,1,0.741,0.381,0,VALIDATION,SYNTHETIC
CASE-00395,ATM-005,8.96,8.05,1,0.986,0.87,0,VALIDATION,SYNTHETIC
CASE-00396,ATM-120,1.22,1.01,1,0.995,0.834,0,VALIDATION,SYNTHETIC
CASE-00396,ATM-078,2.38,3.06,1,0.592,0.733,0,VALIDATION,SYNTHETIC
CASE-00396,ATM-018,4.57,3.3,1,0.69,0.129,0,VALIDATION,SYNTHETIC
CASE-00396,ATM-072,5.09,6.51,1,0.582,0.258,0,VALIDATION,SYNTHETIC
CASE-00396,ATM-048,6.51,7.6,1,0.547,0.434,0,VALIDATION,SYNTHETIC
CASE-00396,ATM-042,6.91,5.29,1,0.481,0.288,0,VALIDATION,SYNTHETIC
CASE-00396,ATM-024,6.94,4.7,1,0.453,0.797,0,VALIDATION,SYNTHETIC
CASE-00396,ATM-066,7.01,8.53,1,0.527,0.115,0,VALIDATION,SYNTHETIC
CASE-00397,ATM-001,2.76,1.76,1,0.552,0.604,0,TEST,SYNTHETIC
CASE-00397,ATM-073,3.01,2.5,1,0.787,0.764,0,TEST,SYNTHETIC
CASE-00397,ATM-103,4.3,5.55,1,0.713,0.59,0,TEST,SYNTHETIC
CASE-00397,ATM-043,5.15,6.56,1,0.562,0.248,0,TEST,SYNTHETIC
CASE-00397,ATM-115,5.3,4.39,1,0.826,0.101,0,TEST,SYNTHETIC
CASE-00397,ATM-085,7.22,4.68,1,0.627,0.848,0,TEST,SYNTHETIC
CASE-00397,ATM-025,7.23,4.57,1,0.858,0.147,0,TEST,SYNTHETIC
CASE-00397,ATM-044,285.24,167.19,0,0.829,0.664,1,TEST,SYNTHETIC
CASE-00398,ATM-020,2.69,3.26,1,0.608,0.118,0,TEST,SYNTHETIC
CASE-00398,ATM-086,2.9,3.37,1,0.861,0.949,0,TEST,SYNTHETIC
CASE-00398,ATM-032,3.44,4.57,1,0.556,0.843,0,TEST,SYNTHETIC
CASE-00398,ATM-074,4.87,2.81,1,0.887,0.359,0,TEST,SYNTHETIC
CASE-00398,ATM-116,5.43,7.79,1,0.968,0.023,0,TEST,SYNTHETIC
CASE-00398,ATM-110,6.49,6.85,1,0.465,0.299,0,TEST,SYNTHETIC
CASE-00398,ATM-080,6.52,5.93,1,0.596,0.13,0,TEST,SYNTHETIC
CASE-00398,ATM-027,505.22,627.54,0,0.565,0.814,1,TEST,SYNTHETIC
CASE-00399,ATM-099,4.13,4.73,1,0.717,0.956,0,TEST,SYNTHETIC
CASE-00399,ATM-075,4.56,4.43,1,0.532,0.485,0,TEST,SYNTHETIC
CASE-00399,ATM-009,5.24,5.68,1,0.486,0.009,0,TEST,SYNTHETIC
CASE-00399,ATM-105,5.66,7.62,1,0.722,0.578,0,TEST,SYNTHETIC
CASE-00399,ATM-027,6.31,8.82,1,0.9,0.861,0,TEST,SYNTHETIC
CASE-00399,ATM-021,7.1,8.56,1,0.902,0.833,0,TEST,SYNTHETIC
CASE-00399,ATM-081,7.72,6.64,1,0.847,0.639,0,TEST,SYNTHETIC
CASE-00399,ATM-003,7.98,6.88,1,0.906,0.156,0,TEST,SYNTHETIC
CASE-00400,ATM-046,1.99,1.88,1,0.531,0.201,0,TRAIN,SYNTHETIC
CASE-00400,ATM-040,2.48,2.71,1,0.835,0.473,0,TRAIN,SYNTHETIC
CASE-00400,ATM-064,2.56,2.07,1,0.847,0.939,0,TRAIN,SYNTHETIC
CASE-00400,ATM-094,2.91,2.7,1,0.811,0.107,0,TRAIN,SYNTHETIC
CASE-00400,ATM-112,5.05,5.28,1,0.796,0.237,0,TRAIN,SYNTHETIC
CASE-00400,ATM-004,6.3,3.64,1,0.79,0.985,0,TRAIN,SYNTHETIC
CASE-00400,ATM-088,7.76,5.24,1,0.493,0.56,0,TRAIN,SYNTHETIC
CASE-00400,ATM-058,8.21,7.94,1,0.852,0.062,0,TRAIN,SYNTHETIC
CASE-00401,ATM-119,1.38,0.94,1,0.698,0.474,0,TRAIN,SYNTHETIC
CASE-00401,ATM-077,2.57,3.1,1,0.635,0.162,0,TRAIN,SYNTHETIC
CASE-00401,ATM-041,4.57,2.78,1,0.578,0.729,0,TRAIN,SYNTHETIC
CASE-00401,ATM-053,6.91,9.47,1,0.883,0.927,0,TRAIN,SYNTHETIC
CASE-00401,ATM-017,7.17,4.21,1,0.979,0.015,0,TRAIN,SYNTHETIC
CASE-00401,ATM-101,8.31,11.61,1,0.902,0.613,0,TRAIN,SYNTHETIC
CASE-00401,ATM-059,8.94,9.66,1,0.775,0.708,0,TRAIN,SYNTHETIC
CASE-00401,ATM-078,755.73,498.56,0,0.994,0.299,1,TRAIN,SYNTHETIC
CASE-00402,ATM-120,1.22,0.7,1,0.846,0.559,0,TRAIN,SYNTHETIC
CASE-00402,ATM-078,2.38,3.05,1,0.84,0.736,0,TRAIN,SYNTHETIC
CASE-00402,ATM-018,4.57,3.58,1,0.826,0.804,0,TRAIN,SYNTHETIC
CASE-00402,ATM-072,5.09,4.15,1,0.57,0.593,0,TRAIN,SYNTHETIC
CASE-00402,ATM-048,6.51,6.3,1,0.81,0.188,0,TRAIN,SYNTHETIC
CASE-00402,ATM-042,6.91,5.4,1,0.923,0.409,0,TRAIN,SYNTHETIC
CASE-00402,ATM-024,6.94,6.14,1,0.918,0.683,0,TRAIN,SYNTHETIC
CASE-00402,ATM-066,7.01,5.49,1,0.96,0.022,0,TRAIN,SYNTHETIC
CASE-00403,ATM-001,2.76,3.03,1,0.73,0.579,0,TRAIN,SYNTHETIC
CASE-00403,ATM-073,3.01,4,1,0.99,0.02,0,TRAIN,SYNTHETIC
CASE-00403,ATM-103,4.3,5.07,1,0.787,0.712,0,TRAIN,SYNTHETIC
CASE-00403,ATM-043,5.15,6.91,1,0.595,0.043,0,TRAIN,SYNTHETIC
CASE-00403,ATM-115,5.3,6.97,1,0.996,0.105,0,TRAIN,SYNTHETIC
CASE-00403,ATM-085,7.22,9.37,1,0.931,0.425,0,TRAIN,SYNTHETIC
CASE-00403,ATM-025,7.23,8.59,1,0.564,0.267,0,TRAIN,SYNTHETIC
CASE-00403,ATM-062,281.08,332.75,0,0.681,0.062,1,TRAIN,SYNTHETIC
CASE-00404,ATM-020,2.69,2.01,1,0.477,0.568,0,TRAIN,SYNTHETIC
CASE-00404,ATM-086,2.9,2.61,1,0.525,0.719,0,TRAIN,SYNTHETIC
CASE-00404,ATM-032,3.44,3.7,1,0.697,0.115,0,TRAIN,SYNTHETIC
CASE-00404,ATM-074,4.87,3.27,1,0.773,0.389,0,TRAIN,SYNTHETIC
CASE-00404,ATM-116,5.43,4.89,1,0.749,0.262,0,TRAIN,SYNTHETIC
CASE-00404,ATM-110,6.49,7.68,1,0.557,0.222,0,TRAIN,SYNTHETIC
CASE-00404,ATM-080,6.52,6.14,1,0.986,0.384,0,TRAIN,SYNTHETIC
CASE-00404,ATM-008,7.41,9.2,1,0.611,0.099,0,TRAIN,SYNTHETIC
CASE-00405,ATM-099,4.13,2.76,1,0.849,0.867,0,TRAIN,SYNTHETIC
CASE-00405,ATM-075,4.56,3.05,1,0.538,0.785,0,TRAIN,SYNTHETIC
CASE-00405,ATM-009,5.24,7.06,1,0.523,0.072,0,TRAIN,SYNTHETIC
CASE-00405,ATM-105,5.66,6.29,1,0.918,0.976,0,TRAIN,SYNTHETIC
CASE-00405,ATM-027,6.31,7.52,1,0.774,0.884,0,TRAIN,SYNTHETIC
CASE-00405,ATM-021,7.1,4.74,1,0.571,0.018,0,TRAIN,SYNTHETIC
CASE-00405,ATM-081,7.72,9.12,1,0.561,0.027,0,TRAIN,SYNTHETIC
CASE-00405,ATM-003,7.98,9.97,1,0.645,0.835,0,TRAIN,SYNTHETIC
CASE-00406,ATM-046,1.99,1.66,1,0.482,0.002,0,TRAIN,SYNTHETIC
CASE-00406,ATM-040,2.48,1.6,1,0.871,0.879,0,TRAIN,SYNTHETIC
CASE-00406,ATM-064,2.56,1.74,1,0.846,0.386,0,TRAIN,SYNTHETIC
CASE-00406,ATM-094,2.91,2.46,1,0.884,0.508,0,TRAIN,SYNTHETIC
CASE-00406,ATM-112,5.05,7.05,1,0.695,0.294,0,TRAIN,SYNTHETIC
CASE-00406,ATM-004,6.3,5.71,1,0.485,0.395,0,TRAIN,SYNTHETIC
CASE-00406,ATM-088,7.76,8.64,1,0.571,0.063,0,TRAIN,SYNTHETIC
CASE-00406,ATM-078,731.11,521.67,0,0.829,0.26,1,TRAIN,SYNTHETIC
CASE-00407,ATM-119,1.38,1.55,1,0.66,0.702,0,TRAIN,SYNTHETIC
CASE-00407,ATM-077,2.57,2.42,1,0.529,0.931,0,TRAIN,SYNTHETIC
CASE-00407,ATM-041,4.57,3.02,1,0.541,0.975,0,TRAIN,SYNTHETIC
CASE-00407,ATM-053,6.91,8.83,1,0.842,0.293,0,TRAIN,SYNTHETIC
CASE-00407,ATM-017,7.17,8.5,1,0.634,0.544,0,TRAIN,SYNTHETIC
CASE-00407,ATM-101,8.31,9.79,1,0.995,0.266,0,TRAIN,SYNTHETIC
CASE-00407,ATM-059,8.94,11.82,1,0.936,0.454,0,TRAIN,SYNTHETIC
CASE-00407,ATM-005,8.96,9.59,1,0.534,0.559,0,TRAIN,SYNTHETIC
CASE-00408,ATM-120,1.22,1.37,1,0.945,0.414,0,TRAIN,SYNTHETIC
CASE-00408,ATM-078,2.38,3.17,1,0.509,0.128,0,TRAIN,SYNTHETIC
CASE-00408,ATM-018,4.57,3.58,1,0.63,0.05,0,TRAIN,SYNTHETIC
CASE-00408,ATM-072,5.09,2.98,1,0.609,0.565,0,TRAIN,SYNTHETIC
CASE-00408,ATM-048,6.51,5.75,1,0.542,0.578,0,TRAIN,SYNTHETIC
CASE-00408,ATM-042,6.91,10.01,1,0.462,0.813,0,TRAIN,SYNTHETIC
CASE-00408,ATM-024,6.94,9.12,1,0.641,0.971,0,TRAIN,SYNTHETIC
CASE-00408,ATM-066,7.01,5.61,1,0.779,0.945,0,TRAIN,SYNTHETIC
CASE-00409,ATM-001,2.76,2.11,1,0.524,0.317,0,TRAIN,SYNTHETIC
CASE-00409,ATM-073,3.01,4.31,1,0.88,0.184,0,TRAIN,SYNTHETIC
CASE-00409,ATM-103,4.3,4.27,1,0.955,0.616,0,TRAIN,SYNTHETIC
CASE-00409,ATM-043,5.15,7.09,1,0.746,0.629,0,TRAIN,SYNTHETIC
CASE-00409,ATM-115,5.3,3.49,1,0.734,0.676,0,TRAIN,SYNTHETIC
CASE-00409,ATM-085,7.22,7.25,1,0.826,0.977,0,TRAIN,SYNTHETIC
CASE-00409,ATM-025,7.23,8.16,1,0.998,0.176,0,TRAIN,SYNTHETIC
CASE-00409,ATM-062,281.08,189.99,0,0.822,0.311,1,TRAIN,SYNTHETIC
CASE-00410,ATM-020,2.69,3.04,1,0.602,0.336,0,TRAIN,SYNTHETIC
CASE-00410,ATM-086,2.9,1.6,1,0.614,0.596,0,TRAIN,SYNTHETIC
CASE-00410,ATM-032,3.44,4.69,1,0.983,0.301,0,TRAIN,SYNTHETIC
CASE-00410,ATM-074,4.87,6.7,1,0.715,0.118,0,TRAIN,SYNTHETIC
CASE-00410,ATM-116,5.43,3.39,1,0.668,0.233,0,TRAIN,SYNTHETIC
CASE-00410,ATM-110,6.49,4.91,1,0.509,0.639,0,TRAIN,SYNTHETIC
CASE-00410,ATM-080,6.52,5.5,1,0.775,0.295,0,TRAIN,SYNTHETIC
CASE-00410,ATM-008,7.41,5.42,1,0.767,0.793,0,TRAIN,SYNTHETIC
CASE-00411,ATM-099,4.13,3.57,1,0.489,0.498,0,TRAIN,SYNTHETIC
CASE-00411,ATM-075,4.56,5.42,1,0.646,0.886,0,TRAIN,SYNTHETIC
CASE-00411,ATM-009,5.24,7.17,1,0.69,0.877,0,TRAIN,SYNTHETIC
CASE-00411,ATM-105,5.66,5.03,1,0.96,0.071,0,TRAIN,SYNTHETIC
CASE-00411,ATM-027,6.31,8.19,1,0.482,0.236,0,TRAIN,SYNTHETIC
CASE-00411,ATM-021,7.1,4.61,1,0.828,0.922,0,TRAIN,SYNTHETIC
CASE-00411,ATM-081,7.72,5.43,1,0.476,0.974,0,TRAIN,SYNTHETIC
CASE-00411,ATM-083,513.17,513.4,0,0.762,0.666,1,TRAIN,SYNTHETIC
CASE-00412,ATM-046,1.99,2.24,1,0.717,0.886,0,TRAIN,SYNTHETIC
CASE-00412,ATM-040,2.48,3.35,1,0.644,0.36,0,TRAIN,SYNTHETIC
CASE-00412,ATM-064,2.56,1.95,1,0.733,0.533,0,TRAIN,SYNTHETIC
CASE-00412,ATM-094,2.91,2.6,1,0.606,0.718,0,TRAIN,SYNTHETIC
CASE-00412,ATM-112,5.05,4.57,1,0.802,0.948,0,TRAIN,SYNTHETIC
CASE-00412,ATM-004,6.3,4.37,1,0.528,0.569,0,TRAIN,SYNTHETIC
CASE-00412,ATM-088,7.76,8.11,1,0.694,0.653,0,TRAIN,SYNTHETIC
CASE-00412,ATM-056,222.31,197.19,0,0.53,0.503,1,TRAIN,SYNTHETIC
CASE-00413,ATM-119,1.38,0.94,1,0.473,0.648,0,TRAIN,SYNTHETIC
CASE-00413,ATM-077,2.57,2.7,1,0.457,0.917,0,TRAIN,SYNTHETIC
CASE-00413,ATM-041,4.57,5.48,1,0.91,0.725,0,TRAIN,SYNTHETIC
CASE-00413,ATM-053,6.91,9.73,1,0.676,0.882,0,TRAIN,SYNTHETIC
CASE-00413,ATM-017,7.17,6.18,1,0.759,0.777,0,TRAIN,SYNTHETIC
CASE-00413,ATM-101,8.31,11.86,1,0.457,0.276,0,TRAIN,SYNTHETIC
CASE-00413,ATM-059,8.94,7.54,1,0.572,0.992,0,TRAIN,SYNTHETIC
CASE-00413,ATM-005,8.96,7.92,1,0.935,0.599,0,TRAIN,SYNTHETIC
CASE-00414,ATM-120,1.22,1.43,1,0.808,0.089,0,VALIDATION,SYNTHETIC
CASE-00414,ATM-078,2.38,1.79,1,0.768,0.521,0,VALIDATION,SYNTHETIC
CASE-00414,ATM-018,4.57,3.58,1,0.587,0.743,0,VALIDATION,SYNTHETIC
CASE-00414,ATM-072,5.09,4.19,1,0.713,0.947,0,VALIDATION,SYNTHETIC
CASE-00414,ATM-048,6.51,6.89,1,0.943,0.116,0,VALIDATION,SYNTHETIC
CASE-00414,ATM-042,6.91,5.91,1,0.711,0.744,0,VALIDATION,SYNTHETIC
CASE-00414,ATM-024,6.94,5.43,1,0.851,0.913,0,VALIDATION,SYNTHETIC
CASE-00414,ATM-053,751.11,520.63,0,0.582,0.482,1,VALIDATION,SYNTHETIC
CASE-00415,ATM-001,2.76,2.7,1,0.456,0.629,0,VALIDATION,SYNTHETIC
CASE-00415,ATM-073,3.01,1.67,1,0.535,0.668,0,VALIDATION,SYNTHETIC
CASE-00415,ATM-103,4.3,5.04,1,0.574,0.719,0,VALIDATION,SYNTHETIC
CASE-00415,ATM-043,5.15,5.73,1,0.782,0.752,0,VALIDATION,SYNTHETIC
CASE-00415,ATM-115,5.3,7.22,1,0.935,0.884,0,VALIDATION,SYNTHETIC
CASE-00415,ATM-085,7.22,9.53,1,0.78,0.172,0,VALIDATION,SYNTHETIC
CASE-00415,ATM-025,7.23,4.7,1,0.959,0.356,0,VALIDATION,SYNTHETIC
CASE-00415,ATM-067,7.39,6.56,1,0.492,0.333,0,VALIDATION,SYNTHETIC
CASE-00416,ATM-020,2.69,2.34,1,0.609,0.208,0,VALIDATION,SYNTHETIC
CASE-00416,ATM-086,2.9,4.09,1,0.855,0.526,0,VALIDATION,SYNTHETIC
CASE-00416,ATM-032,3.44,3.59,1,0.599,0.593,0,VALIDATION,SYNTHETIC
CASE-00416,ATM-074,4.87,5.24,1,0.722,0.945,0,VALIDATION,SYNTHETIC
CASE-00416,ATM-116,5.43,7.17,1,0.921,0.863,0,VALIDATION,SYNTHETIC
CASE-00416,ATM-110,6.49,6.29,1,0.525,0.899,0,VALIDATION,SYNTHETIC
CASE-00416,ATM-080,6.52,6.68,1,0.455,0.931,0,VALIDATION,SYNTHETIC
CASE-00416,ATM-008,7.41,6.47,1,0.521,0.87,0,VALIDATION,SYNTHETIC
CASE-00417,ATM-099,4.13,4.36,1,0.754,0.044,0,TEST,SYNTHETIC
CASE-00417,ATM-075,4.56,6.13,1,0.505,0.66,0,TEST,SYNTHETIC
CASE-00417,ATM-009,5.24,6.59,1,0.585,0.124,0,TEST,SYNTHETIC
CASE-00417,ATM-105,5.66,3.44,1,0.644,0.491,0,TEST,SYNTHETIC
CASE-00417,ATM-027,6.31,8.11,1,0.465,0.014,0,TEST,SYNTHETIC
CASE-00417,ATM-021,7.1,9.92,1,0.936,0.435,0,TEST,SYNTHETIC
CASE-00417,ATM-081,7.72,8.2,1,0.696,0.769,0,TEST,SYNTHETIC
CASE-00417,ATM-018,250.51,171.77,0,0.708,0.363,1,TEST,SYNTHETIC
CASE-00418,ATM-046,1.99,1.33,1,0.774,0.206,0,TEST,SYNTHETIC
CASE-00418,ATM-040,2.48,2.72,1,0.832,0.187,0,TEST,SYNTHETIC
CASE-00418,ATM-064,2.56,2.9,1,0.609,0.59,0,TEST,SYNTHETIC
CASE-00418,ATM-094,2.91,3.18,1,0.635,0.86,0,TEST,SYNTHETIC
CASE-00418,ATM-112,5.05,4.09,1,0.716,0.003,0,TEST,SYNTHETIC
CASE-00418,ATM-004,6.3,4.31,1,0.924,0.665,0,TEST,SYNTHETIC
CASE-00418,ATM-088,7.76,10.63,1,0.479,0.407,0,TEST,SYNTHETIC
CASE-00418,ATM-047,897.27,1209.89,0,0.821,0.333,1,TEST,SYNTHETIC
CASE-00419,ATM-119,1.38,1.85,1,0.596,0.079,0,TEST,SYNTHETIC
CASE-00419,ATM-077,2.57,2.25,1,0.877,0.882,0,TEST,SYNTHETIC
CASE-00419,ATM-041,4.57,2.62,1,0.605,0.88,0,TEST,SYNTHETIC
CASE-00419,ATM-053,6.91,5.51,1,0.661,0.45,0,TEST,SYNTHETIC
CASE-00419,ATM-017,7.17,6.47,1,0.839,0.616,0,TEST,SYNTHETIC
CASE-00419,ATM-101,8.31,10.48,1,0.623,0.046,0,TEST,SYNTHETIC
CASE-00419,ATM-059,8.94,8.57,1,0.66,0.234,0,TEST,SYNTHETIC
CASE-00419,ATM-058,904.86,1013.74,0,0.572,0.794,1,TEST,SYNTHETIC
CASE-00420,ATM-120,1.22,1.75,1,0.712,0.111,0,TRAIN,SYNTHETIC
CASE-00420,ATM-078,2.38,2.33,1,0.53,0.01,0,TRAIN,SYNTHETIC
CASE-00420,ATM-018,4.57,3.87,1,0.982,0,0,TRAIN,SYNTHETIC
CASE-00420,ATM-072,5.09,7.11,1,0.907,0.62,0,TRAIN,SYNTHETIC
CASE-00420,ATM-048,6.51,6.22,1,0.845,0.576,0,TRAIN,SYNTHETIC
CASE-00420,ATM-042,6.91,6.83,1,0.588,0.161,0,TRAIN,SYNTHETIC
CASE-00420,ATM-024,6.94,3.88,1,0.754,0.21,0,TRAIN,SYNTHETIC
CASE-00420,ATM-081,257.41,152.46,0,0.944,0.895,1,TRAIN,SYNTHETIC
CASE-00421,ATM-001,2.76,1.57,1,0.775,0.639,0,TRAIN,SYNTHETIC
CASE-00421,ATM-073,3.01,1.72,1,0.494,0.92,0,TRAIN,SYNTHETIC
CASE-00421,ATM-103,4.3,3.59,1,0.804,0.756,0,TRAIN,SYNTHETIC
CASE-00421,ATM-043,5.15,6.78,1,0.66,0.186,0,TRAIN,SYNTHETIC
CASE-00421,ATM-115,5.3,5.93,1,0.812,0.749,0,TRAIN,SYNTHETIC
CASE-00421,ATM-085,7.22,9.42,1,0.463,0.354,0,TRAIN,SYNTHETIC
CASE-00421,ATM-025,7.23,9.31,1,0.721,0.138,0,TRAIN,SYNTHETIC
CASE-00421,ATM-067,7.39,7.45,1,0.484,0.7,0,TRAIN,SYNTHETIC
CASE-00422,ATM-020,2.69,2.94,1,0.461,0.776,0,TRAIN,SYNTHETIC
CASE-00422,ATM-086,2.9,1.67,1,0.871,0.166,0,TRAIN,SYNTHETIC
CASE-00422,ATM-032,3.44,3.93,1,0.919,0.471,0,TRAIN,SYNTHETIC
CASE-00422,ATM-074,4.87,3.4,1,0.681,0.697,0,TRAIN,SYNTHETIC
CASE-00422,ATM-116,5.43,6.29,1,0.63,0.274,0,TRAIN,SYNTHETIC
CASE-00422,ATM-110,6.49,3.8,1,0.509,0.821,0,TRAIN,SYNTHETIC
CASE-00422,ATM-080,6.52,5.88,1,0.841,0.906,0,TRAIN,SYNTHETIC
CASE-00422,ATM-008,7.41,9.01,1,0.903,0.115,0,TRAIN,SYNTHETIC
CASE-00423,ATM-099,4.13,4.61,1,0.712,0.298,0,TRAIN,SYNTHETIC
CASE-00423,ATM-075,4.56,6.49,1,0.896,0.745,0,TRAIN,SYNTHETIC
CASE-00423,ATM-009,5.24,7.11,1,0.856,0.687,0,TRAIN,SYNTHETIC
CASE-00423,ATM-105,5.66,7,1,0.856,0.538,0,TRAIN,SYNTHETIC
CASE-00423,ATM-027,6.31,4.22,1,0.627,0.809,0,TRAIN,SYNTHETIC
CASE-00423,ATM-021,7.1,5.82,1,0.548,0.884,0,TRAIN,SYNTHETIC
CASE-00423,ATM-081,7.72,5.86,1,0.489,0.08,0,TRAIN,SYNTHETIC
CASE-00423,ATM-003,7.98,11.46,1,0.905,0.342,0,TRAIN,SYNTHETIC
CASE-00424,ATM-046,1.99,2.24,1,0.484,0.425,0,TRAIN,SYNTHETIC
CASE-00424,ATM-040,2.48,1.56,1,0.807,0.733,0,TRAIN,SYNTHETIC
CASE-00424,ATM-064,2.56,2.66,1,0.898,0.487,0,TRAIN,SYNTHETIC
CASE-00424,ATM-094,2.91,3.42,1,0.596,0.315,0,TRAIN,SYNTHETIC
CASE-00424,ATM-112,5.05,4.32,1,0.634,0.619,0,TRAIN,SYNTHETIC
CASE-00424,ATM-004,6.3,6.75,1,0.886,0.445,0,TRAIN,SYNTHETIC
CASE-00424,ATM-088,7.76,10.7,1,0.625,0.683,0,TRAIN,SYNTHETIC
CASE-00424,ATM-058,8.21,11.16,1,0.556,0.674,0,TRAIN,SYNTHETIC
CASE-00425,ATM-119,1.38,1.15,1,0.653,0.461,0,TRAIN,SYNTHETIC
CASE-00425,ATM-077,2.57,2.68,1,0.653,0.148,0,TRAIN,SYNTHETIC
CASE-00425,ATM-041,4.57,3.29,1,0.957,0.578,0,TRAIN,SYNTHETIC
CASE-00425,ATM-053,6.91,6.07,1,0.607,0.826,0,TRAIN,SYNTHETIC
CASE-00425,ATM-017,7.17,7.05,1,0.55,0.064,0,TRAIN,SYNTHETIC
CASE-00425,ATM-101,8.31,6.05,1,0.522,0.555,0,TRAIN,SYNTHETIC
CASE-00425,ATM-059,8.94,5.14,1,0.718,0.768,0,TRAIN,SYNTHETIC
CASE-00425,ATM-005,8.96,11.24,1,0.985,0.432,0,TRAIN,SYNTHETIC
CASE-00426,ATM-120,1.22,0.98,1,0.569,0.15,0,TRAIN,SYNTHETIC
CASE-00426,ATM-078,2.38,1.68,1,0.578,0.228,0,TRAIN,SYNTHETIC
CASE-00426,ATM-018,4.57,6.04,1,0.646,0.968,0,TRAIN,SYNTHETIC
CASE-00426,ATM-072,5.09,6.42,1,0.477,0.652,0,TRAIN,SYNTHETIC
CASE-00426,ATM-048,6.51,9.17,1,0.646,0.11,0,TRAIN,SYNTHETIC
CASE-00426,ATM-042,6.91,5.91,1,0.51,0.185,0,TRAIN,SYNTHETIC
CASE-00426,ATM-024,6.94,5.3,1,0.5,0.81,0,TRAIN,SYNTHETIC
CASE-00426,ATM-066,7.01,4.86,1,0.64,0.345,0,TRAIN,SYNTHETIC
CASE-00427,ATM-001,2.76,1.95,1,0.626,0.131,0,TRAIN,SYNTHETIC
CASE-00427,ATM-073,3.01,3.74,1,0.942,0.636,0,TRAIN,SYNTHETIC
CASE-00427,ATM-103,4.3,5.97,1,0.647,0.483,0,TRAIN,SYNTHETIC
CASE-00427,ATM-043,5.15,5.04,1,0.6,0.35,0,TRAIN,SYNTHETIC
CASE-00427,ATM-115,5.3,5.87,1,0.912,0.152,0,TRAIN,SYNTHETIC
CASE-00427,ATM-085,7.22,9.71,1,0.913,0.004,0,TRAIN,SYNTHETIC
CASE-00427,ATM-025,7.23,6.8,1,0.782,0.771,0,TRAIN,SYNTHETIC
CASE-00427,ATM-084,377.29,410.25,0,0.741,0.85,1,TRAIN,SYNTHETIC
CASE-00428,ATM-020,2.69,2.66,1,0.9,0.889,0,TRAIN,SYNTHETIC
CASE-00428,ATM-086,2.9,1.74,1,0.518,0.984,0,TRAIN,SYNTHETIC
CASE-00428,ATM-032,3.44,2.73,1,0.553,0.932,0,TRAIN,SYNTHETIC
CASE-00428,ATM-074,4.87,4.58,1,0.455,0.818,0,TRAIN,SYNTHETIC
CASE-00428,ATM-116,5.43,3.11,1,0.872,0.696,0,TRAIN,SYNTHETIC
CASE-00428,ATM-110,6.49,6.89,1,0.964,0.948,0,TRAIN,SYNTHETIC
CASE-00428,ATM-080,6.52,7.78,1,0.481,0.495,0,TRAIN,SYNTHETIC
CASE-00428,ATM-008,7.41,8.39,1,0.906,0.595,0,TRAIN,SYNTHETIC
CASE-00429,ATM-099,4.13,4.47,1,0.723,0.778,0,TRAIN,SYNTHETIC
CASE-00429,ATM-075,4.56,5.48,1,0.553,0.147,0,TRAIN,SYNTHETIC
CASE-00429,ATM-009,5.24,5.48,1,0.944,0.403,0,TRAIN,SYNTHETIC
CASE-00429,ATM-105,5.66,5.03,1,0.543,0.152,0,TRAIN,SYNTHETIC
CASE-00429,ATM-027,6.31,7.86,1,0.899,0.915,0,TRAIN,SYNTHETIC
CASE-00429,ATM-021,7.1,7.91,1,0.904,0.941,0,TRAIN,SYNTHETIC
CASE-00429,ATM-081,7.72,5.23,1,0.585,0.921,0,TRAIN,SYNTHETIC
CASE-00429,ATM-003,7.98,10.93,1,0.847,0.315,0,TRAIN,SYNTHETIC
CASE-00430,ATM-046,1.99,2.59,1,0.809,0.799,0,TRAIN,SYNTHETIC
CASE-00430,ATM-040,2.48,2.38,1,0.744,0.576,0,TRAIN,SYNTHETIC
CASE-00430,ATM-064,2.56,2.92,1,0.704,0.494,0,TRAIN,SYNTHETIC
CASE-00430,ATM-094,2.91,3.4,1,0.944,0.417,0,TRAIN,SYNTHETIC
CASE-00430,ATM-112,5.05,4.28,1,0.697,0.602,0,TRAIN,SYNTHETIC
CASE-00430,ATM-004,6.3,4.15,1,0.696,0.738,0,TRAIN,SYNTHETIC
CASE-00430,ATM-088,7.76,10.14,1,0.786,0.682,0,TRAIN,SYNTHETIC
CASE-00430,ATM-058,8.21,7.86,1,0.833,0.235,0,TRAIN,SYNTHETIC
CASE-00431,ATM-119,1.38,1.73,1,0.922,0.04,0,TRAIN,SYNTHETIC
CASE-00431,ATM-077,2.57,1.66,1,0.581,0.46,0,TRAIN,SYNTHETIC
CASE-00431,ATM-041,4.57,4.71,1,0.958,0.337,0,TRAIN,SYNTHETIC
CASE-00431,ATM-053,6.91,9.24,1,0.885,0.425,0,TRAIN,SYNTHETIC
CASE-00431,ATM-017,7.17,9.58,1,0.729,0.63,1,TRAIN,SYNTHETIC
CASE-00431,ATM-101,8.31,9.84,1,0.684,0.812,0,TRAIN,SYNTHETIC
CASE-00431,ATM-059,8.94,11.13,1,0.88,0.304,0,TRAIN,SYNTHETIC
CASE-00431,ATM-005,8.96,9.29,1,0.714,0.86,0,TRAIN,SYNTHETIC
CASE-00432,ATM-120,1.22,0.85,1,0.938,0.265,0,TRAIN,SYNTHETIC
CASE-00432,ATM-078,2.38,2.9,1,0.705,0.401,0,TRAIN,SYNTHETIC
CASE-00432,ATM-018,4.57,4.08,1,0.594,0.031,0,TRAIN,SYNTHETIC
CASE-00432,ATM-072,5.09,3.6,1,0.492,0.703,0,TRAIN,SYNTHETIC
CASE-00432,ATM-048,6.51,8.68,1,0.878,0.599,0,TRAIN,SYNTHETIC
CASE-00432,ATM-042,6.91,5.66,1,0.771,0.856,0,TRAIN,SYNTHETIC
CASE-00432,ATM-024,6.94,6.35,1,0.863,0.451,0,TRAIN,SYNTHETIC
CASE-00432,ATM-100,717.29,743.69,0,0.559,0.622,1,TRAIN,SYNTHETIC
CASE-00433,ATM-001,2.76,2.13,1,0.492,0.175,0,TRAIN,SYNTHETIC
CASE-00433,ATM-073,3.01,4.08,1,0.806,0.248,0,TRAIN,SYNTHETIC
CASE-00433,ATM-103,4.3,2.86,1,0.809,0.511,0,TRAIN,SYNTHETIC
CASE-00433,ATM-043,5.15,5.89,1,0.695,0.418,0,TRAIN,SYNTHETIC
CASE-00433,ATM-115,5.3,4.41,1,0.584,0.629,0,TRAIN,SYNTHETIC
CASE-00433,ATM-085,7.22,7.18,1,0.98,0.639,0,TRAIN,SYNTHETIC
CASE-00433,ATM-025,7.23,7.85,1,0.626,0.316,0,TRAIN,SYNTHETIC
CASE-00433,ATM-032,290.79,172.98,0,0.609,0.413,1,TRAIN,SYNTHETIC
CASE-00434,ATM-020,2.69,1.87,1,0.751,0.18,0,VALIDATION,SYNTHETIC
CASE-00434,ATM-086,2.9,2.13,1,0.999,0.86,0,VALIDATION,SYNTHETIC
CASE-00434,ATM-032,3.44,2.59,1,0.665,0.54,0,VALIDATION,SYNTHETIC
CASE-00434,ATM-074,4.87,4.58,1,0.594,0.579,0,VALIDATION,SYNTHETIC
CASE-00434,ATM-116,5.43,5.94,1,0.845,0.892,0,VALIDATION,SYNTHETIC
CASE-00434,ATM-110,6.49,7.12,1,0.67,0.378,0,VALIDATION,SYNTHETIC
CASE-00434,ATM-080,6.52,8.95,1,0.623,0.8,0,VALIDATION,SYNTHETIC
CASE-00434,ATM-010,239.99,297.67,0,0.733,0.985,1,VALIDATION,SYNTHETIC
CASE-00435,ATM-099,4.13,4.6,1,0.529,0.074,0,VALIDATION,SYNTHETIC
CASE-00435,ATM-075,4.56,6,1,0.488,0.935,0,VALIDATION,SYNTHETIC
CASE-00435,ATM-009,5.24,7.23,1,0.839,0.687,0,VALIDATION,SYNTHETIC
CASE-00435,ATM-105,5.66,6.74,1,0.577,0.037,0,VALIDATION,SYNTHETIC
CASE-00435,ATM-027,6.31,4.82,1,0.823,0.737,0,VALIDATION,SYNTHETIC
CASE-00435,ATM-021,7.1,6.25,1,0.83,0.587,0,VALIDATION,SYNTHETIC
CASE-00435,ATM-081,7.72,5.82,1,0.968,0.866,0,VALIDATION,SYNTHETIC
CASE-00435,ATM-119,507.13,420.57,0,0.854,0.904,1,VALIDATION,SYNTHETIC
CASE-00436,ATM-046,1.99,2.62,1,0.6,0.248,0,VALIDATION,SYNTHETIC
CASE-00436,ATM-040,2.48,2.52,1,0.958,0.272,0,VALIDATION,SYNTHETIC
CASE-00436,ATM-064,2.56,3.07,1,0.987,0.938,0,VALIDATION,SYNTHETIC
CASE-00436,ATM-094,2.91,3.9,1,0.738,0.997,0,VALIDATION,SYNTHETIC
CASE-00436,ATM-112,5.05,3.27,1,0.764,0.163,0,VALIDATION,SYNTHETIC
CASE-00436,ATM-004,6.3,4.89,1,0.584,0.706,0,VALIDATION,SYNTHETIC
CASE-00436,ATM-088,7.76,9.87,1,0.872,0.207,0,VALIDATION,SYNTHETIC
CASE-00436,ATM-043,423.77,366.25,1,0.74,0.82,1,VALIDATION,SYNTHETIC
CASE-00437,ATM-119,1.38,1.95,1,0.673,0.917,0,TEST,SYNTHETIC
CASE-00437,ATM-077,2.57,2.74,1,0.725,0.723,0,TEST,SYNTHETIC
CASE-00437,ATM-041,4.57,6,1,0.757,0.694,0,TEST,SYNTHETIC
CASE-00437,ATM-053,6.91,8.35,1,0.498,0.801,0,TEST,SYNTHETIC
CASE-00437,ATM-017,7.17,9.59,1,0.872,0.881,0,TEST,SYNTHETIC
CASE-00437,ATM-101,8.31,9.64,1,0.794,0.212,0,TEST,SYNTHETIC
CASE-00437,ATM-059,8.94,7.11,1,0.543,0.071,0,TEST,SYNTHETIC
CASE-00437,ATM-005,8.96,5.12,1,0.829,0.567,0,TEST,SYNTHETIC
CASE-00438,ATM-120,1.22,1.41,1,0.974,0.19,0,TEST,SYNTHETIC
CASE-00438,ATM-078,2.38,1.61,1,0.988,0.636,0,TEST,SYNTHETIC
CASE-00438,ATM-018,4.57,6.58,1,0.802,0.156,0,TEST,SYNTHETIC
CASE-00438,ATM-072,5.09,3.4,1,0.853,0.166,0,TEST,SYNTHETIC
CASE-00438,ATM-048,6.51,3.96,1,0.57,0.344,0,TEST,SYNTHETIC
CASE-00438,ATM-042,6.91,6.9,1,0.544,0.56,0,TEST,SYNTHETIC
CASE-00438,ATM-024,6.94,6.45,1,0.871,0.665,0,TEST,SYNTHETIC
CASE-00438,ATM-066,7.01,7.14,1,0.852,0.68,0,TEST,SYNTHETIC
CASE-00439,ATM-001,2.76,3.95,1,0.942,0.119,0,TEST,SYNTHETIC
CASE-00439,ATM-073,3.01,2.32,1,0.986,0.215,0,TEST,SYNTHETIC
CASE-00439,ATM-103,4.3,5.32,1,0.992,0.344,0,TEST,SYNTHETIC
CASE-00439,ATM-043,5.15,6.54,1,0.806,0.968,0,TEST,SYNTHETIC
CASE-00439,ATM-115,5.3,6.73,1,0.885,0.739,0,TEST,SYNTHETIC
CASE-00439,ATM-085,7.22,5.36,1,0.763,0.594,0,TEST,SYNTHETIC
CASE-00439,ATM-025,7.23,9.52,1,0.881,0.189,0,TEST,SYNTHETIC
CASE-00439,ATM-067,7.39,8.59,1,0.546,0.068,0,TEST,SYNTHETIC
CASE-00440,ATM-020,2.69,1.93,1,0.809,0.365,0,TRAIN,SYNTHETIC
CASE-00440,ATM-086,2.9,2.53,1,0.848,0.375,0,TRAIN,SYNTHETIC
CASE-00440,ATM-032,3.44,3.81,1,0.736,0.012,0,TRAIN,SYNTHETIC
CASE-00440,ATM-074,4.87,6.83,1,0.933,0.756,0,TRAIN,SYNTHETIC
CASE-00440,ATM-116,5.43,4.92,1,0.476,0.771,0,TRAIN,SYNTHETIC
CASE-00440,ATM-110,6.49,5.07,1,0.834,0.628,0,TRAIN,SYNTHETIC
CASE-00440,ATM-080,6.52,9.33,1,0.587,0.359,0,TRAIN,SYNTHETIC
CASE-00440,ATM-024,507.79,292.19,0,0.653,0.745,1,TRAIN,SYNTHETIC
CASE-00441,ATM-099,4.13,4.81,1,0.797,0.089,0,TRAIN,SYNTHETIC
CASE-00441,ATM-075,4.56,4.01,1,0.738,0.233,0,TRAIN,SYNTHETIC
CASE-00441,ATM-009,5.24,4.11,1,0.968,0.591,0,TRAIN,SYNTHETIC
CASE-00441,ATM-105,5.66,4.11,1,0.603,0.564,0,TRAIN,SYNTHETIC
CASE-00441,ATM-027,6.31,4.55,1,0.785,0.564,0,TRAIN,SYNTHETIC
CASE-00441,ATM-021,7.1,6.89,1,0.637,0.603,0,TRAIN,SYNTHETIC
CASE-00441,ATM-081,7.72,10.57,1,0.783,0.679,0,TRAIN,SYNTHETIC
CASE-00441,ATM-003,7.98,4.48,1,0.544,0.652,0,TRAIN,SYNTHETIC
CASE-00442,ATM-046,1.99,2.73,1,0.862,0.182,0,TRAIN,SYNTHETIC
CASE-00442,ATM-040,2.48,2.72,1,0.628,0.968,0,TRAIN,SYNTHETIC
CASE-00442,ATM-064,2.56,2.31,1,0.951,0.535,0,TRAIN,SYNTHETIC
CASE-00442,ATM-094,2.91,1.69,1,0.684,0.55,0,TRAIN,SYNTHETIC
CASE-00442,ATM-112,5.05,3.97,1,0.939,0.352,0,TRAIN,SYNTHETIC
CASE-00442,ATM-004,6.3,5.04,1,0.85,0.087,0,TRAIN,SYNTHETIC
CASE-00442,ATM-088,7.76,6.1,1,0.453,0.058,0,TRAIN,SYNTHETIC
CASE-00442,ATM-034,11.6,9.85,1,0.547,0.249,1,TRAIN,SYNTHETIC
CASE-00443,ATM-119,1.38,1.4,1,0.867,0.886,0,TRAIN,SYNTHETIC
CASE-00443,ATM-077,2.57,3.39,1,0.935,0.79,0,TRAIN,SYNTHETIC
CASE-00443,ATM-041,4.57,6.08,1,0.695,0.703,0,TRAIN,SYNTHETIC
CASE-00443,ATM-053,6.91,6.64,1,0.687,0.587,0,TRAIN,SYNTHETIC
CASE-00443,ATM-017,7.17,6.72,1,0.55,0.205,0,TRAIN,SYNTHETIC
CASE-00443,ATM-101,8.31,5.44,1,0.823,0.881,0,TRAIN,SYNTHETIC
CASE-00443,ATM-059,8.94,6.53,1,0.459,0.345,0,TRAIN,SYNTHETIC
CASE-00443,ATM-102,759.44,503.37,0,0.743,0.596,1,TRAIN,SYNTHETIC
CASE-00444,ATM-120,1.22,0.91,1,0.451,0.817,0,TRAIN,SYNTHETIC
CASE-00444,ATM-078,2.38,1.37,1,0.554,0.362,0,TRAIN,SYNTHETIC
CASE-00444,ATM-018,4.57,6.14,1,0.845,0.217,0,TRAIN,SYNTHETIC
CASE-00444,ATM-072,5.09,3.9,1,0.483,0.693,0,TRAIN,SYNTHETIC
CASE-00444,ATM-048,6.51,8.12,1,0.65,0.975,0,TRAIN,SYNTHETIC
CASE-00444,ATM-042,6.91,7.67,1,0.665,0.664,0,TRAIN,SYNTHETIC
CASE-00444,ATM-024,6.94,5.82,1,0.457,0.61,0,TRAIN,SYNTHETIC
CASE-00444,ATM-081,257.41,337.64,0,0.85,0.381,1,TRAIN,SYNTHETIC
CASE-00445,ATM-001,2.76,3.97,1,0.75,0.163,0,TRAIN,SYNTHETIC
CASE-00445,ATM-073,3.01,2.99,1,0.603,0.931,0,TRAIN,SYNTHETIC
CASE-00445,ATM-103,4.3,3.85,1,0.816,0.76,0,TRAIN,SYNTHETIC
CASE-00445,ATM-043,5.15,3.55,1,0.747,0.363,0,TRAIN,SYNTHETIC
CASE-00445,ATM-115,5.3,5.14,1,0.899,0.242,0,TRAIN,SYNTHETIC
CASE-00445,ATM-085,7.22,10.42,1,0.68,0.315,0,TRAIN,SYNTHETIC
CASE-00445,ATM-025,7.23,10.19,1,0.733,0.758,0,TRAIN,SYNTHETIC
CASE-00445,ATM-040,426.73,280.97,1,0.652,0.144,1,TRAIN,SYNTHETIC
CASE-00446,ATM-020,2.69,1.99,1,0.703,0.474,0,TRAIN,SYNTHETIC
CASE-00446,ATM-086,2.9,1.86,1,0.752,0.22,0,TRAIN,SYNTHETIC
CASE-00446,ATM-032,3.44,4.11,1,0.532,0.494,0,TRAIN,SYNTHETIC
CASE-00446,ATM-074,4.87,5.62,1,0.917,0.825,0,TRAIN,SYNTHETIC
CASE-00446,ATM-116,5.43,5.45,1,0.884,0.516,0,TRAIN,SYNTHETIC
CASE-00446,ATM-110,6.49,8.02,1,0.49,0.14,0,TRAIN,SYNTHETIC
CASE-00446,ATM-080,6.52,8.73,1,0.884,0.125,0,TRAIN,SYNTHETIC
CASE-00446,ATM-030,515.03,305.4,0,0.587,0.303,1,TRAIN,SYNTHETIC
CASE-00447,ATM-099,4.13,5.65,1,0.854,0.966,0,TRAIN,SYNTHETIC
CASE-00447,ATM-075,4.56,3.76,1,0.856,0.343,0,TRAIN,SYNTHETIC
CASE-00447,ATM-009,5.24,5.92,1,0.598,0.59,0,TRAIN,SYNTHETIC
CASE-00447,ATM-105,5.66,4.88,1,0.461,0.699,0,TRAIN,SYNTHETIC
CASE-00447,ATM-027,6.31,5.54,1,0.696,0.691,0,TRAIN,SYNTHETIC
CASE-00447,ATM-021,7.1,5.97,1,0.583,0.685,0,TRAIN,SYNTHETIC
CASE-00447,ATM-081,7.72,8.11,1,0.725,0.146,0,TRAIN,SYNTHETIC
CASE-00447,ATM-003,7.98,10.17,1,0.837,0.991,0,TRAIN,SYNTHETIC
CASE-00448,ATM-046,1.99,2.84,1,0.538,0.748,0,TRAIN,SYNTHETIC
CASE-00448,ATM-040,2.48,3.06,1,0.541,0.409,0,TRAIN,SYNTHETIC
CASE-00448,ATM-064,2.56,2.45,1,0.776,0.03,0,TRAIN,SYNTHETIC
CASE-00448,ATM-094,2.91,3.21,1,0.784,0.84,0,TRAIN,SYNTHETIC
CASE-00448,ATM-112,5.05,4.52,1,0.629,0.232,0,TRAIN,SYNTHETIC
CASE-00448,ATM-004,6.3,6.31,1,0.974,0.572,0,TRAIN,SYNTHETIC
CASE-00448,ATM-088,7.76,5.78,1,0.778,0.571,0,TRAIN,SYNTHETIC
CASE-00448,ATM-017,895.37,1166.12,0,0.873,0.687,1,TRAIN,SYNTHETIC
CASE-00449,ATM-119,1.38,1.44,1,0.536,0.749,0,TRAIN,SYNTHETIC
CASE-00449,ATM-077,2.57,1.52,1,0.906,0.118,0,TRAIN,SYNTHETIC
CASE-00449,ATM-041,4.57,5.57,1,0.469,0.235,0,TRAIN,SYNTHETIC
CASE-00449,ATM-053,6.91,7.63,1,0.926,0.846,0,TRAIN,SYNTHETIC
CASE-00449,ATM-017,7.17,5.1,1,0.844,0.744,0,TRAIN,SYNTHETIC
CASE-00449,ATM-101,8.31,5.93,1,0.734,0.719,0,TRAIN,SYNTHETIC
CASE-00449,ATM-059,8.94,6.42,1,0.847,0.498,0,TRAIN,SYNTHETIC
CASE-00449,ATM-005,8.96,11.76,1,0.595,0.584,0,TRAIN,SYNTHETIC
CASE-00450,ATM-120,1.22,0.9,1,0.875,0.243,0,TRAIN,SYNTHETIC
CASE-00450,ATM-078,2.38,3.45,1,0.701,0.293,0,TRAIN,SYNTHETIC
CASE-00450,ATM-018,4.57,3.55,1,0.514,0.947,0,TRAIN,SYNTHETIC
CASE-00450,ATM-072,5.09,6.85,1,0.499,0.18,0,TRAIN,SYNTHETIC
CASE-00450,ATM-048,6.51,7.37,1,0.582,0.452,0,TRAIN,SYNTHETIC
CASE-00450,ATM-042,6.91,7.42,1,0.483,0.034,0,TRAIN,SYNTHETIC
CASE-00450,ATM-024,6.94,8.34,1,0.468,0.544,0,TRAIN,SYNTHETIC
CASE-00450,ATM-066,7.01,8.96,1,0.676,0.814,0,TRAIN,SYNTHETIC
CASE-00451,ATM-001,2.76,3.54,1,0.804,0.473,0,TRAIN,SYNTHETIC
CASE-00451,ATM-073,3.01,2.35,1,0.567,0.978,0,TRAIN,SYNTHETIC
CASE-00451,ATM-103,4.3,3.18,1,0.764,0.225,0,TRAIN,SYNTHETIC
CASE-00451,ATM-043,5.15,3.33,1,0.792,0.708,0,TRAIN,SYNTHETIC
CASE-00451,ATM-115,5.3,6.32,1,0.687,0.227,0,TRAIN,SYNTHETIC
CASE-00451,ATM-085,7.22,10.43,1,0.567,0.758,0,TRAIN,SYNTHETIC
CASE-00451,ATM-025,7.23,10.18,1,0.899,0.797,0,TRAIN,SYNTHETIC
CASE-00451,ATM-067,7.39,9.77,1,0.74,0.384,0,TRAIN,SYNTHETIC
CASE-00452,ATM-020,2.69,2.38,1,0.486,0.103,0,TRAIN,SYNTHETIC
CASE-00452,ATM-086,2.9,2.85,1,0.964,0.958,0,TRAIN,SYNTHETIC
CASE-00452,ATM-032,3.44,3.17,1,0.776,0.844,0,TRAIN,SYNTHETIC
CASE-00452,ATM-074,4.87,4.3,1,0.808,0.302,0,TRAIN,SYNTHETIC
CASE-00452,ATM-116,5.43,7.32,1,0.519,0.284,0,TRAIN,SYNTHETIC
CASE-00452,ATM-110,6.49,3.97,1,0.788,0.075,0,TRAIN,SYNTHETIC
CASE-00452,ATM-080,6.52,8.27,1,0.48,0.433,0,TRAIN,SYNTHETIC
CASE-00452,ATM-115,288.62,391.26,0,0.989,0.323,1,TRAIN,SYNTHETIC
CASE-00453,ATM-099,4.13,5.52,1,0.684,0.193,0,TRAIN,SYNTHETIC
CASE-00453,ATM-075,4.56,3.11,1,0.749,0.189,0,TRAIN,SYNTHETIC
CASE-00453,ATM-009,5.24,7.35,1,0.528,0.49,0,TRAIN,SYNTHETIC
CASE-00453,ATM-105,5.66,6.99,1,0.648,0.311,0,TRAIN,SYNTHETIC
CASE-00453,ATM-027,6.31,3.95,1,0.659,0.092,0,TRAIN,SYNTHETIC
CASE-00453,ATM-021,7.1,5.76,1,0.69,0.958,0,TRAIN,SYNTHETIC
CASE-00453,ATM-081,7.72,6.47,1,0.796,0.99,0,TRAIN,SYNTHETIC
CASE-00453,ATM-003,7.98,5.05,1,0.991,0.994,0,TRAIN,SYNTHETIC
CASE-00454,ATM-046,1.99,2.27,1,0.884,0.962,0,VALIDATION,SYNTHETIC
CASE-00454,ATM-040,2.48,3.49,1,0.956,0.479,0,VALIDATION,SYNTHETIC
CASE-00454,ATM-064,2.56,2.57,1,0.578,0.217,0,VALIDATION,SYNTHETIC
CASE-00454,ATM-094,2.91,3.45,1,0.83,0.775,0,VALIDATION,SYNTHETIC
CASE-00454,ATM-112,5.05,6.03,1,0.873,0.96,0,VALIDATION,SYNTHETIC
CASE-00454,ATM-004,6.3,8.81,1,0.625,0.652,0,VALIDATION,SYNTHETIC
CASE-00454,ATM-088,7.76,9.72,1,0.778,0.628,0,VALIDATION,SYNTHETIC
CASE-00454,ATM-002,237.65,175.28,0,0.804,0.872,1,VALIDATION,SYNTHETIC
CASE-00455,ATM-119,1.38,1.76,1,0.768,0.298,0,VALIDATION,SYNTHETIC
CASE-00455,ATM-077,2.57,1.66,1,0.792,0.857,0,VALIDATION,SYNTHETIC
CASE-00455,ATM-041,4.57,4.51,1,0.53,0.385,0,VALIDATION,SYNTHETIC
CASE-00455,ATM-053,6.91,8.85,1,0.737,0.091,0,VALIDATION,SYNTHETIC
CASE-00455,ATM-017,7.17,5.28,1,0.626,0.349,0,VALIDATION,SYNTHETIC
CASE-00455,ATM-101,8.31,4.61,1,0.684,0.948,0,VALIDATION,SYNTHETIC
CASE-00455,ATM-059,8.94,10.39,1,0.75,0.062,0,VALIDATION,SYNTHETIC
CASE-00455,ATM-005,8.96,5.13,1,0.906,0.014,0,VALIDATION,SYNTHETIC
CASE-00456,ATM-120,1.22,1.53,1,0.501,0.543,0,VALIDATION,SYNTHETIC
CASE-00456,ATM-078,2.38,2.24,1,0.475,0.094,0,VALIDATION,SYNTHETIC
CASE-00456,ATM-018,4.57,4.86,1,0.924,0.223,0,VALIDATION,SYNTHETIC
CASE-00456,ATM-072,5.09,5.58,1,0.778,0.411,0,VALIDATION,SYNTHETIC
CASE-00456,ATM-048,6.51,3.65,1,0.921,0.683,0,VALIDATION,SYNTHETIC
CASE-00456,ATM-042,6.91,3.81,1,0.517,0.085,0,VALIDATION,SYNTHETIC
CASE-00456,ATM-024,6.94,7.29,1,0.586,0.777,0,VALIDATION,SYNTHETIC
CASE-00456,ATM-066,7.01,4.43,1,0.715,0.803,0,VALIDATION,SYNTHETIC
CASE-00457,ATM-001,2.76,3.9,1,0.457,0.488,0,TEST,SYNTHETIC
CASE-00457,ATM-073,3.01,3.11,1,0.52,0.061,0,TEST,SYNTHETIC
CASE-00457,ATM-103,4.3,2.39,1,0.75,0.113,0,TEST,SYNTHETIC
CASE-00457,ATM-043,5.15,3.69,1,0.693,0.907,0,TEST,SYNTHETIC
CASE-00457,ATM-115,5.3,5.12,1,0.695,0.206,0,TEST,SYNTHETIC
CASE-00457,ATM-085,7.22,7.35,1,0.962,0.491,0,TEST,SYNTHETIC
CASE-00457,ATM-025,7.23,8.13,1,0.92,0.933,0,TEST,SYNTHETIC
CASE-00457,ATM-067,7.39,6.28,1,0.918,0.308,0,TEST,SYNTHETIC
CASE-00458,ATM-020,2.69,1.97,1,0.896,0.673,0,TEST,SYNTHETIC
CASE-00458,ATM-086,2.9,3.87,1,0.736,0.948,0,TEST,SYNTHETIC
CASE-00458,ATM-032,3.44,2.78,1,0.807,0.311,0,TEST,SYNTHETIC
CASE-00458,ATM-074,4.87,3.57,1,0.606,0.758,0,TEST,SYNTHETIC
CASE-00458,ATM-116,5.43,7,1,0.556,0.749,0,TEST,SYNTHETIC
CASE-00458,ATM-110,6.49,8.81,1,0.721,0.475,0,TEST,SYNTHETIC
CASE-00458,ATM-080,6.52,6.35,1,0.485,0.017,0,TEST,SYNTHETIC
CASE-00458,ATM-008,7.41,10.07,1,0.554,0.804,0,TEST,SYNTHETIC
CASE-00459,ATM-099,4.13,5.52,1,0.962,0.237,0,TEST,SYNTHETIC
CASE-00459,ATM-075,4.56,4.3,1,0.847,0.757,0,TEST,SYNTHETIC
CASE-00459,ATM-009,5.24,2.99,1,0.607,0.92,0,TEST,SYNTHETIC
CASE-00459,ATM-105,5.66,5.82,1,0.549,0.499,0,TEST,SYNTHETIC
CASE-00459,ATM-027,6.31,5.08,1,0.609,0.125,0,TEST,SYNTHETIC
CASE-00459,ATM-021,7.1,9.51,1,0.574,0.763,0,TEST,SYNTHETIC
CASE-00459,ATM-081,7.72,6.59,1,0.705,0.271,0,TEST,SYNTHETIC
CASE-00459,ATM-082,733.93,533.8,0,0.869,0.225,1,TEST,SYNTHETIC
CASE-00460,ATM-046,1.99,1.24,1,0.699,0.184,0,TRAIN,SYNTHETIC
CASE-00460,ATM-040,2.48,2.92,1,0.97,0.452,0,TRAIN,SYNTHETIC
CASE-00460,ATM-064,2.56,2.94,1,0.587,0.724,0,TRAIN,SYNTHETIC
CASE-00460,ATM-094,2.91,3.74,1,0.489,0.315,0,TRAIN,SYNTHETIC
CASE-00460,ATM-112,5.05,6.7,1,0.571,0.161,0,TRAIN,SYNTHETIC
CASE-00460,ATM-004,6.3,8.96,1,0.597,0.875,0,TRAIN,SYNTHETIC
CASE-00460,ATM-088,7.76,10.24,1,0.882,0.544,0,TRAIN,SYNTHETIC
CASE-00460,ATM-058,8.21,8.73,1,0.69,0.768,0,TRAIN,SYNTHETIC
CASE-00461,ATM-119,1.38,1.45,1,0.931,0.988,0,TRAIN,SYNTHETIC
CASE-00461,ATM-077,2.57,3.72,1,0.954,0.416,0,TRAIN,SYNTHETIC
CASE-00461,ATM-041,4.57,3.8,1,0.945,0.266,0,TRAIN,SYNTHETIC
CASE-00461,ATM-053,6.91,9.58,1,0.529,0.649,0,TRAIN,SYNTHETIC
CASE-00461,ATM-017,7.17,6.02,1,0.965,0.638,0,TRAIN,SYNTHETIC
CASE-00461,ATM-101,8.31,8.62,1,0.697,0.181,0,TRAIN,SYNTHETIC
CASE-00461,ATM-059,8.94,11.07,1,0.787,0.979,0,TRAIN,SYNTHETIC
CASE-00461,ATM-084,745.37,595.04,0,0.774,0.824,1,TRAIN,SYNTHETIC
CASE-00462,ATM-120,1.22,1.65,1,0.963,0.135,0,TRAIN,SYNTHETIC
CASE-00462,ATM-078,2.38,1.52,1,0.867,0.391,0,TRAIN,SYNTHETIC
CASE-00462,ATM-018,4.57,4.75,1,0.557,0.08,0,TRAIN,SYNTHETIC
CASE-00462,ATM-072,5.09,4.22,1,0.569,0.057,0,TRAIN,SYNTHETIC
CASE-00462,ATM-048,6.51,6.88,1,0.809,0.927,0,TRAIN,SYNTHETIC
CASE-00462,ATM-042,6.91,7.49,1,0.619,0.352,0,TRAIN,SYNTHETIC
CASE-00462,ATM-024,6.94,8.87,1,0.559,0.867,0,TRAIN,SYNTHETIC
CASE-00462,ATM-066,7.01,7.19,1,0.832,0.67,0,TRAIN,SYNTHETIC
CASE-00463,ATM-001,2.76,3.28,1,0.955,0.75,0,TRAIN,SYNTHETIC
CASE-00463,ATM-073,3.01,2.43,1,0.676,0.457,0,TRAIN,SYNTHETIC
CASE-00463,ATM-103,4.3,4.45,1,0.556,0.313,0,TRAIN,SYNTHETIC
CASE-00463,ATM-043,5.15,6.04,1,0.568,0.365,0,TRAIN,SYNTHETIC
CASE-00463,ATM-115,5.3,5.79,1,0.781,0.211,0,TRAIN,SYNTHETIC
CASE-00463,ATM-085,7.22,8.62,1,0.864,0.13,0,TRAIN,SYNTHETIC
CASE-00463,ATM-025,7.23,4.87,1,0.883,0.626,0,TRAIN,SYNTHETIC
CASE-00463,ATM-002,285.84,189.05,0,0.644,0.2,1,TRAIN,SYNTHETIC
CASE-00464,ATM-020,2.69,1.85,1,0.743,0.862,0,TRAIN,SYNTHETIC
CASE-00464,ATM-086,2.9,2.19,1,0.695,0.067,0,TRAIN,SYNTHETIC
CASE-00464,ATM-032,3.44,2.94,1,0.928,0.19,0,TRAIN,SYNTHETIC
CASE-00464,ATM-074,4.87,5.85,1,0.859,0.578,0,TRAIN,SYNTHETIC
CASE-00464,ATM-116,5.43,4.02,1,0.913,0.166,0,TRAIN,SYNTHETIC
CASE-00464,ATM-110,6.49,4.23,1,0.601,0.33,0,TRAIN,SYNTHETIC
CASE-00464,ATM-080,6.52,6.38,1,0.711,0.282,0,TRAIN,SYNTHETIC
CASE-00464,ATM-088,221.4,255.38,0,0.473,0.464,1,TRAIN,SYNTHETIC
CASE-00465,ATM-099,4.13,4.01,1,0.93,0.11,0,TRAIN,SYNTHETIC
CASE-00465,ATM-075,4.56,2.83,1,0.456,0.279,0,TRAIN,SYNTHETIC
CASE-00465,ATM-009,5.24,6.37,1,0.697,0.03,0,TRAIN,SYNTHETIC
CASE-00465,ATM-105,5.66,3.47,1,0.862,0.033,0,TRAIN,SYNTHETIC
CASE-00465,ATM-027,6.31,9.05,1,0.507,0.562,0,TRAIN,SYNTHETIC
CASE-00465,ATM-021,7.1,7.58,1,0.903,0.911,0,TRAIN,SYNTHETIC
CASE-00465,ATM-081,7.72,9.72,1,0.662,0.647,0,TRAIN,SYNTHETIC
CASE-00465,ATM-057,9.57,8.47,1,0.933,0.058,1,TRAIN,SYNTHETIC
CASE-00466,ATM-046,1.99,1.28,1,0.83,0.386,0,TRAIN,SYNTHETIC
CASE-00466,ATM-040,2.48,2.32,1,0.961,0.153,0,TRAIN,SYNTHETIC
CASE-00466,ATM-064,2.56,2.85,1,0.484,0.451,0,TRAIN,SYNTHETIC
CASE-00466,ATM-094,2.91,1.76,1,0.482,0.927,0,TRAIN,SYNTHETIC
CASE-00466,ATM-112,5.05,5.24,1,0.884,0.458,0,TRAIN,SYNTHETIC
CASE-00466,ATM-004,6.3,8.31,1,0.613,0.272,0,TRAIN,SYNTHETIC
CASE-00466,ATM-088,7.76,7.91,1,0.525,0.332,0,TRAIN,SYNTHETIC
CASE-00466,ATM-089,887.29,685.6,0,0.896,0.49,1,TRAIN,SYNTHETIC
CASE-00467,ATM-119,1.38,1.07,1,0.991,0.133,0,TRAIN,SYNTHETIC
CASE-00467,ATM-077,2.57,2.24,1,0.784,0.124,0,TRAIN,SYNTHETIC
CASE-00467,ATM-041,4.57,5.56,1,0.487,0.157,0,TRAIN,SYNTHETIC
CASE-00467,ATM-053,6.91,5.08,1,0.796,0.862,0,TRAIN,SYNTHETIC
CASE-00467,ATM-017,7.17,4.25,1,0.516,0.816,0,TRAIN,SYNTHETIC
CASE-00467,ATM-101,8.31,7.58,1,0.841,0.716,0,TRAIN,SYNTHETIC
CASE-00467,ATM-059,8.94,10.15,1,0.665,0.763,0,TRAIN,SYNTHETIC
CASE-00467,ATM-005,8.96,5.13,1,0.552,0.159,0,TRAIN,SYNTHETIC
CASE-00468,ATM-120,1.22,0.9,1,0.97,0.518,0,TRAIN,SYNTHETIC
CASE-00468,ATM-078,2.38,1.39,1,0.564,0.566,0,TRAIN,SYNTHETIC
CASE-00468,ATM-018,4.57,4.01,1,0.762,0.83,0,TRAIN,SYNTHETIC
CASE-00468,ATM-072,5.09,3.05,1,0.78,0.356,0,TRAIN,SYNTHETIC
CASE-00468,ATM-048,6.51,4.56,1,0.896,0.687,0,TRAIN,SYNTHETIC
CASE-00468,ATM-042,6.91,6.77,1,0.52,0.132,0,TRAIN,SYNTHETIC
CASE-00468,ATM-024,6.94,9.34,1,0.472,0.607,0,TRAIN,SYNTHETIC
CASE-00468,ATM-037,381.6,443.46,0,0.855,0.605,1,TRAIN,SYNTHETIC
CASE-00469,ATM-001,2.76,2.82,1,0.714,0.112,0,TRAIN,SYNTHETIC
CASE-00469,ATM-073,3.01,2.3,1,0.626,0.337,0,TRAIN,SYNTHETIC
CASE-00469,ATM-103,4.3,3.75,1,0.533,0.086,0,TRAIN,SYNTHETIC
CASE-00469,ATM-043,5.15,5.74,1,0.805,0.182,0,TRAIN,SYNTHETIC
CASE-00469,ATM-115,5.3,3.84,1,0.86,0.151,0,TRAIN,SYNTHETIC
CASE-00469,ATM-085,7.22,4.68,1,0.826,0.156,0,TRAIN,SYNTHETIC
CASE-00469,ATM-025,7.23,4.5,1,0.662,0.201,0,TRAIN,SYNTHETIC
CASE-00469,ATM-067,7.39,7.92,1,0.511,0.159,0,TRAIN,SYNTHETIC
CASE-00470,ATM-020,2.69,3.41,1,0.63,0.067,0,TRAIN,SYNTHETIC
CASE-00470,ATM-086,2.9,3.72,1,0.697,0.126,0,TRAIN,SYNTHETIC
CASE-00470,ATM-032,3.44,4.09,1,0.686,0.209,0,TRAIN,SYNTHETIC
CASE-00470,ATM-074,4.87,2.97,1,0.755,0.411,0,TRAIN,SYNTHETIC
CASE-00470,ATM-116,5.43,3.54,1,0.906,0.008,0,TRAIN,SYNTHETIC
CASE-00470,ATM-110,6.49,5.32,1,0.621,0.672,0,TRAIN,SYNTHETIC
CASE-00470,ATM-080,6.52,4.63,1,0.546,0.318,0,TRAIN,SYNTHETIC
CASE-00470,ATM-008,7.41,5.79,1,0.819,0.058,0,TRAIN,SYNTHETIC
CASE-00471,ATM-099,4.13,5.34,1,0.958,0.69,0,TRAIN,SYNTHETIC
CASE-00471,ATM-075,4.56,4.31,1,0.482,0.227,0,TRAIN,SYNTHETIC
CASE-00471,ATM-009,5.24,6.76,1,0.993,0.561,0,TRAIN,SYNTHETIC
CASE-00471,ATM-105,5.66,7.33,1,0.706,0.841,0,TRAIN,SYNTHETIC
CASE-00471,ATM-027,6.31,6.8,1,0.829,0.171,0,TRAIN,SYNTHETIC
CASE-00471,ATM-021,7.1,4.42,1,0.723,0.299,0,TRAIN,SYNTHETIC
CASE-00471,ATM-081,7.72,9.55,1,0.6,0.262,0,TRAIN,SYNTHETIC
CASE-00471,ATM-004,731.81,839.45,0,0.839,0.205,1,TRAIN,SYNTHETIC
CASE-00472,ATM-046,1.99,2.11,1,0.873,0.294,0,TRAIN,SYNTHETIC
CASE-00472,ATM-040,2.48,2.92,1,0.589,0.385,0,TRAIN,SYNTHETIC
CASE-00472,ATM-064,2.56,3.57,1,0.615,0.865,0,TRAIN,SYNTHETIC
CASE-00472,ATM-094,2.91,3.6,1,0.614,0.121,0,TRAIN,SYNTHETIC
CASE-00472,ATM-112,5.05,5.2,1,0.534,0.817,0,TRAIN,SYNTHETIC
CASE-00472,ATM-004,6.3,7.42,1,0.497,0.742,0,TRAIN,SYNTHETIC
CASE-00472,ATM-088,7.76,5.94,1,0.695,0.263,0,TRAIN,SYNTHETIC
CASE-00472,ATM-113,892.32,531.13,0,0.528,0.975,1,TRAIN,SYNTHETIC
CASE-00473,ATM-119,1.38,0.87,1,0.812,0.624,0,TRAIN,SYNTHETIC
CASE-00473,ATM-077,2.57,2.1,1,0.823,0.107,0,TRAIN,SYNTHETIC
CASE-00473,ATM-041,4.57,4.24,1,0.779,0.631,0,TRAIN,SYNTHETIC
CASE-00473,ATM-053,6.91,4.58,1,0.798,0.049,0,TRAIN,SYNTHETIC
CASE-00473,ATM-017,7.17,7.43,1,0.7,0.4,0,TRAIN,SYNTHETIC
CASE-00473,ATM-101,8.31,5.66,1,0.465,0.281,0,TRAIN,SYNTHETIC
CASE-00473,ATM-059,8.94,9.69,1,0.516,0.405,0,TRAIN,SYNTHETIC
CASE-00473,ATM-005,8.96,6.59,1,0.963,0.014,0,TRAIN,SYNTHETIC
CASE-00474,ATM-120,1.22,0.84,1,0.784,0.592,0,VALIDATION,SYNTHETIC
CASE-00474,ATM-078,2.38,3.1,1,0.784,0.286,0,VALIDATION,SYNTHETIC
CASE-00474,ATM-018,4.57,5.08,1,0.759,0.216,0,VALIDATION,SYNTHETIC
CASE-00474,ATM-072,5.09,5.22,1,0.471,0.948,0,VALIDATION,SYNTHETIC
CASE-00474,ATM-048,6.51,7.2,1,0.654,0.977,0,VALIDATION,SYNTHETIC
CASE-00474,ATM-042,6.91,9.08,1,0.803,0.294,0,VALIDATION,SYNTHETIC
CASE-00474,ATM-024,6.94,6.17,1,0.877,0.621,0,VALIDATION,SYNTHETIC
CASE-00474,ATM-066,7.01,8.78,1,0.497,0.06,0,VALIDATION,SYNTHETIC
CASE-00475,ATM-001,2.76,3.72,1,0.938,0.682,0,VALIDATION,SYNTHETIC
CASE-00475,ATM-073,3.01,3.02,1,0.915,0.468,0,VALIDATION,SYNTHETIC
CASE-00475,ATM-103,4.3,2.67,1,0.743,0.45,0,VALIDATION,SYNTHETIC
CASE-00475,ATM-043,5.15,4.36,1,0.866,0.968,0,VALIDATION,SYNTHETIC
CASE-00475,ATM-115,5.3,5.74,1,0.705,0.507,0,VALIDATION,SYNTHETIC
CASE-00475,ATM-085,7.22,8.6,1,0.538,0.937,0,VALIDATION,SYNTHETIC
CASE-00475,ATM-025,7.23,7.49,1,0.701,0.663,0,VALIDATION,SYNTHETIC
CASE-00475,ATM-067,7.39,8.39,1,0.453,0.577,0,VALIDATION,SYNTHETIC
CASE-00476,ATM-020,2.69,3.4,1,0.719,0.729,0,VALIDATION,SYNTHETIC
CASE-00476,ATM-086,2.9,1.87,1,0.49,0.57,0,VALIDATION,SYNTHETIC
CASE-00476,ATM-032,3.44,2.61,1,0.637,0.716,0,VALIDATION,SYNTHETIC
CASE-00476,ATM-074,4.87,5.9,1,0.81,0.197,0,VALIDATION,SYNTHETIC
CASE-00476,ATM-116,5.43,3.4,1,0.612,0.483,0,VALIDATION,SYNTHETIC
CASE-00476,ATM-110,6.49,4.58,1,0.626,0.466,0,VALIDATION,SYNTHETIC
CASE-00476,ATM-080,6.52,7.5,1,0.604,0.593,0,VALIDATION,SYNTHETIC
CASE-00476,ATM-008,7.41,5.86,1,0.58,0.406,0,VALIDATION,SYNTHETIC
CASE-00477,ATM-099,4.13,4.32,1,0.913,0.156,0,TEST,SYNTHETIC
CASE-00477,ATM-075,4.56,3.32,1,0.871,0.777,0,TEST,SYNTHETIC
CASE-00477,ATM-009,5.24,4.75,1,0.759,0.336,0,TEST,SYNTHETIC
CASE-00477,ATM-105,5.66,4.98,1,0.477,0.463,0,TEST,SYNTHETIC
CASE-00477,ATM-027,6.31,6.92,1,0.748,0.503,0,TEST,SYNTHETIC
CASE-00477,ATM-021,7.1,4.61,1,0.86,0.967,0,TEST,SYNTHETIC
CASE-00477,ATM-081,7.72,6.31,1,0.786,0.278,0,TEST,SYNTHETIC
CASE-00477,ATM-003,7.98,10.5,1,0.809,0.825,0,TEST,SYNTHETIC
CASE-00478,ATM-046,1.99,2.64,1,0.66,0.706,0,TEST,SYNTHETIC
CASE-00478,ATM-040,2.48,1.63,1,0.858,0.362,0,TEST,SYNTHETIC
CASE-00478,ATM-064,2.56,2.04,1,0.758,0.789,0,TEST,SYNTHETIC
CASE-00478,ATM-094,2.91,3.94,1,0.583,0.604,0,TEST,SYNTHETIC
CASE-00478,ATM-112,5.05,5.15,1,0.854,0.198,0,TEST,SYNTHETIC
CASE-00478,ATM-004,6.3,8.97,1,0.81,0.57,0,TEST,SYNTHETIC
CASE-00478,ATM-088,7.76,10.11,1,0.997,0.538,0,TEST,SYNTHETIC
CASE-00478,ATM-058,8.21,6.73,1,0.772,0.783,0,TEST,SYNTHETIC
CASE-00479,ATM-119,1.38,0.92,1,0.481,0.119,0,TEST,SYNTHETIC
CASE-00479,ATM-077,2.57,3.32,1,0.937,0.707,0,TEST,SYNTHETIC
CASE-00479,ATM-041,4.57,6.09,1,0.702,0.286,0,TEST,SYNTHETIC
CASE-00479,ATM-053,6.91,5.16,1,0.521,0.31,0,TEST,SYNTHETIC
CASE-00479,ATM-017,7.17,7.6,1,0.932,0.408,0,TEST,SYNTHETIC
CASE-00479,ATM-101,8.31,11.69,1,0.659,0.318,0,TEST,SYNTHETIC
CASE-00479,ATM-059,8.94,7.55,1,0.501,0.048,0,TEST,SYNTHETIC
CASE-00479,ATM-005,8.96,12.27,1,0.9,0.908,0,TEST,SYNTHETIC
CASE-00480,ATM-120,1.22,1.52,1,0.968,0.574,0,TRAIN,SYNTHETIC
CASE-00480,ATM-078,2.38,3.11,1,0.812,0.517,0,TRAIN,SYNTHETIC
CASE-00480,ATM-018,4.57,6.48,1,0.816,0.897,0,TRAIN,SYNTHETIC
CASE-00480,ATM-072,5.09,3.7,1,0.939,0.377,0,TRAIN,SYNTHETIC
CASE-00480,ATM-048,6.51,9.33,1,0.544,0.083,0,TRAIN,SYNTHETIC
CASE-00480,ATM-042,6.91,6.65,1,0.905,0.423,0,TRAIN,SYNTHETIC
CASE-00480,ATM-024,6.94,7.27,1,0.9,0.631,0,TRAIN,SYNTHETIC
CASE-00480,ATM-066,7.01,6.66,1,0.782,0.64,0,TRAIN,SYNTHETIC
CASE-00481,ATM-001,2.76,3.41,1,0.772,0.455,0,TRAIN,SYNTHETIC
CASE-00481,ATM-073,3.01,3.97,1,0.543,0.386,0,TRAIN,SYNTHETIC
CASE-00481,ATM-103,4.3,6.17,1,0.666,0.929,0,TRAIN,SYNTHETIC
CASE-00481,ATM-043,5.15,5.35,1,0.758,0.228,0,TRAIN,SYNTHETIC
CASE-00481,ATM-115,5.3,5.57,1,0.877,0.483,0,TRAIN,SYNTHETIC
CASE-00481,ATM-085,7.22,9.51,1,0.61,0.57,0,TRAIN,SYNTHETIC
CASE-00481,ATM-025,7.23,9.41,1,0.458,0.459,0,TRAIN,SYNTHETIC
CASE-00481,ATM-067,7.39,4.96,1,0.901,0.643,0,TRAIN,SYNTHETIC
CASE-00482,ATM-020,2.69,3.06,1,0.627,0.485,0,TRAIN,SYNTHETIC
CASE-00482,ATM-086,2.9,3.68,1,0.969,0.56,0,TRAIN,SYNTHETIC
CASE-00482,ATM-032,3.44,2.14,1,0.602,0.775,0,TRAIN,SYNTHETIC
CASE-00482,ATM-074,4.87,6.17,1,0.649,0.72,0,TRAIN,SYNTHETIC
CASE-00482,ATM-116,5.43,6.85,1,0.918,0.029,0,TRAIN,SYNTHETIC
CASE-00482,ATM-110,6.49,4.53,1,0.969,0.499,0,TRAIN,SYNTHETIC
CASE-00482,ATM-080,6.52,9.04,1,0.642,0.651,0,TRAIN,SYNTHETIC
CASE-00482,ATM-008,7.41,9.22,1,0.614,0.535,0,TRAIN,SYNTHETIC
CASE-00483,ATM-099,4.13,4.84,1,0.998,0.941,0,TRAIN,SYNTHETIC
CASE-00483,ATM-075,4.56,5.72,1,0.471,0.323,0,TRAIN,SYNTHETIC
CASE-00483,ATM-009,5.24,4.87,1,0.791,0.632,0,TRAIN,SYNTHETIC
CASE-00483,ATM-105,5.66,4.85,1,0.666,0.476,0,TRAIN,SYNTHETIC
CASE-00483,ATM-027,6.31,8.51,1,0.672,0.282,0,TRAIN,SYNTHETIC
CASE-00483,ATM-021,7.1,4.28,1,0.646,0.367,0,TRAIN,SYNTHETIC
CASE-00483,ATM-081,7.72,7.02,1,0.643,0.442,0,TRAIN,SYNTHETIC
CASE-00483,ATM-003,7.98,4.46,1,0.457,0.066,0,TRAIN,SYNTHETIC
CASE-00484,ATM-046,1.99,1.14,1,0.978,0.926,0,TRAIN,SYNTHETIC
CASE-00484,ATM-040,2.48,1.74,1,0.988,0.708,0,TRAIN,SYNTHETIC
CASE-00484,ATM-064,2.56,1.63,1,0.89,0.618,0,TRAIN,SYNTHETIC
CASE-00484,ATM-094,2.91,1.68,1,0.572,0.813,0,TRAIN,SYNTHETIC
CASE-00484,ATM-112,5.05,4.06,1,0.815,0.032,0,TRAIN,SYNTHETIC
CASE-00484,ATM-004,6.3,5.96,1,0.595,0.173,0,TRAIN,SYNTHETIC
CASE-00484,ATM-088,7.76,9.88,1,0.59,0.655,0,TRAIN,SYNTHETIC
CASE-00484,ATM-029,908.99,1259.87,0,0.769,0.885,1,TRAIN,SYNTHETIC
CASE-00485,ATM-119,1.38,0.92,1,0.924,0.229,0,TRAIN,SYNTHETIC
CASE-00485,ATM-077,2.57,1.77,1,0.684,0.653,0,TRAIN,SYNTHETIC
CASE-00485,ATM-041,4.57,2.54,1,0.536,0.606,0,TRAIN,SYNTHETIC
CASE-00485,ATM-053,6.91,5.54,1,0.819,0.676,1,TRAIN,SYNTHETIC
CASE-00485,ATM-017,7.17,9.49,1,0.828,0.156,0,TRAIN,SYNTHETIC
CASE-00485,ATM-101,8.31,4.72,1,0.945,0.063,0,TRAIN,SYNTHETIC
CASE-00485,ATM-059,8.94,8.44,1,0.798,0.933,0,TRAIN,SYNTHETIC
CASE-00485,ATM-005,8.96,7.07,1,0.51,0.677,0,TRAIN,SYNTHETIC
CASE-00486,ATM-120,1.22,0.81,1,0.84,0.163,0,TRAIN,SYNTHETIC
CASE-00486,ATM-078,2.38,1.34,1,0.527,0.354,0,TRAIN,SYNTHETIC
CASE-00486,ATM-018,4.57,4.59,1,0.969,0.609,0,TRAIN,SYNTHETIC
CASE-00486,ATM-072,5.09,5.31,1,0.492,0.97,0,TRAIN,SYNTHETIC
CASE-00486,ATM-048,6.51,8.36,1,0.992,0.353,0,TRAIN,SYNTHETIC
CASE-00486,ATM-042,6.91,5.03,1,0.984,0.742,0,TRAIN,SYNTHETIC
CASE-00486,ATM-024,6.94,4.8,1,0.478,0.543,0,TRAIN,SYNTHETIC
CASE-00486,ATM-066,7.01,4.83,1,0.972,0.887,0,TRAIN,SYNTHETIC
CASE-00487,ATM-001,2.76,3.08,1,0.595,0.109,0,TRAIN,SYNTHETIC
CASE-00487,ATM-073,3.01,4.28,1,0.981,0.099,0,TRAIN,SYNTHETIC
CASE-00487,ATM-103,4.3,5.36,1,0.869,0.774,0,TRAIN,SYNTHETIC
CASE-00487,ATM-043,5.15,4.1,1,0.984,0.483,0,TRAIN,SYNTHETIC
CASE-00487,ATM-115,5.3,4.84,1,0.938,0.064,0,TRAIN,SYNTHETIC
CASE-00487,ATM-085,7.22,4.15,1,0.696,0.864,0,TRAIN,SYNTHETIC
CASE-00487,ATM-025,7.23,10.32,1,0.903,0.043,0,TRAIN,SYNTHETIC
CASE-00487,ATM-047,918.22,1325.8,0,0.558,0.063,1,TRAIN,SYNTHETIC
CASE-00488,ATM-020,2.69,2.15,1,0.888,0.127,0,TRAIN,SYNTHETIC
CASE-00488,ATM-086,2.9,3.35,1,0.849,0.559,0,TRAIN,SYNTHETIC
CASE-00488,ATM-032,3.44,3.07,1,0.77,0.752,0,TRAIN,SYNTHETIC
CASE-00488,ATM-074,4.87,2.93,1,0.968,0.102,0,TRAIN,SYNTHETIC
CASE-00488,ATM-116,5.43,4.67,1,0.965,0.545,0,TRAIN,SYNTHETIC
CASE-00488,ATM-110,6.49,7.11,1,0.803,0.326,0,TRAIN,SYNTHETIC
CASE-00488,ATM-080,6.52,7.87,1,0.67,0.257,0,TRAIN,SYNTHETIC
CASE-00488,ATM-057,504.9,670.18,0,0.695,0.221,1,TRAIN,SYNTHETIC
CASE-00489,ATM-099,4.13,3.45,1,0.999,0.182,0,TRAIN,SYNTHETIC
CASE-00489,ATM-075,4.56,2.95,1,0.743,0.253,0,TRAIN,SYNTHETIC
CASE-00489,ATM-009,5.24,4.96,1,0.856,0.934,0,TRAIN,SYNTHETIC
CASE-00489,ATM-105,5.66,6.59,1,0.861,0.259,0,TRAIN,SYNTHETIC
CASE-00489,ATM-027,6.31,3.61,1,0.919,0.222,0,TRAIN,SYNTHETIC
CASE-00489,ATM-021,7.1,6.13,1,0.779,0.219,0,TRAIN,SYNTHETIC
CASE-00489,ATM-081,7.72,4.92,1,0.927,0.143,0,TRAIN,SYNTHETIC
CASE-00489,ATM-003,7.98,7.35,1,0.774,0.323,0,TRAIN,SYNTHETIC
CASE-00490,ATM-046,1.99,2.53,1,0.833,0.139,0,TRAIN,SYNTHETIC
CASE-00490,ATM-040,2.48,3.55,1,0.816,0.823,0,TRAIN,SYNTHETIC
CASE-00490,ATM-064,2.56,2.58,1,0.762,0.692,0,TRAIN,SYNTHETIC
CASE-00490,ATM-094,2.91,2.7,1,0.979,0.291,0,TRAIN,SYNTHETIC
CASE-00490,ATM-112,5.05,4.15,1,0.639,0.202,0,TRAIN,SYNTHETIC
CASE-00490,ATM-004,6.3,4.37,1,0.863,0.788,0,TRAIN,SYNTHETIC
CASE-00490,ATM-088,7.76,8.85,1,0.936,0.21,0,TRAIN,SYNTHETIC
CASE-00490,ATM-058,8.21,8.17,1,0.784,0.882,0,TRAIN,SYNTHETIC
CASE-00491,ATM-119,1.38,0.92,1,0.946,0.217,0,TRAIN,SYNTHETIC
CASE-00491,ATM-077,2.57,1.75,1,0.586,0.781,0,TRAIN,SYNTHETIC
CASE-00491,ATM-041,4.57,5.07,1,0.578,0.289,0,TRAIN,SYNTHETIC
CASE-00491,ATM-053,6.91,5.53,1,0.979,0.379,0,TRAIN,SYNTHETIC
CASE-00491,ATM-017,7.17,4.4,1,0.851,0.124,0,TRAIN,SYNTHETIC
CASE-00491,ATM-101,8.31,4.92,1,0.459,0.801,0,TRAIN,SYNTHETIC
CASE-00491,ATM-059,8.94,7.47,1,0.932,0.429,0,TRAIN,SYNTHETIC
CASE-00491,ATM-005,8.96,8.1,1,0.675,0.291,0,TRAIN,SYNTHETIC
CASE-00492,ATM-120,1.22,1.12,1,0.847,0.837,0,TRAIN,SYNTHETIC
CASE-00492,ATM-078,2.38,2.38,1,0.47,0.547,0,TRAIN,SYNTHETIC
CASE-00492,ATM-018,4.57,3.42,1,0.773,0.524,0,TRAIN,SYNTHETIC
CASE-00492,ATM-072,5.09,6.61,1,0.875,0.177,0,TRAIN,SYNTHETIC
CASE-00492,ATM-048,6.51,8.39,1,0.562,0.614,0,TRAIN,SYNTHETIC
CASE-00492,ATM-042,6.91,5.15,1,0.505,0.872,0,TRAIN,SYNTHETIC
CASE-00492,ATM-024,6.94,7.86,1,0.584,0.384,0,TRAIN,SYNTHETIC
CASE-00492,ATM-066,7.01,9.98,1,0.598,0.176,0,TRAIN,SYNTHETIC
CASE-00493,ATM-001,2.76,3.8,1,0.525,0.073,0,TRAIN,SYNTHETIC
CASE-00493,ATM-073,3.01,3.42,1,0.765,0.898,0,TRAIN,SYNTHETIC
CASE-00493,ATM-103,4.3,3.01,1,0.818,0.564,0,TRAIN,SYNTHETIC
CASE-00493,ATM-043,5.15,2.9,1,0.862,0.358,0,TRAIN,SYNTHETIC
CASE-00493,ATM-115,5.3,5.56,1,0.596,0.147,0,TRAIN,SYNTHETIC
CASE-00493,ATM-085,7.22,6.18,1,0.504,0.956,0,TRAIN,SYNTHETIC
CASE-00493,ATM-025,7.23,7.23,1,0.642,0.261,0,TRAIN,SYNTHETIC
CASE-00493,ATM-092,287.89,253.68,0,0.834,0.702,1,TRAIN,SYNTHETIC
CASE-00494,ATM-020,2.69,3.48,1,0.818,0.041,0,VALIDATION,SYNTHETIC
CASE-00494,ATM-086,2.9,3.11,1,0.563,0.247,0,VALIDATION,SYNTHETIC
CASE-00494,ATM-032,3.44,3.22,1,0.941,0.752,0,VALIDATION,SYNTHETIC
CASE-00494,ATM-074,4.87,5.04,1,0.653,0.22,0,VALIDATION,SYNTHETIC
CASE-00494,ATM-116,5.43,5.39,1,0.764,0.222,0,VALIDATION,SYNTHETIC
CASE-00494,ATM-110,6.49,5.53,1,0.959,0.71,0,VALIDATION,SYNTHETIC
CASE-00494,ATM-080,6.52,8.08,1,0.91,0.303,0,VALIDATION,SYNTHETIC
CASE-00494,ATM-003,492.31,556.86,0,0.807,0.014,1,VALIDATION,SYNTHETIC
CASE-00495,ATM-099,4.13,5.83,1,0.681,0.545,0,VALIDATION,SYNTHETIC
CASE-00495,ATM-075,4.56,2.55,1,0.685,0.862,0,VALIDATION,SYNTHETIC
CASE-00495,ATM-009,5.24,4.88,1,0.65,0.021,0,VALIDATION,SYNTHETIC
CASE-00495,ATM-105,5.66,8.19,1,0.503,0.071,0,VALIDATION,SYNTHETIC
CASE-00495,ATM-027,6.31,3.51,1,0.8,0.463,0,VALIDATION,SYNTHETIC
CASE-00495,ATM-021,7.1,6.31,1,0.95,0.618,0,VALIDATION,SYNTHETIC
CASE-00495,ATM-081,7.72,6.48,1,0.545,0.065,0,VALIDATION,SYNTHETIC
CASE-00495,ATM-003,7.98,7.26,1,0.924,0.02,0,VALIDATION,SYNTHETIC
CASE-00496,ATM-046,1.99,2.61,1,0.761,0.494,0,VALIDATION,SYNTHETIC
CASE-00496,ATM-040,2.48,1.8,1,0.943,0.3,0,VALIDATION,SYNTHETIC
CASE-00496,ATM-064,2.56,1.82,1,0.611,0.829,0,VALIDATION,SYNTHETIC
CASE-00496,ATM-094,2.91,2.52,1,0.688,0.665,0,VALIDATION,SYNTHETIC
CASE-00496,ATM-112,5.05,6.11,1,0.644,0.625,0,VALIDATION,SYNTHETIC
CASE-00496,ATM-004,6.3,7.42,1,0.734,0.353,0,VALIDATION,SYNTHETIC
CASE-00496,ATM-088,7.76,8.68,1,0.992,0.457,0,VALIDATION,SYNTHETIC
CASE-00496,ATM-058,8.21,9.72,1,0.486,0.891,0,VALIDATION,SYNTHETIC
CASE-00497,ATM-119,1.38,1.82,1,0.932,0.364,0,TEST,SYNTHETIC
CASE-00497,ATM-077,2.57,2.14,1,0.943,0.603,0,TEST,SYNTHETIC
CASE-00497,ATM-041,4.57,6.11,1,0.96,0.707,0,TEST,SYNTHETIC
CASE-00497,ATM-053,6.91,5.36,1,0.799,0.579,0,TEST,SYNTHETIC
CASE-00497,ATM-017,7.17,6.97,1,0.545,0.464,0,TEST,SYNTHETIC
CASE-00497,ATM-101,8.31,5.75,1,0.612,0.013,0,TEST,SYNTHETIC
CASE-00497,ATM-059,8.94,7.44,1,0.922,0.056,0,TEST,SYNTHETIC
CASE-00497,ATM-001,911.79,713.37,0,0.977,0.968,1,TEST,SYNTHETIC
CASE-00498,ATM-120,1.22,0.82,1,0.995,0.488,0,TEST,SYNTHETIC
CASE-00498,ATM-078,2.38,3.24,1,0.634,0.1,0,TEST,SYNTHETIC
CASE-00498,ATM-018,4.57,4.76,1,0.945,0.955,0,TEST,SYNTHETIC
CASE-00498,ATM-072,5.09,5.25,1,0.85,0.487,0,TEST,SYNTHETIC
CASE-00498,ATM-048,6.51,6.4,1,0.52,0.75,0,TEST,SYNTHETIC
CASE-00498,ATM-042,6.91,5.29,1,0.522,0.248,0,TEST,SYNTHETIC
CASE-00498,ATM-024,6.94,9.4,1,0.464,0.395,0,TEST,SYNTHETIC
CASE-00498,ATM-007,377.37,509.36,0,0.792,0.175,1,TEST,SYNTHETIC
CASE-00499,ATM-001,2.76,2.08,1,0.945,0.239,0,TEST,SYNTHETIC
CASE-00499,ATM-073,3.01,2.94,1,0.734,0.168,0,TEST,SYNTHETIC
CASE-00499,ATM-103,4.3,5.08,1,0.577,0.845,0,TEST,SYNTHETIC
CASE-00499,ATM-043,5.15,4.76,1,0.564,0.137,0,TEST,SYNTHETIC
CASE-00499,ATM-115,5.3,3.65,1,0.637,0.792,0,TEST,SYNTHETIC
CASE-00499,ATM-085,7.22,5.76,1,0.502,0.659,0,TEST,SYNTHETIC
CASE-00499,ATM-025,7.23,8.72,1,0.852,0.02,0,TEST,SYNTHETIC
CASE-00499,ATM-067,7.39,6.65,1,0.967,0.238,0,TEST,SYNTHETIC
CASE-00500,ATM-020,2.69,2.01,1,0.606,0.14,0,TRAIN,SYNTHETIC
CASE-00500,ATM-086,2.9,2.38,1,0.863,0.089,0,TRAIN,SYNTHETIC
CASE-00500,ATM-032,3.44,3.52,1,0.785,0.978,0,TRAIN,SYNTHETIC
CASE-00500,ATM-074,4.87,5.09,1,0.877,0.732,0,TRAIN,SYNTHETIC
CASE-00500,ATM-116,5.43,5.35,1,0.603,0.511,0,TRAIN,SYNTHETIC
CASE-00500,ATM-110,6.49,6.25,1,0.615,0.223,0,TRAIN,SYNTHETIC
CASE-00500,ATM-080,6.52,7.79,1,0.603,0.078,0,TRAIN,SYNTHETIC
CASE-00500,ATM-008,7.41,5.26,1,0.6,0.196,0,TRAIN,SYNTHETIC
CASE-00501,ATM-099,4.13,5.15,1,0.828,0.961,0,TRAIN,SYNTHETIC
CASE-00501,ATM-075,4.56,6.42,1,0.725,0.276,0,TRAIN,SYNTHETIC
CASE-00501,ATM-009,5.24,5.6,1,0.938,0.697,0,TRAIN,SYNTHETIC
CASE-00501,ATM-105,5.66,7.63,1,0.483,0.488,0,TRAIN,SYNTHETIC
CASE-00501,ATM-027,6.31,4.82,1,0.539,0.727,0,TRAIN,SYNTHETIC
CASE-00501,ATM-021,7.1,5.37,1,0.988,0.951,0,TRAIN,SYNTHETIC
CASE-00501,ATM-081,7.72,7.1,1,0.937,0.407,0,TRAIN,SYNTHETIC
CASE-00501,ATM-077,503.23,502.76,0,0.754,0.508,1,TRAIN,SYNTHETIC
CASE-00502,ATM-046,1.99,2.35,1,0.975,0.128,0,TRAIN,SYNTHETIC
CASE-00502,ATM-040,2.48,3.16,1,0.475,0.109,0,TRAIN,SYNTHETIC
CASE-00502,ATM-064,2.56,2.29,1,0.885,0.332,0,TRAIN,SYNTHETIC
CASE-00502,ATM-094,2.91,4.21,1,0.837,0.631,0,TRAIN,SYNTHETIC
CASE-00502,ATM-112,5.05,7.31,1,0.792,0.496,0,TRAIN,SYNTHETIC
CASE-00502,ATM-004,6.3,8.45,1,0.991,0.83,0,TRAIN,SYNTHETIC
CASE-00502,ATM-088,7.76,5.39,1,0.608,0.472,0,TRAIN,SYNTHETIC
CASE-00502,ATM-058,8.21,6.23,1,0.645,0.809,0,TRAIN,SYNTHETIC
CASE-00503,ATM-119,1.38,1.45,1,0.626,0.587,0,TRAIN,SYNTHETIC
CASE-00503,ATM-077,2.57,1.93,1,0.628,0.922,0,TRAIN,SYNTHETIC
CASE-00503,ATM-041,4.57,3.13,1,0.635,0.861,0,TRAIN,SYNTHETIC
CASE-00503,ATM-053,6.91,9.09,1,0.536,0.352,0,TRAIN,SYNTHETIC
CASE-00503,ATM-017,7.17,6.04,1,0.525,0.9,0,TRAIN,SYNTHETIC
CASE-00503,ATM-101,8.31,11.68,1,0.904,0.024,0,TRAIN,SYNTHETIC
CASE-00503,ATM-059,8.94,11.16,1,0.708,0.714,0,TRAIN,SYNTHETIC
CASE-00503,ATM-042,760.57,424.7,0,0.833,0.554,1,TRAIN,SYNTHETIC
CASE-00504,ATM-120,1.22,0.78,1,0.646,0.687,0,TRAIN,SYNTHETIC
CASE-00504,ATM-078,2.38,2.31,1,0.895,0.128,0,TRAIN,SYNTHETIC
CASE-00504,ATM-018,4.57,5.68,1,0.884,0.022,0,TRAIN,SYNTHETIC
CASE-00504,ATM-072,5.09,7.04,1,0.782,0.507,0,TRAIN,SYNTHETIC
CASE-00504,ATM-048,6.51,4.54,1,0.508,0.858,0,TRAIN,SYNTHETIC
CASE-00504,ATM-042,6.91,9.24,1,0.892,0.681,0,TRAIN,SYNTHETIC
CASE-00504,ATM-024,6.94,7.32,1,0.617,0.662,0,TRAIN,SYNTHETIC
CASE-00504,ATM-105,254.76,297.37,0,0.824,0.484,1,TRAIN,SYNTHETIC
CASE-00505,ATM-001,2.76,2.82,1,0.48,0.047,0,TRAIN,SYNTHETIC
CASE-00505,ATM-073,3.01,3.11,1,0.833,0.017,0,TRAIN,SYNTHETIC
CASE-00505,ATM-103,4.3,2.95,1,0.884,0.198,0,TRAIN,SYNTHETIC
CASE-00505,ATM-043,5.15,6.1,1,0.577,0.784,0,TRAIN,SYNTHETIC
CASE-00505,ATM-115,5.3,4.95,1,0.507,0.984,0,TRAIN,SYNTHETIC
CASE-00505,ATM-085,7.22,9.71,1,0.474,0.844,0,TRAIN,SYNTHETIC
CASE-00505,ATM-025,7.23,5.44,1,0.532,0.218,0,TRAIN,SYNTHETIC
CASE-00505,ATM-067,7.39,5.78,1,0.687,0.123,0,TRAIN,SYNTHETIC
CASE-00506,ATM-020,2.69,2.66,1,0.914,0.84,0,TRAIN,SYNTHETIC
CASE-00506,ATM-086,2.9,3.91,1,0.972,0.397,0,TRAIN,SYNTHETIC
CASE-00506,ATM-032,3.44,2.04,1,0.76,0.62,0,TRAIN,SYNTHETIC
CASE-00506,ATM-074,4.87,5.69,1,0.653,0.326,0,TRAIN,SYNTHETIC
CASE-00506,ATM-116,5.43,6.95,1,0.455,0.157,0,TRAIN,SYNTHETIC
CASE-00506,ATM-110,6.49,7.11,1,0.454,0.759,0,TRAIN,SYNTHETIC
CASE-00506,ATM-080,6.52,6.85,1,0.532,0.037,0,TRAIN,SYNTHETIC
CASE-00506,ATM-008,7.41,6.6,1,0.687,0.312,0,TRAIN,SYNTHETIC
CASE-00507,ATM-099,4.13,4.3,1,0.998,0.917,0,TRAIN,SYNTHETIC
CASE-00507,ATM-075,4.56,6.47,1,0.903,0.074,0,TRAIN,SYNTHETIC
CASE-00507,ATM-009,5.24,7.03,1,0.629,0.471,0,TRAIN,SYNTHETIC
CASE-00507,ATM-105,5.66,3.97,1,0.563,0.98,0,TRAIN,SYNTHETIC
CASE-00507,ATM-027,6.31,8.49,1,0.662,0.494,0,TRAIN,SYNTHETIC
CASE-00507,ATM-021,7.1,5.38,1,0.459,0.876,0,TRAIN,SYNTHETIC
CASE-00507,ATM-081,7.72,11.04,1,0.812,0.106,0,TRAIN,SYNTHETIC
CASE-00507,ATM-063,12.08,15.24,1,0.846,0.188,1,TRAIN,SYNTHETIC
CASE-00508,ATM-046,1.99,1.8,1,0.936,0.32,0,TRAIN,SYNTHETIC
CASE-00508,ATM-040,2.48,2.79,1,0.853,0.131,0,TRAIN,SYNTHETIC
CASE-00508,ATM-064,2.56,3.19,1,0.877,0.502,0,TRAIN,SYNTHETIC
CASE-00508,ATM-094,2.91,2.51,1,0.556,0.923,0,TRAIN,SYNTHETIC
CASE-00508,ATM-112,5.05,5.05,1,0.627,0.089,0,TRAIN,SYNTHETIC
CASE-00508,ATM-004,6.3,7.39,1,0.483,0.141,0,TRAIN,SYNTHETIC
CASE-00508,ATM-088,7.76,5.09,1,0.713,0.175,0,TRAIN,SYNTHETIC
CASE-00508,ATM-058,8.21,6.59,1,0.493,0.286,0,TRAIN,SYNTHETIC
CASE-00509,ATM-119,1.38,1.24,1,0.905,0.232,0,TRAIN,SYNTHETIC
CASE-00509,ATM-077,2.57,3.56,1,0.675,0.179,0,TRAIN,SYNTHETIC
CASE-00509,ATM-041,4.57,3.31,1,0.769,0.689,0,TRAIN,SYNTHETIC
CASE-00509,ATM-053,6.91,7.6,1,0.71,0.169,0,TRAIN,SYNTHETIC
CASE-00509,ATM-017,7.17,9.73,1,0.533,0.103,0,TRAIN,SYNTHETIC
CASE-00509,ATM-101,8.31,10.62,1,0.749,0.036,0,TRAIN,SYNTHETIC
CASE-00509,ATM-059,8.94,10.28,1,0.651,0.678,0,TRAIN,SYNTHETIC
CASE-00509,ATM-075,502.72,444.4,0,0.565,0.886,1,TRAIN,SYNTHETIC
CASE-00510,ATM-120,1.22,1.33,1,0.463,0.7,0,TRAIN,SYNTHETIC
CASE-00510,ATM-078,2.38,1.49,1,0.505,0.421,0,TRAIN,SYNTHETIC
CASE-00510,ATM-018,4.57,4.32,1,0.821,0.475,0,TRAIN,SYNTHETIC
CASE-00510,ATM-072,5.09,7.09,1,0.993,0.404,0,TRAIN,SYNTHETIC
CASE-00510,ATM-048,6.51,5.13,1,0.858,0.674,0,TRAIN,SYNTHETIC
CASE-00510,ATM-042,6.91,6.79,1,0.974,0.715,0,TRAIN,SYNTHETIC
CASE-00510,ATM-024,6.94,6.41,1,0.98,0.572,0,TRAIN,SYNTHETIC
CASE-00510,ATM-077,751.59,790.47,0,0.798,0.929,1,TRAIN,SYNTHETIC
CASE-00511,ATM-001,2.76,1.79,1,0.547,0.567,0,TRAIN,SYNTHETIC
CASE-00511,ATM-073,3.01,2.02,1,0.949,0.266,0,TRAIN,SYNTHETIC
CASE-00511,ATM-103,4.3,3.09,1,0.5,0.271,0,TRAIN,SYNTHETIC
CASE-00511,ATM-043,5.15,4.16,1,0.959,0.622,0,TRAIN,SYNTHETIC
CASE-00511,ATM-115,5.3,5.22,1,0.475,0.674,0,TRAIN,SYNTHETIC
CASE-00511,ATM-085,7.22,8.56,1,0.761,0.714,0,TRAIN,SYNTHETIC
CASE-00511,ATM-025,7.23,8.01,1,0.871,0.881,0,TRAIN,SYNTHETIC
CASE-00511,ATM-067,7.39,10.44,1,0.947,0.242,0,TRAIN,SYNTHETIC
CASE-00512,ATM-020,2.69,2.89,1,0.86,0.737,0,TRAIN,SYNTHETIC
CASE-00512,ATM-086,2.9,3.59,1,0.761,0.04,0,TRAIN,SYNTHETIC
CASE-00512,ATM-032,3.44,4.89,1,0.633,0.489,0,TRAIN,SYNTHETIC
CASE-00512,ATM-074,4.87,5.26,1,0.465,0.462,0,TRAIN,SYNTHETIC
CASE-00512,ATM-116,5.43,5.7,1,0.91,0.036,0,TRAIN,SYNTHETIC
CASE-00512,ATM-110,6.49,5.02,1,0.963,0.489,0,TRAIN,SYNTHETIC
CASE-00512,ATM-080,6.52,5.81,1,0.675,0.659,0,TRAIN,SYNTHETIC
CASE-00512,ATM-008,7.41,8.47,1,0.66,0.84,0,TRAIN,SYNTHETIC
CASE-00513,ATM-099,4.13,3.24,1,0.955,0.521,0,TRAIN,SYNTHETIC
CASE-00513,ATM-075,4.56,6.15,1,0.595,0.667,0,TRAIN,SYNTHETIC
CASE-00513,ATM-009,5.24,5.75,1,0.952,0.431,0,TRAIN,SYNTHETIC
CASE-00513,ATM-105,5.66,4.09,1,0.745,0.877,0,TRAIN,SYNTHETIC
CASE-00513,ATM-027,6.31,6.13,1,0.866,0.983,0,TRAIN,SYNTHETIC
CASE-00513,ATM-021,7.1,10.29,1,0.871,0.024,0,TRAIN,SYNTHETIC
CASE-00513,ATM-081,7.72,7.03,1,0.974,0.134,0,TRAIN,SYNTHETIC
CASE-00513,ATM-003,7.98,5.99,1,0.503,0.176,0,TRAIN,SYNTHETIC
CASE-00514,ATM-046,1.99,1.13,1,0.728,0.682,0,VALIDATION,SYNTHETIC
CASE-00514,ATM-040,2.48,1.92,1,0.779,0.522,0,VALIDATION,SYNTHETIC
CASE-00514,ATM-064,2.56,3.11,1,0.786,0.077,0,VALIDATION,SYNTHETIC
CASE-00514,ATM-094,2.91,3.8,1,0.516,0.726,0,VALIDATION,SYNTHETIC
CASE-00514,ATM-112,5.05,6.28,1,0.986,0.339,0,VALIDATION,SYNTHETIC
CASE-00514,ATM-004,6.3,8.47,1,0.588,0.31,0,VALIDATION,SYNTHETIC
CASE-00514,ATM-088,7.76,7.18,1,0.902,0.035,0,VALIDATION,SYNTHETIC
CASE-00514,ATM-051,732.81,633.95,0,0.488,0.114,1,VALIDATION,SYNTHETIC
CASE-00515,ATM-119,1.38,1.33,1,0.744,0.274,0,VALIDATION,SYNTHETIC
CASE-00515,ATM-077,2.57,1.94,1,0.996,0.506,0,VALIDATION,SYNTHETIC
CASE-00515,ATM-041,4.57,3.48,1,0.831,0.649,0,VALIDATION,SYNTHETIC
CASE-00515,ATM-053,6.91,5.38,1,0.756,0.92,0,VALIDATION,SYNTHETIC
CASE-00515,ATM-017,7.17,7.57,1,0.879,0.501,0,VALIDATION,SYNTHETIC
CASE-00515,ATM-101,8.31,10,1,0.936,0.527,0,VALIDATION,SYNTHETIC
CASE-00515,ATM-059,8.94,11.41,1,0.536,0.339,0,VALIDATION,SYNTHETIC
CASE-00515,ATM-005,8.96,9.21,1,0.58,0.96,0,VALIDATION,SYNTHETIC
CASE-00516,ATM-120,1.22,1.04,1,0.968,0.634,0,VALIDATION,SYNTHETIC
CASE-00516,ATM-078,2.38,3.17,1,0.897,0.222,0,VALIDATION,SYNTHETIC
CASE-00516,ATM-018,4.57,5.54,1,0.928,0.833,0,VALIDATION,SYNTHETIC
CASE-00516,ATM-072,5.09,4.23,1,0.525,0.785,0,VALIDATION,SYNTHETIC
CASE-00516,ATM-048,6.51,4.09,1,0.804,0.47,0,VALIDATION,SYNTHETIC
CASE-00516,ATM-042,6.91,9.45,1,0.601,0.446,0,VALIDATION,SYNTHETIC
CASE-00516,ATM-024,6.94,4.68,1,0.91,0.654,0,VALIDATION,SYNTHETIC
CASE-00516,ATM-088,723.4,469.09,0,0.588,0.389,1,VALIDATION,SYNTHETIC
CASE-00517,ATM-001,2.76,3.12,1,0.708,0.438,0,TEST,SYNTHETIC
CASE-00517,ATM-073,3.01,2.91,1,0.47,0.502,0,TEST,SYNTHETIC
CASE-00517,ATM-103,4.3,5.26,1,0.597,0.496,0,TEST,SYNTHETIC
CASE-00517,ATM-043,5.15,7.25,1,0.596,0.673,0,TEST,SYNTHETIC
CASE-00517,ATM-115,5.3,3.5,1,0.845,0.109,0,TEST,SYNTHETIC
CASE-00517,ATM-085,7.22,10.42,1,0.789,0.466,0,TEST,SYNTHETIC
CASE-00517,ATM-025,7.23,10.07,1,0.544,0.86,0,TEST,SYNTHETIC
CASE-00517,ATM-107,905.57,832.7,0,0.764,0.939,1,TEST,SYNTHETIC
CASE-00518,ATM-020,2.69,3.19,1,0.795,0.634,0,TEST,SYNTHETIC
CASE-00518,ATM-086,2.9,4.13,1,0.888,0.693,0,TEST,SYNTHETIC
CASE-00518,ATM-032,3.44,4.3,1,0.554,0.838,0,TEST,SYNTHETIC
CASE-00518,ATM-074,4.87,5.82,1,0.587,0.185,0,TEST,SYNTHETIC
CASE-00518,ATM-116,5.43,3.69,1,0.713,0.231,0,TEST,SYNTHETIC
CASE-00518,ATM-110,6.49,6.44,1,0.831,0.21,0,TEST,SYNTHETIC
CASE-00518,ATM-080,6.52,4.04,1,0.939,0.536,0,TEST,SYNTHETIC
CASE-00518,ATM-008,7.41,7.57,1,0.813,0.13,0,TEST,SYNTHETIC
CASE-00519,ATM-099,4.13,3.49,1,0.972,0.531,0,TEST,SYNTHETIC
CASE-00519,ATM-075,4.56,3.19,1,0.754,0.444,0,TEST,SYNTHETIC
CASE-00519,ATM-009,5.24,4.26,1,0.822,0.251,0,TEST,SYNTHETIC
CASE-00519,ATM-105,5.66,7.04,1,0.906,0.244,0,TEST,SYNTHETIC
CASE-00519,ATM-027,6.31,3.66,1,0.56,0.223,0,TEST,SYNTHETIC
CASE-00519,ATM-021,7.1,7.83,1,0.648,0.712,0,TEST,SYNTHETIC
CASE-00519,ATM-081,7.72,6.22,1,0.724,0.437,0,TEST,SYNTHETIC
CASE-00519,ATM-003,7.98,8.41,1,0.598,0.183,0,TEST,SYNTHETIC
CASE-00520,ATM-046,1.99,2.47,1,0.628,0.51,0,TRAIN,SYNTHETIC
CASE-00520,ATM-040,2.48,1.62,1,0.857,0.025,0,TRAIN,SYNTHETIC
CASE-00520,ATM-064,2.56,3.57,1,0.938,0.934,0,TRAIN,SYNTHETIC
CASE-00520,ATM-094,2.91,3.99,1,0.642,0.439,0,TRAIN,SYNTHETIC
CASE-00520,ATM-112,5.05,6.61,1,0.904,0.119,0,TRAIN,SYNTHETIC
CASE-00520,ATM-004,6.3,4.44,1,0.983,0.352,0,TRAIN,SYNTHETIC
CASE-00520,ATM-088,7.76,6.98,1,0.917,0.305,0,TRAIN,SYNTHETIC
CASE-00520,ATM-058,8.21,9.67,1,0.957,0.598,0,TRAIN,SYNTHETIC
CASE-00521,ATM-119,1.38,0.77,1,0.974,0.465,0,TRAIN,SYNTHETIC
CASE-00521,ATM-077,2.57,2.72,1,0.505,0.078,0,TRAIN,SYNTHETIC
CASE-00521,ATM-041,4.57,6.26,1,0.657,0.763,0,TRAIN,SYNTHETIC
CASE-00521,ATM-053,6.91,4.66,1,0.817,0.966,0,TRAIN,SYNTHETIC
CASE-00521,ATM-017,7.17,4.48,1,0.945,0.527,0,TRAIN,SYNTHETIC
CASE-00521,ATM-101,8.31,8.03,1,0.487,0.443,0,TRAIN,SYNTHETIC
CASE-00521,ATM-059,8.94,12.92,1,0.886,0.316,0,TRAIN,SYNTHETIC
CASE-00521,ATM-028,884.99,916.87,0,0.509,0.86,1,TRAIN,SYNTHETIC
CASE-00522,ATM-120,1.22,0.68,1,0.596,0.491,0,TRAIN,SYNTHETIC
CASE-00522,ATM-078,2.38,1.39,1,0.659,0.486,0,TRAIN,SYNTHETIC
CASE-00522,ATM-018,4.57,4.42,1,0.615,0.601,0,TRAIN,SYNTHETIC
CASE-00522,ATM-072,5.09,3.95,1,0.795,0.042,0,TRAIN,SYNTHETIC
CASE-00522,ATM-048,6.51,7.29,1,0.517,0.239,0,TRAIN,SYNTHETIC
CASE-00522,ATM-042,6.91,5.28,1,0.776,0.584,0,TRAIN,SYNTHETIC
CASE-00522,ATM-024,6.94,4.69,1,0.597,0.916,0,TRAIN,SYNTHETIC
CASE-00522,ATM-066,7.01,8.43,1,0.601,0.677,0,TRAIN,SYNTHETIC
CASE-00523,ATM-001,2.76,3.16,1,0.689,0.302,0,TRAIN,SYNTHETIC
CASE-00523,ATM-073,3.01,2.83,1,0.83,0.829,0,TRAIN,SYNTHETIC
CASE-00523,ATM-103,4.3,4.97,1,0.971,0.899,0,TRAIN,SYNTHETIC
CASE-00523,ATM-043,5.15,4.23,1,0.479,0.866,0,TRAIN,SYNTHETIC
CASE-00523,ATM-115,5.3,6.51,1,0.865,0,0,TRAIN,SYNTHETIC
CASE-00523,ATM-085,7.22,6.63,1,0.472,0.093,0,TRAIN,SYNTHETIC
CASE-00523,ATM-025,7.23,8.76,1,0.773,0.768,0,TRAIN,SYNTHETIC
CASE-00523,ATM-062,281.08,262.92,0,0.599,0.552,1,TRAIN,SYNTHETIC
CASE-00524,ATM-020,2.69,2.02,1,0.929,0.606,0,TRAIN,SYNTHETIC
CASE-00524,ATM-086,2.9,2.68,1,0.935,0.745,0,TRAIN,SYNTHETIC
CASE-00524,ATM-032,3.44,3.78,1,0.578,0.327,0,TRAIN,SYNTHETIC
CASE-00524,ATM-074,4.87,5.71,1,0.684,0.095,0,TRAIN,SYNTHETIC
CASE-00524,ATM-116,5.43,4.63,1,0.584,0.054,0,TRAIN,SYNTHETIC
CASE-00524,ATM-110,6.49,5.76,1,0.795,0.918,0,TRAIN,SYNTHETIC
CASE-00524,ATM-080,6.52,7.38,1,0.579,0.077,0,TRAIN,SYNTHETIC
CASE-00524,ATM-008,7.41,4.75,1,0.59,0.343,0,TRAIN,SYNTHETIC
CASE-00525,ATM-099,4.13,4.72,1,0.624,0.909,0,TRAIN,SYNTHETIC
CASE-00525,ATM-075,4.56,6.23,1,0.646,0.349,0,TRAIN,SYNTHETIC
CASE-00525,ATM-009,5.24,7.4,1,0.609,0.344,0,TRAIN,SYNTHETIC
CASE-00525,ATM-105,5.66,7.65,1,0.976,0.328,0,TRAIN,SYNTHETIC
CASE-00525,ATM-027,6.31,4.27,1,0.745,0.272,0,TRAIN,SYNTHETIC
CASE-00525,ATM-021,7.1,8.33,1,0.483,0.953,0,TRAIN,SYNTHETIC
CASE-00525,ATM-081,7.72,10.83,1,0.986,0.691,0,TRAIN,SYNTHETIC
CASE-00525,ATM-003,7.98,7.69,1,0.72,0.507,0,TRAIN,SYNTHETIC
CASE-00526,ATM-046,1.99,1.71,1,0.796,0.148,0,TRAIN,SYNTHETIC
CASE-00526,ATM-040,2.48,3.03,1,0.685,0.031,0,TRAIN,SYNTHETIC
CASE-00526,ATM-064,2.56,2.33,1,0.816,0.841,0,TRAIN,SYNTHETIC
CASE-00526,ATM-094,2.91,1.8,1,0.771,0.186,0,TRAIN,SYNTHETIC
CASE-00526,ATM-112,5.05,6.39,1,0.703,0.495,0,TRAIN,SYNTHETIC
CASE-00526,ATM-004,6.3,8.46,1,0.636,0.632,0,TRAIN,SYNTHETIC
CASE-00526,ATM-088,7.76,8.33,1,0.878,0.094,0,TRAIN,SYNTHETIC
CASE-00526,ATM-058,8.21,7.97,1,0.615,0.914,0,TRAIN,SYNTHETIC
CASE-00527,ATM-119,1.38,1.53,1,0.644,0.05,0,TRAIN,SYNTHETIC
CASE-00527,ATM-077,2.57,2.33,1,0.552,0.65,0,TRAIN,SYNTHETIC
CASE-00527,ATM-041,4.57,4.23,1,0.999,0.425,0,TRAIN,SYNTHETIC
CASE-00527,ATM-053,6.91,7.48,1,0.685,0.842,0,TRAIN,SYNTHETIC
CASE-00527,ATM-017,7.17,5.63,1,0.636,0.531,0,TRAIN,SYNTHETIC
CASE-00527,ATM-101,8.31,7.86,1,0.536,0.857,0,TRAIN,SYNTHETIC
CASE-00527,ATM-059,8.94,8.55,1,0.585,0.926,0,TRAIN,SYNTHETIC
CASE-00527,ATM-094,901.25,674.45,0,0.616,0.864,1,TRAIN,SYNTHETIC
CASE-00528,ATM-120,1.22,1.42,1,0.713,0.222,0,TRAIN,SYNTHETIC
CASE-00528,ATM-078,2.38,2.61,1,0.876,0.256,0,TRAIN,SYNTHETIC
CASE-00528,ATM-018,4.57,5.03,1,0.723,0.935,0,TRAIN,SYNTHETIC
CASE-00528,ATM-072,5.09,3.02,1,0.999,0.762,0,TRAIN,SYNTHETIC
CASE-00528,ATM-048,6.51,8.39,1,0.87,0.162,0,TRAIN,SYNTHETIC
CASE-00528,ATM-042,6.91,8.64,1,0.473,0.07,0,TRAIN,SYNTHETIC
CASE-00528,ATM-024,6.94,9.5,1,0.738,0.352,0,TRAIN,SYNTHETIC
CASE-00528,ATM-066,7.01,7.42,1,0.886,0.908,0,TRAIN,SYNTHETIC
CASE-00529,ATM-001,2.76,2.46,1,0.89,0.484,0,TRAIN,SYNTHETIC
CASE-00529,ATM-073,3.01,2.68,1,0.866,0.858,0,TRAIN,SYNTHETIC
CASE-00529,ATM-103,4.3,6.13,1,0.791,0.166,0,TRAIN,SYNTHETIC
CASE-00529,ATM-043,5.15,5.06,1,0.684,0.751,0,TRAIN,SYNTHETIC
CASE-00529,ATM-115,5.3,4.65,1,0.786,0.083,0,TRAIN,SYNTHETIC
CASE-00529,ATM-085,7.22,6.2,1,0.518,0.249,0,TRAIN,SYNTHETIC
CASE-00529,ATM-025,7.23,9.63,1,0.92,0.637,0,TRAIN,SYNTHETIC
CASE-00529,ATM-067,7.39,6.62,1,0.668,0.221,0,TRAIN,SYNTHETIC
CASE-00530,ATM-020,2.69,3.86,1,0.756,0.2,0,TRAIN,SYNTHETIC
CASE-00530,ATM-086,2.9,3.7,1,0.847,0.883,0,TRAIN,SYNTHETIC
CASE-00530,ATM-032,3.44,3.98,1,0.709,0.172,0,TRAIN,SYNTHETIC
CASE-00530,ATM-074,4.87,2.69,1,0.724,0.776,0,TRAIN,SYNTHETIC
CASE-00530,ATM-116,5.43,6.79,1,0.537,0.471,0,TRAIN,SYNTHETIC
CASE-00530,ATM-110,6.49,8.35,1,0.619,0.355,0,TRAIN,SYNTHETIC
CASE-00530,ATM-080,6.52,6.95,1,0.871,0.015,0,TRAIN,SYNTHETIC
CASE-00530,ATM-008,7.41,4.41,1,0.454,0.115,0,TRAIN,SYNTHETIC
CASE-00531,ATM-099,4.13,4.78,1,0.983,0.254,0,TRAIN,SYNTHETIC
CASE-00531,ATM-075,4.56,5.86,1,0.856,0.345,0,TRAIN,SYNTHETIC
CASE-00531,ATM-009,5.24,3.1,1,0.988,0.576,0,TRAIN,SYNTHETIC
CASE-00531,ATM-105,5.66,6.74,1,0.601,0.986,1,TRAIN,SYNTHETIC
CASE-00531,ATM-027,6.31,8.79,1,0.724,0.622,0,TRAIN,SYNTHETIC
CASE-00531,ATM-021,7.1,4.56,1,0.848,0.372,0,TRAIN,SYNTHETIC
CASE-00531,ATM-081,7.72,7.73,1,0.738,0.429,0,TRAIN,SYNTHETIC
CASE-00531,ATM-003,7.98,9.67,1,0.749,0.294,0,TRAIN,SYNTHETIC
CASE-00532,ATM-046,1.99,2.54,1,0.866,0.097,0,TRAIN,SYNTHETIC
CASE-00532,ATM-040,2.48,1.76,1,0.747,0.117,0,TRAIN,SYNTHETIC
CASE-00532,ATM-064,2.56,3.65,1,0.673,0.177,0,TRAIN,SYNTHETIC
CASE-00532,ATM-094,2.91,2.07,1,0.587,0.391,0,TRAIN,SYNTHETIC
CASE-00532,ATM-112,5.05,4.17,1,0.776,0.449,0,TRAIN,SYNTHETIC
CASE-00532,ATM-004,6.3,4.03,1,0.84,0.646,0,TRAIN,SYNTHETIC
CASE-00532,ATM-088,7.76,5.63,1,0.518,0.442,0,TRAIN,SYNTHETIC
CASE-00532,ATM-058,8.21,9.31,1,0.794,0.825,0,TRAIN,SYNTHETIC
CASE-00533,ATM-119,1.38,1.94,1,0.632,0.139,0,TRAIN,SYNTHETIC
CASE-00533,ATM-077,2.57,2.75,1,0.806,0.03,0,TRAIN,SYNTHETIC
CASE-00533,ATM-041,4.57,4.19,1,0.953,0.634,0,TRAIN,SYNTHETIC
CASE-00533,ATM-053,6.91,5.65,1,0.833,0.414,0,TRAIN,SYNTHETIC
CASE-00533,ATM-017,7.17,5.16,1,0.645,0.982,0,TRAIN,SYNTHETIC
CASE-00533,ATM-101,8.31,8.04,1,0.813,0.343,0,TRAIN,SYNTHETIC
CASE-00533,ATM-059,8.94,12.95,1,0.681,0.278,0,TRAIN,SYNTHETIC
CASE-00533,ATM-012,742.96,432.29,0,0.872,0.27,1,TRAIN,SYNTHETIC
CASE-00534,ATM-120,1.22,0.84,1,0.564,0.37,0,VALIDATION,SYNTHETIC
CASE-00534,ATM-078,2.38,1.5,1,0.981,0.485,0,VALIDATION,SYNTHETIC
CASE-00534,ATM-018,4.57,3.86,1,0.625,0.603,0,VALIDATION,SYNTHETIC
CASE-00534,ATM-072,5.09,6.49,1,0.784,0.321,0,VALIDATION,SYNTHETIC
CASE-00534,ATM-048,6.51,4.69,1,0.897,0.423,0,VALIDATION,SYNTHETIC
CASE-00534,ATM-042,6.91,6.44,1,0.519,0.212,0,VALIDATION,SYNTHETIC
CASE-00534,ATM-024,6.94,7.63,1,0.506,0.854,0,VALIDATION,SYNTHETIC
CASE-00534,ATM-114,13.8,10.83,1,0.797,0.428,1,VALIDATION,SYNTHETIC
CASE-00535,ATM-001,2.76,3.6,1,0.663,0.499,0,VALIDATION,SYNTHETIC
CASE-00535,ATM-073,3.01,3.36,1,0.549,0.182,0,VALIDATION,SYNTHETIC
CASE-00535,ATM-103,4.3,2.59,1,0.65,0.113,0,VALIDATION,SYNTHETIC
CASE-00535,ATM-043,5.15,5.52,1,0.633,0.469,0,VALIDATION,SYNTHETIC
CASE-00535,ATM-115,5.3,5.02,1,0.693,0.763,0,VALIDATION,SYNTHETIC
CASE-00535,ATM-085,7.22,9.12,1,0.665,0.121,0,VALIDATION,SYNTHETIC
CASE-00535,ATM-025,7.23,5.69,1,0.517,0.358,0,VALIDATION,SYNTHETIC
CASE-00535,ATM-067,7.39,5.55,1,0.476,0.732,0,VALIDATION,SYNTHETIC
CASE-00536,ATM-020,2.69,2.65,1,0.587,0.56,0,VALIDATION,SYNTHETIC
CASE-00536,ATM-086,2.9,2.39,1,0.511,0.575,0,VALIDATION,SYNTHETIC
CASE-00536,ATM-032,3.44,2.04,1,0.581,0.105,0,VALIDATION,SYNTHETIC
CASE-00536,ATM-074,4.87,4.75,1,0.999,0.619,0,VALIDATION,SYNTHETIC
CASE-00536,ATM-116,5.43,4.6,1,0.84,0.174,0,VALIDATION,SYNTHETIC
CASE-00536,ATM-110,6.49,4.63,1,0.506,0.919,0,VALIDATION,SYNTHETIC
CASE-00536,ATM-080,6.52,7.57,1,0.461,0.625,0,VALIDATION,SYNTHETIC
CASE-00536,ATM-008,7.41,8.88,1,0.77,0.043,0,VALIDATION,SYNTHETIC
CASE-00537,ATM-099,4.13,2.87,1,0.568,0.998,0,TEST,SYNTHETIC
CASE-00537,ATM-075,4.56,6.52,1,0.495,0.649,0,TEST,SYNTHETIC
CASE-00537,ATM-009,5.24,5.49,1,0.647,0.265,0,TEST,SYNTHETIC
CASE-00537,ATM-105,5.66,7.33,1,0.718,0.885,0,TEST,SYNTHETIC
CASE-00537,ATM-027,6.31,7.49,1,0.689,0.023,0,TEST,SYNTHETIC
CASE-00537,ATM-021,7.1,6.73,1,0.521,0.93,0,TEST,SYNTHETIC
CASE-00537,ATM-081,7.72,4.92,1,0.979,0.069,0,TEST,SYNTHETIC
CASE-00537,ATM-003,7.98,10.6,1,0.458,0.043,0,TEST,SYNTHETIC
CASE-00538,ATM-046,1.99,1.38,1,0.954,0.508,0,TEST,SYNTHETIC
CASE-00538,ATM-040,2.48,1.52,1,0.802,0.623,0,TEST,SYNTHETIC
CASE-00538,ATM-064,2.56,2.82,1,0.628,0.371,0,TEST,SYNTHETIC
CASE-00538,ATM-094,2.91,3.11,1,0.461,0.02,0,TEST,SYNTHETIC
CASE-00538,ATM-112,5.05,4.58,1,0.703,0.343,0,TEST,SYNTHETIC
CASE-00538,ATM-004,6.3,8.73,1,0.798,0.237,0,TEST,SYNTHETIC
CASE-00538,ATM-088,7.76,8.05,1,0.784,0.809,0,TEST,SYNTHETIC
CASE-00538,ATM-058,8.21,5.39,1,0.859,0.457,0,TEST,SYNTHETIC
CASE-00539,ATM-119,1.38,1.16,1,0.894,0.257,0,TEST,SYNTHETIC
CASE-00539,ATM-077,2.57,2.31,1,0.707,0.363,0,TEST,SYNTHETIC
CASE-00539,ATM-041,4.57,6.47,1,0.624,0.146,0,TEST,SYNTHETIC
CASE-00539,ATM-053,6.91,6.82,1,0.495,0.627,0,TEST,SYNTHETIC
CASE-00539,ATM-017,7.17,8.14,1,0.776,0.536,0,TEST,SYNTHETIC
CASE-00539,ATM-101,8.31,5.29,1,0.804,0.286,0,TEST,SYNTHETIC
CASE-00539,ATM-059,8.94,10.47,1,0.684,0.2,0,TEST,SYNTHETIC
CASE-00539,ATM-057,513.67,542.8,0,0.71,0.341,1,TEST,SYNTHETIC
CASE-00540,ATM-120,1.22,1.23,1,0.936,0.265,0,TRAIN,SYNTHETIC
CASE-00540,ATM-078,2.38,3.27,1,0.744,0.629,0,TRAIN,SYNTHETIC
CASE-00540,ATM-018,4.57,6.27,1,0.828,0.791,0,TRAIN,SYNTHETIC
CASE-00540,ATM-072,5.09,3.96,1,0.883,0.902,0,TRAIN,SYNTHETIC
CASE-00540,ATM-048,6.51,5.36,1,0.885,0.244,0,TRAIN,SYNTHETIC
CASE-00540,ATM-042,6.91,9.31,1,0.77,0.046,0,TRAIN,SYNTHETIC
CASE-00540,ATM-024,6.94,8.08,1,0.866,0.597,0,TRAIN,SYNTHETIC
CASE-00540,ATM-070,721.23,494.78,0,0.968,0.874,1,TRAIN,SYNTHETIC
CASE-00541,ATM-001,2.76,3.71,1,0.727,0.546,0,TRAIN,SYNTHETIC
CASE-00541,ATM-073,3.01,3.14,1,0.884,0.894,0,TRAIN,SYNTHETIC
CASE-00541,ATM-103,4.3,4.72,1,0.966,0.672,0,TRAIN,SYNTHETIC
CASE-00541,ATM-043,5.15,3.85,1,0.585,0.295,0,TRAIN,SYNTHETIC
CASE-00541,ATM-115,5.3,5.25,1,0.632,0.212,0,TRAIN,SYNTHETIC
CASE-00541,ATM-085,7.22,8.58,1,0.828,0.149,0,TRAIN,SYNTHETIC
CASE-00541,ATM-025,7.23,7.01,1,0.958,0.532,0,TRAIN,SYNTHETIC
CASE-00541,ATM-067,7.39,4.94,1,0.775,0.781,0,TRAIN,SYNTHETIC
CASE-00542,ATM-020,2.69,1.66,1,0.453,0.638,0,TRAIN,SYNTHETIC
CASE-00542,ATM-086,2.9,1.99,1,0.803,0.74,0,TRAIN,SYNTHETIC
CASE-00542,ATM-032,3.44,2.14,1,0.551,0.643,0,TRAIN,SYNTHETIC
CASE-00542,ATM-074,4.87,6.33,1,0.753,0.777,0,TRAIN,SYNTHETIC
CASE-00542,ATM-116,5.43,7.84,1,0.465,0.57,0,TRAIN,SYNTHETIC
CASE-00542,ATM-110,6.49,9.2,1,0.647,0.919,0,TRAIN,SYNTHETIC
CASE-00542,ATM-080,6.52,4.89,1,0.653,0.671,0,TRAIN,SYNTHETIC
CASE-00542,ATM-008,7.41,8.82,1,0.803,0.866,0,TRAIN,SYNTHETIC
CASE-00543,ATM-099,4.13,3.76,1,0.718,0.68,0,TRAIN,SYNTHETIC
CASE-00543,ATM-075,4.56,6.58,1,0.56,0.92,0,TRAIN,SYNTHETIC
CASE-00543,ATM-009,5.24,4.46,1,0.711,0.762,0,TRAIN,SYNTHETIC
CASE-00543,ATM-105,5.66,4.2,1,0.67,0.71,0,TRAIN,SYNTHETIC
CASE-00543,ATM-027,6.31,3.87,1,0.984,0.984,0,TRAIN,SYNTHETIC
CASE-00543,ATM-021,7.1,6.7,1,0.926,0.477,0,TRAIN,SYNTHETIC
CASE-00543,ATM-081,7.72,7.68,1,0.571,0.502,0,TRAIN,SYNTHETIC
CASE-00543,ATM-003,7.98,5.83,1,0.527,0.465,0,TRAIN,SYNTHETIC
CASE-00544,ATM-046,1.99,2.05,1,0.692,0.249,0,TRAIN,SYNTHETIC
CASE-00544,ATM-040,2.48,2.98,1,0.688,0.598,0,TRAIN,SYNTHETIC
CASE-00544,ATM-064,2.56,1.55,1,0.453,0.257,0,TRAIN,SYNTHETIC
CASE-00544,ATM-094,2.91,3.77,1,0.654,0.268,0,TRAIN,SYNTHETIC
CASE-00544,ATM-112,5.05,4.38,1,0.469,0.556,0,TRAIN,SYNTHETIC
CASE-00544,ATM-004,6.3,4.76,1,0.793,0.776,0,TRAIN,SYNTHETIC
CASE-00544,ATM-088,7.76,6.31,1,0.794,0.601,0,TRAIN,SYNTHETIC
CASE-00544,ATM-058,8.21,4.69,1,0.569,0.425,0,TRAIN,SYNTHETIC
CASE-00545,ATM-119,1.38,1.85,1,0.941,0.832,0,TRAIN,SYNTHETIC
CASE-00545,ATM-077,2.57,1.93,1,0.556,0.439,0,TRAIN,SYNTHETIC
CASE-00545,ATM-041,4.57,5.01,1,0.554,0.979,0,TRAIN,SYNTHETIC
CASE-00545,ATM-053,6.91,4.36,1,0.765,0.607,0,TRAIN,SYNTHETIC
CASE-00545,ATM-017,7.17,3.95,1,0.602,0.519,0,TRAIN,SYNTHETIC
CASE-00545,ATM-101,8.31,9.79,1,0.593,0.226,0,TRAIN,SYNTHETIC
CASE-00545,ATM-059,8.94,7.97,1,0.756,0.559,0,TRAIN,SYNTHETIC
CASE-00545,ATM-005,8.96,9.15,1,0.689,0.583,0,TRAIN,SYNTHETIC
CASE-00546,ATM-120,1.22,1.51,1,0.482,0.381,0,TRAIN,SYNTHETIC
CASE-00546,ATM-078,2.38,1.66,1,0.715,0.901,0,TRAIN,SYNTHETIC
CASE-00546,ATM-018,4.57,2.73,1,0.864,0.467,0,TRAIN,SYNTHETIC
CASE-00546,ATM-072,5.09,5.71,1,0.876,0.417,0,TRAIN,SYNTHETIC
CASE-00546,ATM-048,6.51,6.52,1,0.626,0.858,0,TRAIN,SYNTHETIC
CASE-00546,ATM-042,6.91,4.51,1,0.977,0.564,0,TRAIN,SYNTHETIC
CASE-00546,ATM-024,6.94,4.05,1,0.71,0.34,0,TRAIN,SYNTHETIC
CASE-00546,ATM-066,7.01,7.08,1,0.95,0.245,0,TRAIN,SYNTHETIC
CASE-00547,ATM-001,2.76,2.83,1,0.544,0.139,0,TRAIN,SYNTHETIC
CASE-00547,ATM-073,3.01,2.68,1,0.778,0.222,0,TRAIN,SYNTHETIC
CASE-00547,ATM-103,4.3,3.53,1,0.564,0.843,0,TRAIN,SYNTHETIC
CASE-00547,ATM-043,5.15,4.89,1,0.952,0.988,0,TRAIN,SYNTHETIC
CASE-00547,ATM-115,5.3,5.34,1,0.693,0.26,1,TRAIN,SYNTHETIC
CASE-00547,ATM-085,7.22,9.49,1,0.875,0.07,0,TRAIN,SYNTHETIC
CASE-00547,ATM-025,7.23,8.02,1,0.532,0.091,0,TRAIN,SYNTHETIC
CASE-00547,ATM-067,7.39,6.13,1,0.872,0.002,0,TRAIN,SYNTHETIC
CASE-00548,ATM-020,2.69,2.1,1,0.771,0.494,0,TRAIN,SYNTHETIC
CASE-00548,ATM-086,2.9,3.74,1,0.791,0.343,0,TRAIN,SYNTHETIC
CASE-00548,ATM-032,3.44,2.23,1,0.609,0.29,0,TRAIN,SYNTHETIC
CASE-00548,ATM-074,4.87,4.52,1,0.775,0.443,0,TRAIN,SYNTHETIC
CASE-00548,ATM-116,5.43,5.23,1,0.568,0.373,0,TRAIN,SYNTHETIC
CASE-00548,ATM-110,6.49,8.66,1,0.819,0.33,0,TRAIN,SYNTHETIC
CASE-00548,ATM-080,6.52,3.77,1,0.457,0.245,0,TRAIN,SYNTHETIC
CASE-00548,ATM-008,7.41,6.85,1,0.542,0.056,0,TRAIN,SYNTHETIC
CASE-00549,ATM-099,4.13,3.6,1,0.753,0.97,0,TRAIN,SYNTHETIC
CASE-00549,ATM-075,4.56,4.75,1,0.675,0.701,0,TRAIN,SYNTHETIC
CASE-00549,ATM-009,5.24,4.7,1,0.885,0.023,0,TRAIN,SYNTHETIC
CASE-00549,ATM-105,5.66,5.74,1,0.973,0.009,0,TRAIN,SYNTHETIC
CASE-00549,ATM-027,6.31,8.21,1,0.707,0.552,0,TRAIN,SYNTHETIC
CASE-00549,ATM-021,7.1,4.29,1,0.787,0.056,0,TRAIN,SYNTHETIC
CASE-00549,ATM-081,7.72,6.24,1,0.943,0.416,0,TRAIN,SYNTHETIC
CASE-00549,ATM-003,7.98,11.34,1,0.881,0.437,0,TRAIN,SYNTHETIC
CASE-00550,ATM-046,1.99,1.57,1,0.782,0.407,0,TRAIN,SYNTHETIC
CASE-00550,ATM-040,2.48,2.32,1,0.874,0.355,0,TRAIN,SYNTHETIC
CASE-00550,ATM-064,2.56,3.65,1,0.612,0.199,0,TRAIN,SYNTHETIC
CASE-00550,ATM-094,2.91,2.92,1,0.988,0.751,0,TRAIN,SYNTHETIC
CASE-00550,ATM-112,5.05,5.51,1,0.651,0.75,0,TRAIN,SYNTHETIC
CASE-00550,ATM-004,6.3,6.78,1,0.525,0.465,0,TRAIN,SYNTHETIC
CASE-00550,ATM-088,7.76,9.43,1,0.74,0.359,0,TRAIN,SYNTHETIC
CASE-00550,ATM-058,8.21,7.76,1,0.556,0.306,0,TRAIN,SYNTHETIC
CASE-00551,ATM-119,1.38,1.21,1,0.783,0.059,0,TRAIN,SYNTHETIC
CASE-00551,ATM-077,2.57,2.01,1,0.97,0.834,0,TRAIN,SYNTHETIC
CASE-00551,ATM-041,4.57,5.92,1,0.972,0.968,0,TRAIN,SYNTHETIC
CASE-00551,ATM-053,6.91,9.9,1,0.68,0.475,0,TRAIN,SYNTHETIC
CASE-00551,ATM-017,7.17,4.2,1,0.473,0.215,0,TRAIN,SYNTHETIC
CASE-00551,ATM-101,8.31,10.22,1,0.671,0.049,0,TRAIN,SYNTHETIC
CASE-00551,ATM-059,8.94,4.96,1,0.82,0.872,0,TRAIN,SYNTHETIC
CASE-00551,ATM-005,8.96,10.57,1,0.827,0.09,0,TRAIN,SYNTHETIC
CASE-00552,ATM-120,1.22,1.5,1,0.711,0.482,0,TRAIN,SYNTHETIC
CASE-00552,ATM-078,2.38,3.21,1,0.943,0.051,0,TRAIN,SYNTHETIC
CASE-00552,ATM-018,4.57,3.15,1,0.864,0.145,0,TRAIN,SYNTHETIC
CASE-00552,ATM-072,5.09,6.91,1,0.985,0.919,0,TRAIN,SYNTHETIC
CASE-00552,ATM-048,6.51,5.44,1,0.822,0.491,0,TRAIN,SYNTHETIC
CASE-00552,ATM-042,6.91,6.36,1,0.655,0.942,1,TRAIN,SYNTHETIC
CASE-00552,ATM-024,6.94,6.83,1,0.524,0.809,0,TRAIN,SYNTHETIC
CASE-00552,ATM-066,7.01,5.77,1,0.861,0.611,0,TRAIN,SYNTHETIC
CASE-00553,ATM-001,2.76,2.95,1,0.656,0.494,0,TRAIN,SYNTHETIC
CASE-00553,ATM-073,3.01,2.87,1,0.814,0.239,0,TRAIN,SYNTHETIC
CASE-00553,ATM-103,4.3,3.96,1,0.986,0.991,0,TRAIN,SYNTHETIC
CASE-00553,ATM-043,5.15,4.12,1,0.579,0.001,0,TRAIN,SYNTHETIC
CASE-00553,ATM-115,5.3,7.38,1,0.515,0.349,0,TRAIN,SYNTHETIC
CASE-00553,ATM-085,7.22,6.36,1,0.966,0.289,0,TRAIN,SYNTHETIC
CASE-00553,ATM-025,7.23,7.96,1,0.636,0.854,0,TRAIN,SYNTHETIC
CASE-00553,ATM-032,290.79,303.56,0,0.744,0.595,1,TRAIN,SYNTHETIC
CASE-00554,ATM-020,2.69,3.08,1,0.477,0.739,0,VALIDATION,SYNTHETIC
CASE-00554,ATM-086,2.9,2.84,1,0.665,0.627,0,VALIDATION,SYNTHETIC
CASE-00554,ATM-032,3.44,3.83,1,0.585,0.067,0,VALIDATION,SYNTHETIC
CASE-00554,ATM-074,4.87,3.17,1,0.846,0.663,0,VALIDATION,SYNTHETIC
CASE-00554,ATM-116,5.43,5.27,1,0.495,0.842,0,VALIDATION,SYNTHETIC
CASE-00554,ATM-110,6.49,7,1,0.772,0.741,0,VALIDATION,SYNTHETIC
CASE-00554,ATM-080,6.52,4.21,1,0.943,0.528,0,VALIDATION,SYNTHETIC
CASE-00554,ATM-084,501.71,412.58,0,0.914,0.265,1,VALIDATION,SYNTHETIC
CASE-00555,ATM-099,4.13,5.25,1,0.469,0.424,0,VALIDATION,SYNTHETIC
CASE-00555,ATM-075,4.56,6.13,1,0.882,0.327,0,VALIDATION,SYNTHETIC
CASE-00555,ATM-009,5.24,4.16,1,0.817,0.917,0,VALIDATION,SYNTHETIC
CASE-00555,ATM-105,5.66,6.78,1,0.468,0.096,0,VALIDATION,SYNTHETIC
CASE-00555,ATM-027,6.31,7.88,1,0.555,0.606,0,VALIDATION,SYNTHETIC
CASE-00555,ATM-021,7.1,7.68,1,0.7,0.311,0,VALIDATION,SYNTHETIC
CASE-00555,ATM-081,7.72,9.41,1,0.588,0.45,0,VALIDATION,SYNTHETIC
CASE-00555,ATM-111,14.24,14.9,1,0.845,0.68,1,VALIDATION,SYNTHETIC
CASE-00556,ATM-046,1.99,2.21,1,0.85,0.497,0,VALIDATION,SYNTHETIC
CASE-00556,ATM-040,2.48,3.55,1,0.736,0.788,0,VALIDATION,SYNTHETIC
CASE-00556,ATM-064,2.56,1.5,1,0.984,0.305,0,VALIDATION,SYNTHETIC
CASE-00556,ATM-094,2.91,3.07,1,0.796,0.722,0,VALIDATION,SYNTHETIC
CASE-00556,ATM-112,5.05,5.99,1,0.871,0.4,0,VALIDATION,SYNTHETIC
CASE-00556,ATM-004,6.3,4.27,1,0.745,0.589,0,VALIDATION,SYNTHETIC
CASE-00556,ATM-088,7.76,8.55,1,0.491,0.829,0,VALIDATION,SYNTHETIC
CASE-00556,ATM-058,8.21,6.37,1,0.948,0.605,0,VALIDATION,SYNTHETIC
CASE-00557,ATM-119,1.38,0.93,1,0.592,0.713,0,TEST,SYNTHETIC
CASE-00557,ATM-077,2.57,2.07,1,0.506,0.652,0,TEST,SYNTHETIC
CASE-00557,ATM-041,4.57,5.69,1,0.905,0.501,0,TEST,SYNTHETIC
CASE-00557,ATM-053,6.91,9.3,1,0.681,0.543,0,TEST,SYNTHETIC
CASE-00557,ATM-017,7.17,4.17,1,0.777,0.969,0,TEST,SYNTHETIC
CASE-00557,ATM-101,8.31,7.34,1,0.615,0.929,0,TEST,SYNTHETIC
CASE-00557,ATM-059,8.94,12.55,1,0.855,0.964,0,TEST,SYNTHETIC
CASE-00557,ATM-087,513.75,602.76,0,0.757,0.02,1,TEST,SYNTHETIC
CASE-00558,ATM-120,1.22,0.77,1,0.55,0.284,0,TEST,SYNTHETIC
CASE-00558,ATM-078,2.38,2.78,1,0.561,0.404,0,TEST,SYNTHETIC
CASE-00558,ATM-018,4.57,5.85,1,0.573,0.007,0,TEST,SYNTHETIC
CASE-00558,ATM-072,5.09,2.97,1,0.933,0.17,0,TEST,SYNTHETIC
CASE-00558,ATM-048,6.51,4.73,1,0.553,0.776,0,TEST,SYNTHETIC
CASE-00558,ATM-042,6.91,5.35,1,0.763,0.176,0,TEST,SYNTHETIC
CASE-00558,ATM-024,6.94,8.29,1,0.854,0.917,0,TEST,SYNTHETIC
CASE-00558,ATM-066,7.01,9.27,1,0.912,0.733,0,TEST,SYNTHETIC
CASE-00559,ATM-001,2.76,3.82,1,0.793,0.208,0,TEST,SYNTHETIC
CASE-00559,ATM-073,3.01,1.68,1,0.593,0.138,0,TEST,SYNTHETIC
CASE-00559,ATM-103,4.3,3.68,1,0.57,0.424,0,TEST,SYNTHETIC
CASE-00559,ATM-043,5.15,3.75,1,0.953,0.297,0,TEST,SYNTHETIC
CASE-00559,ATM-115,5.3,6.53,1,0.723,0.705,0,TEST,SYNTHETIC
CASE-00559,ATM-085,7.22,4.63,1,0.75,0.114,0,TEST,SYNTHETIC
CASE-00559,ATM-025,7.23,7.86,1,0.702,0.16,0,TEST,SYNTHETIC
CASE-00559,ATM-093,524.78,340.25,0,0.912,0.194,1,TEST,SYNTHETIC
CASE-00560,ATM-020,2.69,3.17,1,0.565,0.442,0,TRAIN,SYNTHETIC
CASE-00560,ATM-086,2.9,2.66,1,0.581,0.646,0,TRAIN,SYNTHETIC
CASE-00560,ATM-032,3.44,2.58,1,0.858,0.874,0,TRAIN,SYNTHETIC
CASE-00560,ATM-074,4.87,5.66,1,0.82,0.839,0,TRAIN,SYNTHETIC
CASE-00560,ATM-116,5.43,7.62,1,0.696,0.541,0,TRAIN,SYNTHETIC
CASE-00560,ATM-110,6.49,6.86,1,0.833,0.996,0,TRAIN,SYNTHETIC
CASE-00560,ATM-080,6.52,4.58,1,0.669,0.645,0,TRAIN,SYNTHETIC
CASE-00560,ATM-008,7.41,4.81,1,0.663,0.513,0,TRAIN,SYNTHETIC
CASE-00561,ATM-099,4.13,4.69,1,0.936,0.51,0,TRAIN,SYNTHETIC
CASE-00561,ATM-075,4.56,6.61,1,0.648,0.032,0,TRAIN,SYNTHETIC
CASE-00561,ATM-009,5.24,3.12,1,0.598,0.183,0,TRAIN,SYNTHETIC
CASE-00561,ATM-105,5.66,3.96,1,0.85,0.854,0,TRAIN,SYNTHETIC
CASE-00561,ATM-027,6.31,6.92,1,0.883,0.322,0,TRAIN,SYNTHETIC
CASE-00561,ATM-021,7.1,8.21,1,0.962,0.968,0,TRAIN,SYNTHETIC
CASE-00561,ATM-081,7.72,7.54,1,0.624,0.808,0,TRAIN,SYNTHETIC
CASE-00561,ATM-104,499.64,372.7,0,0.938,0.295,1,TRAIN,SYNTHETIC
CASE-00562,ATM-046,1.99,1.53,1,0.977,0.709,0,TRAIN,SYNTHETIC
CASE-00562,ATM-040,2.48,2.89,1,0.708,0.484,0,TRAIN,SYNTHETIC
CASE-00562,ATM-064,2.56,1.42,1,0.668,0.148,0,TRAIN,SYNTHETIC
CASE-00562,ATM-094,2.91,3.63,1,0.452,0.975,0,TRAIN,SYNTHETIC
CASE-00562,ATM-112,5.05,4.78,1,0.492,0.141,0,TRAIN,SYNTHETIC
CASE-00562,ATM-004,6.3,3.83,1,0.814,0.587,0,TRAIN,SYNTHETIC
CASE-00562,ATM-088,7.76,9.81,1,0.801,0.331,0,TRAIN,SYNTHETIC
CASE-00562,ATM-058,8.21,5.8,1,0.863,0.685,0,TRAIN,SYNTHETIC
CASE-00563,ATM-119,1.38,1.26,1,0.776,0.521,0,TRAIN,SYNTHETIC
CASE-00563,ATM-077,2.57,3.13,1,0.947,0.972,0,TRAIN,SYNTHETIC
CASE-00563,ATM-041,4.57,3.26,1,0.469,0.034,0,TRAIN,SYNTHETIC
CASE-00563,ATM-053,6.91,7.41,1,0.626,0.585,0,TRAIN,SYNTHETIC
CASE-00563,ATM-017,7.17,10.18,1,0.508,0.133,0,TRAIN,SYNTHETIC
CASE-00563,ATM-101,8.31,5.4,1,0.817,0.683,0,TRAIN,SYNTHETIC
CASE-00563,ATM-059,8.94,11.53,1,0.905,0.968,0,TRAIN,SYNTHETIC
CASE-00563,ATM-005,8.96,6.47,1,0.635,0.833,0,TRAIN,SYNTHETIC
CASE-00564,ATM-120,1.22,1.34,1,0.543,0.339,0,TRAIN,SYNTHETIC
CASE-00564,ATM-078,2.38,2.26,1,0.531,0.166,0,TRAIN,SYNTHETIC
CASE-00564,ATM-018,4.57,5.89,1,0.633,0.442,0,TRAIN,SYNTHETIC
CASE-00564,ATM-072,5.09,3.47,1,0.526,0.416,0,TRAIN,SYNTHETIC
CASE-00564,ATM-048,6.51,3.59,1,0.759,0.835,0,TRAIN,SYNTHETIC
CASE-00564,ATM-042,6.91,5.02,1,0.896,0.059,0,TRAIN,SYNTHETIC
CASE-00564,ATM-024,6.94,5.45,1,0.88,0.874,0,TRAIN,SYNTHETIC
CASE-00564,ATM-060,9.41,9.95,1,0.877,0.837,1,TRAIN,SYNTHETIC
CASE-00565,ATM-001,2.76,2.88,1,0.815,0.233,0,TRAIN,SYNTHETIC
CASE-00565,ATM-073,3.01,3.76,1,0.963,0.373,0,TRAIN,SYNTHETIC
CASE-00565,ATM-103,4.3,2.54,1,0.998,0.666,0,TRAIN,SYNTHETIC
CASE-00565,ATM-043,5.15,3.14,1,0.668,0.784,0,TRAIN,SYNTHETIC
CASE-00565,ATM-115,5.3,5.71,1,0.679,0.082,0,TRAIN,SYNTHETIC
CASE-00565,ATM-085,7.22,3.97,1,0.599,0.878,0,TRAIN,SYNTHETIC
CASE-00565,ATM-025,7.23,5.63,1,0.935,0.066,0,TRAIN,SYNTHETIC
CASE-00565,ATM-009,518.52,551.14,0,0.81,0.371,1,TRAIN,SYNTHETIC
CASE-00566,ATM-020,2.69,3.76,1,0.839,0.009,0,TRAIN,SYNTHETIC
CASE-00566,ATM-086,2.9,2.93,1,0.914,0.458,0,TRAIN,SYNTHETIC
CASE-00566,ATM-032,3.44,4.08,1,0.94,0.959,0,TRAIN,SYNTHETIC
CASE-00566,ATM-074,4.87,4.36,1,0.681,0.911,0,TRAIN,SYNTHETIC
CASE-00566,ATM-116,5.43,3.35,1,0.684,0.867,0,TRAIN,SYNTHETIC
CASE-00566,ATM-110,6.49,6.61,1,0.491,0.919,0,TRAIN,SYNTHETIC
CASE-00566,ATM-080,6.52,6.43,1,0.809,0.662,0,TRAIN,SYNTHETIC
CASE-00566,ATM-008,7.41,8.39,1,0.767,0.239,0,TRAIN,SYNTHETIC
CASE-00567,ATM-099,4.13,2.85,1,0.502,0.348,0,TRAIN,SYNTHETIC
CASE-00567,ATM-075,4.56,6.35,1,0.857,0.95,0,TRAIN,SYNTHETIC
CASE-00567,ATM-009,5.24,4.03,1,0.611,0.425,0,TRAIN,SYNTHETIC
CASE-00567,ATM-105,5.66,6.95,1,0.574,0.044,0,TRAIN,SYNTHETIC
CASE-00567,ATM-027,6.31,6.83,1,0.553,0.588,0,TRAIN,SYNTHETIC
CASE-00567,ATM-021,7.1,8.8,1,0.88,0.835,0,TRAIN,SYNTHETIC
CASE-00567,ATM-081,7.72,7.37,1,0.663,0.563,0,TRAIN,SYNTHETIC
CASE-00567,ATM-003,7.98,7.15,1,0.59,0.699,0,TRAIN,SYNTHETIC
CASE-00568,ATM-046,1.99,1.28,1,0.69,0.762,0,TRAIN,SYNTHETIC
CASE-00568,ATM-040,2.48,1.66,1,0.666,0.595,0,TRAIN,SYNTHETIC
CASE-00568,ATM-064,2.56,2.57,1,0.616,0.423,0,TRAIN,SYNTHETIC
CASE-00568,ATM-094,2.91,1.82,1,0.956,0.882,0,TRAIN,SYNTHETIC
CASE-00568,ATM-112,5.05,3.66,1,0.773,0.789,0,TRAIN,SYNTHETIC
CASE-00568,ATM-004,6.3,4.98,1,0.984,0.839,0,TRAIN,SYNTHETIC
CASE-00568,ATM-088,7.76,6.18,1,0.627,0.519,0,TRAIN,SYNTHETIC
CASE-00568,ATM-017,895.37,821.64,0,0.783,0.611,1,TRAIN,SYNTHETIC
CASE-00569,ATM-119,1.38,0.96,1,0.858,0.862,0,TRAIN,SYNTHETIC
CASE-00569,ATM-077,2.57,2.31,1,0.717,0.497,0,TRAIN,SYNTHETIC
CASE-00569,ATM-041,4.57,6.13,1,0.799,0.835,0,TRAIN,SYNTHETIC
CASE-00569,ATM-053,6.91,5.4,1,0.927,0.999,0,TRAIN,SYNTHETIC
CASE-00569,ATM-017,7.17,4.15,1,0.912,0.245,0,TRAIN,SYNTHETIC
CASE-00569,ATM-101,8.31,4.9,1,0.915,0.794,0,TRAIN,SYNTHETIC
CASE-00569,ATM-059,8.94,12.75,1,0.743,0.101,0,TRAIN,SYNTHETIC
CASE-00569,ATM-029,10.97,14.01,1,0.541,0.705,1,TRAIN,SYNTHETIC
CASE-00570,ATM-120,1.22,1.13,1,0.777,0.337,0,TRAIN,SYNTHETIC
CASE-00570,ATM-078,2.38,2.1,1,0.767,0.151,0,TRAIN,SYNTHETIC
CASE-00570,ATM-018,4.57,4.3,1,0.529,0.871,0,TRAIN,SYNTHETIC
CASE-00570,ATM-072,5.09,4.12,1,0.864,0.984,0,TRAIN,SYNTHETIC
CASE-00570,ATM-048,6.51,5.62,1,0.578,0.355,0,TRAIN,SYNTHETIC
CASE-00570,ATM-042,6.91,8.6,1,0.523,0.234,0,TRAIN,SYNTHETIC
CASE-00570,ATM-024,6.94,6.51,1,0.613,0.521,0,TRAIN,SYNTHETIC
CASE-00570,ATM-066,7.01,4.58,1,0.96,0.028,0,TRAIN,SYNTHETIC
CASE-00571,ATM-001,2.76,2.74,1,0.796,0.545,0,TRAIN,SYNTHETIC
CASE-00571,ATM-073,3.01,1.67,1,0.701,0.539,0,TRAIN,SYNTHETIC
CASE-00571,ATM-103,4.3,2.8,1,0.472,0.727,0,TRAIN,SYNTHETIC
CASE-00571,ATM-043,5.15,3.56,1,0.993,0.642,0,TRAIN,SYNTHETIC
CASE-00571,ATM-115,5.3,7.02,1,0.651,0.967,0,TRAIN,SYNTHETIC
CASE-00571,ATM-085,7.22,5.68,1,0.997,0.714,0,TRAIN,SYNTHETIC
CASE-00571,ATM-025,7.23,4.28,1,0.877,0.654,0,TRAIN,SYNTHETIC
CASE-00571,ATM-067,7.39,7.62,1,0.92,0.617,0,TRAIN,SYNTHETIC
CASE-00572,ATM-020,2.69,2.96,1,0.603,0.686,0,TRAIN,SYNTHETIC
CASE-00572,ATM-086,2.9,2.15,1,0.744,0.692,0,TRAIN,SYNTHETIC
CASE-00572,ATM-032,3.44,3.64,1,0.579,0.564,0,TRAIN,SYNTHETIC
CASE-00572,ATM-074,4.87,6.6,1,0.712,0.622,0,TRAIN,SYNTHETIC
CASE-00572,ATM-116,5.43,5,1,0.502,0.642,0,TRAIN,SYNTHETIC
CASE-00572,ATM-110,6.49,4.46,1,0.954,0.858,0,TRAIN,SYNTHETIC
CASE-00572,ATM-080,6.52,8.74,1,0.798,0.746,0,TRAIN,SYNTHETIC
CASE-00572,ATM-003,492.31,385.68,0,0.843,0.618,1,TRAIN,SYNTHETIC
CASE-00573,ATM-099,4.13,4.89,1,0.967,0.142,0,TRAIN,SYNTHETIC
CASE-00573,ATM-075,4.56,6.38,1,0.69,0.057,0,TRAIN,SYNTHETIC
CASE-00573,ATM-009,5.24,7.34,1,0.908,0.95,0,TRAIN,SYNTHETIC
CASE-00573,ATM-105,5.66,5.67,1,0.955,0.992,0,TRAIN,SYNTHETIC
CASE-00573,ATM-027,6.31,4.19,1,0.651,0.104,0,TRAIN,SYNTHETIC
CASE-00573,ATM-021,7.1,8.37,1,0.979,0.672,0,TRAIN,SYNTHETIC
CASE-00573,ATM-081,7.72,10.04,1,0.849,0.234,0,TRAIN,SYNTHETIC
CASE-00573,ATM-003,7.98,9.56,1,0.486,0.14,0,TRAIN,SYNTHETIC
CASE-00574,ATM-046,1.99,2.72,1,0.614,0.482,0,VALIDATION,SYNTHETIC
CASE-00574,ATM-040,2.48,1.42,1,0.995,0.49,1,VALIDATION,SYNTHETIC
CASE-00574,ATM-064,2.56,2.47,1,0.844,0.218,0,VALIDATION,SYNTHETIC
CASE-00574,ATM-094,2.91,3.02,1,0.713,0.876,0,VALIDATION,SYNTHETIC
CASE-00574,ATM-112,5.05,4.65,1,0.787,0.884,0,VALIDATION,SYNTHETIC
CASE-00574,ATM-004,6.3,8.72,1,0.642,0.18,0,VALIDATION,SYNTHETIC
CASE-00574,ATM-088,7.76,4.58,1,0.776,0.117,0,VALIDATION,SYNTHETIC
CASE-00574,ATM-058,8.21,6.84,1,0.573,0.934,0,VALIDATION,SYNTHETIC
CASE-00575,ATM-119,1.38,1.74,1,0.557,0.156,0,VALIDATION,SYNTHETIC
CASE-00575,ATM-077,2.57,3.47,1,0.664,0.199,0,VALIDATION,SYNTHETIC
CASE-00575,ATM-041,4.57,6.41,1,0.465,0.02,0,VALIDATION,SYNTHETIC
CASE-00575,ATM-053,6.91,9.86,1,0.755,0.302,0,VALIDATION,SYNTHETIC
CASE-00575,ATM-017,7.17,5.48,1,0.741,0.475,0,VALIDATION,SYNTHETIC
CASE-00575,ATM-101,8.31,9.18,1,0.601,0.099,0,VALIDATION,SYNTHETIC
CASE-00575,ATM-059,8.94,5.77,1,0.497,0.898,0,VALIDATION,SYNTHETIC
CASE-00575,ATM-005,8.96,8.74,1,0.803,0.447,0,VALIDATION,SYNTHETIC
CASE-00576,ATM-120,1.22,1.21,1,0.51,0.441,0,VALIDATION,SYNTHETIC
CASE-00576,ATM-078,2.38,2.58,1,0.993,0.218,0,VALIDATION,SYNTHETIC
CASE-00576,ATM-018,4.57,5.94,1,0.837,0.961,0,VALIDATION,SYNTHETIC
CASE-00576,ATM-072,5.09,6.14,1,0.963,0.262,0,VALIDATION,SYNTHETIC
CASE-00576,ATM-048,6.51,4.16,1,0.57,0.663,0,VALIDATION,SYNTHETIC
CASE-00576,ATM-042,6.91,9.3,1,0.803,0.009,0,VALIDATION,SYNTHETIC
CASE-00576,ATM-024,6.94,7.4,1,0.956,0.682,0,VALIDATION,SYNTHETIC
CASE-00576,ATM-066,7.01,8.68,1,0.769,0.286,0,VALIDATION,SYNTHETIC
CASE-00577,ATM-001,2.76,2.59,1,0.763,0.082,0,TEST,SYNTHETIC
CASE-00577,ATM-073,3.01,3.44,1,0.58,0.104,0,TEST,SYNTHETIC
CASE-00577,ATM-103,4.3,4.54,1,0.705,0.39,0,TEST,SYNTHETIC
CASE-00577,ATM-043,5.15,6.19,1,0.856,0.306,0,TEST,SYNTHETIC
CASE-00577,ATM-115,5.3,7.21,1,0.5,0.094,0,TEST,SYNTHETIC
CASE-00577,ATM-085,7.22,7.87,1,0.52,0.683,0,TEST,SYNTHETIC
CASE-00577,ATM-025,7.23,4.32,1,0.884,0.257,0,TEST,SYNTHETIC
CASE-00577,ATM-067,7.39,9.51,1,0.65,0.262,0,TEST,SYNTHETIC
CASE-00578,ATM-020,2.69,2.52,1,0.81,0.106,0,TEST,SYNTHETIC
CASE-00578,ATM-086,2.9,3.77,1,0.968,0.725,0,TEST,SYNTHETIC
CASE-00578,ATM-032,3.44,4.29,1,0.523,0.189,0,TEST,SYNTHETIC
CASE-00578,ATM-074,4.87,3.1,1,0.863,0.57,0,TEST,SYNTHETIC
CASE-00578,ATM-116,5.43,7.24,1,0.962,0.055,0,TEST,SYNTHETIC
CASE-00578,ATM-110,6.49,5.89,1,0.633,0.602,0,TEST,SYNTHETIC
CASE-00578,ATM-080,6.52,3.7,1,0.58,0.823,0,TEST,SYNTHETIC
CASE-00578,ATM-008,7.41,10.46,1,0.469,0.761,0,TEST,SYNTHETIC
CASE-00579,ATM-099,4.13,5.42,1,0.867,0.178,0,TEST,SYNTHETIC
CASE-00579,ATM-075,4.56,6.29,1,0.707,0.95,0,TEST,SYNTHETIC
CASE-00579,ATM-009,5.24,7.24,1,0.832,0.451,0,TEST,SYNTHETIC
CASE-00579,ATM-105,5.66,6.98,1,0.906,0.631,0,TEST,SYNTHETIC
CASE-00579,ATM-027,6.31,8.42,1,0.698,0.423,0,TEST,SYNTHETIC
CASE-00579,ATM-021,7.1,4.22,1,0.624,0.767,0,TEST,SYNTHETIC
CASE-00579,ATM-081,7.72,7.6,1,0.785,0.323,0,TEST,SYNTHETIC
CASE-00579,ATM-020,498.2,331.39,0,0.809,0.586,1,TEST,SYNTHETIC
CASE-00580,ATM-046,1.99,2.53,1,0.909,0.171,0,TRAIN,SYNTHETIC
CASE-00580,ATM-040,2.48,1.96,1,0.925,0.297,0,TRAIN,SYNTHETIC
CASE-00580,ATM-064,2.56,3.62,1,0.606,0.989,0,TRAIN,SYNTHETIC
CASE-00580,ATM-094,2.91,2.09,1,0.467,0.348,0,TRAIN,SYNTHETIC
CASE-00580,ATM-112,5.05,5.61,1,0.601,0.877,0,TRAIN,SYNTHETIC
CASE-00580,ATM-004,6.3,6.52,1,0.974,0.788,0,TRAIN,SYNTHETIC
CASE-00580,ATM-088,7.76,5.48,1,0.938,0.781,0,TRAIN,SYNTHETIC
CASE-00580,ATM-073,424.74,294.47,1,0.983,0.639,1,TRAIN,SYNTHETIC
CASE-00581,ATM-119,1.38,1.16,1,0.972,0.844,0,TRAIN,SYNTHETIC
CASE-00581,ATM-077,2.57,1.67,1,0.709,0.027,0,TRAIN,SYNTHETIC
CASE-00581,ATM-041,4.57,5.69,1,0.531,0.459,0,TRAIN,SYNTHETIC
CASE-00581,ATM-053,6.91,8.88,1,0.911,0.164,0,TRAIN,SYNTHETIC
CASE-00581,ATM-017,7.17,5.27,1,0.783,0.288,0,TRAIN,SYNTHETIC
CASE-00581,ATM-101,8.31,9.36,1,0.783,0.209,0,TRAIN,SYNTHETIC
CASE-00581,ATM-059,8.94,8.15,1,0.698,0.795,0,TRAIN,SYNTHETIC
CASE-00581,ATM-029,10.97,6.38,1,0.607,0.05,1,TRAIN,SYNTHETIC
CASE-00582,ATM-120,1.22,0.87,1,0.59,0.047,0,TRAIN,SYNTHETIC
CASE-00582,ATM-078,2.38,1.65,1,0.847,0.443,0,TRAIN,SYNTHETIC
CASE-00582,ATM-018,4.57,5.35,1,0.56,0.59,0,TRAIN,SYNTHETIC
CASE-00582,ATM-072,5.09,6.02,1,0.748,0.559,0,TRAIN,SYNTHETIC
CASE-00582,ATM-048,6.51,7.33,1,0.92,0.679,0,TRAIN,SYNTHETIC
CASE-00582,ATM-042,6.91,4.58,1,0.758,0.171,0,TRAIN,SYNTHETIC
CASE-00582,ATM-024,6.94,10.03,1,0.565,0.754,0,TRAIN,SYNTHETIC
CASE-00582,ATM-023,747.78,808.82,0,0.885,0.408,1,TRAIN,SYNTHETIC
CASE-00583,ATM-001,2.76,2.33,1,0.58,0.831,0,TRAIN,SYNTHETIC
CASE-00583,ATM-073,3.01,3.51,1,0.69,0.521,0,TRAIN,SYNTHETIC
CASE-00583,ATM-103,4.3,6.23,1,0.538,0.17,0,TRAIN,SYNTHETIC
CASE-00583,ATM-043,5.15,6.9,1,0.556,0.961,0,TRAIN,SYNTHETIC
CASE-00583,ATM-115,5.3,5.73,1,0.656,0.557,0,TRAIN,SYNTHETIC
CASE-00583,ATM-085,7.22,7.49,1,0.472,0.559,0,TRAIN,SYNTHETIC
CASE-00583,ATM-025,7.23,9.06,1,0.703,0.704,0,TRAIN,SYNTHETIC
CASE-00583,ATM-002,285.84,312.01,0,0.717,0.81,1,TRAIN,SYNTHETIC
CASE-00584,ATM-020,2.69,1.84,1,0.957,0.023,0,TRAIN,SYNTHETIC
CASE-00584,ATM-086,2.9,3.78,1,0.733,0.95,0,TRAIN,SYNTHETIC
CASE-00584,ATM-032,3.44,2.5,1,0.778,0.037,0,TRAIN,SYNTHETIC
CASE-00584,ATM-074,4.87,4.03,1,0.96,0.404,0,TRAIN,SYNTHETIC
CASE-00584,ATM-116,5.43,3.35,1,0.65,0.17,0,TRAIN,SYNTHETIC
CASE-00584,ATM-110,6.49,5.39,1,0.87,0.224,0,TRAIN,SYNTHETIC
CASE-00584,ATM-080,6.52,5.63,1,0.516,0.518,0,TRAIN,SYNTHETIC
CASE-00584,ATM-008,7.41,9.1,1,0.498,0.445,0,TRAIN,SYNTHETIC
CASE-00585,ATM-099,4.13,4.72,1,0.481,0.989,0,TRAIN,SYNTHETIC
CASE-00585,ATM-075,4.56,3.54,1,0.828,0.111,0,TRAIN,SYNTHETIC
CASE-00585,ATM-009,5.24,5.86,1,0.895,0.835,0,TRAIN,SYNTHETIC
CASE-00585,ATM-105,5.66,5.78,1,0.523,0.889,0,TRAIN,SYNTHETIC
CASE-00585,ATM-027,6.31,5.35,1,0.702,0.743,0,TRAIN,SYNTHETIC
CASE-00585,ATM-021,7.1,6.67,1,0.941,0.161,0,TRAIN,SYNTHETIC
CASE-00585,ATM-081,7.72,8.89,1,0.682,0.139,0,TRAIN,SYNTHETIC
CASE-00585,ATM-054,250.7,171.84,0,0.657,0.479,1,TRAIN,SYNTHETIC
CASE-00586,ATM-046,1.99,1.91,1,0.68,0.175,0,TRAIN,SYNTHETIC
CASE-00586,ATM-040,2.48,2.63,1,0.829,0.099,0,TRAIN,SYNTHETIC
CASE-00586,ATM-064,2.56,1.99,1,0.458,0.837,0,TRAIN,SYNTHETIC
CASE-00586,ATM-094,2.91,3,1,0.566,0.33,0,TRAIN,SYNTHETIC
CASE-00586,ATM-112,5.05,5.63,1,0.462,0.506,0,TRAIN,SYNTHETIC
CASE-00586,ATM-004,6.3,7.91,1,0.905,0.209,0,TRAIN,SYNTHETIC
CASE-00586,ATM-088,7.76,7.03,1,0.705,0.18,0,TRAIN,SYNTHETIC
CASE-00586,ATM-113,892.32,529.8,0,0.94,0.126,1,TRAIN,SYNTHETIC
CASE-00587,ATM-119,1.38,1.92,1,0.675,0.001,0,TRAIN,SYNTHETIC
CASE-00587,ATM-077,2.57,3.25,1,0.644,0.467,0,TRAIN,SYNTHETIC
CASE-00587,ATM-041,4.57,3.8,1,0.672,0.745,0,TRAIN,SYNTHETIC
CASE-00587,ATM-053,6.91,8.43,1,0.578,0.816,0,TRAIN,SYNTHETIC
CASE-00587,ATM-017,7.17,6.71,1,0.505,0.303,0,TRAIN,SYNTHETIC
CASE-00587,ATM-101,8.31,7.9,1,0.61,0.432,0,TRAIN,SYNTHETIC
CASE-00587,ATM-059,8.94,11.57,1,0.469,0.714,0,TRAIN,SYNTHETIC
CASE-00587,ATM-074,739.3,511.68,0,0.737,0.376,1,TRAIN,SYNTHETIC
CASE-00588,ATM-120,1.22,0.97,1,0.511,0.567,0,TRAIN,SYNTHETIC
CASE-00588,ATM-078,2.38,1.62,1,0.546,0.957,0,TRAIN,SYNTHETIC
CASE-00588,ATM-018,4.57,3.22,1,0.84,0.125,0,TRAIN,SYNTHETIC
CASE-00588,ATM-072,5.09,4.2,1,0.535,0.621,0,TRAIN,SYNTHETIC
CASE-00588,ATM-048,6.51,6.13,1,0.973,0.792,0,TRAIN,SYNTHETIC
CASE-00588,ATM-042,6.91,9.05,1,0.915,0.839,0,TRAIN,SYNTHETIC
CASE-00588,ATM-024,6.94,8.69,1,0.578,0.047,0,TRAIN,SYNTHETIC
CASE-00588,ATM-037,381.6,312.85,0,0.733,0.593,1,TRAIN,SYNTHETIC
CASE-00589,ATM-001,2.76,1.56,1,0.839,0.336,0,TRAIN,SYNTHETIC
CASE-00589,ATM-073,3.01,2.66,1,0.973,0.165,0,TRAIN,SYNTHETIC
CASE-00589,ATM-103,4.3,2.71,1,0.557,0.368,0,TRAIN,SYNTHETIC
CASE-00589,ATM-043,5.15,3.8,1,0.658,0.875,0,TRAIN,SYNTHETIC
CASE-00589,ATM-115,5.3,6.63,1,0.69,0.752,0,TRAIN,SYNTHETIC
CASE-00589,ATM-085,7.22,4.66,1,0.528,0.37,0,TRAIN,SYNTHETIC
CASE-00589,ATM-025,7.23,6.17,1,0.587,0.967,0,TRAIN,SYNTHETIC
CASE-00589,ATM-081,521.55,292.68,0,0.834,0.665,1,TRAIN,SYNTHETIC
CASE-00590,ATM-020,2.69,2.38,1,0.902,0.027,0,TRAIN,SYNTHETIC
CASE-00590,ATM-086,2.9,3.45,1,0.874,0.864,0,TRAIN,SYNTHETIC
CASE-00590,ATM-032,3.44,3.08,1,0.484,0.799,0,TRAIN,SYNTHETIC
CASE-00590,ATM-074,4.87,6.45,1,0.821,0.928,0,TRAIN,SYNTHETIC
CASE-00590,ATM-116,5.43,4.88,1,0.609,0.073,0,TRAIN,SYNTHETIC
CASE-00590,ATM-110,6.49,9.16,1,0.913,0.843,0,TRAIN,SYNTHETIC
CASE-00590,ATM-080,6.52,7.39,1,0.841,0.175,0,TRAIN,SYNTHETIC
CASE-00590,ATM-003,492.31,569.2,0,0.676,0.717,1,TRAIN,SYNTHETIC
CASE-00591,ATM-099,4.13,3.76,1,0.793,0.754,0,TRAIN,SYNTHETIC
CASE-00591,ATM-075,4.56,6.03,1,0.491,0.196,0,TRAIN,SYNTHETIC
CASE-00591,ATM-009,5.24,3.74,1,0.485,0.7,0,TRAIN,SYNTHETIC
CASE-00591,ATM-105,5.66,5.96,1,0.851,0.499,0,TRAIN,SYNTHETIC
CASE-00591,ATM-027,6.31,8.16,1,0.496,0.846,0,TRAIN,SYNTHETIC
CASE-00591,ATM-021,7.1,5.5,1,0.696,0.723,0,TRAIN,SYNTHETIC
CASE-00591,ATM-081,7.72,8.61,1,0.691,0.28,0,TRAIN,SYNTHETIC
CASE-00591,ATM-090,256.9,290.1,0,0.662,0.168,1,TRAIN,SYNTHETIC
CASE-00592,ATM-046,1.99,1.69,1,0.915,0.785,0,TRAIN,SYNTHETIC
CASE-00592,ATM-040,2.48,1.41,1,0.487,0.187,0,TRAIN,SYNTHETIC
CASE-00592,ATM-064,2.56,3.23,1,0.568,0.243,0,TRAIN,SYNTHETIC
CASE-00592,ATM-094,2.91,2.89,1,0.606,0.988,0,TRAIN,SYNTHETIC
CASE-00592,ATM-112,5.05,3.9,1,0.662,0.728,0,TRAIN,SYNTHETIC
CASE-00592,ATM-004,6.3,3.66,1,0.732,0.461,0,TRAIN,SYNTHETIC
CASE-00592,ATM-088,7.76,11.22,1,0.777,0.135,0,TRAIN,SYNTHETIC
CASE-00592,ATM-058,8.21,11.09,1,0.51,0.619,0,TRAIN,SYNTHETIC
CASE-00593,ATM-119,1.38,1.05,1,0.855,0.209,0,TRAIN,SYNTHETIC
CASE-00593,ATM-077,2.57,3.37,1,0.769,0.099,0,TRAIN,SYNTHETIC
CASE-00593,ATM-041,4.57,4.1,1,0.879,0.085,0,TRAIN,SYNTHETIC
CASE-00593,ATM-053,6.91,8.1,1,0.648,0.005,0,TRAIN,SYNTHETIC
CASE-00593,ATM-017,7.17,9.63,1,0.779,0.312,0,TRAIN,SYNTHETIC
CASE-00593,ATM-101,8.31,7.33,1,0.975,0.452,0,TRAIN,SYNTHETIC
CASE-00593,ATM-059,8.94,9.47,1,0.86,0.331,0,TRAIN,SYNTHETIC
CASE-00593,ATM-005,8.96,5.22,1,0.487,0.307,0,TRAIN,SYNTHETIC
CASE-00594,ATM-120,1.22,0.88,1,0.713,0.293,0,VALIDATION,SYNTHETIC
CASE-00594,ATM-078,2.38,1.76,1,0.729,0.848,0,VALIDATION,SYNTHETIC
CASE-00594,ATM-018,4.57,3.66,1,0.615,0.808,0,VALIDATION,SYNTHETIC
CASE-00594,ATM-072,5.09,4.12,1,0.827,0.797,0,VALIDATION,SYNTHETIC
CASE-00594,ATM-048,6.51,4.77,1,0.525,0.88,0,VALIDATION,SYNTHETIC
CASE-00594,ATM-042,6.91,7.61,1,0.453,0.677,0,VALIDATION,SYNTHETIC
CASE-00594,ATM-024,6.94,9.21,1,0.589,0.647,0,VALIDATION,SYNTHETIC
CASE-00594,ATM-025,388.62,384.6,0,0.586,0.298,1,VALIDATION,SYNTHETIC
CASE-00595,ATM-001,2.76,1.93,1,0.943,0.457,0,VALIDATION,SYNTHETIC
CASE-00595,ATM-073,3.01,2.33,1,0.569,0.806,0,VALIDATION,SYNTHETIC
CASE-00595,ATM-103,4.3,5.1,1,0.531,0.421,0,VALIDATION,SYNTHETIC
CASE-00595,ATM-043,5.15,4.23,1,0.929,0.064,0,VALIDATION,SYNTHETIC
CASE-00595,ATM-115,5.3,4.74,1,0.629,0.823,0,VALIDATION,SYNTHETIC
CASE-00595,ATM-085,7.22,7.43,1,0.488,0.237,0,VALIDATION,SYNTHETIC
CASE-00595,ATM-025,7.23,6.79,1,0.459,0.516,0,VALIDATION,SYNTHETIC
CASE-00595,ATM-067,7.39,4.75,1,0.759,0.726,0,VALIDATION,SYNTHETIC
CASE-00596,ATM-020,2.69,1.56,1,0.458,0.027,0,VALIDATION,SYNTHETIC
CASE-00596,ATM-086,2.9,3.61,1,0.79,0.641,0,VALIDATION,SYNTHETIC
CASE-00596,ATM-032,3.44,3.74,1,0.883,0.541,0,VALIDATION,SYNTHETIC
CASE-00596,ATM-074,4.87,6.53,1,0.707,0.239,0,VALIDATION,SYNTHETIC
CASE-00596,ATM-116,5.43,4.63,1,0.91,0.887,0,VALIDATION,SYNTHETIC
CASE-00596,ATM-110,6.49,5.07,1,0.722,0.883,0,VALIDATION,SYNTHETIC
CASE-00596,ATM-080,6.52,4.71,1,0.68,0.098,0,VALIDATION,SYNTHETIC
CASE-00596,ATM-008,7.41,6.57,1,0.843,0.232,0,VALIDATION,SYNTHETIC
CASE-00597,ATM-099,4.13,2.4,1,0.622,0.967,0,TEST,SYNTHETIC
CASE-00597,ATM-075,4.56,3.88,1,0.764,0.145,0,TEST,SYNTHETIC
CASE-00597,ATM-009,5.24,6.8,1,0.473,0.386,0,TEST,SYNTHETIC
CASE-00597,ATM-105,5.66,6.85,1,0.689,0.847,0,TEST,SYNTHETIC
CASE-00597,ATM-027,6.31,6.57,1,0.991,0.108,0,TEST,SYNTHETIC
CASE-00597,ATM-021,7.1,4.67,1,0.583,0.479,0,TEST,SYNTHETIC
CASE-00597,ATM-081,7.72,7.21,1,0.481,0.081,0,TEST,SYNTHETIC
CASE-00597,ATM-066,252.37,139.74,0,0.568,0.095,1,TEST,SYNTHETIC
CASE-00598,ATM-046,1.99,2.63,1,0.849,0.504,0,TEST,SYNTHETIC
CASE-00598,ATM-040,2.48,2.05,1,0.891,0.077,0,TEST,SYNTHETIC
CASE-00598,ATM-064,2.56,2.39,1,0.824,0.733,0,TEST,SYNTHETIC
CASE-00598,ATM-094,2.91,2.8,1,0.871,0.064,0,TEST,SYNTHETIC
CASE-00598,ATM-112,5.05,7.24,1,0.875,0.67,0,TEST,SYNTHETIC
CASE-00598,ATM-004,6.3,3.81,1,0.887,0.281,0,TEST,SYNTHETIC
CASE-00598,ATM-088,7.76,8,1,0.91,0.842,0,TEST,SYNTHETIC
CASE-00598,ATM-107,891.47,783.66,0,0.576,0.049,1,TEST,SYNTHETIC
CASE-00599,ATM-119,1.38,1.42,1,0.803,0.287,0,TEST,SYNTHETIC
CASE-00599,ATM-077,2.57,2.77,1,0.534,0.172,0,TEST,SYNTHETIC
CASE-00599,ATM-041,4.57,4.75,1,0.84,0.7,0,TEST,SYNTHETIC
CASE-00599,ATM-053,6.91,7.52,1,0.512,0.229,0,TEST,SYNTHETIC
CASE-00599,ATM-017,7.17,8.42,1,0.75,0.62,0,TEST,SYNTHETIC
CASE-00599,ATM-101,8.31,6.97,1,0.941,0.703,0,TEST,SYNTHETIC
CASE-00599,ATM-059,8.94,11.18,1,0.464,0.576,0,TEST,SYNTHETIC
CASE-00599,ATM-015,494.91,355.8,0,0.637,0.986,1,TEST,SYNTHETIC
CASE-00600,ATM-120,1.22,1.2,1,0.769,0.739,0,TRAIN,SYNTHETIC
CASE-00600,ATM-078,2.38,2.92,1,0.801,0.276,0,TRAIN,SYNTHETIC
CASE-00600,ATM-018,4.57,4.86,1,0.635,0.628,0,TRAIN,SYNTHETIC
CASE-00600,ATM-072,5.09,4.51,1,0.586,0.452,0,TRAIN,SYNTHETIC
CASE-00600,ATM-048,6.51,9.16,1,0.811,0.08,0,TRAIN,SYNTHETIC
CASE-00600,ATM-042,6.91,6.71,1,0.536,0.959,0,TRAIN,SYNTHETIC
CASE-00600,ATM-024,6.94,3.9,1,0.506,0.563,0,TRAIN,SYNTHETIC
CASE-00600,ATM-066,7.01,3.94,1,0.942,0.08,0,TRAIN,SYNTHETIC
