case_id,complaint_id,fraud_label,cashout_label,pattern,source_account,actual_withdrawal_atm_id,actual_withdrawal_latitude,actual_withdrawal_longitude,actual_withdrawal_time,actual_withdrawal_amount,transaction_sequence,hop_count,time_to_cashout,unique_accounts,transfer_chain_length,amount_decay_across_hops,rapid_transfer_flag,transaction_count,suspicious_transaction_count,transaction_frequency,transaction_velocity,amount_deviation,account_activity_frequency,account_risk,new_destination_flag,destination_concentration,previous_withdrawal_count,average_withdrawal_amount,time_since_previous_withdrawal,hour,day_of_week,time_since_last_transaction,time_since_first_suspicious_transaction,time_since_fraud_event,split,source_type
CASE-00001,CMP-100001,0,0,NORMAL,ACC-00003,,,,,,TXN-0000001|TXN-0000002|TXN-0000003|TXN-0000004|TXN-0000005|TXN-0000006|TXN-0000007|TXN-0000008,1,,13,2,,0,8,0,0.3333,8,12318.25,1,LOW,1,1,0,0,,1,4,0,,,TRAIN,SYNTHETIC
CASE-00002,CMP-100002,0,0,NORMAL,ACC-00005,,,,,,TXN-0000009|TXN-0000010|TXN-0000011|TXN-0000012|TXN-0000013|TXN-0000014|TXN-0000015|TXN-0000016|TXN-0000017,0,,16,1,,0,9,0,0.375,9,9598.33,1,LOW,1,1,0,0,,2,4,0,,,TRAIN,SYNTHETIC
CASE-00003,CMP-100003,1,1,PROXIMITY,ACC-00007,ATM-022,10.952892,76.912599,2026-01-01T05:30:00.000Z,19096,TXN-0000018|TXN-0000019|TXN-0000020|TXN-0000021|TXN-0000022|TXN-0000023|TXN-0000024,1,150,14,2,0.8533,0,7,1,0.2917,4.1176,16237.86,1,LOW,1,1,0,0,,4,4,0,0,,TRAIN,SYNTHETIC
CASE-00004,CMP-100004,1,1,DELAYED,ACC-00009,ATM-026,12.878033,77.629769,2026-01-02T04:16:00.000Z,54616,TXN-0000025|TXN-0000026|TXN-0000027|TXN-0000028|TXN-0000029|TXN-0000030|TXN-0000031,0,1456,14,1,1,0,7,0,0.2917,7,10268.57,1,LOW,1,1,0,0,,4,4,0,,,TRAIN,SYNTHETIC
CASE-00005,CMP-100005,1,1,MULTI_CANDIDATE,ACC-00011,ATM-034,10.923868,77.004112,2026-01-01T06:16:00.000Z,49095,TXN-0000032|TXN-0000033|TXN-0000034|TXN-0000035|TXN-0000036|TXN-0000037|TXN-0000038|TXN-0000039|TXN-0000040|TXN-0000041,0,76,20,1,1,0,10,0,0.4167,10,11856.7,1,MEDIUM,1,1,0,0,,5,4,0,,,TRAIN,SYNTHETIC
CASE-00006,CMP-100006,0,0,NORMAL,ACC-00013,,,,,,TXN-0000042|TXN-0000043|TXN-0000044|TXN-0000045|TXN-0000046|TXN-0000047,0,,12,1,,0,6,0,0.25,6,8531.17,1,LOW,1,1,0,0,,6,4,0,,,TRAIN,SYNTHETIC
CASE-00007,CMP-100007,0,0,NORMAL,ACC-00015,,,,,,TXN-0000048|TXN-0000049|TXN-0000050|TXN-0000051|TXN-0000052|TXN-0000053|TXN-0000054|TXN-0000055|TXN-0000056,1,,18,2,,0,9,0,0.375,9,12232,1,LOW,1,1,0,0,,7,4,0,,,TRAIN,SYNTHETIC
CASE-00008,CMP-100008,0,0,NORMAL,ACC-00017,,,,,,TXN-0000057|TXN-0000058|TXN-0000059|TXN-0000060|TXN-0000061|TXN-0000062,0,,12,1,,0,6,0,0.25,6,8515.83,1,LOW,1,1,0,0,,8,4,0,,,TRAIN,SYNTHETIC
CASE-00009,CMP-100009,0,0,NORMAL,ACC-00019,,,,,,TXN-0000063|TXN-0000064|TXN-0000065|TXN-0000066|TXN-0000067|TXN-0000068|TXN-0000069|TXN-0000070|TXN-0000071,0,,18,1,,0,9,0,0.375,9,13442,1,LOW,1,1,0,0,,9,4,0,,,TRAIN,SYNTHETIC
CASE-00010,CMP-100010,0,0,NORMAL,ACC-00021,,,,,,TXN-0000072|TXN-0000073|TXN-0000074|TXN-0000075|TXN-0000076|TXN-0000077|TXN-0000078|TXN-0000079|TXN-0000080,0,,18,1,,0,9,0,0.375,9,11737.11,1,MEDIUM,1,1,0,0,,10,4,0,,,TRAIN,SYNTHETIC
CASE-00011,CMP-100011,1,1,RAPID,ACC-00023,ATM-061,12.974796,80.322933,2026-01-01T12:40:00.000Z,25161,TXN-0000081|TXN-0000082|TXN-0000083|TXN-0000084|TXN-0000085|TXN-0000086|TXN-0000087|TXN-0000088|TXN-0000089|TXN-0000090,1,100,20,2,0.8924,1,10,1,0.4167,10,18095.9,1,HIGH,1,1,0,0,,11,4,0,0,,TRAIN,SYNTHETIC
CASE-00012,CMP-100012,0,0,NORMAL,ACC-00025,,,,,,TXN-0000091|TXN-0000092|TXN-0000093|TXN-0000094|TXN-0000095|TXN-0000096,0,,12,1,,0,6,0,0.25,6,6345.5,1,LOW,1,1,0,0,,12,4,0,,,TRAIN,SYNTHETIC
CASE-00013,CMP-100013,1,1,PROXIMITY,ACC-00027,ATM-092,12.893851,77.620724,2026-01-01T16:04:00.000Z,39191,TXN-0000097|TXN-0000098|TXN-0000099|TXN-0000100|TXN-0000101|TXN-0000102|TXN-0000103|TXN-0000104|TXN-0000105,1,184,18,2,0.8334,0,9,1,0.375,4.0299,19496.11,1,LOW,1,1,0,0,,15,4,0,0,,TRAIN,SYNTHETIC
CASE-00014,CMP-100014,1,1,DELAYED,ACC-00029,ATM-014,12.902452,77.65698,2026-01-03T01:37:00.000Z,34956,TXN-0000106|TXN-0000107|TXN-0000108|TXN-0000109|TXN-0000110|TXN-0000111|TXN-0000112|TXN-0000113,0,2137,16,1,1,0,8,0,0.3333,8,11392.63,1,LOW,1,1,0,0,,14,4,0,,,VALIDATION,SYNTHETIC
CASE-00015,CMP-100015,0,0,NORMAL,ACC-00031,,,,,,TXN-0000114|TXN-0000115|TXN-0000116|TXN-0000117|TXN-0000118|TXN-0000119,0,,12,1,,0,6,0,0.25,6,11919.17,1,MEDIUM,1,1,0,0,,15,4,0,,,VALIDATION,SYNTHETIC
CASE-00016,CMP-100016,1,1,RAPID,ACC-00033,ATM-071,18.446451,73.784283,2026-01-01T16:51:00.000Z,42635,TXN-0000120|TXN-0000121|TXN-0000122|TXN-0000123|TXN-0000124|TXN-0000125|TXN-0000126,1,51,14,2,0.8433,1,7,1,0.2917,7,25989.86,1,LOW,1,1,0,0,,16,4,0,0,,VALIDATION,SYNTHETIC
CASE-00017,CMP-100017,0,0,NORMAL,ACC-00035,,,,,,TXN-0000127|TXN-0000128|TXN-0000129|TXN-0000130|TXN-0000131|TXN-0000132|TXN-0000133|TXN-0000134|TXN-0000135,0,,18,1,,0,9,0,0.375,9,11128.56,1,LOW,1,1,0,0,,17,4,0,,,TEST,SYNTHETIC
CASE-00018,CMP-100018,0,0,NORMAL,ACC-00037,,,,,,TXN-0000136|TXN-0000137|TXN-0000138|TXN-0000139|TXN-0000140|TXN-0000141|TXN-0000142|TXN-0000143|TXN-0000144,1,,18,2,,0,9,0,0.375,9,8292.56,1,LOW,1,1,0,0,,18,4,0,,,TEST,SYNTHETIC
CASE-00019,CMP-100019,1,1,DELAYED,ACC-00039,ATM-088,11.085374,76.94246,2026-01-03T06:45:00.000Z,35066,TXN-0000145|TXN-0000146|TXN-0000147|TXN-0000148|TXN-0000149|TXN-0000150|TXN-0000151|TXN-0000152,1,2145,16,2,0.9194,0,8,1,0.3333,0.5333,18028.5,1,LOW,1,1,0,0,,10,5,0,0,,TEST,SYNTHETIC
CASE-00020,CMP-100020,0,0,NORMAL,ACC-00041,,,,,,TXN-0000153|TXN-0000154|TXN-0000155|TXN-0000156|TXN-0000157|TXN-0000158|TXN-0000159,0,,14,1,,0,7,0,0.2917,7,12844.86,1,MEDIUM,1,1,0,0,,20,4,0,,,TRAIN,SYNTHETIC
CASE-00021,CMP-100021,0,0,NORMAL,ACC-00043,,,,,,TXN-0000160|TXN-0000161|TXN-0000162|TXN-0000163|TXN-0000164|TXN-0000165|TXN-0000166|TXN-0000167|TXN-0000168,1,,18,2,,0,9,0,0.375,9,13566.44,1,LOW,1,1,0,0,,21,4,0,,,TRAIN,SYNTHETIC
CASE-00022,CMP-100022,0,0,NORMAL,ACC-00045,,,,,,TXN-0000169|TXN-0000170|TXN-0000171|TXN-0000172|TXN-0000173|TXN-0000174|TXN-0000175|TXN-0000176,0,,16,1,,0,8,0,0.3333,8,9165,1,HIGH,1,1,0,0,,22,4,0,,,TRAIN,SYNTHETIC
CASE-00023,CMP-100023,1,1,PROXIMITY,ACC-00047,ATM-042,16.467251,80.698471,2026-01-02T02:52:00.000Z,46442,TXN-0000177|TXN-0000178|TXN-0000179|TXN-0000180|TXN-0000181|TXN-0000182|TXN-0000183|TXN-0000184|TXN-0000185|TXN-0000186,1,232,20,2,0.9343,0,10,1,0.4167,4.0541,21800.1,1,LOW,1,1,0,0,,1,5,0,0,,TRAIN,SYNTHETIC
CASE-00024,CMP-100024,1,0,DELAYED,ACC-00049,,,,,,TXN-0000187|TXN-0000188|TXN-0000189|TXN-0000190|TXN-0000191|TXN-0000192|TXN-0000193|TXN-0000194|TXN-0000195|TXN-0000196|TXN-0000197,1,,22,2,0.9397,0,11,1,0.4583,0.4231,19486.27,1,LOW,1,1,0,0,,2,6,0,0,,TRAIN,SYNTHETIC
CASE-00025,CMP-100025,1,1,MULTI_CANDIDATE,ACC-00051,ATM-065,18.450885,73.757144,2026-01-02T02:26:00.000Z,13188,TXN-0000198|TXN-0000199|TXN-0000200|TXN-0000201|TXN-0000202|TXN-0000203,0,86,12,1,1,0,6,0,0.25,6,13374,1,MEDIUM,1,1,0,0,,1,5,0,,,TRAIN,SYNTHETIC
CASE-00026,CMP-100026,0,0,NORMAL,ACC-00053,,,,,,TXN-0000204|TXN-0000205|TXN-0000206|TXN-0000207|TXN-0000208|TXN-0000209|TXN-0000210|TXN-0000211|TXN-0000212,0,,18,1,,0,9,0,0.375,9,12987,1,LOW,1,1,0,0,,2,5,0,,,TRAIN,SYNTHETIC
CASE-00027,CMP-100027,0,0,NORMAL,ACC-00055,,,,,,TXN-0000213|TXN-0000214|TXN-0000215|TXN-0000216|TXN-0000217|TXN-0000218|TXN-0000219|TXN-0000220,1,,16,2,,0,8,0,0.3333,8,13952.63,1,LOW,1,1,0,0,,3,5,0,,,TRAIN,SYNTHETIC
CASE-00028,CMP-100028,1,1,PROXIMITY,ACC-00057,ATM-077,18.519358,73.881091,2026-01-02T06:28:00.000Z,55945,TXN-0000221|TXN-0000222|TXN-0000223|TXN-0000224|TXN-0000225|TXN-0000226|TXN-0000227|TXN-0000228|TXN-0000229|TXN-0000230|TXN-0000231,1,148,22,2,0.9282,0,11,1,0.4583,11,17543,1,LOW,1,1,0,0,,4,5,0,0,,TRAIN,SYNTHETIC
CASE-00029,CMP-100029,1,1,DELAYED,ACC-00059,ATM-005,18.600804,73.85061,2026-01-04T04:29:00.000Z,7151,TXN-0000232|TXN-0000233|TXN-0000234|TXN-0000235|TXN-0000236|TXN-0000237|TXN-0000238|TXN-0000239|TXN-0000240,0,2849,18,1,1,0,9,0,0.375,9,9776.89,1,LOW,1,1,0,0,,5,5,0,,,TRAIN,SYNTHETIC
CASE-00030,CMP-100030,1,1,MULTI_CANDIDATE,ACC-00061,ATM-080,12.927332,77.555124,2026-01-02T07:52:00.000Z,14063,TXN-0000241|TXN-0000242|TXN-0000243|TXN-0000244|TXN-0000245|TXN-0000246|TXN-0000247|TXN-0000248|TXN-0000249|TXN-0000250,0,112,20,1,1,0,10,0,0.4167,10,10357.2,1,MEDIUM,1,1,0,0,,6,5,0,,,TRAIN,SYNTHETIC
CASE-00031,CMP-100031,0,0,NORMAL,ACC-00063,,,,,,TXN-0000251|TXN-0000252|TXN-0000253|TXN-0000254|TXN-0000255|TXN-0000256|TXN-0000257|TXN-0000258|TXN-0000259|TXN-0000260,0,,20,1,,0,10,0,0.4167,10,12138.8,1,LOW,1,1,0,0,,7,5,0,,,TRAIN,SYNTHETIC
CASE-00032,CMP-100032,1,1,MULTI_HOP,ACC-00065,ATM-120,16.499386,80.638993,2026-01-02T10:54:00.000Z,47281,TXN-0000261|TXN-0000262|TXN-0000263|TXN-0000264|TXN-0000265|TXN-0000266|TXN-0000267|TXN-0000268,2,174,15,3,0.7517,0,8,2,0.3333,3.84,34318.38,1,LOW,1,1,0,0,,10,5,0,66,,TRAIN,SYNTHETIC
CASE-00033,CMP-100033,1,1,PROXIMITY,ACC-00067,ATM-112,11.009374,77.001445,2026-01-02T13:16:00.000Z,7195,TXN-0000269|TXN-0000270|TXN-0000271|TXN-0000272|TXN-0000273|TXN-0000274|TXN-0000275|TXN-0000276|TXN-0000277,1,256,18,2,0.9037,0,9,1,0.375,3.8298,11257.89,1,HIGH,1,1,0,0,,11,5,0,0,,TRAIN,SYNTHETIC
CASE-00034,CMP-100034,0,0,NORMAL,ACC-00069,,,,,,TXN-0000278|TXN-0000279|TXN-0000280|TXN-0000281|TXN-0000282|TXN-0000283,0,,12,1,,0,6,0,0.25,6,12030.5,1,LOW,1,1,0,0,,10,5,0,,,VALIDATION,SYNTHETIC
CASE-00035,CMP-100035,1,1,MULTI_CANDIDATE,ACC-00071,ATM-074,12.953638,77.63555,2026-01-02T12:44:00.000Z,28033,TXN-0000284|TXN-0000285|TXN-0000286|TXN-0000287|TXN-0000288|TXN-0000289|TXN-0000290|TXN-0000291|TXN-0000292|TXN-0000293,0,104,20,1,1,0,10,0,0.4167,10,13182.5,1,MEDIUM,1,1,0,0,,11,5,0,,,VALIDATION,SYNTHETIC
CASE-00036,CMP-100036,1,1,RAPID,ACC-00073,ATM-069,17.323597,78.595274,2026-01-02T15:05:00.000Z,26819,TXN-0000294|TXN-0000295|TXN-0000296|TXN-0000297|TXN-0000298|TXN-0000299|TXN-0000300|TXN-0000301|TXN-0000302,1,185,18,2,0.8629,1,9,1,0.375,9,15995.78,1,LOW,1,1,0,0,,12,5,0,0,,VALIDATION,SYNTHETIC
CASE-00037,CMP-100037,0,0,NORMAL,ACC-00075,,,,,,TXN-0000303|TXN-0000304|TXN-0000305|TXN-0000306|TXN-0000307|TXN-0000308,0,,12,1,,0,6,0,0.25,6,11637.67,1,LOW,1,1,0,0,,13,5,0,,,TEST,SYNTHETIC
CASE-00038,CMP-100038,1,1,PROXIMITY,ACC-00077,ATM-027,17.424769,78.529179,2026-01-02T16:40:00.000Z,15160,TXN-0000309|TXN-0000310|TXN-0000311|TXN-0000312|TXN-0000313|TXN-0000314|TXN-0000315|TXN-0000316|TXN-0000317|TXN-0000318|TXN-0000319,1,160,22,2,0.8985,0,11,1,0.4583,10.1538,10558.36,1,LOW,1,1,0,0,,15,5,0,0,,TEST,SYNTHETIC
CASE-00039,CMP-100039,1,1,DELAYED,ACC-00079,ATM-036,16.551649,80.577517,2026-01-05T06:42:00.000Z,11023,TXN-0000320|TXN-0000321|TXN-0000322|TXN-0000323|TXN-0000324|TXN-0000325|TXN-0000326,1,3822,14,2,0.8592,0,7,1,0.2917,0.2593,13454.71,1,LOW,1,1,0,0,,18,6,0,0,,TEST,SYNTHETIC
CASE-00040,CMP-100040,1,1,MULTI_CANDIDATE,ACC-00081,ATM-013,13.03143,80.174292,2026-01-02T18:05:00.000Z,9868,TXN-0000327|TXN-0000328|TXN-0000329|TXN-0000330|TXN-0000331|TXN-0000332|TXN-0000333|TXN-0000334,0,125,16,1,1,0,8,0,0.3333,8,12067,1,MEDIUM,1,1,0,0,,16,5,0,,,TRAIN,SYNTHETIC
CASE-00041,CMP-100041,0,0,NORMAL,ACC-00083,,,,,,TXN-0000335|TXN-0000336|TXN-0000337|TXN-0000338|TXN-0000339|TXN-0000340|TXN-0000341|TXN-0000342,1,,16,2,,0,8,0,0.3333,8,12498.38,1,LOW,1,1,0,0,,17,5,0,,,TRAIN,SYNTHETIC
CASE-00042,CMP-100042,1,0,MULTI_HOP,ACC-00085,,,,,,TXN-0000343|TXN-0000344|TXN-0000345|TXN-0000346|TXN-0000347|TXN-0000348|TXN-0000349|TXN-0000350|TXN-0000351|TXN-0000352|TXN-0000353|TXN-0000354|TXN-0000355,3,,24,4,0.6822,0,13,3,0.5417,2.1547,21442.31,1,LOW,1,1,0,0,,0,6,0,259,,TRAIN,SYNTHETIC
CASE-00043,CMP-100043,0,0,NORMAL,ACC-00087,,,,,,TXN-0000356|TXN-0000357|TXN-0000358|TXN-0000359|TXN-0000360|TXN-0000361|TXN-0000362|TXN-0000363,1,,16,2,,0,8,0,0.3333,8,8264.13,1,LOW,1,1,0,0,,19,5,0,,,TRAIN,SYNTHETIC
CASE-00044,CMP-100044,0,0,NORMAL,ACC-00089,,,,,,TXN-0000364|TXN-0000365|TXN-0000366|TXN-0000367|TXN-0000368|TXN-0000369|TXN-0000370|TXN-0000371,0,,16,1,,0,8,0,0.3333,8,12048.75,1,HIGH,1,1,0,0,,20,5,0,,,TRAIN,SYNTHETIC
CASE-00045,CMP-100045,0,0,NORMAL,ACC-00091,,,,,,TXN-0000372|TXN-0000373|TXN-0000374|TXN-0000375|TXN-0000376|TXN-0000377|TXN-0000378|TXN-0000379,0,,16,1,,0,8,0,0.3333,8,9048.38,1,MEDIUM,1,1,0,0,,21,5,0,,,TRAIN,SYNTHETIC
CASE-00046,CMP-100046,0,0,NORMAL,ACC-00093,,,,,,TXN-0000380|TXN-0000381|TXN-0000382|TXN-0000383|TXN-0000384|TXN-0000385,1,,12,2,,0,6,0,0.25,6,11318.83,1,LOW,1,1,0,0,,22,5,0,,,TRAIN,SYNTHETIC
CASE-00047,CMP-100047,1,1,MULTI_HOP,ACC-00095,ATM-063,17.474796,78.422678,2026-01-03T05:29:00.000Z,12378,TXN-0000386|TXN-0000387|TXN-0000388|TXN-0000389|TXN-0000390|TXN-0000391|TXN-0000392|TXN-0000393|TXN-0000394|TXN-0000395|TXN-0000396|TXN-0000397,3,389,22,4,0.6346,0,12,3,0.5,2.3762,16398.33,1,LOW,1,1,0,0,,4,6,0,166,,TRAIN,SYNTHETIC
CASE-00048,CMP-100048,0,0,NORMAL,ACC-00097,,,,,,TXN-0000398|TXN-0000399|TXN-0000400|TXN-0000401|TXN-0000402|TXN-0000403|TXN-0000404|TXN-0000405,1,,16,2,,0,8,0,0.3333,8,9265.88,1,LOW,1,1,0,0,,0,6,0,,,TRAIN,SYNTHETIC
CASE-00049,CMP-100049,1,1,DELAYED,ACC-00099,ATM-059,18.496848,73.775606,2026-01-05T00:35:00.000Z,31965,TXN-0000406|TXN-0000407|TXN-0000408|TXN-0000409|TXN-0000410|TXN-0000411|TXN-0000412|TXN-0000413|TXN-0000414|TXN-0000415|TXN-0000416,1,2855,22,2,0.9343,0,11,1,0.4583,0.3929,15491,1,LOW,1,1,0,0,,5,0,0,0,,TRAIN,SYNTHETIC
CASE-00050,CMP-100050,1,1,MULTI_CANDIDATE,ACC-00101,ATM-058,10.978603,77.020134,2026-01-03T03:56:00.000Z,33295,TXN-0000417|TXN-0000418|TXN-0000419|TXN-0000420|TXN-0000421|TXN-0000422|TXN-0000423,1,116,14,2,0.9081,0,7,1,0.2917,4.4211,17848.29,1,MEDIUM,1,1,0,0,,3,6,0,0,,TRAIN,SYNTHETIC
CASE-00051,CMP-100051,1,1,RAPID,ACC-00103,ATM-116,12.986728,77.642202,2026-01-03T03:50:00.000Z,19352,TXN-0000424|TXN-0000425|TXN-0000426|TXN-0000427|TXN-0000428|TXN-0000429|TXN-0000430|TXN-0000431|TXN-0000432,1,50,18,2,0.8291,1,9,1,0.375,9,11620.89,1,LOW,1,1,0,0,,3,6,0,0,,TRAIN,SYNTHETIC
CASE-00052,CMP-100052,0,0,NORMAL,ACC-00105,,,,,,TXN-0000433|TXN-0000434|TXN-0000435|TXN-0000436|TXN-0000437|TXN-0000438,1,,12,2,,0,6,0,0.25,6,8134.5,1,LOW,1,1,0,0,,4,6,0,,,TRAIN,SYNTHETIC
CASE-00053,CMP-100053,1,1,PROXIMITY,ACC-00107,ATM-012,16.526511,80.544938,2026-01-03T09:04:00.000Z,29851,TXN-0000439|TXN-0000440|TXN-0000441|TXN-0000442|TXN-0000443|TXN-0000444|TXN-0000445|TXN-0000446|TXN-0000447,1,244,18,2,0.863,0,9,1,0.375,3.1395,18890.67,1,LOW,1,1,0,0,,7,6,0,0,,TRAIN,SYNTHETIC
CASE-00054,CMP-100054,1,1,DELAYED,ACC-00109,ATM-065,18.450885,73.757144,2026-01-04T11:48:00.000Z,39220,TXN-0000448|TXN-0000449|TXN-0000450|TXN-0000451|TXN-0000452|TXN-0000453|TXN-0000454|TXN-0000455|TXN-0000456|TXN-0000457,0,1788,20,1,1,0,10,0,0.4167,10,13413.6,1,LOW,1,1,0,0,,6,6,0,,,VALIDATION,SYNTHETIC
CASE-00055,CMP-100055,0,0,NORMAL,ACC-00111,,,,,,TXN-0000458|TXN-0000459|TXN-0000460|TXN-0000461|TXN-0000462|TXN-0000463|TXN-0000464|TXN-0000465|TXN-0000466|TXN-0000467,0,,20,1,,0,10,0,0.4167,10,12068.3,1,HIGH,1,1,0,0,,7,6,0,,,VALIDATION,SYNTHETIC
CASE-00056,CMP-100056,0,0,NORMAL,ACC-00113,,,,,,TXN-0000468|TXN-0000469|TXN-0000470|TXN-0000471|TXN-0000472|TXN-0000473|TXN-0000474|TXN-0000475,0,,16,1,,0,8,0,0.3333,8,5633.5,1,LOW,1,1,0,0,,8,6,0,,,VALIDATION,SYNTHETIC
CASE-00057,CMP-100057,1,1,MULTI_HOP,ACC-00115,ATM-093,17.45267,78.42255,2026-01-03T10:33:00.000Z,35007,TXN-0000476|TXN-0000477|TXN-0000478|TXN-0000479|TXN-0000480|TXN-0000481|TXN-0000482|TXN-0000483|TXN-0000484|TXN-0000485|TXN-0000486,2,93,21,3,0.7003,0,11,2,0.4583,9.2958,22945.09,1,LOW,1,1,0,0,,10,6,0,39,,TEST,SYNTHETIC
CASE-00058,CMP-100058,1,1,PROXIMITY,ACC-00117,ATM-047,18.475504,73.768893,2026-01-03T14:44:00.000Z,48099,TXN-0000487|TXN-0000488|TXN-0000489|TXN-0000490|TXN-0000491|TXN-0000492|TXN-0000493|TXN-0000494|TXN-0000495|TXN-0000496,1,284,20,2,0.8343,0,10,1,0.4167,3.75,17198.4,1,LOW,1,1,0,0,,12,6,0,0,,TEST,SYNTHETIC
CASE-00059,CMP-100059,1,1,DELAYED,ACC-00119,ATM-089,18.444311,73.937579,2026-01-05T16:53:00.000Z,15448,TXN-0000497|TXN-0000498|TXN-0000499|TXN-0000500|TXN-0000501|TXN-0000502|TXN-0000503|TXN-0000504|TXN-0000505,1,3233,18,2,0.9374,0,9,1,0.375,1.125,13452.67,1,LOW,1,1,0,0,,19,6,0,0,,TEST,SYNTHETIC
CASE-00060,CMP-100060,1,1,MULTI_CANDIDATE,ACC-00121,ATM-109,12.977093,80.179511,2026-01-03T12:55:00.000Z,18644,TXN-0000506|TXN-0000507|TXN-0000508|TXN-0000509|TXN-0000510|TXN-0000511|TXN-0000512,0,55,14,1,1,0,7,0,0.2917,7,11989.14,1,MEDIUM,1,1,0,0,,12,6,0,,,TRAIN,SYNTHETIC
CASE-00061,CMP-100061,0,0,NORMAL,ACC-00123,,,,,,TXN-0000513|TXN-0000514|TXN-0000515|TXN-0000516|TXN-0000517|TXN-0000518|TXN-0000519|TXN-0000520,1,,16,2,,0,8,0,0.3333,8,10732.63,1,LOW,1,1,0,0,,13,6,0,,,TRAIN,SYNTHETIC
CASE-00062,CMP-100062,0,0,NORMAL,ACC-00125,,,,,,TXN-0000521|TXN-0000522|TXN-0000523|TXN-0000524|TXN-0000525|TXN-0000526|TXN-0000527|TXN-0000528|TXN-0000529|TXN-0000530,0,,20,1,,0,10,0,0.4167,10,11313.3,1,LOW,1,1,0,0,,14,6,0,,,TRAIN,SYNTHETIC
CASE-00063,CMP-100063,1,0,PROXIMITY,ACC-00127,,,,,,TXN-0000531|TXN-0000532|TXN-0000533|TXN-0000534|TXN-0000535|TXN-0000536|TXN-0000537|TXN-0000538|TXN-0000539|TXN-0000540|TXN-0000541,1,,22,2,0.8777,0,11,1,0.4583,6.1682,16544,1,LOW,1,1,0,0,,16,6,0,0,,TRAIN,SYNTHETIC
CASE-00064,CMP-100064,1,1,DELAYED,ACC-00129,ATM-066,16.551421,80.693841,2026-01-04T13:55:00.000Z,61621,TXN-0000542|TXN-0000543|TXN-0000544|TXN-0000545|TXN-0000546|TXN-0000547|TXN-0000548|TXN-0000549,0,1315,16,1,1,0,8,0,0.3333,8,9482.63,1,LOW,1,1,0,0,,16,6,0,,,TRAIN,SYNTHETIC
CASE-00065,CMP-100065,0,0,NORMAL,ACC-00131,,,,,,TXN-0000550|TXN-0000551|TXN-0000552|TXN-0000553|TXN-0000554|TXN-0000555,0,,12,1,,0,6,0,0.25,6,14756.67,1,MEDIUM,1,1,0,0,,17,6,0,,,TRAIN,SYNTHETIC
CASE-00066,CMP-100066,1,1,RAPID,ACC-00133,ATM-111,17.485307,78.570182,2026-01-03T19:28:00.000Z,63473,TXN-0000556|TXN-0000557|TXN-0000558|TXN-0000559|TXN-0000560|TXN-0000561|TXN-0000562,1,88,14,2,0.938,1,7,1,0.2917,7,26809.14,1,HIGH,1,1,0,0,,18,6,0,0,,TRAIN,SYNTHETIC
CASE-00067,CMP-100067,0,0,NORMAL,ACC-00135,,,,,,TXN-0000563|TXN-0000564|TXN-0000565|TXN-0000566|TXN-0000567|TXN-0000568,0,,12,1,,0,6,0,0.25,6,9561.33,1,LOW,1,1,0,0,,19,6,0,,,TRAIN,SYNTHETIC
CASE-00068,CMP-100068,0,0,NORMAL,ACC-00137,,,,,,TXN-0000569|TXN-0000570|TXN-0000571|TXN-0000572|TXN-0000573|TXN-0000574,0,,12,1,,0,6,0,0.25,6,10638,1,LOW,1,1,0,0,,20,6,0,,,TRAIN,SYNTHETIC
CASE-00069,CMP-100069,0,0,NORMAL,ACC-00139,,,,,,TXN-0000575|TXN-0000576|TXN-0000577|TXN-0000578|TXN-0000579|TXN-0000580,0,,12,1,,0,6,0,0.25,6,8057,1,LOW,1,1,0,0,,21,6,0,,,TRAIN,SYNTHETIC
CASE-00070,CMP-100070,1,0,MULTI_CANDIDATE,ACC-00141,,,,,,TXN-0000581|TXN-0000582|TXN-0000583|TXN-0000584|TXN-0000585|TXN-0000586,0,,12,1,1,0,6,0,0.25,6,11564.83,1,MEDIUM,1,1,0,0,,22,6,0,,,TRAIN,SYNTHETIC
CASE-00071,CMP-100071,0,0,NORMAL,ACC-00143,,,,,,TXN-0000587|TXN-0000588|TXN-0000589|TXN-0000590|TXN-0000591|TXN-0000592|TXN-0000593|TXN-0000594|TXN-0000595,1,,18,2,,0,9,0,0.375,9,9244,1,LOW,1,1,0,0,,23,6,0,,,TRAIN,SYNTHETIC
CASE-00072,CMP-100072,1,1,MULTI_HOP,ACC-00145,ATM-040,11.002278,76.97306,2026-01-04T05:14:00.000Z,31009,TXN-0000596|TXN-0000597|TXN-0000598|TXN-0000599|TXN-0000600|TXN-0000601|TXN-0000602|TXN-0000603,2,314,15,3,0.8214,0,8,2,0.3333,2.0084,26615,1,LOW,1,1,0,0,,3,0,0,146,,TRAIN,SYNTHETIC
CASE-00073,CMP-100073,1,1,PROXIMITY,ACC-00147,ATM-032,12.940898,77.590579,2026-01-04T04:19:00.000Z,20460,TXN-0000604|TXN-0000605|TXN-0000606|TXN-0000607|TXN-0000608|TXN-0000609|TXN-0000610|TXN-0000611,1,199,16,2,0.9063,0,8,1,0.3333,5.1613,16432.13,1,LOW,1,1,0,0,,2,0,0,0,,TRAIN,SYNTHETIC
CASE-00074,CMP-100074,0,0,NORMAL,ACC-00149,,,,,,TXN-0000612|TXN-0000613|TXN-0000614|TXN-0000615|TXN-0000616|TXN-0000617|TXN-0000618|TXN-0000619,0,,16,1,,0,8,0,0.3333,8,10881.5,1,LOW,1,1,0,0,,2,0,0,,,VALIDATION,SYNTHETIC
CASE-00075,CMP-100075,0,0,NORMAL,ACC-00151,,,,,,TXN-0000620|TXN-0000621|TXN-0000622|TXN-0000623|TXN-0000624|TXN-0000625|TXN-0000626,0,,14,1,,0,7,0,0.2917,7,11865.71,1,MEDIUM,1,1,0,0,,3,0,0,,,VALIDATION,SYNTHETIC
CASE-00076,CMP-100076,0,0,NORMAL,ACC-00153,,,,,,TXN-0000627|TXN-0000628|TXN-0000629|TXN-0000630|TXN-0000631|TXN-0000632|TXN-0000633|TXN-0000634,1,,16,2,,0,8,0,0.3333,8,13384,1,LOW,1,1,0,0,,4,0,0,,,VALIDATION,SYNTHETIC
CASE-00077,CMP-100077,0,0,NORMAL,ACC-00155,,,,,,TXN-0000635|TXN-0000636|TXN-0000637|TXN-0000638|TXN-0000639|TXN-0000640|TXN-0000641,0,,14,1,,0,7,0,0.2917,7,11329.14,1,HIGH,1,1,0,0,,5,0,0,,,TEST,SYNTHETIC
CASE-00078,CMP-100078,1,1,PROXIMITY,ACC-00157,ATM-067,13.036828,80.221307,2026-01-04T07:57:00.000Z,21778,TXN-0000642|TXN-0000643|TXN-0000644|TXN-0000645|TXN-0000646|TXN-0000647|TXN-0000648|TXN-0000649,1,117,16,2,0.859,0,8,1,0.3333,8,15278.5,1,LOW,1,1,0,0,,6,0,0,0,,TEST,SYNTHETIC
CASE-00079,CMP-100079,1,1,DELAYED,ACC-00159,ATM-017,18.517703,73.924685,2026-01-05T13:28:00.000Z,33460,TXN-0000650|TXN-0000651|TXN-0000652|TXN-0000653|TXN-0000654|TXN-0000655|TXN-0000656|TXN-0000657,0,1828,16,1,1,0,8,0,0.3333,8,8834.63,1,LOW,1,1,0,0,,7,0,0,,,TEST,SYNTHETIC
CASE-00080,CMP-100080,0,0,NORMAL,ACC-00161,,,,,,TXN-0000658|TXN-0000659|TXN-0000660|TXN-0000661|TXN-0000662|TXN-0000663|TXN-0000664,0,,14,1,,0,7,0,0.2917,7,12134.14,1,MEDIUM,1,1,0,0,,8,0,0,,,TRAIN,SYNTHETIC
CASE-00081,CMP-100081,1,1,RAPID,ACC-00163,ATM-065,18.450885,73.757144,2026-01-04T10:22:00.000Z,13820,TXN-0000665|TXN-0000666|TXN-0000667|TXN-0000668|TXN-0000669|TXN-0000670|TXN-0000671,1,82,14,2,0.8538,1,7,1,0.2917,7,11626.43,1,LOW,1,1,0,0,,9,0,0,0,,TRAIN,SYNTHETIC
CASE-00082,CMP-100082,0,0,NORMAL,ACC-00165,,,,,,TXN-0000672|TXN-0000673|TXN-0000674|TXN-0000675|TXN-0000676|TXN-0000677|TXN-0000678|TXN-0000679,0,,16,1,,0,8,0,0.3333,8,11030,1,LOW,1,1,0,0,,10,0,0,,,TRAIN,SYNTHETIC
CASE-00083,CMP-100083,1,1,PROXIMITY,ACC-00167,ATM-102,16.580335,80.725652,2026-01-04T14:57:00.000Z,26037,TXN-0000680|TXN-0000681|TXN-0000682|TXN-0000683|TXN-0000684|TXN-0000685|TXN-0000686|TXN-0000687|TXN-0000688|TXN-0000689,1,237,20,2,0.848,0,10,1,0.4167,6,15950.1,1,LOW,1,1,0,0,,12,0,0,0,,TRAIN,SYNTHETIC
CASE-00084,CMP-100084,0,0,NORMAL,ACC-00169,,,,,,TXN-0000690|TXN-0000691|TXN-0000692|TXN-0000693|TXN-0000694|TXN-0000695|TXN-0000696,0,,14,1,,0,7,0,0.2917,7,9637.29,1,LOW,1,1,0,0,,12,0,0,,,TRAIN,SYNTHETIC
CASE-00085,CMP-100085,0,0,NORMAL,ACC-00171,,,,,,TXN-0000697|TXN-0000698|TXN-0000699|TXN-0000700|TXN-0000701|TXN-0000702|TXN-0000703|TXN-0000704|TXN-0000705|TXN-0000706,1,,20,2,,0,10,0,0.4167,10,11485.6,1,MEDIUM,1,1,0,0,,13,0,0,,,TRAIN,SYNTHETIC
CASE-00086,CMP-100086,0,0,NORMAL,ACC-00173,,,,,,TXN-0000707|TXN-0000708|TXN-0000709|TXN-0000710|TXN-0000711|TXN-0000712|TXN-0000713|TXN-0000714|TXN-0000715|TXN-0000716,0,,20,1,,0,10,0,0.4167,10,10213.8,1,LOW,1,1,0,0,,14,0,0,,,TRAIN,SYNTHETIC
CASE-00087,CMP-100087,0,0,NORMAL,ACC-00175,,,,,,TXN-0000717|TXN-0000718|TXN-0000719|TXN-0000720|TXN-0000721|TXN-0000722|TXN-0000723,0,,14,1,,0,7,0,0.2917,7,12640,1,LOW,1,1,0,0,,15,0,0,,,TRAIN,SYNTHETIC
CASE-00088,CMP-100088,0,0,NORMAL,ACC-00177,,,,,,TXN-0000724|TXN-0000725|TXN-0000726|TXN-0000727|TXN-0000728|TXN-0000729|TXN-0000730,0,,14,1,,0,7,0,0.2917,7,9920.86,1,HIGH,1,1,0,0,,16,0,0,,,TRAIN,SYNTHETIC
CASE-00089,CMP-100089,1,1,DELAYED,ACC-00179,ATM-034,10.923868,77.004112,2026-01-05T06:14:00.000Z,17061,TXN-0000731|TXN-0000732|TXN-0000733|TXN-0000734|TXN-0000735|TXN-0000736|TXN-0000737,0,794,14,1,1,0,7,0,0.2917,7,10246.29,1,LOW,1,1,0,0,,17,0,0,,,TRAIN,SYNTHETIC
CASE-00090,CMP-100090,1,1,MULTI_CANDIDATE,ACC-00181,ATM-060,16.586214,80.619336,2026-01-04T20:12:00.000Z,54396,TXN-0000738|TXN-0000739|TXN-0000740|TXN-0000741|TXN-0000742|TXN-0000743,0,132,12,1,1,0,6,0,0.25,6,8834.17,1,MEDIUM,1,1,0,0,,18,0,0,,,TRAIN,SYNTHETIC
CASE-00091,CMP-100091,0,0,NORMAL,ACC-00183,,,,,,TXN-0000744|TXN-0000745|TXN-0000746|TXN-0000747|TXN-0000748|TXN-0000749|TXN-0000750|TXN-0000751|TXN-0000752,0,,18,1,,0,9,0,0.375,9,7329.78,1,LOW,1,1,0,0,,19,0,0,,,TRAIN,SYNTHETIC
CASE-00092,CMP-100092,0,0,NORMAL,ACC-00185,,,,,,TXN-0000753|TXN-0000754|TXN-0000755|TXN-0000756|TXN-0000757|TXN-0000758|TXN-0000759|TXN-0000760|TXN-0000761,1,,18,2,,0,9,0,0.375,9,11597.78,1,LOW,1,1,0,0,,20,0,0,,,TRAIN,SYNTHETIC
CASE-00093,CMP-100093,0,0,NORMAL,ACC-00187,,,,,,TXN-0000762|TXN-0000763|TXN-0000764|TXN-0000765|TXN-0000766|TXN-0000767|TXN-0000768|TXN-0000769|TXN-0000770,1,,18,2,,0,9,0,0.375,9,13396.11,1,LOW,1,1,0,0,,21,0,0,,,TRAIN,SYNTHETIC
CASE-00094,CMP-100094,1,1,DELAYED,ACC-00189,ATM-049,13.145607,80.359751,2026-01-06T15:45:00.000Z,5833,TXN-0000771|TXN-0000772|TXN-0000773|TXN-0000774|TXN-0000775|TXN-0000776|TXN-0000777|TXN-0000778|TXN-0000779,1,2505,18,2,0.8302,0,9,1,0.375,0.9,9768.22,1,LOW,1,1,0,0,,8,1,0,0,,VALIDATION,SYNTHETIC
CASE-00095,CMP-100095,1,1,MULTI_CANDIDATE,ACC-00191,ATM-115,13.036717,80.257717,2026-01-05T01:08:00.000Z,45642,TXN-0000780|TXN-0000781|TXN-0000782|TXN-0000783|TXN-0000784|TXN-0000785|TXN-0000786|TXN-0000787|TXN-0000788|TXN-0000789,1,128,20,2,0.8592,0,10,1,0.4167,10,17384,1,MEDIUM,1,1,0,0,,23,0,0,0,,VALIDATION,SYNTHETIC
CASE-00096,CMP-100096,0,0,NORMAL,ACC-00193,,,,,,TXN-0000790|TXN-0000791|TXN-0000792|TXN-0000793|TXN-0000794|TXN-0000795|TXN-0000796|TXN-0000797|TXN-0000798|TXN-0000799,1,,20,2,,0,10,0,0.4167,10,9141.4,1,LOW,1,1,0,0,,0,1,0,,,VALIDATION,SYNTHETIC
CASE-00097,CMP-100097,0,0,NORMAL,ACC-00195,,,,,,TXN-0000800|TXN-0000801|TXN-0000802|TXN-0000803|TXN-0000804|TXN-0000805,0,,12,1,,0,6,0,0.25,6,9088.5,1,LOW,1,1,0,0,,1,1,0,,,TEST,SYNTHETIC
CASE-00098,CMP-100098,1,1,PROXIMITY,ACC-00197,ATM-087,17.431651,78.577478,2026-01-05T05:38:00.000Z,25558,TXN-0000806|TXN-0000807|TXN-0000808|TXN-0000809|TXN-0000810|TXN-0000811|TXN-0000812|TXN-0000813|TXN-0000814|TXN-0000815|TXN-0000816,1,218,22,2,0.857,0,11,1,0.4583,7.2527,17506.36,1,LOW,1,1,0,0,,3,1,0,0,,TEST,SYNTHETIC
CASE-00099,CMP-100099,1,1,DELAYED,ACC-00199,ATM-096,16.585286,80.723502,2026-01-06T09:40:00.000Z,25654,TXN-0000817|TXN-0000818|TXN-0000819|TXN-0000820|TXN-0000821|TXN-0000822|TXN-0000823|TXN-0000824|TXN-0000825|TXN-0000826,1,1840,20,2,0.8636,0,10,1,0.4167,0.7692,17574.9,1,HIGH,1,1,0,0,,16,1,0,0,,TEST,SYNTHETIC
CASE-00100,CMP-100100,1,1,MULTI_CANDIDATE,ACC-00201,ATM-050,12.882201,77.589186,2026-01-05T04:53:00.000Z,9452,TXN-0000827|TXN-0000828|TXN-0000829|TXN-0000830|TXN-0000831|TXN-0000832|TXN-0000833|TXN-0000834,0,53,16,1,1,0,8,0,0.3333,8,12005.5,1,MEDIUM,1,1,0,0,,4,1,0,,,TRAIN,SYNTHETIC
CASE-00101,CMP-100101,0,0,NORMAL,ACC-00203,,,,,,TXN-0000835|TXN-0000836|TXN-0000837|TXN-0000838|TXN-0000839|TXN-0000840|TXN-0000841|TXN-0000842|TXN-0000843,1,,18,2,,0,9,0,0.375,9,12672,1,LOW,1,1,0,0,,5,1,0,,,TRAIN,SYNTHETIC
CASE-00102,CMP-100102,1,1,MULTI_HOP,ACC-00205,ATM-106,11.113057,76.983507,2026-01-05T11:28:00.000Z,15843,TXN-0000844|TXN-0000845|TXN-0000846|TXN-0000847|TXN-0000848|TXN-0000849|TXN-0000850|TXN-0000851|TXN-0000852|TXN-0000853|TXN-0000854,2,328,21,3,0.7638,0,11,2,0.4583,3.2512,15685.18,1,LOW,1,1,0,0,,9,1,0,143,,TRAIN,SYNTHETIC
CASE-00103,CMP-100103,0,0,NORMAL,ACC-00207,,,,,,TXN-0000855|TXN-0000856|TXN-0000857|TXN-0000858|TXN-0000859|TXN-0000860|TXN-0000861|TXN-0000862,1,,16,2,,0,8,0,0.3333,8,8616.5,1,LOW,1,1,0,0,,7,1,0,,,TRAIN,SYNTHETIC
CASE-00104,CMP-100104,0,0,NORMAL,ACC-00209,,,,,,TXN-0000863|TXN-0000864|TXN-0000865|TXN-0000866|TXN-0000867|TXN-0000868|TXN-0000869|TXN-0000870|TXN-0000871,1,,18,2,,0,9,0,0.375,9,10415,1,LOW,1,1,0,0,,8,1,0,,,TRAIN,SYNTHETIC
CASE-00105,CMP-100105,0,0,NORMAL,ACC-00211,,,,,,TXN-0000872|TXN-0000873|TXN-0000874|TXN-0000875|TXN-0000876|TXN-0000877|TXN-0000878|TXN-0000879|TXN-0000880,1,,18,2,,0,9,0,0.375,9,10716.56,1,MEDIUM,1,1,0,0,,9,1,0,,,TRAIN,SYNTHETIC
CASE-00106,CMP-100106,1,1,RAPID,ACC-00213,ATM-096,16.585286,80.723502,2026-01-05T11:57:00.000Z,8192,TXN-0000881|TXN-0000882|TXN-0000883|TXN-0000884|TXN-0000885|TXN-0000886|TXN-0000887|TXN-0000888|TXN-0000889|TXN-0000890,1,117,20,2,0.8286,1,10,1,0.4167,10,13502.7,1,LOW,1,1,0,0,,10,1,0,0,,TRAIN,SYNTHETIC
CASE-00107,CMP-100107,1,1,MULTI_HOP,ACC-00215,ATM-033,17.409623,78.574603,2026-01-05T14:15:00.000Z,42731,TXN-0000891|TXN-0000892|TXN-0000893|TXN-0000894|TXN-0000895|TXN-0000896|TXN-0000897|TXN-0000898|TXN-0000899|TXN-0000900|TXN-0000901,2,195,21,3,0.7836,0,11,2,0.4583,5.0769,23949.64,1,LOW,1,1,0,0,,13,1,0,97,,TRAIN,SYNTHETIC
CASE-00108,CMP-100108,1,1,PROXIMITY,ACC-00217,ATM-037,13.08717,80.341516,2026-01-05T13:02:00.000Z,22900,TXN-0000902|TXN-0000903|TXN-0000904|TXN-0000905|TXN-0000906|TXN-0000907|TXN-0000908|TXN-0000909|TXN-0000910,1,62,18,2,0.8483,0,9,1,0.375,9,13520.22,1,LOW,1,1,0,0,,12,1,0,0,,TRAIN,SYNTHETIC
CASE-00109,CMP-100109,1,1,DELAYED,ACC-00219,ATM-038,12.88813,77.70364,2026-01-08T07:24:00.000Z,22844,TXN-0000911|TXN-0000912|TXN-0000913|TXN-0000914|TXN-0000915|TXN-0000916|TXN-0000917|TXN-0000918|TXN-0000919|TXN-0000920|TXN-0000921,1,3984,22,2,0.9124,0,11,1,0.4583,0.3667,14194.18,1,LOW,1,1,0,0,,19,2,0,0,,TRAIN,SYNTHETIC
CASE-00110,CMP-100110,0,0,NORMAL,ACC-00221,,,,,,TXN-0000922|TXN-0000923|TXN-0000924|TXN-0000925|TXN-0000926|TXN-0000927|TXN-0000928|TXN-0000929|TXN-0000930,1,,18,2,,0,9,0,0.375,9,12394.33,1,HIGH,1,1,0,0,,14,1,0,,,TRAIN,SYNTHETIC
CASE-00111,CMP-100111,1,1,RAPID,ACC-00223,ATM-072,16.519612,80.602351,2026-01-05T17:32:00.000Z,44252,TXN-0000931|TXN-0000932|TXN-0000933|TXN-0000934|TXN-0000935|TXN-0000936|TXN-0000937|TXN-0000938|TXN-0000939|TXN-0000940,1,152,20,2,0.9355,1,10,1,0.4167,10,18058.1,1,LOW,1,1,0,0,,15,1,0,0,,TRAIN,SYNTHETIC
CASE-00112,CMP-100112,0,0,NORMAL,ACC-00225,,,,,,TXN-0000941|TXN-0000942|TXN-0000943|TXN-0000944|TXN-0000945|TXN-0000946,1,,12,2,,0,6,0,0.25,6,8188.33,1,LOW,1,1,0,0,,16,1,0,,,TRAIN,SYNTHETIC
CASE-00113,CMP-100113,0,0,NORMAL,ACC-00227,,,,,,TXN-0000947|TXN-0000948|TXN-0000949|TXN-0000950|TXN-0000951|TXN-0000952|TXN-0000953|TXN-0000954,0,,16,1,,0,8,0,0.3333,8,9730.63,1,LOW,1,1,0,0,,17,1,0,,,TRAIN,SYNTHETIC
CASE-00114,CMP-100114,1,0,DELAYED,ACC-00229,,,,,,TXN-0000955|TXN-0000956|TXN-0000957|TXN-0000958|TXN-0000959|TXN-0000960|TXN-0000961|TXN-0000962|TXN-0000963|TXN-0000964|TXN-0000965,1,,22,2,0.851,0,11,1,0.4583,0.5238,15099.27,1,LOW,1,1,0,0,,15,2,0,0,,VALIDATION,SYNTHETIC
CASE-00115,CMP-100115,0,0,NORMAL,ACC-00231,,,,,,TXN-0000966|TXN-0000967|TXN-0000968|TXN-0000969|TXN-0000970|TXN-0000971|TXN-0000972,0,,14,1,,0,7,0,0.2917,7,11771.14,1,MEDIUM,1,1,0,0,,19,1,0,,,VALIDATION,SYNTHETIC
CASE-00116,CMP-100116,0,0,NORMAL,ACC-00233,,,,,,TXN-0000973|TXN-0000974|TXN-0000975|TXN-0000976|TXN-0000977|TXN-0000978|TXN-0000979|TXN-0000980|TXN-0000981,0,,18,1,,0,9,0,0.375,9,9542.11,1,LOW,1,1,0,0,,20,1,0,,,VALIDATION,SYNTHETIC
CASE-00117,CMP-100117,0,0,NORMAL,ACC-00235,,,,,,TXN-0000982|TXN-0000983|TXN-0000984|TXN-0000985|TXN-0000986|TXN-0000987|TXN-0000988,0,,14,1,,0,7,0,0.2917,7,13334.86,1,LOW,1,1,0,0,,21,1,0,,,TEST,SYNTHETIC
CASE-00118,CMP-100118,1,1,PROXIMITY,ACC-00237,ATM-107,18.482853,73.932527,2026-01-05T23:53:00.000Z,7251,TXN-0000989|TXN-0000990|TXN-0000991|TXN-0000992|TXN-0000993|TXN-0000994|TXN-0000995|TXN-0000996|TXN-0000997|TXN-0000998,1,113,20,2,0.8777,0,10,1,0.4167,9.5238,9587.7,1,LOW,1,1,0,0,,23,1,0,0,,TEST,SYNTHETIC
CASE-00119,CMP-100119,1,1,DELAYED,ACC-00239,ATM-051,17.455829,78.405295,2026-01-07T19:56:00.000Z,49015,TXN-0000999|TXN-0001000|TXN-0001001|TXN-0001002|TXN-0001003|TXN-0001004|TXN-0001005|TXN-0001006,0,2696,16,1,1,0,8,0,0.3333,8,8956,1,LOW,1,1,0,0,,23,1,0,,,TEST,SYNTHETIC
CASE-00120,CMP-100120,1,1,MULTI_CANDIDATE,ACC-00241,ATM-052,11.120804,76.885047,2026-01-06T01:27:00.000Z,49012,TXN-0001007|TXN-0001008|TXN-0001009|TXN-0001010|TXN-0001011|TXN-0001012|TXN-0001013|TXN-0001014|TXN-0001015,0,87,18,1,1,0,9,0,0.375,9,6822,1,MEDIUM,1,1,0,0,,0,2,0,,,TRAIN,SYNTHETIC
CASE-00121,CMP-100121,0,0,NORMAL,ACC-00243,,,,,,TXN-0001016|TXN-0001017|TXN-0001018|TXN-0001019|TXN-0001020|TXN-0001021|TXN-0001022|TXN-0001023,0,,16,1,,0,8,0,0.3333,8,14684.13,1,HIGH,1,1,0,0,,1,2,0,,,TRAIN,SYNTHETIC
CASE-00122,CMP-100122,1,1,MULTI_HOP,ACC-00245,ATM-094,10.992522,76.965846,2026-01-06T08:20:00.000Z,32758,TXN-0001024|TXN-0001025|TXN-0001026|TXN-0001027|TXN-0001028|TXN-0001029|TXN-0001030|TXN-0001031|TXN-0001032,2,380,17,3,0.7359,0,9,2,0.375,2.16,25859.44,1,LOW,1,1,0,0,,6,2,0,130,,TRAIN,SYNTHETIC
CASE-00123,CMP-100123,0,0,NORMAL,ACC-00247,,,,,,TXN-0001033|TXN-0001034|TXN-0001035|TXN-0001036|TXN-0001037|TXN-0001038|TXN-0001039|TXN-0001040|TXN-0001041,1,,18,2,,0,9,0,0.375,9,13248.56,1,LOW,1,1,0,0,,3,2,0,,,TRAIN,SYNTHETIC
CASE-00124,CMP-100124,0,0,NORMAL,ACC-00249,,,,,,TXN-0001042|TXN-0001043|TXN-0001044|TXN-0001045|TXN-0001046|TXN-0001047|TXN-0001048,1,,14,2,,0,7,0,0.2917,7,12837.43,1,LOW,1,1,0,0,,4,2,0,,,TRAIN,SYNTHETIC
CASE-00125,CMP-100125,1,0,MULTI_CANDIDATE,ACC-00251,,,,,,TXN-0001049|TXN-0001050|TXN-0001051|TXN-0001052|TXN-0001053|TXN-0001054,0,,12,1,1,0,6,0,0.25,6,10219.83,1,MEDIUM,1,1,0,0,,5,2,0,,,TRAIN,SYNTHETIC
CASE-00126,CMP-100126,1,1,RAPID,ACC-00253,ATM-029,18.618022,73.84155,2026-01-06T07:46:00.000Z,18531,TXN-0001055|TXN-0001056|TXN-0001057|TXN-0001058|TXN-0001059|TXN-0001060|TXN-0001061|TXN-0001062|TXN-0001063,1,106,18,2,0.909,1,9,1,0.375,9,13020.78,1,LOW,1,1,0,0,,6,2,0,0,,TRAIN,SYNTHETIC
CASE-00127,CMP-100127,0,0,NORMAL,ACC-00255,,,,,,TXN-0001064|TXN-0001065|TXN-0001066|TXN-0001067|TXN-0001068|TXN-0001069,0,,12,1,,0,6,0,0.25,6,14849.17,1,LOW,1,1,0,0,,7,2,0,,,TRAIN,SYNTHETIC
CASE-00128,CMP-100128,0,0,NORMAL,ACC-00257,,,,,,TXN-0001070|TXN-0001071|TXN-0001072|TXN-0001073|TXN-0001074|TXN-0001075|TXN-0001076|TXN-0001077|TXN-0001078|TXN-0001079,1,,20,2,,0,10,0,0.4167,10,9867,1,LOW,1,1,0,0,,8,2,0,,,TRAIN,SYNTHETIC
CASE-00129,CMP-100129,1,1,DELAYED,ACC-00259,ATM-095,18.626988,73.85494,2026-01-08T16:37:00.000Z,33756,TXN-0001080|TXN-0001081|TXN-0001082|TXN-0001083|TXN-0001084|TXN-0001085|TXN-0001086|TXN-0001087|TXN-0001088|TXN-0001089|TXN-0001090,1,3337,22,2,0.8352,0,11,1,0.4583,0.5,14742.36,1,LOW,1,1,0,0,,7,3,0,0,,TRAIN,SYNTHETIC
CASE-00130,CMP-100130,1,1,MULTI_CANDIDATE,ACC-00261,ATM-069,17.323597,78.595274,2026-01-06T11:20:00.000Z,6129,TXN-0001091|TXN-0001092|TXN-0001093|TXN-0001094|TXN-0001095|TXN-0001096|TXN-0001097|TXN-0001098|TXN-0001099,0,80,18,1,1,0,9,0,0.375,9,13143.67,1,MEDIUM,1,1,0,0,,10,2,0,,,TRAIN,SYNTHETIC
CASE-00131,CMP-100131,0,0,NORMAL,ACC-00263,,,,,,TXN-0001100|TXN-0001101|TXN-0001102|TXN-0001103|TXN-0001104|TXN-0001105|TXN-0001106|TXN-0001107|TXN-0001108|TXN-0001109,0,,20,1,,0,10,0,0.4167,10,13585.7,1,LOW,1,1,0,0,,11,2,0,,,TRAIN,SYNTHETIC
CASE-00132,CMP-100132,1,1,MULTI_HOP,ACC-00265,ATM-039,17.398816,78.578246,2026-01-06T16:19:00.000Z,15769,TXN-0001110|TXN-0001111|TXN-0001112|TXN-0001113|TXN-0001114|TXN-0001115|TXN-0001116|TXN-0001117|TXN-0001118|TXN-0001119,2,259,19,3,0.753,0,10,2,0.4167,3.4286,16718.4,1,HIGH,1,1,0,0,,14,2,0,89,,TRAIN,SYNTHETIC
CASE-00133,CMP-100133,0,0,NORMAL,ACC-00267,,,,,,TXN-0001120|TXN-0001121|TXN-0001122|TXN-0001123|TXN-0001124|TXN-0001125|TXN-0001126,1,,14,2,,0,7,0,0.2917,7,9556.86,1,LOW,1,1,0,0,,13,2,0,,,TRAIN,SYNTHETIC
CASE-00134,CMP-100134,1,1,DELAYED,ACC-00269,ATM-089,18.444311,73.937579,2026-01-08T01:38:00.000Z,52172,TXN-0001127|TXN-0001128|TXN-0001129|TXN-0001130|TXN-0001131|TXN-0001132,0,2138,12,1,1,0,6,0,0.25,6,11721.33,1,LOW,1,1,0,0,,14,2,0,,,VALIDATION,SYNTHETIC
CASE-00135,CMP-100135,1,1,MULTI_CANDIDATE,ACC-00271,ATM-046,11.001816,76.965747,2026-01-06T16:55:00.000Z,14973,TXN-0001133|TXN-0001134|TXN-0001135|TXN-0001136|TXN-0001137|TXN-0001138,0,115,12,1,1,0,6,0,0.25,6,13143,1,MEDIUM,1,1,0,0,,15,2,0,,,VALIDATION,SYNTHETIC
CASE-00136,CMP-100136,1,1,RAPID,ACC-00273,ATM-114,16.42681,80.548489,2026-01-06T18:10:00.000Z,52443,TXN-0001139|TXN-0001140|TXN-0001141|TXN-0001142|TXN-0001143|TXN-0001144|TXN-0001145|TXN-0001146|TXN-0001147|TXN-0001148,1,130,20,2,0.8453,1,10,1,0.4167,10,18416.3,1,LOW,1,1,0,0,,16,2,0,0,,VALIDATION,SYNTHETIC
CASE-00137,CMP-100137,0,0,NORMAL,ACC-00275,,,,,,TXN-0001149|TXN-0001150|TXN-0001151|TXN-0001152|TXN-0001153|TXN-0001154,0,,12,1,,0,6,0,0.25,6,8202,1,LOW,1,1,0,0,,17,2,0,,,TEST,SYNTHETIC
CASE-00138,CMP-100138,1,1,PROXIMITY,ACC-00277,ATM-007,13.136762,80.22824,2026-01-06T20:29:00.000Z,44873,TXN-0001155|TXN-0001156|TXN-0001157|TXN-0001158|TXN-0001159|TXN-0001160|TXN-0001161|TXN-0001162|TXN-0001163,1,149,18,2,0.8958,0,9,1,0.375,5.6842,21801.89,1,LOW,1,1,0,0,,19,2,0,0,,TEST,SYNTHETIC
CASE-00139,CMP-100139,0,0,NORMAL,ACC-00279,,,,,,TXN-0001164|TXN-0001165|TXN-0001166|TXN-0001167|TXN-0001168|TXN-0001169,0,,12,1,,0,6,0,0.25,6,7841,1,LOW,1,1,0,0,,19,2,0,,,TEST,SYNTHETIC
CASE-00140,CMP-100140,1,1,MULTI_CANDIDATE,ACC-00281,ATM-042,16.467251,80.698471,2026-01-06T20:58:00.000Z,40392,TXN-0001170|TXN-0001171|TXN-0001172|TXN-0001173|TXN-0001174|TXN-0001175|TXN-0001176|TXN-0001177|TXN-0001178|TXN-0001179,0,58,20,1,1,0,10,0,0.4167,10,7687.2,1,MEDIUM,1,1,0,0,,20,2,0,,,TRAIN,SYNTHETIC
CASE-00141,CMP-100141,1,1,RAPID,ACC-00283,ATM-006,16.451183,80.732053,2026-01-06T23:06:00.000Z,43349,TXN-0001180|TXN-0001181|TXN-0001182|TXN-0001183|TXN-0001184|TXN-0001185|TXN-0001186|TXN-0001187|TXN-0001188|TXN-0001189,1,126,20,2,0.9072,1,10,1,0.4167,10,19381.7,1,LOW,1,1,0,0,,21,2,0,0,,TRAIN,SYNTHETIC
CASE-00142,CMP-100142,0,0,NORMAL,ACC-00285,,,,,,TXN-0001190|TXN-0001191|TXN-0001192|TXN-0001193|TXN-0001194|TXN-0001195|TXN-0001196,1,,14,2,,0,7,0,0.2917,7,11721.14,1,LOW,1,1,0,0,,22,2,0,,,TRAIN,SYNTHETIC
CASE-00143,CMP-100143,0,0,NORMAL,ACC-00287,,,,,,TXN-0001197|TXN-0001198|TXN-0001199|TXN-0001200|TXN-0001201|TXN-0001202|TXN-0001203|TXN-0001204,0,,16,1,,0,8,0,0.3333,8,8849.63,1,HIGH,1,1,0,0,,23,2,0,,,TRAIN,SYNTHETIC
CASE-00144,CMP-100144,0,0,NORMAL,ACC-00289,,,,,,TXN-0001205|TXN-0001206|TXN-0001207|TXN-0001208|TXN-0001209|TXN-0001210|TXN-0001211|TXN-0001212|TXN-0001213|TXN-0001214,0,,20,1,,0,10,0,0.4167,10,11878.3,1,LOW,1,1,0,0,,0,3,0,,,TRAIN,SYNTHETIC
CASE-00145,CMP-100145,0,0,NORMAL,ACC-00291,,,,,,TXN-0001215|TXN-0001216|TXN-0001217|TXN-0001218|TXN-0001219|TXN-0001220|TXN-0001221|TXN-0001222,0,,16,1,,0,8,0,0.3333,8,11148.75,1,MEDIUM,1,1,0,0,,1,3,0,,,TRAIN,SYNTHETIC
CASE-00146,CMP-100146,0,0,NORMAL,ACC-00293,,,,,,TXN-0001223|TXN-0001224|TXN-0001225|TXN-0001226|TXN-0001227|TXN-0001228|TXN-0001229|TXN-0001230|TXN-0001231|TXN-0001232,0,,20,1,,0,10,0,0.4167,10,11178.9,1,LOW,1,1,0,0,,2,3,0,,,TRAIN,SYNTHETIC
CASE-00147,CMP-100147,1,1,MULTI_HOP,ACC-00295,ATM-069,17.323597,78.595274,2026-01-07T07:33:00.000Z,24955,TXN-0001233|TXN-0001234|TXN-0001235|TXN-0001236|TXN-0001237|TXN-0001238|TXN-0001239|TXN-0001240|TXN-0001241|TXN-0001242|TXN-0001243,3,273,20,4,0.7724,0,11,3,0.4583,2.9333,23219.91,1,LOW,1,1,0,0,,6,3,0,102,,TRAIN,SYNTHETIC
CASE-00148,CMP-100148,0,0,NORMAL,ACC-00297,,,,,,TXN-0001244|TXN-0001245|TXN-0001246|TXN-0001247|TXN-0001248|TXN-0001249,0,,12,1,,0,6,0,0.25,6,13814,1,LOW,1,1,0,0,,4,3,0,,,TRAIN,SYNTHETIC
CASE-00149,CMP-100149,0,0,NORMAL,ACC-00299,,,,,,TXN-0001250|TXN-0001251|TXN-0001252|TXN-0001253|TXN-0001254|TXN-0001255,0,,12,1,,0,6,0,0.25,6,7846.17,1,LOW,1,1,0,0,,5,3,0,,,TRAIN,SYNTHETIC
CASE-00150,CMP-100150,0,0,NORMAL,ACC-00301,,,,,,TXN-0001256|TXN-0001257|TXN-0001258|TXN-0001259|TXN-0001260|TXN-0001261|TXN-0001262|TXN-0001263|TXN-0001264|TXN-0001265,1,,20,2,,0,10,0,0.4167,10,13075.6,1,MEDIUM,1,1,0,0,,6,3,0,,,TRAIN,SYNTHETIC
CASE-00151,CMP-100151,0,0,NORMAL,ACC-00303,,,,,,TXN-0001266|TXN-0001267|TXN-0001268|TXN-0001269|TXN-0001270|TXN-0001271|TXN-0001272,1,,14,2,,0,7,0,0.2917,7,10037.14,1,LOW,1,1,0,0,,7,3,0,,,TRAIN,SYNTHETIC
CASE-00152,CMP-100152,0,0,NORMAL,ACC-00305,,,,,,TXN-0001273|TXN-0001274|TXN-0001275|TXN-0001276|TXN-0001277|TXN-0001278,0,,12,1,,0,6,0,0.25,6,12084.17,1,LOW,1,1,0,0,,8,3,0,,,TRAIN,SYNTHETIC
CASE-00153,CMP-100153,1,1,PROXIMITY,ACC-00307,ATM-112,11.009374,77.001445,2026-01-07T10:12:00.000Z,50108,TXN-0001279|TXN-0001280|TXN-0001281|TXN-0001282|TXN-0001283|TXN-0001284|TXN-0001285|TXN-0001286|TXN-0001287|TXN-0001288|TXN-0001289,1,72,22,2,0.8246,0,11,1,0.4583,11,17085.55,1,LOW,1,1,0,0,,9,3,0,0,,TRAIN,SYNTHETIC
CASE-00154,CMP-100154,1,1,DELAYED,ACC-00309,ATM-016,10.944861,77.031191,2026-01-09T08:50:00.000Z,29484,TXN-0001290|TXN-0001291|TXN-0001292|TXN-0001293|TXN-0001294|TXN-0001295|TXN-0001296|TXN-0001297|TXN-0001298|TXN-0001299,1,2810,20,2,0.9384,0,10,1,0.4167,0.5556,16157.5,1,HIGH,1,1,0,0,,4,4,0,0,,VALIDATION,SYNTHETIC
CASE-00155,CMP-100155,1,1,MULTI_CANDIDATE,ACC-00311,ATM-070,11.032717,77.063284,2026-01-07T13:44:00.000Z,12597,TXN-0001300|TXN-0001301|TXN-0001302|TXN-0001303|TXN-0001304|TXN-0001305|TXN-0001306|TXN-0001307|TXN-0001308|TXN-0001309,1,164,20,2,0.8406,0,10,1,0.4167,5.3571,13810.6,1,MEDIUM,1,1,0,0,,12,3,0,0,,VALIDATION,SYNTHETIC
CASE-00156,CMP-100156,1,1,RAPID,ACC-00313,ATM-045,17.493683,78.572544,2026-01-07T13:38:00.000Z,15265,TXN-0001310|TXN-0001311|TXN-0001312|TXN-0001313|TXN-0001314|TXN-0001315|TXN-0001316|TXN-0001317|TXN-0001318,1,98,18,2,0.8999,1,9,1,0.375,9,15026.56,1,LOW,1,1,0,0,,12,3,0,0,,VALIDATION,SYNTHETIC
CASE-00157,CMP-100157,0,0,NORMAL,ACC-00315,,,,,,TXN-0001319|TXN-0001320|TXN-0001321|TXN-0001322|TXN-0001323|TXN-0001324,1,,12,2,,0,6,0,0.25,6,16846.5,1,LOW,1,1,0,0,,13,3,0,,,TEST,SYNTHETIC
CASE-00158,CMP-100158,1,0,PROXIMITY,ACC-00317,,,,,,TXN-0001325|TXN-0001326|TXN-0001327|TXN-0001328|TXN-0001329|TXN-0001330|TXN-0001331|TXN-0001332,1,,16,2,0.853,0,8,1,0.3333,2.6667,21202.75,1,LOW,1,1,0,0,,17,3,0,0,,TEST,SYNTHETIC
CASE-00159,CMP-100159,0,0,NORMAL,ACC-00319,,,,,,TXN-0001333|TXN-0001334|TXN-0001335|TXN-0001336|TXN-0001337|TXN-0001338|TXN-0001339|TXN-0001340|TXN-0001341,1,,18,2,,0,9,0,0.375,9,12036.89,1,LOW,1,1,0,0,,15,3,0,,,TEST,SYNTHETIC
CASE-00160,CMP-100160,1,1,MULTI_CANDIDATE,ACC-00321,ATM-098,12.876855,77.521846,2026-01-07T20:22:00.000Z,42017,TXN-0001342|TXN-0001343|TXN-0001344|TXN-0001345|TXN-0001346|TXN-0001347|TXN-0001348|TXN-0001349,1,262,16,2,0.8209,0,8,1,0.3333,3.2877,19804.25,1,MEDIUM,1,1,0,0,,18,3,0,0,,TRAIN,SYNTHETIC
CASE-00161,CMP-100161,0,0,NORMAL,ACC-00323,,,,,,TXN-0001350|TXN-0001351|TXN-0001352|TXN-0001353|TXN-0001354|TXN-0001355|TXN-0001356|TXN-0001357,1,,16,2,,0,8,0,0.3333,8,13692.13,1,LOW,1,1,0,0,,17,3,0,,,TRAIN,SYNTHETIC
CASE-00162,CMP-100162,0,0,NORMAL,ACC-00325,,,,,,TXN-0001358|TXN-0001359|TXN-0001360|TXN-0001361|TXN-0001362|TXN-0001363|TXN-0001364,1,,14,2,,0,7,0,0.2917,7,9857.29,1,LOW,1,1,0,0,,18,3,0,,,TRAIN,SYNTHETIC
CASE-00163,CMP-100163,0,0,NORMAL,ACC-00327,,,,,,TXN-0001365|TXN-0001366|TXN-0001367|TXN-0001368|TXN-0001369|TXN-0001370|TXN-0001371|TXN-0001372,0,,16,1,,0,8,0,0.3333,8,12040.13,1,LOW,1,1,0,0,,19,3,0,,,TRAIN,SYNTHETIC
CASE-00164,CMP-100164,1,1,DELAYED,ACC-00329,ATM-065,18.450885,73.757144,2026-01-09T07:31:00.000Z,36336,TXN-0001373|TXN-0001374|TXN-0001375|TXN-0001376|TXN-0001377|TXN-0001378|TXN-0001379,0,2131,14,1,1,0,7,0,0.2917,7,15168,1,LOW,1,1,0,0,,20,3,0,,,TRAIN,SYNTHETIC
CASE-00165,CMP-100165,1,1,MULTI_CANDIDATE,ACC-00331,ATM-005,18.600804,73.85061,2026-01-07T23:25:00.000Z,12432,TXN-0001380|TXN-0001381|TXN-0001382|TXN-0001383|TXN-0001384|TXN-0001385|TXN-0001386|TXN-0001387|TXN-0001388,1,145,18,2,0.9229,0,9,1,0.375,9,11168.22,1,HIGH,1,1,0,0,,21,3,0,0,,TRAIN,SYNTHETIC
CASE-00166,CMP-100166,1,1,RAPID,ACC-00333,ATM-048,16.549479,80.606927,2026-01-07T23:13:00.000Z,7112,TXN-0001389|TXN-0001390|TXN-0001391|TXN-0001392|TXN-0001393|TXN-0001394|TXN-0001395|TXN-0001396|TXN-0001397|TXN-0001398,1,73,20,2,0.8907,1,10,1,0.4167,10,10467.5,1,LOW,1,1,0,0,,22,3,0,0,,TRAIN,SYNTHETIC
CASE-00167,CMP-100167,1,1,MULTI_HOP,ACC-00335,ATM-012,16.526511,80.544938,2026-01-08T06:14:00.000Z,27180,TXN-0001399|TXN-0001400|TXN-0001401|TXN-0001402|TXN-0001403|TXN-0001404|TXN-0001405|TXN-0001406|TXN-0001407|TXN-0001408|TXN-0001409|TXN-0001410,3,434,22,4,0.7443,0,12,3,0.5,2.3377,20678.75,1,LOW,1,1,0,0,,4,4,0,268,,TRAIN,SYNTHETIC
CASE-00168,CMP-100168,1,1,PROXIMITY,ACC-00337,ATM-097,13.136297,80.17248,2026-01-08T03:51:00.000Z,22696,TXN-0001411|TXN-0001412|TXN-0001413|TXN-0001414|TXN-0001415|TXN-0001416|TXN-0001417|TXN-0001418|TXN-0001419|TXN-0001420,1,231,20,2,0.9161,0,10,1,0.4167,3.3333,15625.7,1,LOW,1,1,0,0,,3,4,0,0,,TRAIN,SYNTHETIC
CASE-00169,CMP-100169,0,0,NORMAL,ACC-00339,,,,,,TXN-0001421|TXN-0001422|TXN-0001423|TXN-0001424|TXN-0001425|TXN-0001426|TXN-0001427|TXN-0001428|TXN-0001429|TXN-0001430,0,,20,1,,0,10,0,0.4167,10,15976.9,1,LOW,1,1,0,0,,1,4,0,,,TRAIN,SYNTHETIC
CASE-00170,CMP-100170,0,0,NORMAL,ACC-00341,,,,,,TXN-0001431|TXN-0001432|TXN-0001433|TXN-0001434|TXN-0001435|TXN-0001436|TXN-0001437|TXN-0001438,1,,16,2,,0,8,0,0.3333,8,11883.38,1,MEDIUM,1,1,0,0,,2,4,0,,,TRAIN,SYNTHETIC
CASE-00171,CMP-100171,1,1,RAPID,ACC-00343,ATM-036,16.551649,80.577517,2026-01-08T05:14:00.000Z,30216,TXN-0001439|TXN-0001440|TXN-0001441|TXN-0001442|TXN-0001443|TXN-0001444|TXN-0001445|TXN-0001446|TXN-0001447|TXN-0001448,1,134,20,2,0.8326,1,10,1,0.4167,10,16596.7,1,LOW,1,1,0,0,,3,4,0,0,,TRAIN,SYNTHETIC
CASE-00172,CMP-100172,0,0,NORMAL,ACC-00345,,,,,,TXN-0001449|TXN-0001450|TXN-0001451|TXN-0001452|TXN-0001453|TXN-0001454|TXN-0001455|TXN-0001456|TXN-0001457|TXN-0001458,0,,20,1,,0,10,0,0.4167,10,14812.1,1,LOW,1,1,0,0,,4,4,0,,,TRAIN,SYNTHETIC
CASE-00173,CMP-100173,0,0,NORMAL,ACC-00347,,,,,,TXN-0001459|TXN-0001460|TXN-0001461|TXN-0001462|TXN-0001463|TXN-0001464|TXN-0001465|TXN-0001466,0,,16,1,,0,8,0,0.3333,8,14123.63,1,LOW,1,1,0,0,,5,4,0,,,TRAIN,SYNTHETIC
CASE-00174,CMP-100174,1,1,DELAYED,ACC-00349,ATM-100,11.074176,77.06392,2026-01-10T02:43:00.000Z,42314,TXN-0001467|TXN-0001468|TXN-0001469|TXN-0001470|TXN-0001471|TXN-0001472|TXN-0001473|TXN-0001474|TXN-0001475,1,2683,18,2,0.8563,0,9,1,0.375,0.5,20901.44,1,LOW,1,1,0,0,,0,5,0,0,,VALIDATION,SYNTHETIC
CASE-00175,CMP-100175,0,0,NORMAL,ACC-00351,,,,,,TXN-0001476|TXN-0001477|TXN-0001478|TXN-0001479|TXN-0001480|TXN-0001481,0,,12,1,,0,6,0,0.25,6,10476,1,MEDIUM,1,1,0,0,,7,4,0,,,VALIDATION,SYNTHETIC
CASE-00176,CMP-100176,0,0,NORMAL,ACC-00353,,,,,,TXN-0001482|TXN-0001483|TXN-0001484|TXN-0001485|TXN-0001486|TXN-0001487,0,,12,1,,0,6,0,0.25,6,10765.67,1,HIGH,1,1,0,0,,8,4,0,,,VALIDATION,SYNTHETIC
CASE-00177,CMP-100177,0,0,NORMAL,ACC-00355,,,,,,TXN-0001488|TXN-0001489|TXN-0001490|TXN-0001491|TXN-0001492|TXN-0001493,0,,12,1,,0,6,0,0.25,6,13802.67,1,LOW,1,1,0,0,,9,4,0,,,TEST,SYNTHETIC
CASE-00178,CMP-100178,1,1,PROXIMITY,ACC-00357,ATM-047,18.475504,73.768893,2026-01-08T13:24:00.000Z,17449,TXN-0001494|TXN-0001495|TXN-0001496|TXN-0001497|TXN-0001498|TXN-0001499|TXN-0001500|TXN-0001501,1,204,16,2,0.9305,0,8,1,0.3333,2.963,15285.13,1,LOW,1,1,0,0,,12,4,0,0,,TEST,SYNTHETIC
CASE-00179,CMP-100179,0,0,NORMAL,ACC-00359,,,,,,TXN-0001502|TXN-0001503|TXN-0001504|TXN-0001505|TXN-0001506|TXN-0001507|TXN-0001508,1,,14,2,,0,7,0,0.2917,7,9699.43,1,LOW,1,1,0,0,,11,4,0,,,TEST,SYNTHETIC
CASE-00180,CMP-100180,0,0,NORMAL,ACC-00361,,,,,,TXN-0001509|TXN-0001510|TXN-0001511|TXN-0001512|TXN-0001513|TXN-0001514,1,,12,2,,0,6,0,0.25,6,11464.17,1,MEDIUM,1,1,0,0,,12,4,0,,,TRAIN,SYNTHETIC
CASE-00181,CMP-100181,1,0,RAPID,ACC-00363,,,,,,TXN-0001515|TXN-0001516|TXN-0001517|TXN-0001518|TXN-0001519|TXN-0001520|TXN-0001521|TXN-0001522|TXN-0001523,1,,18,2,0.8429,1,9,1,0.375,9,21369,1,LOW,1,1,0,0,,13,4,0,0,,TRAIN,SYNTHETIC
CASE-00182,CMP-100182,0,0,NORMAL,ACC-00365,,,,,,TXN-0001524|TXN-0001525|TXN-0001526|TXN-0001527|TXN-0001528|TXN-0001529|TXN-0001530|TXN-0001531|TXN-0001532,0,,18,1,,0,9,0,0.375,9,11547.11,1,LOW,1,1,0,0,,14,4,0,,,TRAIN,SYNTHETIC
CASE-00183,CMP-100183,0,0,NORMAL,ACC-00367,,,,,,TXN-0001533|TXN-0001534|TXN-0001535|TXN-0001536|TXN-0001537|TXN-0001538|TXN-0001539|TXN-0001540|TXN-0001541|TXN-0001542,1,,20,2,,0,10,0,0.4167,10,10169.4,1,LOW,1,1,0,0,,15,4,0,,,TRAIN,SYNTHETIC
CASE-00184,CMP-100184,0,0,NORMAL,ACC-00369,,,,,,TXN-0001543|TXN-0001544|TXN-0001545|TXN-0001546|TXN-0001547|TXN-0001548|TXN-0001549|TXN-0001550|TXN-0001551,0,,18,1,,0,9,0,0.375,9,13079.67,1,LOW,1,1,0,0,,16,4,0,,,TRAIN,SYNTHETIC
CASE-00185,CMP-100185,0,0,NORMAL,ACC-00371,,,,,,TXN-0001552|TXN-0001553|TXN-0001554|TXN-0001555|TXN-0001556|TXN-0001557|TXN-0001558|TXN-0001559|TXN-0001560,0,,18,1,,0,9,0,0.375,9,11458.44,1,MEDIUM,1,1,0,0,,17,4,0,,,TRAIN,SYNTHETIC
CASE-00186,CMP-100186,0,0,NORMAL,ACC-00373,,,,,,TXN-0001561|TXN-0001562|TXN-0001563|TXN-0001564|TXN-0001565|TXN-0001566|TXN-0001567|TXN-0001568,1,,16,2,,0,8,0,0.3333,8,11965.25,1,LOW,1,1,0,0,,18,4,0,,,TRAIN,SYNTHETIC
CASE-00187,CMP-100187,0,0,NORMAL,ACC-00375,,,,,,TXN-0001569|TXN-0001570|TXN-0001571|TXN-0001572|TXN-0001573|TXN-0001574|TXN-0001575|TXN-0001576|TXN-0001577,0,,18,1,,0,9,0,0.375,9,13521.89,1,HIGH,1,1,0,0,,19,4,0,,,TRAIN,SYNTHETIC
CASE-00188,CMP-100188,1,1,PROXIMITY,ACC-00377,ATM-117,17.449586,78.549354,2026-01-09T00:52:00.000Z,27145,TXN-0001578|TXN-0001579|TXN-0001580|TXN-0001581|TXN-0001582|TXN-0001583|TXN-0001584|TXN-0001585|TXN-0001586|TXN-0001587,1,292,20,2,0.8741,0,10,1,0.4167,3.5503,14274.1,1,LOW,1,1,0,0,,22,4,0,0,,TRAIN,SYNTHETIC
CASE-00189,CMP-100189,1,1,DELAYED,ACC-00379,ATM-004,10.96691,76.983244,2026-01-11T04:30:00.000Z,9630,TXN-0001588|TXN-0001589|TXN-0001590|TXN-0001591|TXN-0001592|TXN-0001593|TXN-0001594|TXN-0001595|TXN-0001596,1,3330,18,2,0.8866,0,9,1,0.375,0.3462,11412.11,1,LOW,1,1,0,0,,23,5,0,0,,TRAIN,SYNTHETIC
CASE-00190,CMP-100190,0,0,NORMAL,ACC-00381,,,,,,TXN-0001597|TXN-0001598|TXN-0001599|TXN-0001600|TXN-0001601|TXN-0001602|TXN-0001603|TXN-0001604|TXN-0001605,0,,18,1,,0,9,0,0.375,9,13719.22,1,MEDIUM,1,1,0,0,,22,4,0,,,TRAIN,SYNTHETIC
CASE-00191,CMP-100191,1,1,RAPID,ACC-00383,ATM-008,12.904996,77.59476,2026-01-09T01:17:00.000Z,10390,TXN-0001606|TXN-0001607|TXN-0001608|TXN-0001609|TXN-0001610|TXN-0001611|TXN-0001612|TXN-0001613,1,137,16,2,0.8334,1,8,1,0.3333,8,13916.75,1,LOW,1,1,0,0,,23,4,0,0,,TRAIN,SYNTHETIC
CASE-00192,CMP-100192,1,0,MULTI_HOP,ACC-00385,,,,,,TXN-0001614|TXN-0001615|TXN-0001616|TXN-0001617|TXN-0001618|TXN-0001619|TXN-0001620|TXN-0001621|TXN-0001622|TXN-0001623|TXN-0001624|TXN-0001625,3,,22,4,0.7224,0,12,3,0.5,1.8557,17103.25,1,LOW,1,1,0,0,,6,5,0,303,,TRAIN,SYNTHETIC
CASE-00193,CMP-100193,0,0,NORMAL,ACC-00387,,,,,,TXN-0001626|TXN-0001627|TXN-0001628|TXN-0001629|TXN-0001630|TXN-0001631|TXN-0001632|TXN-0001633|TXN-0001634,1,,18,2,,0,9,0,0.375,9,13727.78,1,LOW,1,1,0,0,,1,5,0,,,TRAIN,SYNTHETIC
CASE-00194,CMP-100194,1,1,DELAYED,ACC-00389,ATM-098,12.876855,77.521846,2026-01-09T19:45:00.000Z,33001,TXN-0001635|TXN-0001636|TXN-0001637|TXN-0001638|TXN-0001639|TXN-0001640,0,1065,12,1,1,0,6,0,0.25,6,11209.33,1,LOW,1,1,0,0,,2,5,0,,,VALIDATION,SYNTHETIC
CASE-00195,CMP-100195,0,0,NORMAL,ACC-00391,,,,,,TXN-0001641|TXN-0001642|TXN-0001643|TXN-0001644|TXN-0001645|TXN-0001646|TXN-0001647|TXN-0001648|TXN-0001649|TXN-0001650,0,,20,1,,0,10,0,0.4167,10,12515.5,1,MEDIUM,1,1,0,0,,3,5,0,,,VALIDATION,SYNTHETIC
CASE-00196,CMP-100196,0,0,NORMAL,ACC-00393,,,,,,TXN-0001651|TXN-0001652|TXN-0001653|TXN-0001654|TXN-0001655|TXN-0001656|TXN-0001657|TXN-0001658|TXN-0001659,0,,18,1,,0,9,0,0.375,9,13365,1,LOW,1,1,0,0,,4,5,0,,,VALIDATION,SYNTHETIC
CASE-00197,CMP-100197,0,0,NORMAL,ACC-00395,,,,,,TXN-0001660|TXN-0001661|TXN-0001662|TXN-0001663|TXN-0001664|TXN-0001665|TXN-0001666|TXN-0001667|TXN-0001668|TXN-0001669,0,,20,1,,0,10,0,0.4167,10,11337.8,1,LOW,1,1,0,0,,5,5,0,,,TEST,SYNTHETIC
CASE-00198,CMP-100198,0,0,NORMAL,ACC-00397,,,,,,TXN-0001670|TXN-0001671|TXN-0001672|TXN-0001673|TXN-0001674|TXN-0001675,1,,12,2,,0,6,0,0.25,6,16565.17,1,HIGH,1,1,0,0,,6,5,0,,,TEST,SYNTHETIC
CASE-00199,CMP-100199,0,0,NORMAL,ACC-00399,,,,,,TXN-0001676|TXN-0001677|TXN-0001678|TXN-0001679|TXN-0001680|TXN-0001681|TXN-0001682,1,,14,2,,0,7,0,0.2917,7,8663.14,1,LOW,1,1,0,0,,7,5,0,,,TEST,SYNTHETIC
CASE-00200,CMP-100200,1,1,MULTI_CANDIDATE,ACC-00401,ATM-058,10.978603,77.020134,2026-01-09T12:29:00.000Z,16752,TXN-0001683|TXN-0001684|TXN-0001685|TXN-0001686|TXN-0001687|TXN-0001688|TXN-0001689|TXN-0001690|TXN-0001691|TXN-0001692,1,269,20,2,0.8377,0,10,1,0.4167,4.1667,13855.8,1,MEDIUM,1,1,0,0,,10,5,0,0,,TRAIN,SYNTHETIC
CASE-00201,CMP-100201,1,1,RAPID,ACC-00403,ATM-001,13.104943,80.259324,2026-01-09T10:56:00.000Z,22042,TXN-0001693|TXN-0001694|TXN-0001695|TXN-0001696|TXN-0001697|TXN-0001698|TXN-0001699|TXN-0001700,1,116,16,2,0.8801,1,8,1,0.3333,8,15589.63,1,LOW,1,1,0,0,,9,5,0,0,,TRAIN,SYNTHETIC
CASE-00202,CMP-100202,1,1,MULTI_HOP,ACC-00405,ATM-115,13.036717,80.257717,2026-01-09T12:00:00.000Z,6364,TXN-0001701|TXN-0001702|TXN-0001703|TXN-0001704|TXN-0001705|TXN-0001706|TXN-0001707|TXN-0001708|TXN-0001709,2,120,17,3,0.7603,0,9,2,0.375,6.3529,13493.11,1,LOW,1,1,0,0,,11,5,0,39,,TRAIN,SYNTHETIC
CASE-00203,CMP-100203,1,1,PROXIMITY,ACC-00407,ATM-102,16.580335,80.725652,2026-01-09T14:44:00.000Z,58242,TXN-0001710|TXN-0001711|TXN-0001712|TXN-0001713|TXN-0001714|TXN-0001715|TXN-0001716,1,224,14,2,0.9215,0,7,1,0.2917,3.6842,24736.71,1,LOW,1,1,0,0,,12,5,0,0,,TRAIN,SYNTHETIC
CASE-00204,CMP-100204,1,1,DELAYED,ACC-00409,ATM-063,17.474796,78.422678,2026-01-10T18:00:00.000Z,61857,TXN-0001717|TXN-0001718|TXN-0001719|TXN-0001720|TXN-0001721|TXN-0001722|TXN-0001723|TXN-0001724,0,1800,16,1,1,0,8,0,0.3333,8,12573.5,1,LOW,1,1,0,0,,12,5,0,,,TRAIN,SYNTHETIC
CASE-00205,CMP-100205,0,0,NORMAL,ACC-00411,,,,,,TXN-0001725|TXN-0001726|TXN-0001727|TXN-0001728|TXN-0001729|TXN-0001730|TXN-0001731|TXN-0001732,0,,16,1,,0,8,0,0.3333,8,9307.25,1,MEDIUM,1,1,0,0,,13,5,0,,,TRAIN,SYNTHETIC
CASE-00206,CMP-100206,0,0,NORMAL,ACC-00413,,,,,,TXN-0001733|TXN-0001734|TXN-0001735|TXN-0001736|TXN-0001737|TXN-0001738|TXN-0001739,0,,14,1,,0,7,0,0.2917,7,11599.29,1,LOW,1,1,0,0,,14,5,0,,,TRAIN,SYNTHETIC
CASE-00207,CMP-100207,0,0,NORMAL,ACC-00415,,,,,,TXN-0001740|TXN-0001741|TXN-0001742|TXN-0001743|TXN-0001744|TXN-0001745,1,,12,2,,0,6,0,0.25,6,9439.67,1,LOW,1,1,0,0,,15,5,0,,,TRAIN,SYNTHETIC
CASE-00208,CMP-100208,0,0,NORMAL,ACC-00417,,,,,,TXN-0001746|TXN-0001747|TXN-0001748|TXN-0001749|TXN-0001750|TXN-0001751|TXN-0001752,0,,14,1,,0,7,0,0.2917,7,9135.43,1,LOW,1,1,0,0,,16,5,0,,,TRAIN,SYNTHETIC
CASE-00209,CMP-100209,0,0,NORMAL,ACC-00419,,,,,,TXN-0001753|TXN-0001754|TXN-0001755|TXN-0001756|TXN-0001757|TXN-0001758|TXN-0001759|TXN-0001760,0,,16,1,,0,8,0,0.3333,8,11260,1,HIGH,1,1,0,0,,17,5,0,,,TRAIN,SYNTHETIC
CASE-00210,CMP-100210,1,1,MULTI_CANDIDATE,ACC-00421,ATM-075,17.362673,78.450647,2026-01-09T20:04:00.000Z,52658,TXN-0001761|TXN-0001762|TXN-0001763|TXN-0001764|TXN-0001765|TXN-0001766|TXN-0001767|TXN-0001768|TXN-0001769,0,124,18,1,1,0,9,0,0.375,9,14517.33,1,MEDIUM,1,1,0,0,,18,5,0,,,TRAIN,SYNTHETIC
CASE-00211,CMP-100211,1,1,RAPID,ACC-00423,ATM-065,18.450885,73.757144,2026-01-09T19:59:00.000Z,13175,TXN-0001770|TXN-0001771|TXN-0001772|TXN-0001773|TXN-0001774|TXN-0001775|TXN-0001776,1,59,14,2,0.9046,1,7,1,0.2917,7,13145.71,1,LOW,1,1,0,0,,19,5,0,0,,TRAIN,SYNTHETIC
CASE-00212,CMP-100212,0,0,NORMAL,ACC-00425,,,,,,TXN-0001777|TXN-0001778|TXN-0001779|TXN-0001780|TXN-0001781|TXN-0001782|TXN-0001783|TXN-0001784|TXN-0001785,1,,18,2,,0,9,0,0.375,9,9807,1,LOW,1,1,0,0,,20,5,0,,,TRAIN,SYNTHETIC
CASE-00213,CMP-100213,1,1,PROXIMITY,ACC-00427,ATM-052,11.120804,76.885047,2026-01-09T23:00:00.000Z,35776,TXN-0001786|TXN-0001787|TXN-0001788|TXN-0001789|TXN-0001790|TXN-0001791|TXN-0001792,1,120,14,2,0.8608,0,7,1,0.2917,7,18205.43,1,LOW,1,1,0,0,,21,5,0,0,,TRAIN,SYNTHETIC
CASE-00214,CMP-100214,0,0,NORMAL,ACC-00429,,,,,,TXN-0001793|TXN-0001794|TXN-0001795|TXN-0001796|TXN-0001797|TXN-0001798,0,,12,1,,0,6,0,0.25,6,15294.67,1,LOW,1,1,0,0,,22,5,0,,,VALIDATION,SYNTHETIC
CASE-00215,CMP-100215,0,0,NORMAL,ACC-00431,,,,,,TXN-0001799|TXN-0001800|TXN-0001801|TXN-0001802|TXN-0001803|TXN-0001804|TXN-0001805|TXN-0001806|TXN-0001807|TXN-0001808,0,,20,1,,0,10,0,0.4167,10,11721.6,1,MEDIUM,1,1,0,0,,23,5,0,,,VALIDATION,SYNTHETIC
CASE-00216,CMP-100216,1,1,RAPID,ACC-00433,ATM-007,13.136762,80.22824,2026-01-10T01:39:00.000Z,36959,TXN-0001809|TXN-0001810|TXN-0001811|TXN-0001812|TXN-0001813|TXN-0001814|TXN-0001815,1,99,14,2,0.9033,1,7,1,0.2917,7,24476.29,1,LOW,1,1,0,0,,0,6,0,0,,VALIDATION,SYNTHETIC
CASE-00217,CMP-100217,1,1,MULTI_HOP,ACC-00435,ATM-048,16.549479,80.606927,2026-01-10T06:13:00.000Z,34377,TXN-0001816|TXN-0001817|TXN-0001818|TXN-0001819|TXN-0001820|TXN-0001821|TXN-0001822|TXN-0001823|TXN-0001824|TXN-0001825|TXN-0001826|TXN-0001827,2,313,23,3,0.734,0,12,2,0.5,3.4783,18057.08,1,LOW,1,1,0,0,,4,6,0,154,,TEST,SYNTHETIC
CASE-00218,CMP-100218,0,0,NORMAL,ACC-00437,,,,,,TXN-0001828|TXN-0001829|TXN-0001830|TXN-0001831|TXN-0001832|TXN-0001833|TXN-0001834|TXN-0001835|TXN-0001836,0,,18,1,,0,9,0,0.375,9,11240.67,1,LOW,1,1,0,0,,2,6,0,,,TEST,SYNTHETIC
CASE-00219,CMP-100219,1,1,DELAYED,ACC-00439,ATM-034,10.923868,77.004112,2026-01-12T07:15:00.000Z,14950,TXN-0001837|TXN-0001838|TXN-0001839|TXN-0001840|TXN-0001841|TXN-0001842|TXN-0001843|TXN-0001844,1,3135,16,2,0.9254,0,8,1,0.3333,0.8889,18116,1,LOW,1,1,0,0,,12,6,0,0,,TEST,SYNTHETIC
CASE-00220,CMP-100220,0,0,NORMAL,ACC-00441,,,,,,TXN-0001845|TXN-0001846|TXN-0001847|TXN-0001848|TXN-0001849|TXN-0001850|TXN-0001851,1,,14,2,,0,7,0,0.2917,7,8979.43,1,HIGH,1,1,0,0,,4,6,0,,,TRAIN,SYNTHETIC
CASE-00221,CMP-100221,1,1,RAPID,ACC-00443,ATM-026,12.878033,77.629769,2026-01-10T06:09:00.000Z,11556,TXN-0001852|TXN-0001853|TXN-0001854|TXN-0001855|TXN-0001856|TXN-0001857|TXN-0001858|TXN-0001859|TXN-0001860|TXN-0001861,1,69,20,2,0.8526,1,10,1,0.4167,10,12610.6,1,LOW,1,1,0,0,,5,6,0,0,,TRAIN,SYNTHETIC
CASE-00222,CMP-100222,1,1,MULTI_HOP,ACC-00445,ATM-044,13.047088,77.637514,2026-01-10T13:55:00.000Z,44291,TXN-0001862|TXN-0001863|TXN-0001864|TXN-0001865|TXN-0001866|TXN-0001867|TXN-0001868|TXN-0001869|TXN-0001870,3,475,16,4,0.7339,0,9,3,0.375,1.5789,40256.56,1,LOW,1,1,0,0,,11,6,0,203,,TRAIN,SYNTHETIC
CASE-00223,CMP-100223,0,0,NORMAL,ACC-00447,,,,,,TXN-0001871|TXN-0001872|TXN-0001873|TXN-0001874|TXN-0001875|TXN-0001876|TXN-0001877|TXN-0001878,1,,16,2,,0,8,0,0.3333,8,11848.5,1,LOW,1,1,0,0,,7,6,0,,,TRAIN,SYNTHETIC
CASE-00224,CMP-100224,0,0,NORMAL,ACC-00449,,,,,,TXN-0001879|TXN-0001880|TXN-0001881|TXN-0001882|TXN-0001883|TXN-0001884|TXN-0001885,1,,14,2,,0,7,0,0.2917,7,12838.57,1,LOW,1,1,0,0,,8,6,0,,,TRAIN,SYNTHETIC
CASE-00225,CMP-100225,0,0,NORMAL,ACC-00451,,,,,,TXN-0001886|TXN-0001887|TXN-0001888|TXN-0001889|TXN-0001890|TXN-0001891|TXN-0001892|TXN-0001893|TXN-0001894|TXN-0001895,1,,20,2,,0,10,0,0.4167,10,11395.1,1,MEDIUM,1,1,0,0,,9,6,0,,,TRAIN,SYNTHETIC
CASE-00226,CMP-100226,1,1,RAPID,ACC-00453,ATM-020,12.984052,77.61588,2026-01-10T10:20:00.000Z,58946,TXN-0001896|TXN-0001897|TXN-0001898|TXN-0001899|TXN-0001900|TXN-0001901|TXN-0001902|TXN-0001903,1,20,16,2,0.908,1,8,1,0.3333,8,23961.25,1,LOW,1,1,0,0,,10,6,0,0,,TRAIN,SYNTHETIC
CASE-00227,CMP-100227,1,1,MULTI_HOP,ACC-00455,ATM-078,16.5164,80.667646,2026-01-10T17:41:00.000Z,16945,TXN-0001904|TXN-0001905|TXN-0001906|TXN-0001907|TXN-0001908|TXN-0001909|TXN-0001910|TXN-0001911|TXN-0001912|TXN-0001913|TXN-0001914,2,401,21,3,0.7994,0,11,2,0.4583,1.9075,16160.55,1,LOW,1,1,0,0,,16,6,0,170,,TRAIN,SYNTHETIC
CASE-00228,CMP-100228,1,1,PROXIMITY,ACC-00457,ATM-037,13.08717,80.341516,2026-01-10T15:48:00.000Z,7890,TXN-0001915|TXN-0001916|TXN-0001917|TXN-0001918|TXN-0001919|TXN-0001920|TXN-0001921,1,228,14,2,0.8869,0,7,1,0.2917,2.7632,10180.86,1,LOW,1,1,0,0,,14,6,0,0,,TRAIN,SYNTHETIC
CASE-00229,CMP-100229,1,1,DELAYED,ACC-00459,ATM-051,17.455829,78.405295,2026-01-13T08:47:00.000Z,18297,TXN-0001922|TXN-0001923|TXN-0001924|TXN-0001925|TXN-0001926|TXN-0001927|TXN-0001928,1,4067,14,2,0.9085,0,7,1,0.2917,0.1944,12429,1,LOW,1,1,0,0,,1,1,0,0,,TRAIN,SYNTHETIC
CASE-00230,CMP-100230,0,0,NORMAL,ACC-00461,,,,,,TXN-0001929|TXN-0001930|TXN-0001931|TXN-0001932|TXN-0001933|TXN-0001934|TXN-0001935|TXN-0001936,0,,16,1,,0,8,0,0.3333,8,10225.13,1,MEDIUM,1,1,0,0,,14,6,0,,,TRAIN,SYNTHETIC
CASE-00231,CMP-100231,1,1,RAPID,ACC-00463,ATM-083,18.479529,73.774181,2026-01-10T15:58:00.000Z,19833,TXN-0001937|TXN-0001938|TXN-0001939|TXN-0001940|TXN-0001941|TXN-0001942|TXN-0001943|TXN-0001944|TXN-0001945|TXN-0001946,1,58,20,2,0.8833,1,10,1,0.4167,10,12984.5,1,HIGH,1,1,0,0,,15,6,0,0,,TRAIN,SYNTHETIC
CASE-00232,CMP-100232,0,0,NORMAL,ACC-00465,,,,,,TXN-0001947|TXN-0001948|TXN-0001949|TXN-0001950|TXN-0001951|TXN-0001952|TXN-0001953|TXN-0001954,1,,16,2,,0,8,0,0.3333,8,15225.88,1,LOW,1,1,0,0,,16,6,0,,,TRAIN,SYNTHETIC
CASE-00233,CMP-100233,1,1,PROXIMITY,ACC-00467,ATM-072,16.519612,80.602351,2026-01-10T19:25:00.000Z,17360,TXN-0001955|TXN-0001956|TXN-0001957|TXN-0001958|TXN-0001959|TXN-0001960|TXN-0001961,1,145,14,2,0.9158,0,7,1,0.2917,7,17679.57,1,LOW,1,1,0,0,,17,6,0,0,,TRAIN,SYNTHETIC
CASE-00234,CMP-100234,0,0,NORMAL,ACC-00469,,,,,,TXN-0001962|TXN-0001963|TXN-0001964|TXN-0001965|TXN-0001966|TXN-0001967|TXN-0001968|TXN-0001969,0,,16,1,,0,8,0,0.3333,8,6611.63,1,LOW,1,1,0,0,,18,6,0,,,VALIDATION,SYNTHETIC
CASE-00235,CMP-100235,0,0,NORMAL,ACC-00471,,,,,,TXN-0001970|TXN-0001971|TXN-0001972|TXN-0001973|TXN-0001974|TXN-0001975|TXN-0001976,0,,14,1,,0,7,0,0.2917,7,9788.86,1,MEDIUM,1,1,0,0,,19,6,0,,,VALIDATION,SYNTHETIC
CASE-00236,CMP-100236,0,0,NORMAL,ACC-00473,,,,,,TXN-0001977|TXN-0001978|TXN-0001979|TXN-0001980|TXN-0001981|TXN-0001982|TXN-0001983,1,,14,2,,0,7,0,0.2917,7,14650.57,1,LOW,1,1,0,0,,20,6,0,,,VALIDATION,SYNTHETIC
CASE-00237,CMP-100237,1,1,MULTI_HOP,ACC-00475,ATM-106,11.113057,76.983507,2026-01-11T00:37:00.000Z,39956,TXN-0001984|TXN-0001985|TXN-0001986|TXN-0001987|TXN-0001988|TXN-0001989|TXN-0001990|TXN-0001991|TXN-0001992,2,217,17,3,0.7932,0,9,2,0.375,3.6986,28789.33,1,LOW,1,1,0,0,,23,6,0,75,,TEST,SYNTHETIC
CASE-00238,CMP-100238,1,1,PROXIMITY,ACC-00477,ATM-107,18.482853,73.932527,2026-01-10T23:42:00.000Z,21146,TXN-0001993|TXN-0001994|TXN-0001995|TXN-0001996|TXN-0001997|TXN-0001998|TXN-0001999,1,102,14,2,0.8665,0,7,1,0.2917,7,15864.43,1,LOW,1,1,0,0,,22,6,0,0,,TEST,SYNTHETIC
CASE-00239,CMP-100239,0,0,NORMAL,ACC-00479,,,,,,TXN-0002000|TXN-0002001|TXN-0002002|TXN-0002003|TXN-0002004|TXN-0002005|TXN-0002006|TXN-0002007|TXN-0002008,1,,18,2,,0,9,0,0.375,9,11763.44,1,LOW,1,1,0,0,,23,6,0,,,TEST,SYNTHETIC
CASE-00240,CMP-100240,0,0,NORMAL,ACC-00481,,,,,,TXN-0002009|TXN-0002010|TXN-0002011|TXN-0002012|TXN-0002013|TXN-0002014|TXN-0002015,0,,14,1,,0,7,0,0.2917,7,9711.29,1,MEDIUM,1,1,0,0,,0,0,0,,,TRAIN,SYNTHETIC
CASE-00241,CMP-100241,0,0,NORMAL,ACC-00483,,,,,,TXN-0002016|TXN-0002017|TXN-0002018|TXN-0002019|TXN-0002020|TXN-0002021|TXN-0002022|TXN-0002023|TXN-0002024,0,,18,1,,0,9,0,0.375,9,11534.11,1,LOW,1,1,0,0,,1,0,0,,,TRAIN,SYNTHETIC
CASE-00242,CMP-100242,0,0,NORMAL,ACC-00485,,,,,,TXN-0002025|TXN-0002026|TXN-0002027|TXN-0002028|TXN-0002029|TXN-0002030|TXN-0002031,0,,14,1,,0,7,0,0.2917,7,10742,1,HIGH,1,1,0,0,,2,0,0,,,TRAIN,SYNTHETIC
CASE-00243,CMP-100243,1,1,PROXIMITY,ACC-00487,ATM-022,10.952892,76.912599,2026-01-11T07:28:00.000Z,55419,TXN-0002032|TXN-0002033|TXN-0002034|TXN-0002035|TXN-0002036|TXN-0002037|TXN-0002038,1,268,14,2,0.8731,0,7,1,0.2917,3.7838,23041.14,1,LOW,1,1,0,0,,4,0,0,0,,TRAIN,SYNTHETIC
CASE-00244,CMP-100244,1,1,DELAYED,ACC-00489,ATM-022,10.952892,76.912599,2026-01-12T07:33:00.000Z,22720,TXN-0002039|TXN-0002040|TXN-0002041|TXN-0002042|TXN-0002043|TXN-0002044,0,1653,12,1,1,0,6,0,0.25,6,13109.17,1,LOW,1,1,0,0,,4,0,0,,,TRAIN,SYNTHETIC
CASE-00245,CMP-100245,1,1,MULTI_CANDIDATE,ACC-00491,ATM-009,17.426055,78.511037,2026-01-11T08:29:00.000Z,38962,TXN-0002045|TXN-0002046|TXN-0002047|TXN-0002048|TXN-0002049|TXN-0002050|TXN-0002051|TXN-0002052|TXN-0002053|TXN-0002054|TXN-0002055,1,209,22,2,0.8889,0,11,1,0.4583,5.5,20381.64,1,MEDIUM,1,1,0,0,,7,0,0,0,,TRAIN,SYNTHETIC
CASE-00246,CMP-100246,1,0,RAPID,ACC-00493,,,,,,TXN-0002056|TXN-0002057|TXN-0002058|TXN-0002059|TXN-0002060|TXN-0002061|TXN-0002062|TXN-0002063|TXN-0002064,1,,18,2,0.9358,1,9,1,0.375,9,12927.11,1,LOW,1,1,0,0,,6,0,0,0,,TRAIN,SYNTHETIC
CASE-00247,CMP-100247,1,1,MULTI_HOP,ACC-00495,ATM-007,13.136762,80.22824,2026-01-11T13:07:00.000Z,30798,TXN-0002065|TXN-0002066|TXN-0002067|TXN-0002068|TXN-0002069|TXN-0002070|TXN-0002071|TXN-0002072|TXN-0002073|TXN-0002074,3,367,18,4,0.6534,0,10,3,0.4167,1.7595,28292.8,1,LOW,1,1,0,0,,12,0,0,211,,TRAIN,SYNTHETIC
CASE-00248,CMP-100248,1,0,PROXIMITY,ACC-00497,,,,,,TXN-0002075|TXN-0002076|TXN-0002077|TXN-0002078|TXN-0002079|TXN-0002080|TXN-0002081|TXN-0002082|TXN-0002083|TXN-0002084|TXN-0002085,1,,22,2,0.8273,0,11,1,0.4583,4.3137,12653.55,1,LOW,1,1,0,0,,10,0,0,0,,TRAIN,SYNTHETIC
CASE-00249,CMP-100249,0,0,NORMAL,ACC-00499,,,,,,TXN-0002086|TXN-0002087|TXN-0002088|TXN-0002089|TXN-0002090|TXN-0002091|TXN-0002092|TXN-0002093|TXN-0002094|TXN-0002095,0,,20,1,,0,10,0,0.4167,10,9469.6,1,LOW,1,1,0,0,,9,0,0,,,TRAIN,SYNTHETIC
CASE-00250,CMP-100250,0,0,NORMAL,ACC-00501,,,,,,TXN-0002096|TXN-0002097|TXN-0002098|TXN-0002099|TXN-0002100|TXN-0002101|TXN-0002102|TXN-0002103|TXN-0002104|TXN-0002105,1,,20,2,,0,10,0,0.4167,10,8997,1,MEDIUM,1,1,0,0,,10,0,0,,,TRAIN,SYNTHETIC
CASE-00251,CMP-100251,0,0,NORMAL,ACC-00503,,,,,,TXN-0002106|TXN-0002107|TXN-0002108|TXN-0002109|TXN-0002110|TXN-0002111|TXN-0002112|TXN-0002113,0,,16,1,,0,8,0,0.3333,8,14259.38,1,LOW,1,1,0,0,,11,0,0,,,TRAIN,SYNTHETIC
CASE-00252,CMP-100252,0,0,NORMAL,ACC-00505,,,,,,TXN-0002114|TXN-0002115|TXN-0002116|TXN-0002117|TXN-0002118|TXN-0002119|TXN-0002120|TXN-0002121|TXN-0002122|TXN-0002123,1,,20,2,,0,10,0,0.4167,10,11740.4,1,LOW,1,1,0,0,,12,0,0,,,TRAIN,SYNTHETIC
CASE-00253,CMP-100253,1,1,PROXIMITY,ACC-00507,ATM-092,12.893851,77.620724,2026-01-11T15:28:00.000Z,52873,TXN-0002124|TXN-0002125|TXN-0002126|TXN-0002127|TXN-0002128|TXN-0002129|TXN-0002130|TXN-0002131,1,148,16,2,0.8876,0,8,1,0.3333,6.4865,18555.63,1,HIGH,1,1,0,0,,14,0,0,0,,TRAIN,SYNTHETIC
CASE-00254,CMP-100254,1,1,DELAYED,ACC-00509,ATM-043,13.037646,80.259648,2026-01-14T09:44:00.000Z,39191,TXN-0002132|TXN-0002133|TXN-0002134|TXN-0002135|TXN-0002136|TXN-0002137|TXN-0002138|TXN-0002139,1,4064,16,2,0.8429,0,8,1,0.3333,0.2759,21692.88,1,LOW,1,1,0,0,,19,1,0,0,,VALIDATION,SYNTHETIC
CASE-00255,CMP-100255,0,0,NORMAL,ACC-00511,,,,,,TXN-0002140|TXN-0002141|TXN-0002142|TXN-0002143|TXN-0002144|TXN-0002145|TXN-0002146|TXN-0002147|TXN-0002148|TXN-0002149,0,,20,1,,0,10,0,0.4167,10,11248.7,1,MEDIUM,1,1,0,0,,15,0,0,,,VALIDATION,SYNTHETIC
CASE-00256,CMP-100256,0,0,NORMAL,ACC-00513,,,,,,TXN-0002150|TXN-0002151|TXN-0002152|TXN-0002153|TXN-0002154|TXN-0002155|TXN-0002156|TXN-0002157|TXN-0002158,0,,18,1,,0,9,0,0.375,9,11453.78,1,LOW,1,1,0,0,,16,0,0,,,VALIDATION,SYNTHETIC
CASE-00257,CMP-100257,0,0,NORMAL,ACC-00515,,,,,,TXN-0002159|TXN-0002160|TXN-0002161|TXN-0002162|TXN-0002163|TXN-0002164|TXN-0002165|TXN-0002166|TXN-0002167,0,,18,1,,0,9,0,0.375,9,10889.78,1,LOW,1,1,0,0,,17,0,0,,,TEST,SYNTHETIC
CASE-00258,CMP-100258,0,0,NORMAL,ACC-00517,,,,,,TXN-0002168|TXN-0002169|TXN-0002170|TXN-0002171|TXN-0002172|TXN-0002173|TXN-0002174|TXN-0002175,0,,16,1,,0,8,0,0.3333,8,9829.38,1,LOW,1,1,0,0,,18,0,0,,,TEST,SYNTHETIC
CASE-00259,CMP-100259,0,0,NORMAL,ACC-00519,,,,,,TXN-0002176|TXN-0002177|TXN-0002178|TXN-0002179|TXN-0002180|TXN-0002181|TXN-0002182,0,,14,1,,0,7,0,0.2917,7,9520.86,1,LOW,1,1,0,0,,19,0,0,,,TEST,SYNTHETIC
CASE-00260,CMP-100260,1,1,MULTI_CANDIDATE,ACC-00521,ATM-076,11.103841,76.91781,2026-01-11T21:07:00.000Z,21312,TXN-0002183|TXN-0002184|TXN-0002185|TXN-0002186|TXN-0002187|TXN-0002188|TXN-0002189|TXN-0002190|TXN-0002191,0,67,18,1,1,0,9,0,0.375,9,11865.56,1,MEDIUM,1,1,0,0,,20,0,0,,,TRAIN,SYNTHETIC
CASE-00261,CMP-100261,1,1,RAPID,ACC-00523,ATM-047,18.475504,73.768893,2026-01-11T22:13:00.000Z,14929,TXN-0002192|TXN-0002193|TXN-0002194|TXN-0002195|TXN-0002196|TXN-0002197|TXN-0002198|TXN-0002199|TXN-0002200|TXN-0002201,1,73,20,2,0.8662,1,10,1,0.4167,10,12145.7,1,LOW,1,1,0,0,,21,0,0,0,,TRAIN,SYNTHETIC
CASE-00262,CMP-100262,0,0,NORMAL,ACC-00525,,,,,,TXN-0002202|TXN-0002203|TXN-0002204|TXN-0002205|TXN-0002206|TXN-0002207|TXN-0002208,0,,14,1,,0,7,0,0.2917,7,13553.14,1,LOW,1,1,0,0,,22,0,0,,,TRAIN,SYNTHETIC
CASE-00263,CMP-100263,1,1,PROXIMITY,ACC-00527,ATM-042,16.467251,80.698471,2026-01-12T01:25:00.000Z,6768,TXN-0002209|TXN-0002210|TXN-0002211|TXN-0002212|TXN-0002213|TXN-0002214|TXN-0002215|TXN-0002216|TXN-0002217,1,145,18,2,0.9233,0,9,1,0.375,9,13615.44,1,LOW,1,1,0,0,,23,0,0,0,,TRAIN,SYNTHETIC
CASE-00264,CMP-100264,1,1,DELAYED,ACC-00529,ATM-053,18.566475,73.900632,2026-01-13T10:52:00.000Z,15519,TXN-0002218|TXN-0002219|TXN-0002220|TXN-0002221|TXN-0002222|TXN-0002223|TXN-0002224|TXN-0002225|TXN-0002226,1,2092,18,2,0.8434,0,9,1,0.375,0.9,15189.33,1,HIGH,1,1,0,0,,10,1,0,0,,TRAIN,SYNTHETIC
CASE-00265,CMP-100265,1,1,MULTI_CANDIDATE,ACC-00531,ATM-071,18.446451,73.784283,2026-01-12T05:34:00.000Z,28092,TXN-0002227|TXN-0002228|TXN-0002229|TXN-0002230|TXN-0002231|TXN-0002232|TXN-0002233|TXN-0002234,1,274,16,2,0.8299,0,8,1,0.3333,2.8235,15602.38,1,MEDIUM,1,1,0,0,,3,1,0,0,,TRAIN,SYNTHETIC
CASE-00266,CMP-100266,1,1,RAPID,ACC-00533,ATM-026,12.878033,77.629769,2026-01-12T02:47:00.000Z,17714,TXN-0002235|TXN-0002236|TXN-0002237|TXN-0002238|TXN-0002239|TXN-0002240|TXN-0002241|TXN-0002242|TXN-0002243|TXN-0002244|TXN-0002245,1,47,22,2,0.9325,1,11,1,0.4583,11,13671.36,1,LOW,1,1,0,0,,2,1,0,0,,TRAIN,SYNTHETIC
CASE-00267,CMP-100267,1,1,MULTI_HOP,ACC-00535,ATM-057,17.413359,78.571813,2026-01-12T07:29:00.000Z,21686,TXN-0002246|TXN-0002247|TXN-0002248|TXN-0002249|TXN-0002250|TXN-0002251|TXN-0002252|TXN-0002253,2,269,15,3,0.7914,0,8,2,0.3333,2.807,19384.63,1,LOW,1,1,0,0,,5,1,0,21,,TRAIN,SYNTHETIC
CASE-00268,CMP-100268,1,1,PROXIMITY,ACC-00537,ATM-077,18.519358,73.881091,2026-01-12T07:11:00.000Z,35991,TXN-0002254|TXN-0002255|TXN-0002256|TXN-0002257|TXN-0002258|TXN-0002259|TXN-0002260|TXN-0002261|TXN-0002262|TXN-0002263|TXN-0002264,1,191,22,2,0.8774,0,11,1,0.4583,4.9254,18079,1,LOW,1,1,0,0,,6,1,0,0,,TRAIN,SYNTHETIC
CASE-00269,CMP-100269,1,1,DELAYED,ACC-00539,ATM-072,16.519612,80.602351,2026-01-13T03:54:00.000Z,31850,TXN-0002265|TXN-0002266|TXN-0002267|TXN-0002268|TXN-0002269|TXN-0002270|TXN-0002271|TXN-0002272|TXN-0002273,0,1374,18,1,1,0,9,0,0.375,9,8613,1,LOW,1,1,0,0,,5,1,0,,,TRAIN,SYNTHETIC
CASE-00270,CMP-100270,0,0,NORMAL,ACC-00541,,,,,,TXN-0002274|TXN-0002275|TXN-0002276|TXN-0002277|TXN-0002278|TXN-0002279|TXN-0002280,0,,14,1,,0,7,0,0.2917,7,12373.86,1,MEDIUM,1,1,0,0,,6,1,0,,,TRAIN,SYNTHETIC
CASE-00271,CMP-100271,0,0,NORMAL,ACC-00543,,,,,,TXN-0002281|TXN-0002282|TXN-0002283|TXN-0002284|TXN-0002285|TXN-0002286,1,,12,2,,0,6,0,0.25,6,9150.83,1,LOW,1,1,0,0,,7,1,0,,,TRAIN,SYNTHETIC
CASE-00272,CMP-100272,1,1,MULTI_HOP,ACC-00545,ATM-118,10.949904,76.992399,2026-01-12T17:03:00.000Z,37710,TXN-0002287|TXN-0002288|TXN-0002289|TXN-0002290|TXN-0002291|TXN-0002292|TXN-0002293|TXN-0002294|TXN-0002295|TXN-0002296|TXN-0002297|TXN-0002298,3,543,22,4,0.6392,0,12,3,0.5,1.7062,29834.67,1,LOW,1,1,0,0,,15,1,0,276,,TRAIN,SYNTHETIC
CASE-00273,CMP-100273,1,1,PROXIMITY,ACC-00547,ATM-112,11.009374,77.001445,2026-01-12T13:45:00.000Z,47219,TXN-0002299|TXN-0002300|TXN-0002301|TXN-0002302|TXN-0002303|TXN-0002304|TXN-0002305|TXN-0002306|TXN-0002307,1,285,18,2,0.9,0,9,1,0.375,3.1765,22843.22,1,LOW,1,1,0,0,,11,1,0,0,,TRAIN,SYNTHETIC
CASE-00274,CMP-100274,0,0,NORMAL,ACC-00549,,,,,,TXN-0002308|TXN-0002309|TXN-0002310|TXN-0002311|TXN-0002312|TXN-0002313|TXN-0002314|TXN-0002315,0,,16,1,,0,8,0,0.3333,8,11006.63,1,LOW,1,1,0,0,,10,1,0,,,VALIDATION,SYNTHETIC
CASE-00275,CMP-100275,1,1,MULTI_CANDIDATE,ACC-00551,ATM-098,12.876855,77.521846,2026-01-12T11:42:00.000Z,45646,TXN-0002316|TXN-0002317|TXN-0002318|TXN-0002319|TXN-0002320|TXN-0002321|TXN-0002322|TXN-0002323|TXN-0002324,0,42,18,1,1,0,9,0,0.375,9,9082.56,1,HIGH,1,1,0,0,,11,1,0,,,VALIDATION,SYNTHETIC
CASE-00276,CMP-100276,1,1,RAPID,ACC-00553,ATM-012,16.526511,80.544938,2026-01-12T13:55:00.000Z,15796,TXN-0002325|TXN-0002326|TXN-0002327|TXN-0002328|TXN-0002329|TXN-0002330|TXN-0002331,1,115,14,2,0.8754,1,7,1,0.2917,7,13859.86,1,LOW,1,1,0,0,,12,1,0,0,,VALIDATION,SYNTHETIC
CASE-00277,CMP-100277,0,0,NORMAL,ACC-00555,,,,,,TXN-0002332|TXN-0002333|TXN-0002334|TXN-0002335|TXN-0002336|TXN-0002337|TXN-0002338|TXN-0002339|TXN-0002340,1,,18,2,,0,9,0,0.375,9,13511.22,1,LOW,1,1,0,0,,13,1,0,,,TEST,SYNTHETIC
CASE-00278,CMP-100278,1,1,PROXIMITY,ACC-00557,ATM-027,17.424769,78.529179,2026-01-12T15:48:00.000Z,42106,TXN-0002341|TXN-0002342|TXN-0002343|TXN-0002344|TXN-0002345|TXN-0002346|TXN-0002347|TXN-0002348|TXN-0002349,1,108,18,2,0.8918,0,9,1,0.375,9,21654.67,1,LOW,1,1,0,0,,14,1,0,0,,TEST,SYNTHETIC
CASE-00279,CMP-100279,0,0,NORMAL,ACC-00559,,,,,,TXN-0002350|TXN-0002351|TXN-0002352|TXN-0002353|TXN-0002354|TXN-0002355|TXN-0002356|TXN-0002357,1,,16,2,,0,8,0,0.3333,8,8843.13,1,LOW,1,1,0,0,,15,1,0,,,TEST,SYNTHETIC
CASE-00280,CMP-100280,1,1,MULTI_CANDIDATE,ACC-00561,ATM-082,10.944047,76.998697,2026-01-12T19:38:00.000Z,30585,TXN-0002358|TXN-0002359|TXN-0002360|TXN-0002361|TXN-0002362|TXN-0002363|TXN-0002364|TXN-0002365|TXN-0002366|TXN-0002367,1,218,19,2,0.8535,0,10,1,0.4167,6.3158,17580.4,1.1111,MEDIUM,1,1,0,0,,17,1,0,0,,TRAIN,SYNTHETIC
CASE-00281,CMP-100281,1,1,RAPID,ACC-00563,ATM-021,17.328938,78.518753,2026-01-12T18:20:00.000Z,18335,TXN-0002368|TXN-0002369|TXN-0002370|TXN-0002371|TXN-0002372|TXN-0002373|TXN-0002374|TXN-0002375|TXN-0002376|TXN-0002377,1,80,20,2,0.8841,1,10,1,0.4167,10,17093.2,1,LOW,1,1,0,0,,17,1,0,0,,TRAIN,SYNTHETIC
CASE-00282,CMP-100282,0,0,NORMAL,ACC-00565,,,,,,TXN-0002378|TXN-0002379|TXN-0002380|TXN-0002381|TXN-0002382|TXN-0002383|TXN-0002384|TXN-0002385|TXN-0002386,1,,18,2,,0,9,0,0.375,9,10546.78,1,LOW,1,1,0,0,,18,1,0,,,TRAIN,SYNTHETIC
CASE-00283,CMP-100283,1,1,PROXIMITY,ACC-00567,ATM-062,13.001358,77.677303,2026-01-12T23:47:00.000Z,5862,TXN-0002387|TXN-0002388|TXN-0002389|TXN-0002390|TXN-0002391|TXN-0002392|TXN-0002393|TXN-0002394|TXN-0002395,1,287,18,2,0.8363,0,9,1,0.375,4.5763,12294.44,1,LOW,1,1,0,0,,20,1,0,0,,TRAIN,SYNTHETIC
CASE-00284,CMP-100284,1,1,DELAYED,ACC-00569,ATM-030,16.603505,80.568206,2026-01-15T16:54:00.000Z,18788,TXN-0002396|TXN-0002397|TXN-0002398|TXN-0002399|TXN-0002400|TXN-0002401|TXN-0002402|TXN-0002403|TXN-0002404|TXN-0002405,1,4134,20,2,0.9196,0,10,1,0.4167,0.4545,10971.8,1,LOW,1,1,0,0,,18,2,0,0,,TRAIN,SYNTHETIC
CASE-00285,CMP-100285,0,0,NORMAL,ACC-00571,,,,,,TXN-0002406|TXN-0002407|TXN-0002408|TXN-0002409|TXN-0002410|TXN-0002411|TXN-0002412|TXN-0002413,1,,16,2,,0,8,0,0.3333,8,15719.38,1,MEDIUM,1,1,0,0,,21,1,0,,,TRAIN,SYNTHETIC
CASE-00286,CMP-100286,0,0,NORMAL,ACC-00573,,,,,,TXN-0002414|TXN-0002415|TXN-0002416|TXN-0002417|TXN-0002418|TXN-0002419|TXN-0002420|TXN-0002421,0,,16,1,,0,8,0,0.3333,8,13069.13,1,HIGH,1,1,0,0,,22,1,0,,,TRAIN,SYNTHETIC
CASE-00287,CMP-100287,1,1,MULTI_HOP,ACC-00575,ATM-020,12.984052,77.61588,2026-01-13T03:21:00.000Z,37466,TXN-0002422|TXN-0002423|TXN-0002424|TXN-0002425|TXN-0002426|TXN-0002427|TXN-0002428|TXN-0002429|TXN-0002430|TXN-0002431,3,261,18,4,0.6924,0,10,3,0.4167,3.125,33052.6,1,LOW,1,1,0,0,,2,2,0,130,,TRAIN,SYNTHETIC
CASE-00288,CMP-100288,1,1,PROXIMITY,ACC-00577,ATM-097,13.136297,80.17248,2026-01-13T02:59:00.000Z,30515,TXN-0002432|TXN-0002433|TXN-0002434|TXN-0002435|TXN-0002436|TXN-0002437|TXN-0002438,1,179,14,2,0.8821,0,7,1,0.2917,4.6154,22966.86,1,LOW,1,1,0,0,,1,2,0,0,,TRAIN,SYNTHETIC
CASE-00289,CMP-100289,0,0,NORMAL,ACC-00579,,,,,,TXN-0002439|TXN-0002440|TXN-0002441|TXN-0002442|TXN-0002443|TXN-0002444|TXN-0002445|TXN-0002446,0,,16,1,,0,8,0,0.3333,8,8245.88,1,LOW,1,1,0,0,,1,2,0,,,TRAIN,SYNTHETIC
CASE-00290,CMP-100290,0,0,NORMAL,ACC-00581,,,,,,TXN-0002447|TXN-0002448|TXN-0002449|TXN-0002450|TXN-0002451|TXN-0002452|TXN-0002453|TXN-0002454,1,,16,2,,0,8,0,0.3333,8,12447.75,1,MEDIUM,1,1,0,0,,2,2,0,,,TRAIN,SYNTHETIC
CASE-00291,CMP-100291,0,0,NORMAL,ACC-00583,,,,,,TXN-0002455|TXN-0002456|TXN-0002457|TXN-0002458|TXN-0002459|TXN-0002460|TXN-0002461|TXN-0002462|TXN-0002463,1,,18,2,,0,9,0,0.375,9,12612.67,1,LOW,1,1,0,0,,3,2,0,,,TRAIN,SYNTHETIC
CASE-00292,CMP-100292,1,0,MULTI_HOP,ACC-00585,,,,,,TXN-0002464|TXN-0002465|TXN-0002466|TXN-0002467|TXN-0002468|TXN-0002469|TXN-0002470|TXN-0002471|TXN-0002472,3,,16,4,0.7731,0,9,3,0.375,2.0532,28170.78,1,LOW,1,1,0,0,,8,2,0,196,,TRAIN,SYNTHETIC
CASE-00293,CMP-100293,0,0,NORMAL,ACC-00587,,,,,,TXN-0002473|TXN-0002474|TXN-0002475|TXN-0002476|TXN-0002477|TXN-0002478|TXN-0002479|TXN-0002480|TXN-0002481|TXN-0002482,0,,20,1,,0,10,0,0.4167,10,10857.2,1,LOW,1,1,0,0,,5,2,0,,,TRAIN,SYNTHETIC
CASE-00294,CMP-100294,1,1,DELAYED,ACC-00589,ATM-063,17.474796,78.422678,2026-01-14T14:12:00.000Z,38972,TXN-0002483|TXN-0002484|TXN-0002485|TXN-0002486|TXN-0002487|TXN-0002488|TXN-0002489|TXN-0002490|TXN-0002491,1,1932,18,2,0.9312,0,9,1,0.375,0.6923,18126.33,1,LOW,1,1,0,0,,19,2,0,0,,VALIDATION,SYNTHETIC
CASE-00295,CMP-100295,1,1,MULTI_CANDIDATE,ACC-00591,ATM-019,12.980937,80.172006,2026-01-13T08:40:00.000Z,50762,TXN-0002492|TXN-0002493|TXN-0002494|TXN-0002495|TXN-0002496|TXN-0002497|TXN-0002498,1,100,14,2,0.9392,0,7,1,0.2917,7,24097.71,1,MEDIUM,1,1,0,0,,7,2,0,0,,VALIDATION,SYNTHETIC
CASE-00296,CMP-100296,1,1,RAPID,ACC-00593,ATM-038,12.88813,77.70364,2026-01-13T09:14:00.000Z,19332,TXN-0002499|TXN-0002500|TXN-0002501|TXN-0002502|TXN-0002503|TXN-0002504|TXN-0002505|TXN-0002506|TXN-0002507,1,74,18,2,0.84,1,9,1,0.375,9,12398.67,1,LOW,1,1,0,0,,8,2,0,0,,VALIDATION,SYNTHETIC
CASE-00297,CMP-100297,0,0,NORMAL,ACC-00595,,,,,,TXN-0002508|TXN-0002509|TXN-0002510|TXN-0002511|TXN-0002512|TXN-0002513|TXN-0002514,1,,14,2,,0,7,0,0.2917,7,7589,1,HIGH,1,1,0,0,,9,2,0,,,TEST,SYNTHETIC
CASE-00298,CMP-100298,1,0,PROXIMITY,ACC-00597,,,,,,TXN-0002515|TXN-0002516|TXN-0002517|TXN-0002518|TXN-0002519|TXN-0002520|TXN-0002521|TXN-0002522|TXN-0002523|TXN-0002524|TXN-0002525,1,,22,2,0.907,0,11,1,0.4583,8.9189,21018.55,1,LOW,1,1,0,0,,11,2,0,0,,TEST,SYNTHETIC
CASE-00299,CMP-100299,0,0,NORMAL,ACC-00599,,,,,,TXN-0002526|TXN-0002527|TXN-0002528|TXN-0002529|TXN-0002530|TXN-0002531|TXN-0002532|TXN-0002533,0,,16,1,,0,8,0,0.3333,8,12875.13,1,LOW,1,1,0,0,,11,2,0,,,TEST,SYNTHETIC
CASE-00300,CMP-100300,1,1,MULTI_CANDIDATE,ACC-00601,ATM-025,13.035226,80.225158,2026-01-13T15:31:00.000Z,28118,TXN-0002534|TXN-0002535|TXN-0002536|TXN-0002537|TXN-0002538|TXN-0002539|TXN-0002540|TXN-0002541|TXN-0002542|TXN-0002543,1,211,20,2,0.894,0,10,1,0.4167,10,17842,1,MEDIUM,1,1,0,0,,13,2,0,0,,TRAIN,SYNTHETIC
CASE-00301,CMP-100301,1,1,RAPID,ACC-00603,ATM-104,12.959919,77.677844,2026-01-13T13:54:00.000Z,6153,TXN-0002544|TXN-0002545|TXN-0002546|TXN-0002547|TXN-0002548|TXN-0002549|TXN-0002550|TXN-0002551|TXN-0002552|TXN-0002553|TXN-0002554,1,54,22,2,0.8757,1,11,1,0.4583,11,7933.64,1,LOW,1,1,0,0,,13,2,0,0,,TRAIN,SYNTHETIC
CASE-00302,CMP-100302,0,0,NORMAL,ACC-00605,,,,,,TXN-0002555|TXN-0002556|TXN-0002557|TXN-0002558|TXN-0002559|TXN-0002560|TXN-0002561,1,,14,2,,0,7,0,0.2917,7,13054.57,1,LOW,1,1,0,0,,14,2,0,,,TRAIN,SYNTHETIC
CASE-00303,CMP-100303,0,0,NORMAL,ACC-00607,,,,,,TXN-0002562|TXN-0002563|TXN-0002564|TXN-0002565|TXN-0002566|TXN-0002567|TXN-0002568|TXN-0002569|TXN-0002570,1,,18,2,,0,9,0,0.375,9,12699.89,1,LOW,1,1,0,0,,15,2,0,,,TRAIN,SYNTHETIC
CASE-00304,CMP-100304,1,1,DELAYED,ACC-00609,ATM-064,11.039665,76.953433,2026-01-14T20:42:00.000Z,10900,TXN-0002571|TXN-0002572|TXN-0002573|TXN-0002574|TXN-0002575|TXN-0002576|TXN-0002577|TXN-0002578|TXN-0002579,0,1722,18,1,1,0,9,0,0.375,9,7951.56,1,LOW,1,1,0,0,,16,2,0,,,TRAIN,SYNTHETIC
CASE-00305,CMP-100305,1,1,MULTI_CANDIDATE,ACC-00611,ATM-001,13.104943,80.259324,2026-01-13T19:07:00.000Z,17364,TXN-0002580|TXN-0002581|TXN-0002582|TXN-0002583|TXN-0002584|TXN-0002585|TXN-0002586|TXN-0002587,1,127,16,2,0.9256,0,8,1,0.3333,7.3846,14952.63,1,MEDIUM,1,1,0,0,,18,2,0,0,,TRAIN,SYNTHETIC
CASE-00306,CMP-100306,1,1,RAPID,ACC-00613,ATM-069,17.323597,78.595274,2026-01-13T19:19:00.000Z,24023,TXN-0002588|TXN-0002589|TXN-0002590|TXN-0002591|TXN-0002592|TXN-0002593|TXN-0002594,1,79,14,2,0.9097,1,7,1,0.2917,7,15099.14,1,LOW,1,1,0,0,,18,2,0,0,,TRAIN,SYNTHETIC
CASE-00307,CMP-100307,1,1,MULTI_HOP,ACC-00615,ATM-038,12.88813,77.70364,2026-01-13T22:25:00.000Z,19425,TXN-0002595|TXN-0002596|TXN-0002597|TXN-0002598|TXN-0002599|TXN-0002600|TXN-0002601|TXN-0002602|TXN-0002603|TXN-0002604,2,205,19,3,0.7587,0,10,2,0.4167,5.1282,15312.3,1,LOW,1,1,0,0,,20,2,0,94,,TRAIN,SYNTHETIC
CASE-00308,CMP-100308,1,1,PROXIMITY,ACC-00617,ATM-117,17.449586,78.549354,2026-01-13T22:32:00.000Z,28432,TXN-0002605|TXN-0002606|TXN-0002607|TXN-0002608|TXN-0002609|TXN-0002610|TXN-0002611|TXN-0002612|TXN-0002613|TXN-0002614,1,152,20,2,0.858,0,10,1,0.4167,10,14903.2,1,HIGH,1,1,0,0,,20,2,0,0,,TRAIN,SYNTHETIC
CASE-00309,CMP-100309,1,1,DELAYED,ACC-00619,ATM-048,16.549479,80.606927,2026-01-15T09:13:00.000Z,37114,TXN-0002615|TXN-0002616|TXN-0002617|TXN-0002618|TXN-0002619|TXN-0002620|TXN-0002621,0,2173,14,1,1,0,7,0,0.2917,7,8809.57,1,LOW,1,1,0,0,,21,2,0,,,TRAIN,SYNTHETIC
CASE-00310,CMP-100310,0,0,NORMAL,ACC-00621,,,,,,TXN-0002622|TXN-0002623|TXN-0002624|TXN-0002625|TXN-0002626|TXN-0002627|TXN-0002628|TXN-0002629|TXN-0002630,0,,18,1,,0,9,0,0.375,9,12463.67,1,MEDIUM,1,1,0,0,,22,2,0,,,TRAIN,SYNTHETIC
CASE-00311,CMP-100311,0,0,NORMAL,ACC-00623,,,,,,TXN-0002631|TXN-0002632|TXN-0002633|TXN-0002634|TXN-0002635|TXN-0002636|TXN-0002637|TXN-0002638,0,,16,1,,0,8,0,0.3333,8,11218.88,1,LOW,1,1,0,0,,23,2,0,,,TRAIN,SYNTHETIC
CASE-00312,CMP-100312,1,1,MULTI_HOP,ACC-00625,ATM-113,18.442334,73.806782,2026-01-14T06:11:00.000Z,38783,TXN-0002639|TXN-0002640|TXN-0002641|TXN-0002642|TXN-0002643|TXN-0002644|TXN-0002645|TXN-0002646|TXN-0002647|TXN-0002648|TXN-0002649,2,371,21,3,0.7479,0,11,2,0.4583,2.6087,24067.82,1,LOW,1,1,0,0,,4,3,0,145,,TRAIN,SYNTHETIC
CASE-00313,CMP-100313,0,0,NORMAL,ACC-00627,,,,,,TXN-0002650|TXN-0002651|TXN-0002652|TXN-0002653|TXN-0002654|TXN-0002655|TXN-0002656,0,,14,1,,0,7,0,0.2917,7,12694,1,LOW,1,1,0,0,,1,3,0,,,TRAIN,SYNTHETIC
CASE-00314,CMP-100314,0,0,NORMAL,ACC-00629,,,,,,TXN-0002657|TXN-0002658|TXN-0002659|TXN-0002660|TXN-0002661|TXN-0002662|TXN-0002663|TXN-0002664|TXN-0002665|TXN-0002666,0,,20,1,,0,10,0,0.4167,10,9708.4,1,LOW,1,1,0,0,,2,3,0,,,VALIDATION,SYNTHETIC
CASE-00315,CMP-100315,1,1,MULTI_CANDIDATE,ACC-00631,ATM-039,17.398816,78.578246,2026-01-14T07:27:00.000Z,15196,TXN-0002667|TXN-0002668|TXN-0002669|TXN-0002670|TXN-0002671|TXN-0002672|TXN-0002673|TXN-0002674,1,267,16,2,0.9103,0,8,1,0.3333,3.0968,12420.75,1,MEDIUM,1,1,0,0,,5,3,0,0,,VALIDATION,SYNTHETIC
CASE-00316,CMP-100316,0,0,NORMAL,ACC-00633,,,,,,TXN-0002675|TXN-0002676|TXN-0002677|TXN-0002678|TXN-0002679|TXN-0002680|TXN-0002681|TXN-0002682|TXN-0002683,0,,18,1,,0,9,0,0.375,9,10398.22,1,LOW,1,1,0,0,,4,3,0,,,VALIDATION,SYNTHETIC
CASE-00317,CMP-100317,1,1,MULTI_HOP,ACC-00635,ATM-049,13.145607,80.359751,2026-01-14T10:40:00.000Z,12539,TXN-0002684|TXN-0002685|TXN-0002686|TXN-0002687|TXN-0002688|TXN-0002689|TXN-0002690|TXN-0002691|TXN-0002692|TXN-0002693|TXN-0002694|TXN-0002695|TXN-0002696,3,340,24,4,0.7068,0,13,3,0.5417,3.0233,17612.23,1,LOW,1,1,0,0,,9,3,0,201,,TEST,SYNTHETIC
CASE-00318,CMP-100318,0,0,NORMAL,ACC-00637,,,,,,TXN-0002697|TXN-0002698|TXN-0002699|TXN-0002700|TXN-0002701|TXN-0002702|TXN-0002703|TXN-0002704|TXN-0002705,0,,18,1,,0,9,0,0.375,9,13534,1,LOW,1,1,0,0,,6,3,0,,,TEST,SYNTHETIC
CASE-00319,CMP-100319,1,1,DELAYED,ACC-00639,ATM-096,16.585286,80.723502,2026-01-15T13:33:00.000Z,6982,TXN-0002706|TXN-0002707|TXN-0002708|TXN-0002709|TXN-0002710|TXN-0002711|TXN-0002712,1,1833,14,2,0.9327,0,7,1,0.2917,0.875,12849.29,1,HIGH,1,1,0,0,,15,3,0,0,,TEST,SYNTHETIC
CASE-00320,CMP-100320,0,0,NORMAL,ACC-00641,,,,,,TXN-0002713|TXN-0002714|TXN-0002715|TXN-0002716|TXN-0002717|TXN-0002718|TXN-0002719|TXN-0002720|TXN-0002721|TXN-0002722,1,,20,2,,0,10,0,0.4167,10,9858.3,1,MEDIUM,1,1,0,0,,8,3,0,,,TRAIN,SYNTHETIC
CASE-00321,CMP-100321,0,0,NORMAL,ACC-00643,,,,,,TXN-0002723|TXN-0002724|TXN-0002725|TXN-0002726|TXN-0002727|TXN-0002728|TXN-0002729,1,,14,2,,0,7,0,0.2917,7,12167.43,1,LOW,1,1,0,0,,9,3,0,,,TRAIN,SYNTHETIC
CASE-00322,CMP-100322,0,0,NORMAL,ACC-00645,,,,,,TXN-0002730|TXN-0002731|TXN-0002732|TXN-0002733|TXN-0002734|TXN-0002735|TXN-0002736|TXN-0002737|TXN-0002738|TXN-0002739,0,,20,1,,0,10,0,0.4167,10,12080.2,1,LOW,1,1,0,0,,10,3,0,,,TRAIN,SYNTHETIC
CASE-00323,CMP-100323,0,0,NORMAL,ACC-00647,,,,,,TXN-0002740|TXN-0002741|TXN-0002742|TXN-0002743|TXN-0002744|TXN-0002745|TXN-0002746|TXN-0002747,1,,16,2,,0,8,0,0.3333,8,10288.88,1,LOW,1,1,0,0,,11,3,0,,,TRAIN,SYNTHETIC
CASE-00324,CMP-100324,0,0,NORMAL,ACC-00649,,,,,,TXN-0002748|TXN-0002749|TXN-0002750|TXN-0002751|TXN-0002752|TXN-0002753|TXN-0002754,0,,14,1,,0,7,0,0.2917,7,10279.43,1,LOW,1,1,0,0,,12,3,0,,,TRAIN,SYNTHETIC
CASE-00325,CMP-100325,0,0,NORMAL,ACC-00651,,,,,,TXN-0002755|TXN-0002756|TXN-0002757|TXN-0002758|TXN-0002759|TXN-0002760|TXN-0002761|TXN-0002762|TXN-0002763|TXN-0002764,0,,20,1,,0,10,0,0.4167,10,8649.9,1,MEDIUM,1,1,0,0,,13,3,0,,,TRAIN,SYNTHETIC
CASE-00326,CMP-100326,0,0,NORMAL,ACC-00653,,,,,,TXN-0002765|TXN-0002766|TXN-0002767|TXN-0002768|TXN-0002769|TXN-0002770|TXN-0002771|TXN-0002772|TXN-0002773,0,,18,1,,0,9,0,0.375,9,12851.89,1,LOW,1,1,0,0,,14,3,0,,,TRAIN,SYNTHETIC
CASE-00327,CMP-100327,1,1,MULTI_HOP,ACC-00655,ATM-032,12.940898,77.590579,2026-01-14T21:56:00.000Z,15813,TXN-0002774|TXN-0002775|TXN-0002776|TXN-0002777|TXN-0002778|TXN-0002779|TXN-0002780|TXN-0002781|TXN-0002782|TXN-0002783|TXN-0002784|TXN-0002785|TXN-0002786,3,416,24,4,0.69,0,13,3,0.5417,2.508,19223.08,1,LOW,1,1,0,0,,20,3,0,213,,TRAIN,SYNTHETIC
CASE-00328,CMP-100328,0,0,NORMAL,ACC-00657,,,,,,TXN-0002787|TXN-0002788|TXN-0002789|TXN-0002790|TXN-0002791|TXN-0002792|TXN-0002793|TXN-0002794|TXN-0002795,0,,18,1,,0,9,0,0.375,9,13105.67,1,LOW,1,1,0,0,,16,3,0,,,TRAIN,SYNTHETIC
CASE-00329,CMP-100329,0,0,NORMAL,ACC-00659,,,,,,TXN-0002796|TXN-0002797|TXN-0002798|TXN-0002799|TXN-0002800|TXN-0002801|TXN-0002802|TXN-0002803|TXN-0002804|TXN-0002805,0,,20,1,,0,10,0,0.4167,10,10484.5,1,LOW,1,1,0,0,,17,3,0,,,TRAIN,SYNTHETIC
CASE-00330,CMP-100330,1,1,MULTI_CANDIDATE,ACC-00661,ATM-041,18.484532,73.877873,2026-01-14T20:32:00.000Z,26114,TXN-0002806|TXN-0002807|TXN-0002808|TXN-0002809|TXN-0002810|TXN-0002811|TXN-0002812|TXN-0002813,1,152,16,2,0.8879,0,8,1,0.3333,5.7143,18878.38,1,HIGH,1,1,0,0,,19,3,0,0,,TRAIN,SYNTHETIC
CASE-00331,CMP-100331,1,1,RAPID,ACC-00663,ATM-030,16.603505,80.568206,2026-01-14T20:59:00.000Z,7618,TXN-0002814|TXN-0002815|TXN-0002816|TXN-0002817|TXN-0002818|TXN-0002819|TXN-0002820|TXN-0002821|TXN-0002822,1,119,18,2,0.8364,1,9,1,0.375,9,14023.22,1,LOW,1,1,0,0,,19,3,0,0,,TRAIN,SYNTHETIC
CASE-00332,CMP-100332,1,1,MULTI_HOP,ACC-00665,ATM-094,10.992522,76.965846,2026-01-15T01:14:00.000Z,40762,TXN-0002823|TXN-0002824|TXN-0002825|TXN-0002826|TXN-0002827|TXN-0002828|TXN-0002829|TXN-0002830|TXN-0002831|TXN-0002832|TXN-0002833|TXN-0002834|TXN-0002835,3,314,24,4,0.7342,0,13,3,0.5417,3.8235,25117.54,1,LOW,1,1,0,0,,23,3,0,184,,TRAIN,SYNTHETIC
CASE-00333,CMP-100333,0,0,NORMAL,ACC-00667,,,,,,TXN-0002836|TXN-0002837|TXN-0002838|TXN-0002839|TXN-0002840|TXN-0002841,0,,12,1,,0,6,0,0.25,6,12503,1,LOW,1,1,0,0,,21,3,0,,,TRAIN,SYNTHETIC
CASE-00334,CMP-100334,1,1,DELAYED,ACC-00669,ATM-074,12.953638,77.63555,2026-01-18T05:26:00.000Z,7260,TXN-0002842|TXN-0002843|TXN-0002844|TXN-0002845|TXN-0002846|TXN-0002847|TXN-0002848|TXN-0002849|TXN-0002850,1,4766,18,2,0.8755,0,9,1,0.375,0.3,12956.78,1,LOW,1,1,0,0,,4,5,0,0,,VALIDATION,SYNTHETIC
CASE-00335,CMP-100335,1,1,MULTI_CANDIDATE,ACC-00671,ATM-109,12.977093,80.179511,2026-01-15T02:52:00.000Z,40172,TXN-0002851|TXN-0002852|TXN-0002853|TXN-0002854|TXN-0002855|TXN-0002856|TXN-0002857,1,232,14,2,0.8494,0,7,1,0.2917,4.0385,17885.29,1,MEDIUM,1,1,0,0,,0,4,0,0,,VALIDATION,SYNTHETIC
CASE-00336,CMP-100336,1,1,RAPID,ACC-00673,ATM-027,17.424769,78.529179,2026-01-15T00:52:00.000Z,53110,TXN-0002858|TXN-0002859|TXN-0002860|TXN-0002861|TXN-0002862|TXN-0002863|TXN-0002864|TXN-0002865,1,52,16,2,0.9177,1,8,1,0.3333,8,20549.5,1,LOW,1,1,0,0,,0,4,0,0,,VALIDATION,SYNTHETIC
CASE-00337,CMP-100337,0,0,NORMAL,ACC-00675,,,,,,TXN-0002866|TXN-0002867|TXN-0002868|TXN-0002869|TXN-0002870|TXN-0002871|TXN-0002872,0,,14,1,,0,7,0,0.2917,7,9405.29,1,LOW,1,1,0,0,,1,4,0,,,TEST,SYNTHETIC
CASE-00338,CMP-100338,0,0,NORMAL,ACC-00677,,,,,,TXN-0002873|TXN-0002874|TXN-0002875|TXN-0002876|TXN-0002877|TXN-0002878|TXN-0002879|TXN-0002880,0,,16,1,,0,8,0,0.3333,8,13474.88,1,LOW,1,1,0,0,,2,4,0,,,TEST,SYNTHETIC
CASE-00339,CMP-100339,1,1,DELAYED,ACC-00679,ATM-063,17.474796,78.422678,2026-01-17T18:23:00.000Z,46383,TXN-0002881|TXN-0002882|TXN-0002883|TXN-0002884|TXN-0002885|TXN-0002886|TXN-0002887|TXN-0002888|TXN-0002889|TXN-0002890,1,3803,20,2,0.8934,0,10,1,0.4167,0.4348,22661.4,1,LOW,1,1,0,0,,2,5,0,0,,TEST,SYNTHETIC
CASE-00340,CMP-100340,0,0,NORMAL,ACC-00681,,,,,,TXN-0002891|TXN-0002892|TXN-0002893|TXN-0002894|TXN-0002895|TXN-0002896|TXN-0002897,1,,14,2,,0,7,0,0.2917,7,8387.86,1,MEDIUM,1,1,0,0,,4,4,0,,,TRAIN,SYNTHETIC
CASE-00341,CMP-100341,0,0,NORMAL,ACC-00683,,,,,,TXN-0002898|TXN-0002899|TXN-0002900|TXN-0002901|TXN-0002902|TXN-0002903,0,,12,1,,0,6,0,0.25,6,13143.67,1,HIGH,1,1,0,0,,5,4,0,,,TRAIN,SYNTHETIC
CASE-00342,CMP-100342,0,0,NORMAL,ACC-00685,,,,,,TXN-0002904|TXN-0002905|TXN-0002906|TXN-0002907|TXN-0002908|TXN-0002909|TXN-0002910,1,,14,2,,0,7,0,0.2917,7,8618,1,LOW,1,1,0,0,,6,4,0,,,TRAIN,SYNTHETIC
CASE-00343,CMP-100343,0,0,NORMAL,ACC-00687,,,,,,TXN-0002911|TXN-0002912|TXN-0002913|TXN-0002914|TXN-0002915|TXN-0002916|TXN-0002917,1,,14,2,,0,7,0,0.2917,7,12556.29,1,LOW,1,1,0,0,,7,4,0,,,TRAIN,SYNTHETIC
CASE-00344,CMP-100344,1,0,DELAYED,ACC-00689,,,,,,TXN-0002918|TXN-0002919|TXN-0002920|TXN-0002921|TXN-0002922|TXN-0002923|TXN-0002924|TXN-0002925|TXN-0002926|TXN-0002927,0,,20,1,1,0,10,0,0.4167,10,9399.9,1,LOW,1,1,0,0,,8,4,0,,,TRAIN,SYNTHETIC
CASE-00345,CMP-100345,0,0,NORMAL,ACC-00691,,,,,,TXN-0002928|TXN-0002929|TXN-0002930|TXN-0002931|TXN-0002932|TXN-0002933,0,,12,1,,0,6,0,0.25,6,12770.67,1,MEDIUM,1,1,0,0,,9,4,0,,,TRAIN,SYNTHETIC
CASE-00346,CMP-100346,0,0,NORMAL,ACC-00693,,,,,,TXN-0002934|TXN-0002935|TXN-0002936|TXN-0002937|TXN-0002938|TXN-0002939|TXN-0002940|TXN-0002941,0,,16,1,,0,8,0,0.3333,8,6686.88,1,LOW,1,1,0,0,,10,4,0,,,TRAIN,SYNTHETIC
CASE-00347,CMP-100347,0,0,NORMAL,ACC-00695,,,,,,TXN-0002942|TXN-0002943|TXN-0002944|TXN-0002945|TXN-0002946|TXN-0002947|TXN-0002948|TXN-0002949|TXN-0002950,1,,18,2,,0,9,0,0.375,9,12671.56,1,LOW,1,1,0,0,,11,4,0,,,TRAIN,SYNTHETIC
CASE-00348,CMP-100348,0,0,NORMAL,ACC-00697,,,,,,TXN-0002951|TXN-0002952|TXN-0002953|TXN-0002954|TXN-0002955|TXN-0002956|TXN-0002957|TXN-0002958,0,,16,1,,0,8,0,0.3333,8,9157.75,1,LOW,1,1,0,0,,12,4,0,,,TRAIN,SYNTHETIC
CASE-00349,CMP-100349,1,1,DELAYED,ACC-00699,ATM-069,17.323597,78.595274,2026-01-16T04:22:00.000Z,21599,TXN-0002959|TXN-0002960|TXN-0002961|TXN-0002962|TXN-0002963|TXN-0002964|TXN-0002965|TXN-0002966,0,922,16,1,1,0,8,0,0.3333,8,16388.63,1,LOW,1,1,0,0,,13,4,0,,,TRAIN,SYNTHETIC
CASE-00350,CMP-100350,0,0,NORMAL,ACC-00701,,,,,,TXN-0002967|TXN-0002968|TXN-0002969|TXN-0002970|TXN-0002971|TXN-0002972,0,,12,1,,0,6,0,0.25,6,11028,1,MEDIUM,1,1,0,0,,14,4,0,,,TRAIN,SYNTHETIC
CASE-00351,CMP-100351,1,1,RAPID,ACC-00703,ATM-069,17.323597,78.595274,2026-01-15T18:02:00.000Z,46881,TXN-0002973|TXN-0002974|TXN-0002975|TXN-0002976|TXN-0002977|TXN-0002978|TXN-0002979|TXN-0002980,1,182,15,2,0.822,1,8,1,0.3333,8,21599.75,1,LOW,1,1,0,0,,15,4,0,0,,TRAIN,SYNTHETIC
CASE-00352,CMP-100352,1,1,MULTI_HOP,ACC-00705,ATM-047,18.475504,73.768893,2026-01-15T21:00:00.000Z,40568,TXN-0002981|TXN-0002982|TXN-0002983|TXN-0002984|TXN-0002985|TXN-0002986|TXN-0002987|TXN-0002988|TXN-0002989,3,300,14,4,0.6809,0,9,3,0.375,1.9853,39029.11,1.125,HIGH,1,1,0,0,,20,4,0,210,,TRAIN,SYNTHETIC
CASE-00353,CMP-100353,1,1,PROXIMITY,ACC-00707,ATM-072,16.519612,80.602351,2026-01-15T19:20:00.000Z,13732,TXN-0002990|TXN-0002991|TXN-0002992|TXN-0002993|TXN-0002994|TXN-0002995|TXN-0002996,1,140,14,2,0.9179,0,7,1,0.2917,5.8333,13688.71,1,LOW,1,1,0,0,,18,4,0,0,,TRAIN,SYNTHETIC
CASE-00354,CMP-100354,1,1,DELAYED,ACC-00709,ATM-106,11.113057,76.983507,2026-01-17T05:16:00.000Z,6653,TXN-0002997|TXN-0002998|TXN-0002999|TXN-0003000|TXN-0003001|TXN-0003002|TXN-0003003|TXN-0003004|TXN-0003005|TXN-0003006,0,2116,20,1,1,0,10,0,0.4167,10,11956.7,1,LOW,1,1,0,0,,18,4,0,,,VALIDATION,SYNTHETIC
CASE-00355,CMP-100355,0,0,NORMAL,ACC-00711,,,,,,TXN-0003007|TXN-0003008|TXN-0003009|TXN-0003010|TXN-0003011|TXN-0003012|TXN-0003013,0,,14,1,,0,7,0,0.2917,7,10002.57,1,MEDIUM,1,1,0,0,,19,4,0,,,VALIDATION,SYNTHETIC
CASE-00356,CMP-100356,0,0,NORMAL,ACC-00713,,,,,,TXN-0003014|TXN-0003015|TXN-0003016|TXN-0003017|TXN-0003018|TXN-0003019|TXN-0003020,0,,14,1,,0,7,0,0.2917,7,13341.43,1,LOW,1,1,0,0,,20,4,0,,,VALIDATION,SYNTHETIC
CASE-00357,CMP-100357,0,0,NORMAL,ACC-00715,,,,,,TXN-0003021|TXN-0003022|TXN-0003023|TXN-0003024|TXN-0003025|TXN-0003026|TXN-0003027|TXN-0003028|TXN-0003029,1,,18,2,,0,9,0,0.375,9,14664.89,1,LOW,1,1,0,0,,21,4,0,,,TEST,SYNTHETIC
CASE-00358,CMP-100358,0,0,NORMAL,ACC-00717,,,,,,TXN-0003030|TXN-0003031|TXN-0003032|TXN-0003033|TXN-0003034|TXN-0003035|TXN-0003036,0,,14,1,,0,7,0,0.2917,7,13487.86,1,LOW,1,1,0,0,,22,4,0,,,TEST,SYNTHETIC
CASE-00359,CMP-100359,0,0,NORMAL,ACC-00719,,,,,,TXN-0003037|TXN-0003038|TXN-0003039|TXN-0003040|TXN-0003041|TXN-0003042,1,,12,2,,0,6,0,0.25,6,11758.33,1,LOW,1,1,0,0,,23,4,0,,,TEST,SYNTHETIC
CASE-00360,CMP-100360,0,0,NORMAL,ACC-00721,,,,,,TXN-0003043|TXN-0003044|TXN-0003045|TXN-0003046|TXN-0003047|TXN-0003048|TXN-0003049|TXN-0003050|TXN-0003051,0,,18,1,,0,9,0,0.375,9,14708.44,1,MEDIUM,1,1,0,0,,0,5,0,,,TRAIN,SYNTHETIC
CASE-00361,CMP-100361,1,1,RAPID,ACC-00723,ATM-062,13.001358,77.677303,2026-01-16T02:16:00.000Z,52542,TXN-0003052|TXN-0003053|TXN-0003054|TXN-0003055|TXN-0003056|TXN-0003057|TXN-0003058|TXN-0003059|TXN-0003060|TXN-0003061,1,76,20,2,0.8928,1,10,1,0.4167,10,21705.6,1,LOW,1,1,0,0,,1,5,0,0,,TRAIN,SYNTHETIC
CASE-00362,CMP-100362,1,1,MULTI_HOP,ACC-00725,ATM-013,13.03143,80.174292,2026-01-16T05:25:00.000Z,33638,TXN-0003062|TXN-0003063|TXN-0003064|TXN-0003065|TXN-0003066|TXN-0003067|TXN-0003068|TXN-0003069|TXN-0003070|TXN-0003071,2,205,19,3,0.7635,0,10,2,0.4167,5.4054,21717.3,1,LOW,1,1,0,0,,3,5,0,55,,TRAIN,SYNTHETIC
CASE-00363,CMP-100363,1,1,PROXIMITY,ACC-00727,ATM-022,10.952892,76.912599,2026-01-16T07:02:00.000Z,49746,TXN-0003072|TXN-0003073|TXN-0003074|TXN-0003075|TXN-0003076|TXN-0003077|TXN-0003078,1,242,14,2,0.8853,0,7,1,0.2917,3.2061,22552.86,1,HIGH,1,1,0,0,,5,5,0,0,,TRAIN,SYNTHETIC
CASE-00364,CMP-100364,0,0,NORMAL,ACC-00729,,,,,,TXN-0003079|TXN-0003080|TXN-0003081|TXN-0003082|TXN-0003083|TXN-0003084,1,,12,2,,0,6,0,0.25,6,12278.83,1,LOW,1,1,0,0,,4,5,0,,,TRAIN,SYNTHETIC
CASE-00365,CMP-100365,0,0,NORMAL,ACC-00731,,,,,,TXN-0003085|TXN-0003086|TXN-0003087|TXN-0003088|TXN-0003089|TXN-0003090|TXN-0003091|TXN-0003092|TXN-0003093|TXN-0003094,1,,20,2,,0,10,0,0.4167,10,12176.2,1,MEDIUM,1,1,0,0,,5,5,0,,,TRAIN,SYNTHETIC
CASE-00366,CMP-100366,0,0,NORMAL,ACC-00733,,,,,,TXN-0003095|TXN-0003096|TXN-0003097|TXN-0003098|TXN-0003099|TXN-0003100|TXN-0003101|TXN-0003102,1,,16,2,,0,8,0,0.3333,8,15169.5,1,LOW,1,1,0,0,,6,5,0,,,TRAIN,SYNTHETIC
CASE-00367,CMP-100367,1,1,MULTI_HOP,ACC-00735,ATM-025,13.035226,80.225158,2026-01-16T10:04:00.000Z,5136,TXN-0003103|TXN-0003104|TXN-0003105|TXN-0003106|TXN-0003107|TXN-0003108|TXN-0003109|TXN-0003110|TXN-0003111|TXN-0003112,2,184,19,3,0.7604,0,10,2,0.4167,6.8182,11272.5,1,LOW,1,1,0,0,,8,5,0,48,,TRAIN,SYNTHETIC
CASE-00368,CMP-100368,1,1,PROXIMITY,ACC-00737,ATM-057,17.413359,78.571813,2026-01-16T11:55:00.000Z,45443,TXN-0003113|TXN-0003114|TXN-0003115|TXN-0003116|TXN-0003117|TXN-0003118|TXN-0003119|TXN-0003120|TXN-0003121|TXN-0003122|TXN-0003123,1,235,22,2,0.8861,0,11,1,0.4583,4,20770.27,1,LOW,1,1,0,0,,10,5,0,0,,TRAIN,SYNTHETIC
CASE-00369,CMP-100369,0,0,NORMAL,ACC-00739,,,,,,TXN-0003124|TXN-0003125|TXN-0003126|TXN-0003127|TXN-0003128|TXN-0003129|TXN-0003130|TXN-0003131|TXN-0003132,0,,18,1,,0,9,0,0.375,9,13023.89,1,LOW,1,1,0,0,,9,5,0,,,TRAIN,SYNTHETIC
CASE-00370,CMP-100370,0,0,NORMAL,ACC-00741,,,,,,TXN-0003133|TXN-0003134|TXN-0003135|TXN-0003136|TXN-0003137|TXN-0003138|TXN-0003139,1,,14,2,,0,7,0,0.2917,7,11004.29,1,MEDIUM,1,1,0,0,,10,5,0,,,TRAIN,SYNTHETIC
CASE-00371,CMP-100371,1,1,RAPID,ACC-00743,ATM-060,16.586214,80.619336,2026-01-16T13:13:00.000Z,36283,TXN-0003140|TXN-0003141|TXN-0003142|TXN-0003143|TXN-0003144|TXN-0003145|TXN-0003146|TXN-0003147,1,133,16,2,0.8229,1,8,1,0.3333,8,21217.13,1,LOW,1,1,0,0,,11,5,0,0,,TRAIN,SYNTHETIC
CASE-00372,CMP-100372,0,0,NORMAL,ACC-00745,,,,,,TXN-0003148|TXN-0003149|TXN-0003150|TXN-0003151|TXN-0003152|TXN-0003153|TXN-0003154|TXN-0003155|TXN-0003156,0,,18,1,,0,9,0,0.375,9,12942.33,1,LOW,1,1,0,0,,12,5,0,,,TRAIN,SYNTHETIC
CASE-00373,CMP-100373,1,1,PROXIMITY,ACC-00747,ATM-092,12.893851,77.620724,2026-01-16T17:06:00.000Z,36589,TXN-0003157|TXN-0003158|TXN-0003159|TXN-0003160|TXN-0003161|TXN-0003162|TXN-0003163|TXN-0003164|TXN-0003165|TXN-0003166|TXN-0003167,1,246,21,2,0.8977,0,11,1,0.4583,7.1739,17891.27,1.1,LOW,1,1,0,0,,14,5,0,0,,TRAIN,SYNTHETIC
CASE-00374,CMP-100374,0,0,NORMAL,ACC-00749,,,,,,TXN-0003168|TXN-0003169|TXN-0003170|TXN-0003171|TXN-0003172|TXN-0003173|TXN-0003174,0,,14,1,,0,7,0,0.2917,7,16415.14,1,HIGH,1,1,0,0,,14,5,0,,,VALIDATION,SYNTHETIC
CASE-00375,CMP-100375,0,0,NORMAL,ACC-00751,,,,,,TXN-0003175|TXN-0003176|TXN-0003177|TXN-0003178|TXN-0003179|TXN-0003180|TXN-0003181|TXN-0003182|TXN-0003183|TXN-0003184,1,,20,2,,0,10,0,0.4167,10,9791.2,1,MEDIUM,1,1,0,0,,15,5,0,,,VALIDATION,SYNTHETIC
CASE-00376,CMP-100376,1,1,RAPID,ACC-00753,ATM-005,18.600804,73.85061,2026-01-16T17:40:00.000Z,11560,TXN-0003185|TXN-0003186|TXN-0003187|TXN-0003188|TXN-0003189|TXN-0003190|TXN-0003191|TXN-0003192|TXN-0003193|TXN-0003194,1,100,20,2,0.9222,1,10,1,0.4167,10,13084.8,1,LOW,1,1,0,0,,16,5,0,0,,VALIDATION,SYNTHETIC
CASE-00377,CMP-100377,0,0,NORMAL,ACC-00755,,,,,,TXN-0003195|TXN-0003196|TXN-0003197|TXN-0003198|TXN-0003199|TXN-0003200|TXN-0003201|TXN-0003202|TXN-0003203,1,,18,2,,0,9,0,0.375,9,13503,1,LOW,1,1,0,0,,17,5,0,,,TEST,SYNTHETIC
CASE-00378,CMP-100378,0,0,NORMAL,ACC-00757,,,,,,TXN-0003204|TXN-0003205|TXN-0003206|TXN-0003207|TXN-0003208|TXN-0003209|TXN-0003210|TXN-0003211,1,,16,2,,0,8,0,0.3333,8,9951,1,LOW,1,1,0,0,,18,5,0,,,TEST,SYNTHETIC
CASE-00379,CMP-100379,0,0,NORMAL,ACC-00759,,,,,,TXN-0003212|TXN-0003213|TXN-0003214|TXN-0003215|TXN-0003216|TXN-0003217|TXN-0003218|TXN-0003219|TXN-0003220|TXN-0003221,0,,20,1,,0,10,0,0.4167,10,12823.5,1,LOW,1,1,0,0,,19,5,0,,,TEST,SYNTHETIC
CASE-00380,CMP-100380,0,0,NORMAL,ACC-00761,,,,,,TXN-0003222|TXN-0003223|TXN-0003224|TXN-0003225|TXN-0003226|TXN-0003227|TXN-0003228,0,,14,1,,0,7,0,0.2917,7,9843.43,1,MEDIUM,1,1,0,0,,20,5,0,,,TRAIN,SYNTHETIC
CASE-00381,CMP-100381,0,0,NORMAL,ACC-00763,,,,,,TXN-0003229|TXN-0003230|TXN-0003231|TXN-0003232|TXN-0003233|TXN-0003234|TXN-0003235|TXN-0003236|TXN-0003237,0,,18,1,,0,9,0,0.375,9,15300.89,1,LOW,1,1,0,0,,21,5,0,,,TRAIN,SYNTHETIC
CASE-00382,CMP-100382,0,0,NORMAL,ACC-00765,,,,,,TXN-0003238|TXN-0003239|TXN-0003240|TXN-0003241|TXN-0003242|TXN-0003243|TXN-0003244|TXN-0003245|TXN-0003246,0,,18,1,,0,9,0,0.375,9,7779.56,1,LOW,1,1,0,0,,22,5,0,,,TRAIN,SYNTHETIC
CASE-00383,CMP-100383,0,0,NORMAL,ACC-00767,,,,,,TXN-0003247|TXN-0003248|TXN-0003249|TXN-0003250|TXN-0003251|TXN-0003252|TXN-0003253|TXN-0003254,0,,16,1,,0,8,0,0.3333,8,13579.38,1,LOW,1,1,0,0,,23,5,0,,,TRAIN,SYNTHETIC
CASE-00384,CMP-100384,1,1,DELAYED,ACC-00769,ATM-120,16.499386,80.638993,2026-01-18T19:11:00.000Z,36323,TXN-0003255|TXN-0003256|TXN-0003257|TXN-0003258|TXN-0003259|TXN-0003260|TXN-0003261|TXN-0003262,0,2591,16,1,1,0,8,0,0.3333,8,11581.13,1,LOW,1,1,0,0,,0,6,0,,,TRAIN,SYNTHETIC
CASE-00385,CMP-100385,0,0,NORMAL,ACC-00771,,,,,,TXN-0003263|TXN-0003264|TXN-0003265|TXN-0003266|TXN-0003267|TXN-0003268,0,,12,1,,0,6,0,0.25,6,11828,1,HIGH,1,1,0,0,,1,6,0,,,TRAIN,SYNTHETIC
CASE-00386,CMP-100386,1,0,RAPID,ACC-00773,,,,,,TXN-0003269|TXN-0003270|TXN-0003271|TXN-0003272|TXN-0003273|TXN-0003274|TXN-0003275|TXN-0003276|TXN-0003277,1,,18,2,0.8704,1,9,1,0.375,9,16291,1,LOW,1,1,0,0,,2,6,0,0,,TRAIN,SYNTHETIC
CASE-00387,CMP-100387,0,0,NORMAL,ACC-00775,,,,,,TXN-0003278|TXN-0003279|TXN-0003280|TXN-0003281|TXN-0003282|TXN-0003283|TXN-0003284|TXN-0003285,1,,16,2,,0,8,0,0.3333,8,9974.13,1,LOW,1,1,0,0,,3,6,0,,,TRAIN,SYNTHETIC
CASE-00388,CMP-100388,0,0,NORMAL,ACC-00777,,,,,,TXN-0003286|TXN-0003287|TXN-0003288|TXN-0003289|TXN-0003290|TXN-0003291|TXN-0003292|TXN-0003293|TXN-0003294|TXN-0003295,0,,20,1,,0,10,0,0.4167,10,9288.5,1,LOW,1,1,0,0,,4,6,0,,,TRAIN,SYNTHETIC
CASE-00389,CMP-100389,0,0,NORMAL,ACC-00779,,,,,,TXN-0003296|TXN-0003297|TXN-0003298|TXN-0003299|TXN-0003300|TXN-0003301|TXN-0003302|TXN-0003303,1,,16,2,,0,8,0,0.3333,8,7965.38,1,LOW,1,1,0,0,,5,6,0,,,TRAIN,SYNTHETIC
CASE-00390,CMP-100390,1,1,MULTI_CANDIDATE,ACC-00781,ATM-047,18.475504,73.768893,2026-01-17T06:54:00.000Z,52339,TXN-0003304|TXN-0003305|TXN-0003306|TXN-0003307|TXN-0003308|TXN-0003309,0,54,12,1,1,0,6,0,0.25,6,10487,1,MEDIUM,1,1,0,0,,6,6,0,,,TRAIN,SYNTHETIC
CASE-00391,CMP-100391,0,0,NORMAL,ACC-00783,,,,,,TXN-0003310|TXN-0003311|TXN-0003312|TXN-0003313|TXN-0003314|TXN-0003315,1,,12,2,,0,6,0,0.25,6,12191.5,1,LOW,1,1,0,0,,7,6,0,,,TRAIN,SYNTHETIC
CASE-00392,CMP-100392,1,1,MULTI_HOP,ACC-00785,ATM-077,18.519358,73.881091,2026-01-17T12:51:00.000Z,40605,TXN-0003316|TXN-0003317|TXN-0003318|TXN-0003319|TXN-0003320|TXN-0003321|TXN-0003322|TXN-0003323|TXN-0003324|TXN-0003325|TXN-0003326|TXN-0003327|TXN-0003328,3,291,24,4,0.6366,0,13,3,0.5417,4.5882,31671.08,1,LOW,1,1,0,0,,10,6,0,68,,TRAIN,SYNTHETIC
CASE-00393,CMP-100393,0,0,NORMAL,ACC-00787,,,,,,TXN-0003329|TXN-0003330|TXN-0003331|TXN-0003332|TXN-0003333|TXN-0003334|TXN-0003335|TXN-0003336|TXN-0003337,0,,18,1,,0,9,0,0.375,9,13521.22,1,LOW,1,1,0,0,,9,6,0,,,TRAIN,SYNTHETIC
CASE-00394,CMP-100394,0,0,NORMAL,ACC-00789,,,,,,TXN-0003338|TXN-0003339|TXN-0003340|TXN-0003341|TXN-0003342|TXN-0003343|TXN-0003344|TXN-0003345|TXN-0003346|TXN-0003347,0,,20,1,,0,10,0,0.4167,10,7964.2,1,LOW,1,1,0,0,,10,6,0,,,VALIDATION,SYNTHETIC
CASE-00395,CMP-100395,0,0,NORMAL,ACC-00791,,,,,,TXN-0003348|TXN-0003349|TXN-0003350|TXN-0003351|TXN-0003352|TXN-0003353|TXN-0003354|TXN-0003355|TXN-0003356,1,,18,2,,0,9,0,0.375,9,11087.56,1,MEDIUM,1,1,0,0,,11,6,0,,,VALIDATION,SYNTHETIC
CASE-00396,CMP-100396,0,0,NORMAL,ACC-00793,,,,,,TXN-0003357|TXN-0003358|TXN-0003359|TXN-0003360|TXN-0003361|TXN-0003362|TXN-0003363|TXN-0003364|TXN-0003365|TXN-0003366,1,,20,2,,0,10,0,0.4167,10,10741.9,1,HIGH,1,1,0,0,,12,6,0,,,VALIDATION,SYNTHETIC
CASE-00397,CMP-100397,1,1,MULTI_HOP,ACC-00795,ATM-044,13.047088,77.637514,2026-01-17T18:11:00.000Z,34925,TXN-0003367|TXN-0003368|TXN-0003369|TXN-0003370|TXN-0003371|TXN-0003372|TXN-0003373|TXN-0003374|TXN-0003375|TXN-0003376|TXN-0003377|TXN-0003378,3,311,22,4,0.6225,0,12,3,0.5,3.3028,27859.75,1,LOW,1,1,0,0,,16,6,0,155,,TEST,SYNTHETIC
CASE-00398,CMP-100398,1,1,PROXIMITY,ACC-00797,ATM-027,17.424769,78.529179,2026-01-17T15:32:00.000Z,45676,TXN-0003379|TXN-0003380|TXN-0003381|TXN-0003382|TXN-0003383|TXN-0003384|TXN-0003385|TXN-0003386|TXN-0003387|TXN-0003388|TXN-0003389,1,92,22,2,0.8687,0,11,1,0.4583,11,20719.27,1,LOW,1,1,0,0,,14,6,0,0,,TEST,SYNTHETIC
CASE-00399,CMP-100399,0,0,NORMAL,ACC-00799,,,,,,TXN-0003390|TXN-0003391|TXN-0003392|TXN-0003393|TXN-0003394|TXN-0003395|TXN-0003396|TXN-0003397|TXN-0003398,0,,18,1,,0,9,0,0.375,9,12152.33,1,LOW,1,1,0,0,,15,6,0,,,TEST,SYNTHETIC
CASE-00400,CMP-100400,0,0,NORMAL,ACC-00801,,,,,,TXN-0003399|TXN-0003400|TXN-0003401|TXN-0003402|TXN-0003403|TXN-0003404|TXN-0003405|TXN-0003406|TXN-0003407|TXN-0003408,1,,20,2,,0,10,0,0.4167,10,10337,1,MEDIUM,1,1,0,0,,16,6,0,,,TRAIN,SYNTHETIC
CASE-00401,CMP-100401,1,1,RAPID,ACC-00803,ATM-078,16.5164,80.667646,2026-01-17T18:31:00.000Z,47700,TXN-0003409|TXN-0003410|TXN-0003411|TXN-0003412|TXN-0003413|TXN-0003414|TXN-0003415|TXN-0003416|TXN-0003417|TXN-0003418|TXN-0003419,1,91,22,2,0.9321,1,11,1,0.4583,11,22754.36,1,LOW,1,1,0,0,,17,6,0,0,,TRAIN,SYNTHETIC
CASE-00402,CMP-100402,0,0,NORMAL,ACC-00805,,,,,,TXN-0003420|TXN-0003421|TXN-0003422|TXN-0003423|TXN-0003424|TXN-0003425|TXN-0003426,0,,14,1,,0,7,0,0.2917,7,11475.71,1,LOW,1,1,0,0,,18,6,0,,,TRAIN,SYNTHETIC
CASE-00403,CMP-100403,1,1,PROXIMITY,ACC-00807,ATM-062,13.001358,77.677303,2026-01-17T22:54:00.000Z,41199,TXN-0003427|TXN-0003428|TXN-0003429|TXN-0003430|TXN-0003431|TXN-0003432|TXN-0003433|TXN-0003434,1,234,16,2,0.9325,0,8,1,0.3333,4.5714,20475.25,1,LOW,1,1,0,0,,20,6,0,0,,TRAIN,SYNTHETIC
CASE-00404,CMP-100404,0,0,NORMAL,ACC-00809,,,,,,TXN-0003435|TXN-0003436|TXN-0003437|TXN-0003438|TXN-0003439|TXN-0003440|TXN-0003441|TXN-0003442|TXN-0003443,1,,18,2,,0,9,0,0.375,9,12182.11,1,LOW,1,1,0,0,,20,6,0,,,TRAIN,SYNTHETIC
CASE-00405,CMP-100405,0,0,NORMAL,ACC-00811,,,,,,TXN-0003444|TXN-0003445|TXN-0003446|TXN-0003447|TXN-0003448|TXN-0003449|TXN-0003450|TXN-0003451|TXN-0003452|TXN-0003453,0,,20,1,,0,10,0,0.4167,10,11509.9,1,MEDIUM,1,1,0,0,,21,6,0,,,TRAIN,SYNTHETIC
CASE-00406,CMP-100406,1,1,RAPID,ACC-00813,ATM-078,16.5164,80.667646,2026-01-17T22:43:00.000Z,28077,TXN-0003454|TXN-0003455|TXN-0003456|TXN-0003457|TXN-0003458|TXN-0003459|TXN-0003460|TXN-0003461|TXN-0003462,1,43,18,2,0.8892,1,9,1,0.375,9,13941.44,1,LOW,1,1,0,0,,22,6,0,0,,TRAIN,SYNTHETIC
CASE-00407,CMP-100407,0,0,NORMAL,ACC-00815,,,,,,TXN-0003463|TXN-0003464|TXN-0003465|TXN-0003466|TXN-0003467|TXN-0003468|TXN-0003469|TXN-0003470,0,,16,1,,0,8,0,0.3333,8,14470.75,1,HIGH,1,1,0,0,,23,6,0,,,TRAIN,SYNTHETIC
CASE-00408,CMP-100408,0,0,NORMAL,ACC-00817,,,,,,TXN-0003471|TXN-0003472|TXN-0003473|TXN-0003474|TXN-0003475|TXN-0003476|TXN-0003477,1,,14,2,,0,7,0,0.2917,7,16338.71,1,LOW,1,1,0,0,,0,0,0,,,TRAIN,SYNTHETIC
CASE-00409,CMP-100409,1,1,DELAYED,ACC-00819,ATM-062,13.001358,77.677303,2026-01-19T13:25:00.000Z,41267,TXN-0003478|TXN-0003479|TXN-0003480|TXN-0003481|TXN-0003482|TXN-0003483|TXN-0003484|TXN-0003485|TXN-0003486,1,2185,18,2,0.8899,0,9,1,0.375,0.375,25050.22,1,LOW,1,1,0,0,,1,1,0,0,,TRAIN,SYNTHETIC
CASE-00410,CMP-100410,0,0,NORMAL,ACC-00821,,,,,,TXN-0003487|TXN-0003488|TXN-0003489|TXN-0003490|TXN-0003491|TXN-0003492|TXN-0003493|TXN-0003494|TXN-0003495,0,,18,1,,0,9,0,0.375,9,11321.11,1,MEDIUM,1,1,0,0,,2,0,0,,,TRAIN,SYNTHETIC
CASE-00411,CMP-100411,1,1,RAPID,ACC-00823,ATM-083,18.479529,73.774181,2026-01-18T04:57:00.000Z,19428,TXN-0003496|TXN-0003497|TXN-0003498|TXN-0003499|TXN-0003500|TXN-0003501|TXN-0003502,1,117,14,2,0.9274,1,7,1,0.2917,7,14117.29,1,LOW,1,1,0,0,,3,0,0,0,,TRAIN,SYNTHETIC
CASE-00412,CMP-100412,1,1,MULTI_HOP,ACC-00825,ATM-056,12.935505,77.53013,2026-01-18T11:26:00.000Z,21437,TXN-0003503|TXN-0003504|TXN-0003505|TXN-0003506|TXN-0003507|TXN-0003508|TXN-0003509|TXN-0003510|TXN-0003511,3,446,16,4,0.5836,0,9,3,0.375,1.5836,25292.44,1,LOW,1,1,0,0,,9,0,0,231,,TRAIN,SYNTHETIC
CASE-00413,CMP-100413,0,0,NORMAL,ACC-00827,,,,,,TXN-0003512|TXN-0003513|TXN-0003514|TXN-0003515|TXN-0003516|TXN-0003517|TXN-0003518|TXN-0003519|TXN-0003520|TXN-0003521,1,,20,2,,0,10,0,0.4167,10,6998.5,1,LOW,1,1,0,0,,5,0,0,,,TRAIN,SYNTHETIC
CASE-00414,CMP-100414,1,1,DELAYED,ACC-00829,ATM-053,18.566475,73.900632,2026-01-18T20:13:00.000Z,26362,TXN-0003522|TXN-0003523|TXN-0003524|TXN-0003525|TXN-0003526|TXN-0003527|TXN-0003528|TXN-0003529|TXN-0003530,0,853,18,1,1,0,9,0,0.375,9,13564.56,1,LOW,1,1,0,0,,6,0,0,,,VALIDATION,SYNTHETIC
CASE-00415,CMP-100415,0,0,NORMAL,ACC-00831,,,,,,TXN-0003531|TXN-0003532|TXN-0003533|TXN-0003534|TXN-0003535|TXN-0003536|TXN-0003537|TXN-0003538|TXN-0003539,0,,18,1,,0,9,0,0.375,9,11294.56,1,MEDIUM,1,1,0,0,,7,0,0,,,VALIDATION,SYNTHETIC
CASE-00416,CMP-100416,0,0,NORMAL,ACC-00833,,,,,,TXN-0003540|TXN-0003541|TXN-0003542|TXN-0003543|TXN-0003544|TXN-0003545|TXN-0003546|TXN-0003547|TXN-0003548|TXN-0003549,0,,20,1,,0,10,0,0.4167,10,10341.4,1,LOW,1,1,0,0,,8,0,0,,,VALIDATION,SYNTHETIC
CASE-00417,CMP-100417,1,1,MULTI_HOP,ACC-00835,ATM-018,16.466482,80.636977,2026-01-18T16:25:00.000Z,20102,TXN-0003550|TXN-0003551|TXN-0003552|TXN-0003553|TXN-0003554|TXN-0003555|TXN-0003556|TXN-0003557|TXN-0003558|TXN-0003559,3,445,18,4,0.7307,0,10,3,0.4167,1.5831,22393.4,1,LOW,1,1,0,0,,15,0,0,235,,TEST,SYNTHETIC
CASE-00418,CMP-100418,1,1,PROXIMITY,ACC-00837,ATM-047,18.475504,73.768893,2026-01-18T13:31:00.000Z,6796,TXN-0003560|TXN-0003561|TXN-0003562|TXN-0003563|TXN-0003564|TXN-0003565|TXN-0003566|TXN-0003567|TXN-0003568|TXN-0003569|TXN-0003570,1,211,22,2,0.9199,0,11,1,0.4583,4.7143,10668.09,1,HIGH,1,1,0,0,,12,0,0,0,,TEST,SYNTHETIC
CASE-00419,CMP-100419,1,1,DELAYED,ACC-00839,ATM-058,10.978603,77.020134,2026-01-19T04:53:00.000Z,22825,TXN-0003571|TXN-0003572|TXN-0003573|TXN-0003574|TXN-0003575|TXN-0003576|TXN-0003577,0,1073,14,1,1,0,7,0,0.2917,7,10174.29,1,LOW,1,1,0,0,,11,0,0,,,TEST,SYNTHETIC
CASE-00420,CMP-100420,1,1,MULTI_CANDIDATE,ACC-00841,ATM-081,17.422245,78.425296,2026-01-18T13:14:00.000Z,24726,TXN-0003578|TXN-0003579|TXN-0003580|TXN-0003581|TXN-0003582|TXN-0003583|TXN-0003584|TXN-0003585|TXN-0003586,0,74,18,1,1,0,9,0,0.375,9,11748.44,1,MEDIUM,1,1,0,0,,12,0,0,,,TRAIN,SYNTHETIC
CASE-00421,CMP-100421,0,0,NORMAL,ACC-00843,,,,,,TXN-0003587|TXN-0003588|TXN-0003589|TXN-0003590|TXN-0003591|TXN-0003592|TXN-0003593|TXN-0003594|TXN-0003595,0,,18,1,,0,9,0,0.375,9,10047.78,1,LOW,1,1,0,0,,13,0,0,,,TRAIN,SYNTHETIC
CASE-00422,CMP-100422,0,0,NORMAL,ACC-00845,,,,,,TXN-0003596|TXN-0003597|TXN-0003598|TXN-0003599|TXN-0003600|TXN-0003601|TXN-0003602|TXN-0003603,1,,16,2,,0,8,0,0.3333,8,7836.25,1,LOW,1,1,0,0,,14,0,0,,,TRAIN,SYNTHETIC
CASE-00423,CMP-100423,0,0,NORMAL,ACC-00847,,,,,,TXN-0003604|TXN-0003605|TXN-0003606|TXN-0003607|TXN-0003608|TXN-0003609|TXN-0003610|TXN-0003611|TXN-0003612,1,,18,2,,0,9,0,0.375,9,8706.44,1,LOW,1,1,0,0,,15,0,0,,,TRAIN,SYNTHETIC
CASE-00424,CMP-100424,0,0,NORMAL,ACC-00849,,,,,,TXN-0003613|TXN-0003614|TXN-0003615|TXN-0003616|TXN-0003617|TXN-0003618|TXN-0003619|TXN-0003620|TXN-0003621,0,,18,1,,0,9,0,0.375,9,15150.11,1,LOW,1,1,0,0,,16,0,0,,,TRAIN,SYNTHETIC
CASE-00425,CMP-100425,0,0,NORMAL,ACC-00851,,,,,,TXN-0003622|TXN-0003623|TXN-0003624|TXN-0003625|TXN-0003626|TXN-0003627,1,,12,2,,0,6,0,0.25,6,13188.17,1,MEDIUM,1,1,0,0,,17,0,0,,,TRAIN,SYNTHETIC
CASE-00426,CMP-100426,0,0,NORMAL,ACC-00853,,,,,,TXN-0003628|TXN-0003629|TXN-0003630|TXN-0003631|TXN-0003632|TXN-0003633|TXN-0003634,1,,14,2,,0,7,0,0.2917,7,13812.57,1,LOW,1,1,0,0,,18,0,0,,,TRAIN,SYNTHETIC
CASE-00427,CMP-100427,1,1,MULTI_HOP,ACC-00855,ATM-084,16.465235,80.547331,2026-01-19T01:02:00.000Z,5440,TXN-0003635|TXN-0003636|TXN-0003637|TXN-0003638|TXN-0003639|TXN-0003640|TXN-0003641|TXN-0003642|TXN-0003643|TXN-0003644,3,362,18,4,0.7069,0,10,3,0.4167,1.9355,15085.7,1,LOW,1,1,0,0,,0,1,0,279,,TRAIN,SYNTHETIC
CASE-00428,CMP-100428,0,0,NORMAL,ACC-00857,,,,,,TXN-0003645|TXN-0003646|TXN-0003647|TXN-0003648|TXN-0003649|TXN-0003650|TXN-0003651,0,,14,1,,0,7,0,0.2917,7,9967.14,1,LOW,1,1,0,0,,20,0,0,,,TRAIN,SYNTHETIC
CASE-00429,CMP-100429,0,0,NORMAL,ACC-00859,,,,,,TXN-0003652|TXN-0003653|TXN-0003654|TXN-0003655|TXN-0003656|TXN-0003657,0,,12,1,,0,6,0,0.25,6,14105.83,1,HIGH,1,1,0,0,,21,0,0,,,TRAIN,SYNTHETIC
CASE-00430,CMP-100430,0,0,NORMAL,ACC-00861,,,,,,TXN-0003658|TXN-0003659|TXN-0003660|TXN-0003661|TXN-0003662|TXN-0003663,1,,12,2,,0,6,0,0.25,6,12905.83,1,MEDIUM,1,1,0,0,,22,0,0,,,TRAIN,SYNTHETIC
CASE-00431,CMP-100431,1,1,RAPID,ACC-00863,ATM-017,18.517703,73.924685,2026-01-19T01:14:00.000Z,26801,TXN-0003664|TXN-0003665|TXN-0003666|TXN-0003667|TXN-0003668|TXN-0003669|TXN-0003670|TXN-0003671|TXN-0003672|TXN-0003673,1,134,20,2,0.8273,1,10,1,0.4167,10,19225.2,1,LOW,1,1,0,0,,23,0,0,0,,TRAIN,SYNTHETIC
CASE-00432,CMP-100432,1,1,MULTI_HOP,ACC-00865,ATM-100,11.074176,77.06392,2026-01-19T07:13:00.000Z,25536,TXN-0003674|TXN-0003675|TXN-0003676|TXN-0003677|TXN-0003678|TXN-0003679|TXN-0003680|TXN-0003681|TXN-0003682,3,433,16,4,0.6769,0,9,3,0.375,1.7035,34010.67,1,LOW,1,1,0,0,,5,1,0,184,,TRAIN,SYNTHETIC
CASE-00433,CMP-100433,1,1,PROXIMITY,ACC-00867,ATM-032,12.940898,77.590579,2026-01-19T03:38:00.000Z,14441,TXN-0003683|TXN-0003684|TXN-0003685|TXN-0003686|TXN-0003687|TXN-0003688|TXN-0003689|TXN-0003690|TXN-0003691|TXN-0003692|TXN-0003693,1,158,22,2,0.8374,0,11,1,0.4583,8.1481,18190.27,1,LOW,1,1,0,0,,2,1,0,0,,TRAIN,SYNTHETIC
CASE-00434,CMP-100434,1,1,DELAYED,ACC-00869,ATM-010,10.907645,76.949372,2026-01-20T06:13:00.000Z,36674,TXN-0003694|TXN-0003695|TXN-0003696|TXN-0003697|TXN-0003698|TXN-0003699|TXN-0003700,0,1693,14,1,1,0,7,0,0.2917,7,11976.57,1,LOW,1,1,0,0,,2,1,0,,,VALIDATION,SYNTHETIC
CASE-00435,CMP-100435,1,1,MULTI_CANDIDATE,ACC-00871,ATM-119,18.524317,73.84428,2026-01-19T05:12:00.000Z,44907,TXN-0003701|TXN-0003702|TXN-0003703|TXN-0003704|TXN-0003705|TXN-0003706|TXN-0003707|TXN-0003708|TXN-0003709|TXN-0003710,1,132,20,2,0.9154,0,10,1,0.4167,10,20771.4,1,MEDIUM,1,1,0,0,,3,1,0,0,,VALIDATION,SYNTHETIC
CASE-00436,CMP-100436,1,1,RAPID,ACC-00873,ATM-043,13.037646,80.259648,2026-01-19T05:28:00.000Z,7115,TXN-0003711|TXN-0003712|TXN-0003713|TXN-0003714|TXN-0003715|TXN-0003716|TXN-0003717|TXN-0003718,1,88,16,2,0.8763,1,8,1,0.3333,8,14185,1,LOW,1,1,0,0,,4,1,0,0,,VALIDATION,SYNTHETIC
CASE-00437,CMP-100437,0,0,NORMAL,ACC-00875,,,,,,TXN-0003719|TXN-0003720|TXN-0003721|TXN-0003722|TXN-0003723|TXN-0003724,1,,12,2,,0,6,0,0.25,6,9772.83,1,LOW,1,1,0,0,,5,1,0,,,TEST,SYNTHETIC
CASE-00438,CMP-100438,0,0,NORMAL,ACC-00877,,,,,,TXN-0003725|TXN-0003726|TXN-0003727|TXN-0003728|TXN-0003729|TXN-0003730|TXN-0003731|TXN-0003732|TXN-0003733|TXN-0003734,1,,20,2,,0,10,0,0.4167,10,10449.2,1,LOW,1,1,0,0,,6,1,0,,,TEST,SYNTHETIC
CASE-00439,CMP-100439,0,0,NORMAL,ACC-00879,,,,,,TXN-0003735|TXN-0003736|TXN-0003737|TXN-0003738|TXN-0003739|TXN-0003740|TXN-0003741|TXN-0003742|TXN-0003743,1,,18,2,,0,9,0,0.375,9,9770.22,1,LOW,1,1,0,0,,7,1,0,,,TEST,SYNTHETIC
CASE-00440,CMP-100440,1,1,MULTI_CANDIDATE,ACC-00881,ATM-024,16.507959,80.582922,2026-01-19T11:16:00.000Z,36698,TXN-0003744|TXN-0003745|TXN-0003746|TXN-0003747|TXN-0003748|TXN-0003749|TXN-0003750|TXN-0003751|TXN-0003752,1,196,18,2,0.9128,0,9,1,0.375,4.5378,17075.67,1,HIGH,1,1,0,0,,9,1,0,0,,TRAIN,SYNTHETIC
CASE-00441,CMP-100441,0,0,NORMAL,ACC-00883,,,,,,TXN-0003753|TXN-0003754|TXN-0003755|TXN-0003756|TXN-0003757|TXN-0003758|TXN-0003759|TXN-0003760|TXN-0003761,1,,18,2,,0,9,0,0.375,9,10820.89,1,LOW,1,1,0,0,,9,1,0,,,TRAIN,SYNTHETIC
CASE-00442,CMP-100442,1,1,MULTI_HOP,ACC-00885,ATM-034,10.923868,77.004112,2026-01-19T15:36:00.000Z,9004,TXN-0003762|TXN-0003763|TXN-0003764|TXN-0003765|TXN-0003766|TXN-0003767|TXN-0003768|TXN-0003769|TXN-0003770|TXN-0003771|TXN-0003772|TXN-0003773,3,336,22,4,0.7086,0,12,3,0.5,2.963,16484.67,1,LOW,1,1,0,0,,14,1,0,184,,TRAIN,SYNTHETIC
CASE-00443,CMP-100443,1,1,PROXIMITY,ACC-00887,ATM-102,16.580335,80.725652,2026-01-19T14:04:00.000Z,19313,TXN-0003774|TXN-0003775|TXN-0003776|TXN-0003777|TXN-0003778|TXN-0003779|TXN-0003780|TXN-0003781|TXN-0003782|TXN-0003783|TXN-0003784,1,184,22,2,0.9272,0,11,1,0.4583,4.9254,14378.36,1,LOW,1,1,0,0,,13,1,0,0,,TRAIN,SYNTHETIC
CASE-00444,CMP-100444,1,1,DELAYED,ACC-00889,ATM-081,17.422245,78.425296,2026-01-21T16:22:00.000Z,14178,TXN-0003785|TXN-0003786|TXN-0003787|TXN-0003788|TXN-0003789|TXN-0003790|TXN-0003791|TXN-0003792|TXN-0003793|TXN-0003794,1,3142,20,2,0.9345,0,10,1,0.4167,1,17904.5,1,LOW,1,1,0,0,,22,1,0,0,,TRAIN,SYNTHETIC
CASE-00445,CMP-100445,1,1,MULTI_CANDIDATE,ACC-00891,ATM-040,11.002278,76.97306,2026-01-19T16:36:00.000Z,40066,TXN-0003795|TXN-0003796|TXN-0003797|TXN-0003798|TXN-0003799|TXN-0003800|TXN-0003801|TXN-0003802|TXN-0003803|TXN-0003804|TXN-0003805,1,216,22,2,0.8229,0,11,1,0.4583,5.0769,18651.36,1,MEDIUM,1,1,0,0,,15,1,0,0,,TRAIN,SYNTHETIC
CASE-00446,CMP-100446,1,1,RAPID,ACC-00893,ATM-030,16.603505,80.568206,2026-01-19T15:42:00.000Z,57247,TXN-0003806|TXN-0003807|TXN-0003808|TXN-0003809|TXN-0003810|TXN-0003811|TXN-0003812|TXN-0003813,1,102,16,2,0.8722,1,8,1,0.3333,8,25689.13,1,LOW,1,1,0,0,,14,1,0,0,,TRAIN,SYNTHETIC
CASE-00447,CMP-100447,0,0,NORMAL,ACC-00895,,,,,,TXN-0003814|TXN-0003815|TXN-0003816|TXN-0003817|TXN-0003818|TXN-0003819|TXN-0003820|TXN-0003821,1,,16,2,,0,8,0,0.3333,8,10209.38,1,LOW,1,1,0,0,,15,1,0,,,TRAIN,SYNTHETIC
CASE-00448,CMP-100448,1,1,PROXIMITY,ACC-00897,ATM-017,18.517703,73.924685,2026-01-19T19:21:00.000Z,38688,TXN-0003822|TXN-0003823|TXN-0003824|TXN-0003825|TXN-0003826|TXN-0003827|TXN-0003828|TXN-0003829|TXN-0003830,1,201,18,2,0.8304,0,9,1,0.375,3.253,19885.11,1,LOW,1,1,0,0,,18,1,0,0,,TRAIN,SYNTHETIC
CASE-00449,CMP-100449,1,0,DELAYED,ACC-00899,,,,,,TXN-0003831|TXN-0003832|TXN-0003833|TXN-0003834|TXN-0003835|TXN-0003836|TXN-0003837|TXN-0003838|TXN-0003839|TXN-0003840,1,,20,2,0.9194,0,10,1,0.4167,0.4545,17127.4,1,LOW,1,1,0,0,,15,2,0,0,,TRAIN,SYNTHETIC
CASE-00450,CMP-100450,0,0,NORMAL,ACC-00901,,,,,,TXN-0003841|TXN-0003842|TXN-0003843|TXN-0003844|TXN-0003845|TXN-0003846|TXN-0003847,1,,14,2,,0,7,0,0.2917,7,13577.43,1,MEDIUM,1,1,0,0,,18,1,0,,,TRAIN,SYNTHETIC
CASE-00451,CMP-100451,1,0,RAPID,ACC-00903,,,,,,TXN-0003848|TXN-0003849|TXN-0003850|TXN-0003851|TXN-0003852|TXN-0003853|TXN-0003854|TXN-0003855|TXN-0003856|TXN-0003857,1,,20,2,0.885,1,10,1,0.4167,10,12545.5,1,HIGH,1,1,0,0,,19,1,0,0,,TRAIN,SYNTHETIC
CASE-00452,CMP-100452,1,1,MULTI_HOP,ACC-00905,ATM-115,13.036717,80.257717,2026-01-20T02:13:00.000Z,8952,TXN-0003858|TXN-0003859|TXN-0003860|TXN-0003861|TXN-0003862|TXN-0003863|TXN-0003864|TXN-0003865|TXN-0003866|TXN-0003867|TXN-0003868|TXN-0003869,3,373,22,4,0.689,0,12,3,0.5,2.1365,15151.67,1,LOW,1,1,0,0,,1,2,0,161,,TRAIN,SYNTHETIC
CASE-00453,CMP-100453,0,0,NORMAL,ACC-00907,,,,,,TXN-0003870|TXN-0003871|TXN-0003872|TXN-0003873|TXN-0003874|TXN-0003875|TXN-0003876|TXN-0003877|TXN-0003878,1,,18,2,,0,9,0,0.375,9,12045.78,1,LOW,1,1,0,0,,21,1,0,,,TRAIN,SYNTHETIC
CASE-00454,CMP-100454,1,1,DELAYED,ACC-00909,ATM-002,13.049142,77.631941,2026-01-21T17:08:00.000Z,43219,TXN-0003879|TXN-0003880|TXN-0003881|TXN-0003882|TXN-0003883|TXN-0003884|TXN-0003885|TXN-0003886,0,2588,16,1,1,0,8,0,0.3333,8,13767.63,1,LOW,1,1,0,0,,22,1,0,,,VALIDATION,SYNTHETIC
CASE-00455,CMP-100455,0,0,NORMAL,ACC-00911,,,,,,TXN-0003887|TXN-0003888|TXN-0003889|TXN-0003890|TXN-0003891|TXN-0003892|TXN-0003893|TXN-0003894|TXN-0003895|TXN-0003896,1,,20,2,,0,10,0,0.4167,10,13079.4,1,MEDIUM,1,1,0,0,,23,1,0,,,VALIDATION,SYNTHETIC
CASE-00456,CMP-100456,0,0,NORMAL,ACC-00913,,,,,,TXN-0003897|TXN-0003898|TXN-0003899|TXN-0003900|TXN-0003901|TXN-0003902|TXN-0003903|TXN-0003904,0,,16,1,,0,8,0,0.3333,8,11766,1,LOW,1,1,0,0,,0,2,0,,,VALIDATION,SYNTHETIC
CASE-00457,CMP-100457,0,0,NORMAL,ACC-00915,,,,,,TXN-0003905|TXN-0003906|TXN-0003907|TXN-0003908|TXN-0003909|TXN-0003910|TXN-0003911,1,,14,2,,0,7,0,0.2917,7,10426.14,1,LOW,1,1,0,0,,1,2,0,,,TEST,SYNTHETIC
CASE-00458,CMP-100458,0,0,NORMAL,ACC-00917,,,,,,TXN-0003912|TXN-0003913|TXN-0003914|TXN-0003915|TXN-0003916|TXN-0003917|TXN-0003918|TXN-0003919|TXN-0003920,1,,18,2,,0,9,0,0.375,9,5573.11,1,LOW,1,1,0,0,,2,2,0,,,TEST,SYNTHETIC
CASE-00459,CMP-100459,1,1,DELAYED,ACC-00919,ATM-082,10.944047,76.998697,2026-01-22T03:54:00.000Z,8649,TXN-0003921|TXN-0003922|TXN-0003923|TXN-0003924|TXN-0003925|TXN-0003926|TXN-0003927,1,2934,14,2,0.8636,0,7,1,0.2917,0.5385,10452.71,1,LOW,1,1,0,0,,16,2,0,0,,TEST,SYNTHETIC
CASE-00460,CMP-100460,0,0,NORMAL,ACC-00921,,,,,,TXN-0003928|TXN-0003929|TXN-0003930|TXN-0003931|TXN-0003932|TXN-0003933|TXN-0003934,0,,14,1,,0,7,0,0.2917,7,8666.86,1,MEDIUM,1,1,0,0,,4,2,0,,,TRAIN,SYNTHETIC
CASE-00461,CMP-100461,1,1,RAPID,ACC-00923,ATM-084,16.465235,80.547331,2026-01-20T07:26:00.000Z,16733,TXN-0003935|TXN-0003936|TXN-0003937|TXN-0003938|TXN-0003939|TXN-0003940|TXN-0003941|TXN-0003942,1,146,16,2,0.8564,1,8,1,0.3333,8,14901.5,1,LOW,1,1,0,0,,5,2,0,0,,TRAIN,SYNTHETIC
CASE-00462,CMP-100462,0,0,NORMAL,ACC-00925,,,,,,TXN-0003943|TXN-0003944|TXN-0003945|TXN-0003946|TXN-0003947|TXN-0003948|TXN-0003949,1,,14,2,,0,7,0,0.2917,7,10297.86,1,HIGH,1,1,0,0,,6,2,0,,,TRAIN,SYNTHETIC
CASE-00463,CMP-100463,1,1,PROXIMITY,ACC-00927,ATM-002,13.049142,77.631941,2026-01-20T11:18:00.000Z,50432,TXN-0003950|TXN-0003951|TXN-0003952|TXN-0003953|TXN-0003954|TXN-0003955|TXN-0003956|TXN-0003957|TXN-0003958,1,258,18,2,0.8248,0,9,1,0.375,4.4628,20520.67,1,LOW,1,1,0,0,,9,2,0,0,,TRAIN,SYNTHETIC
CASE-00464,CMP-100464,1,1,DELAYED,ACC-00929,ATM-088,11.085374,76.94246,2026-01-21T23:24:00.000Z,49153,TXN-0003959|TXN-0003960|TXN-0003961|TXN-0003962|TXN-0003963|TXN-0003964,0,2364,12,1,1,0,6,0,0.25,6,5684.83,1,LOW,1,1,0,0,,8,2,0,,,TRAIN,SYNTHETIC
CASE-00465,CMP-100465,1,1,MULTI_CANDIDATE,ACC-00931,ATM-057,17.413359,78.571813,2026-01-20T12:34:00.000Z,10654,TXN-0003965|TXN-0003966|TXN-0003967|TXN-0003968|TXN-0003969|TXN-0003970|TXN-0003971|TXN-0003972|TXN-0003973,1,214,18,2,0.8961,0,9,1,0.375,3.375,10715.22,1,MEDIUM,1,1,0,0,,11,2,0,0,,TRAIN,SYNTHETIC
CASE-00466,CMP-100466,1,1,RAPID,ACC-00933,ATM-089,18.444311,73.937579,2026-01-20T11:07:00.000Z,19456,TXN-0003974|TXN-0003975|TXN-0003976|TXN-0003977|TXN-0003978|TXN-0003979|TXN-0003980|TXN-0003981|TXN-0003982|TXN-0003983|TXN-0003984,1,67,21,2,0.8301,1,11,1,0.4583,11,9593.18,1,LOW,1,1.1,0,0,,10,2,0,0,,TRAIN,SYNTHETIC
CASE-00467,CMP-100467,1,0,MULTI_HOP,ACC-00935,,,,,,TXN-0003985|TXN-0003986|TXN-0003987|TXN-0003988|TXN-0003989|TXN-0003990|TXN-0003991|TXN-0003992|TXN-0003993|TXN-0003994|TXN-0003995,3,,17,4,0.6341,0,11,3,0.4583,2.64,25527.64,1,LOW,1,1.375,0,0,,15,2,0,163,,TRAIN,SYNTHETIC
CASE-00468,CMP-100468,1,1,PROXIMITY,ACC-00937,ATM-037,13.08717,80.341516,2026-01-20T16:44:00.000Z,12778,TXN-0003996|TXN-0003997|TXN-0003998|TXN-0003999|TXN-0004000|TXN-0004001|TXN-0004002|TXN-0004003,1,284,16,2,0.8384,0,8,1,0.3333,2.7429,13725.5,1,LOW,1,1,0,0,,14,2,0,0,,TRAIN,SYNTHETIC
CASE-00469,CMP-100469,0,0,NORMAL,ACC-00939,,,,,,TXN-0004004|TXN-0004005|TXN-0004006|TXN-0004007|TXN-0004008|TXN-0004009|TXN-0004010|TXN-0004011,1,,16,2,,0,8,0,0.3333,8,14740.25,1,LOW,1,1,0,0,,13,2,0,,,TRAIN,SYNTHETIC
CASE-00470,CMP-100470,0,0,NORMAL,ACC-00941,,,,,,TXN-0004012|TXN-0004013|TXN-0004014|TXN-0004015|TXN-0004016|TXN-0004017|TXN-0004018,1,,14,2,,0,7,0,0.2917,7,14572.14,1,MEDIUM,1,1,0,0,,14,2,0,,,TRAIN,SYNTHETIC
CASE-00471,CMP-100471,1,1,RAPID,ACC-00943,ATM-004,10.96691,76.983244,2026-01-20T16:44:00.000Z,35379,TXN-0004019|TXN-0004020|TXN-0004021|TXN-0004022|TXN-0004023|TXN-0004024|TXN-0004025|TXN-0004026,1,104,16,2,0.9266,1,8,1,0.3333,8,17898.13,1,LOW,1,1,0,0,,15,2,0,0,,TRAIN,SYNTHETIC
CASE-00472,CMP-100472,1,1,MULTI_HOP,ACC-00945,ATM-113,18.442334,73.806782,2026-01-20T20:56:00.000Z,41013,TXN-0004027|TXN-0004028|TXN-0004029|TXN-0004030|TXN-0004031|TXN-0004032|TXN-0004033|TXN-0004034|TXN-0004035|TXN-0004036|TXN-0004037|TXN-0004038,2,296,23,3,0.7525,0,12,2,0.5,4.0678,25019.67,1,LOW,1,1,0,0,,18,2,0,98,,TRAIN,SYNTHETIC
CASE-00473,CMP-100473,0,0,NORMAL,ACC-00947,,,,,,TXN-0004039|TXN-0004040|TXN-0004041|TXN-0004042|TXN-0004043|TXN-0004044,0,,12,1,,0,6,0,0.25,6,11183.17,1,HIGH,1,1,0,0,,17,2,0,,,TRAIN,SYNTHETIC
CASE-00474,CMP-100474,0,0,NORMAL,ACC-00949,,,,,,TXN-0004045|TXN-0004046|TXN-0004047|TXN-0004048|TXN-0004049|TXN-0004050,0,,12,1,,0,6,0,0.25,6,13536.83,1,LOW,1,1,0,0,,18,2,0,,,VALIDATION,SYNTHETIC
CASE-00475,CMP-100475,0,0,NORMAL,ACC-00951,,,,,,TXN-0004051|TXN-0004052|TXN-0004053|TXN-0004054|TXN-0004055|TXN-0004056,0,,12,1,,0,6,0,0.25,6,6737.33,1,MEDIUM,1,1,0,0,,19,2,0,,,VALIDATION,SYNTHETIC
CASE-00476,CMP-100476,0,0,NORMAL,ACC-00953,,,,,,TXN-0004057|TXN-0004058|TXN-0004059|TXN-0004060|TXN-0004061|TXN-0004062,1,,12,2,,0,6,0,0.25,6,15526.17,1,LOW,1,1,0,0,,20,2,0,,,VALIDATION,SYNTHETIC
CASE-00477,CMP-100477,0,0,NORMAL,ACC-00955,,,,,,TXN-0004063|TXN-0004064|TXN-0004065|TXN-0004066|TXN-0004067|TXN-0004068|TXN-0004069|TXN-0004070,1,,16,2,,0,8,0,0.3333,8,11944.25,1,LOW,1,1,0,0,,21,2,0,,,TEST,SYNTHETIC
CASE-00478,CMP-100478,0,0,NORMAL,ACC-00957,,,,,,TXN-0004071|TXN-0004072|TXN-0004073|TXN-0004074|TXN-0004075|TXN-0004076,1,,12,2,,0,6,0,0.25,6,12497.33,1,LOW,1,1,0,0,,22,2,0,,,TEST,SYNTHETIC
CASE-00479,CMP-100479,0,0,NORMAL,ACC-00959,,,,,,TXN-0004077|TXN-0004078|TXN-0004079|TXN-0004080|TXN-0004081|TXN-0004082|TXN-0004083|TXN-0004084|TXN-0004085,1,,18,2,,0,9,0,0.375,9,10107,1,LOW,1,1,0,0,,23,2,0,,,TEST,SYNTHETIC
CASE-00480,CMP-100480,0,0,NORMAL,ACC-00961,,,,,,TXN-0004086|TXN-0004087|TXN-0004088|TXN-0004089|TXN-0004090|TXN-0004091|TXN-0004092|TXN-0004093|TXN-0004094,0,,18,1,,0,9,0,0.375,9,12296.67,1,MEDIUM,1,1,0,0,,0,3,0,,,TRAIN,SYNTHETIC
CASE-00481,CMP-100481,0,0,NORMAL,ACC-00963,,,,,,TXN-0004095|TXN-0004096|TXN-0004097|TXN-0004098|TXN-0004099|TXN-0004100,1,,12,2,,0,6,0,0.25,6,12506.17,1,LOW,1,1,0,0,,1,3,0,,,TRAIN,SYNTHETIC
CASE-00482,CMP-100482,0,0,NORMAL,ACC-00965,,,,,,TXN-0004101|TXN-0004102|TXN-0004103|TXN-0004104|TXN-0004105|TXN-0004106|TXN-0004107|TXN-0004108|TXN-0004109|TXN-0004110,0,,20,1,,0,10,0,0.4167,10,9024.2,1,LOW,1,1,0,0,,2,3,0,,,TRAIN,SYNTHETIC
CASE-00483,CMP-100483,0,0,NORMAL,ACC-00967,,,,,,TXN-0004111|TXN-0004112|TXN-0004113|TXN-0004114|TXN-0004115|TXN-0004116|TXN-0004117,0,,14,1,,0,7,0,0.2917,7,14065.57,1,LOW,1,1,0,0,,3,3,0,,,TRAIN,SYNTHETIC
CASE-00484,CMP-100484,1,1,DELAYED,ACC-00969,ATM-029,18.618022,73.84155,2026-01-21T17:13:00.000Z,52078,TXN-0004118|TXN-0004119|TXN-0004120|TXN-0004121|TXN-0004122|TXN-0004123|TXN-0004124,0,793,14,1,1,0,7,0,0.2917,7,12930.86,1,HIGH,1,1,0,0,,4,3,0,,,TRAIN,SYNTHETIC
CASE-00485,CMP-100485,1,1,MULTI_CANDIDATE,ACC-00971,ATM-053,18.566475,73.900632,2026-01-21T07:03:00.000Z,44586,TXN-0004125|TXN-0004126|TXN-0004127|TXN-0004128|TXN-0004129|TXN-0004130|TXN-0004131,1,123,14,2,0.9184,0,7,1,0.2917,7,18138.57,1,MEDIUM,1,1,0,0,,5,3,0,0,,TRAIN,SYNTHETIC
CASE-00486,CMP-100486,0,0,NORMAL,ACC-00973,,,,,,TXN-0004132|TXN-0004133|TXN-0004134|TXN-0004135|TXN-0004136|TXN-0004137|TXN-0004138|TXN-0004139,1,,16,2,,0,8,0,0.3333,8,13830.63,1,LOW,1,1,0,0,,6,3,0,,,TRAIN,SYNTHETIC
CASE-00487,CMP-100487,1,1,MULTI_HOP,ACC-00975,ATM-047,18.475504,73.768893,2026-01-21T13:05:00.000Z,5159,TXN-0004140|TXN-0004141|TXN-0004142|TXN-0004143|TXN-0004144|TXN-0004145|TXN-0004146|TXN-0004147|TXN-0004148,3,365,16,4,0.6425,0,9,3,0.375,1.794,12685.33,1,LOW,1,1,0,0,,12,3,0,151,,TRAIN,SYNTHETIC
CASE-00488,CMP-100488,1,1,PROXIMITY,ACC-00977,ATM-057,17.413359,78.571813,2026-01-21T11:58:00.000Z,37588,TXN-0004149|TXN-0004150|TXN-0004151|TXN-0004152|TXN-0004153|TXN-0004154|TXN-0004155|TXN-0004156|TXN-0004157,1,238,18,2,0.9328,0,9,1,0.375,5.7447,22459.11,1,LOW,1,1,0,0,,9,3,0,0,,TRAIN,SYNTHETIC
CASE-00489,CMP-100489,0,0,NORMAL,ACC-00979,,,,,,TXN-0004158|TXN-0004159|TXN-0004160|TXN-0004161|TXN-0004162|TXN-0004163|TXN-0004164,0,,14,1,,0,7,0,0.2917,7,12943.29,1,LOW,1,1,0,0,,9,3,0,,,TRAIN,SYNTHETIC
CASE-00490,CMP-100490,0,0,NORMAL,ACC-00981,,,,,,TXN-0004165|TXN-0004166|TXN-0004167|TXN-0004168|TXN-0004169|TXN-0004170|TXN-0004171|TXN-0004172|TXN-0004173,0,,18,1,,0,9,0,0.375,9,9753.89,1,MEDIUM,1,1,0,0,,10,3,0,,,TRAIN,SYNTHETIC
CASE-00491,CMP-100491,0,0,NORMAL,ACC-00983,,,,,,TXN-0004174|TXN-0004175|TXN-0004176|TXN-0004177|TXN-0004178|TXN-0004179|TXN-0004180|TXN-0004181|TXN-0004182|TXN-0004183,0,,20,1,,0,10,0,0.4167,10,9288.1,1,LOW,1,1,0,0,,11,3,0,,,TRAIN,SYNTHETIC
CASE-00492,CMP-100492,0,0,NORMAL,ACC-00985,,,,,,TXN-0004184|TXN-0004185|TXN-0004186|TXN-0004187|TXN-0004188|TXN-0004189|TXN-0004190|TXN-0004191,1,,16,2,,0,8,0,0.3333,8,12695.38,1,LOW,1,1,0,0,,12,3,0,,,TRAIN,SYNTHETIC
CASE-00493,CMP-100493,1,1,PROXIMITY,ACC-00987,ATM-092,12.893851,77.620724,2026-01-21T17:01:00.000Z,21007,TXN-0004192|TXN-0004193|TXN-0004194|TXN-0004195|TXN-0004196|TXN-0004197|TXN-0004198|TXN-0004199|TXN-0004200|TXN-0004201,1,241,20,2,0.8433,0,10,1,0.4167,5,14039.2,1,LOW,1,1,0,0,,15,3,0,0,,TRAIN,SYNTHETIC
CASE-00494,CMP-100494,1,1,DELAYED,ACC-00989,ATM-003,17.313459,78.49255,2026-01-24T00:09:00.000Z,42434,TXN-0004202|TXN-0004203|TXN-0004204|TXN-0004205|TXN-0004206|TXN-0004207|TXN-0004208,1,3489,14,2,0.9162,0,7,1,0.2917,0.3043,19899.29,1,LOW,1,1,0,0,,13,4,0,0,,VALIDATION,SYNTHETIC
CASE-00495,CMP-100495,0,0,NORMAL,ACC-00991,,,,,,TXN-0004209|TXN-0004210|TXN-0004211|TXN-0004212|TXN-0004213|TXN-0004214,1,,12,2,,0,6,0,0.25,6,13353.5,1,HIGH,1,1,0,0,,15,3,0,,,VALIDATION,SYNTHETIC
CASE-00496,CMP-100496,0,0,NORMAL,ACC-00993,,,,,,TXN-0004215|TXN-0004216|TXN-0004217|TXN-0004218|TXN-0004219|TXN-0004220|TXN-0004221|TXN-0004222,1,,16,2,,0,8,0,0.3333,8,8916.38,1,LOW,1,1,0,0,,16,3,0,,,VALIDATION,SYNTHETIC
CASE-00497,CMP-100497,1,1,MULTI_HOP,ACC-00995,ATM-001,13.104943,80.259324,2026-01-22T00:00:00.000Z,37625,TXN-0004223|TXN-0004224|TXN-0004225|TXN-0004226|TXN-0004227|TXN-0004228|TXN-0004229|TXN-0004230|TXN-0004231|TXN-0004232|TXN-0004233|TXN-0004234,3,420,22,4,0.7089,0,12,3,0.5,2.3077,27385.67,1,LOW,1,1,0,0,,22,3,0,171,,TEST,SYNTHETIC
CASE-00498,CMP-100498,1,1,PROXIMITY,ACC-00997,ATM-007,13.136762,80.22824,2026-01-21T21:48:00.000Z,11623,TXN-0004235|TXN-0004236|TXN-0004237|TXN-0004238|TXN-0004239|TXN-0004240|TXN-0004241|TXN-0004242|TXN-0004243|TXN-0004244|TXN-0004245,1,228,22,2,0.8633,0,11,1,0.4583,3.8372,16031.27,1,LOW,1,1,0,0,,20,3,0,0,,TEST,SYNTHETIC
CASE-00499,CMP-100499,0,0,NORMAL,ACC-00999,,,,,,TXN-0004246|TXN-0004247|TXN-0004248|TXN-0004249|TXN-0004250|TXN-0004251,1,,12,2,,0,6,0,0.25,6,14313.33,1,LOW,1,1,0,0,,19,3,0,,,TEST,SYNTHETIC
CASE-00500,CMP-100500,0,0,NORMAL,ACC-01001,,,,,,TXN-0004252|TXN-0004253|TXN-0004254|TXN-0004255|TXN-0004256|TXN-0004257|TXN-0004258|TXN-0004259,0,,16,1,,0,8,0,0.3333,8,8320,1,MEDIUM,1,1,0,0,,20,3,0,,,TRAIN,SYNTHETIC
CASE-00501,CMP-100501,1,1,RAPID,ACC-01003,ATM-077,18.519358,73.881091,2026-01-21T22:28:00.000Z,31026,TXN-0004260|TXN-0004261|TXN-0004262|TXN-0004263|TXN-0004264|TXN-0004265|TXN-0004266,1,88,14,2,0.8395,1,7,1,0.2917,7,16963.14,1,LOW,1,1,0,0,,21,3,0,0,,TRAIN,SYNTHETIC
CASE-00502,CMP-100502,0,0,NORMAL,ACC-01005,,,,,,TXN-0004267|TXN-0004268|TXN-0004269|TXN-0004270|TXN-0004271|TXN-0004272|TXN-0004273|TXN-0004274|TXN-0004275|TXN-0004276,1,,20,2,,0,10,0,0.4167,10,10788.8,1,LOW,1,1,0,0,,22,3,0,,,TRAIN,SYNTHETIC
CASE-00503,CMP-100503,1,1,PROXIMITY,ACC-01007,ATM-042,16.467251,80.698471,2026-01-22T02:53:00.000Z,9185,TXN-0004277|TXN-0004278|TXN-0004279|TXN-0004280|TXN-0004281|TXN-0004282|TXN-0004283|TXN-0004284|TXN-0004285,1,233,18,2,0.8751,0,9,1,0.375,3.375,13787.33,1,LOW,1,1,0,0,,1,4,0,0,,TRAIN,SYNTHETIC
CASE-00504,CMP-100504,1,1,DELAYED,ACC-01009,ATM-105,17.424818,78.453535,2026-01-24T05:16:00.000Z,5852,TXN-0004286|TXN-0004287|TXN-0004288|TXN-0004289|TXN-0004290|TXN-0004291|TXN-0004292,1,3196,14,2,0.8983,0,7,1,0.2917,0.35,12019.14,1,LOW,1,1,0,0,,20,4,0,0,,TRAIN,SYNTHETIC
CASE-00505,CMP-100505,0,0,NORMAL,ACC-01011,,,,,,TXN-0004293|TXN-0004294|TXN-0004295|TXN-0004296|TXN-0004297|TXN-0004298|TXN-0004299|TXN-0004300,0,,16,1,,0,8,0,0.3333,8,12857.63,1,MEDIUM,1,1,0,0,,1,4,0,,,TRAIN,SYNTHETIC
CASE-00506,CMP-100506,0,0,NORMAL,ACC-01013,,,,,,TXN-0004301|TXN-0004302|TXN-0004303|TXN-0004304|TXN-0004305|TXN-0004306|TXN-0004307|TXN-0004308|TXN-0004309,1,,18,2,,0,9,0,0.375,9,12248.22,1,HIGH,1,1,0,0,,2,4,0,,,TRAIN,SYNTHETIC
CASE-00507,CMP-100507,1,1,MULTI_HOP,ACC-01015,ATM-063,17.474796,78.422678,2026-01-22T10:02:00.000Z,26482,TXN-0004310|TXN-0004311|TXN-0004312|TXN-0004313|TXN-0004314|TXN-0004315|TXN-0004316|TXN-0004317|TXN-0004318,3,422,16,4,0.6434,0,9,3,0.375,1.7763,35515,1,LOW,1,1,0,0,,8,4,0,127,,TRAIN,SYNTHETIC
CASE-00508,CMP-100508,0,0,NORMAL,ACC-01017,,,,,,TXN-0004319|TXN-0004320|TXN-0004321|TXN-0004322|TXN-0004323|TXN-0004324|TXN-0004325|TXN-0004326,0,,16,1,,0,8,0,0.3333,8,11362.88,1,LOW,1,1,0,0,,4,4,0,,,TRAIN,SYNTHETIC
CASE-00509,CMP-100509,1,1,DELAYED,ACC-01019,ATM-075,17.362673,78.450647,2026-01-23T08:04:00.000Z,23417,TXN-0004327|TXN-0004328|TXN-0004329|TXN-0004330|TXN-0004331|TXN-0004332,0,1624,12,1,1,0,6,0,0.25,6,12902.67,1,LOW,1,1,0,0,,5,4,0,,,TRAIN,SYNTHETIC
CASE-00510,CMP-100510,1,1,MULTI_CANDIDATE,ACC-01021,ATM-077,18.519358,73.881091,2026-01-22T07:26:00.000Z,23880,TXN-0004333|TXN-0004334|TXN-0004335|TXN-0004336|TXN-0004337|TXN-0004338|TXN-0004339,1,86,14,2,0.9379,0,7,1,0.2917,7,17490.14,1,MEDIUM,1,1,0,0,,6,4,0,0,,TRAIN,SYNTHETIC
CASE-00511,CMP-100511,0,0,NORMAL,ACC-01023,,,,,,TXN-0004340|TXN-0004341|TXN-0004342|TXN-0004343|TXN-0004344|TXN-0004345|TXN-0004346,1,,14,2,,0,7,0,0.2917,7,10173.86,1,LOW,1,1,0,0,,7,4,0,,,TRAIN,SYNTHETIC
CASE-00512,CMP-100512,0,0,NORMAL,ACC-01025,,,,,,TXN-0004347|TXN-0004348|TXN-0004349|TXN-0004350|TXN-0004351|TXN-0004352|TXN-0004353|TXN-0004354,0,,16,1,,0,8,0,0.3333,8,13012.63,1,LOW,1,1,0,0,,8,4,0,,,TRAIN,SYNTHETIC
CASE-00513,CMP-100513,0,0,NORMAL,ACC-01027,,,,,,TXN-0004355|TXN-0004356|TXN-0004357|TXN-0004358|TXN-0004359|TXN-0004360|TXN-0004361|TXN-0004362|TXN-0004363,1,,18,2,,0,9,0,0.375,9,10982.89,1,LOW,1,1,0,0,,9,4,0,,,TRAIN,SYNTHETIC
CASE-00514,CMP-100514,1,1,DELAYED,ACC-01029,ATM-051,17.455829,78.405295,2026-01-22T23:14:00.000Z,35405,TXN-0004364|TXN-0004365|TXN-0004366|TXN-0004367|TXN-0004368|TXN-0004369,0,794,12,1,1,0,6,0,0.25,6,10577.67,1,LOW,1,1,0,0,,10,4,0,,,VALIDATION,SYNTHETIC
CASE-00515,CMP-100515,1,0,MULTI_CANDIDATE,ACC-01031,,,,,,TXN-0004370|TXN-0004371|TXN-0004372|TXN-0004373|TXN-0004374|TXN-0004375|TXN-0004376|TXN-0004377,1,,16,2,0.8957,0,8,1,0.3333,3.2,20999,1,MEDIUM,1,1,0,0,,13,4,0,0,,VALIDATION,SYNTHETIC
CASE-00516,CMP-100516,1,1,RAPID,ACC-01033,ATM-088,11.085374,76.94246,2026-01-22T13:56:00.000Z,23885,TXN-0004378|TXN-0004379|TXN-0004380|TXN-0004381|TXN-0004382|TXN-0004383|TXN-0004384|TXN-0004385|TXN-0004386,1,116,18,2,0.8631,1,9,1,0.375,9,17619.33,1,LOW,1,1,0,0,,12,4,0,0,,VALIDATION,SYNTHETIC
CASE-00517,CMP-100517,1,1,MULTI_HOP,ACC-01035,ATM-107,18.482853,73.932527,2026-01-22T18:50:00.000Z,33292,TXN-0004387|TXN-0004388|TXN-0004389|TXN-0004390|TXN-0004391|TXN-0004392|TXN-0004393|TXN-0004394,2,350,15,3,0.7682,0,8,2,0.3333,1.7712,24144.88,1,HIGH,1,1,0,0,,17,4,0,166,,TEST,SYNTHETIC
CASE-00518,CMP-100518,0,0,NORMAL,ACC-01037,,,,,,TXN-0004395|TXN-0004396|TXN-0004397|TXN-0004398|TXN-0004399|TXN-0004400|TXN-0004401|TXN-0004402|TXN-0004403,0,,18,1,,0,9,0,0.375,9,9332.78,1,LOW,1,1,0,0,,14,4,0,,,TEST,SYNTHETIC
CASE-00519,CMP-100519,0,0,NORMAL,ACC-01039,,,,,,TXN-0004404|TXN-0004405|TXN-0004406|TXN-0004407|TXN-0004408|TXN-0004409,1,,12,2,,0,6,0,0.25,6,9072.33,1,LOW,1,1,0,0,,15,4,0,,,TEST,SYNTHETIC
CASE-00520,CMP-100520,0,0,NORMAL,ACC-01041,,,,,,TXN-0004410|TXN-0004411|TXN-0004412|TXN-0004413|TXN-0004414|TXN-0004415|TXN-0004416|TXN-0004417|TXN-0004418,0,,18,1,,0,9,0,0.375,9,8895.11,1,MEDIUM,1,1,0,0,,16,4,0,,,TRAIN,SYNTHETIC
CASE-00521,CMP-100521,1,1,RAPID,ACC-01043,ATM-028,11.110925,76.865153,2026-01-22T18:37:00.000Z,15089,TXN-0004419|TXN-0004420|TXN-0004421|TXN-0004422|TXN-0004423|TXN-0004424|TXN-0004425|TXN-0004426,1,97,16,2,0.926,1,8,1,0.3333,8,15783.5,1,LOW,1,1,0,0,,17,4,0,0,,TRAIN,SYNTHETIC
CASE-00522,CMP-100522,0,0,NORMAL,ACC-01045,,,,,,TXN-0004427|TXN-0004428|TXN-0004429|TXN-0004430|TXN-0004431|TXN-0004432|TXN-0004433|TXN-0004434|TXN-0004435,0,,18,1,,0,9,0,0.375,9,12038.56,1,LOW,1,1,0,0,,18,4,0,,,TRAIN,SYNTHETIC
CASE-00523,CMP-100523,1,1,PROXIMITY,ACC-01047,ATM-062,13.001358,77.677303,2026-01-22T21:27:00.000Z,48309,TXN-0004436|TXN-0004437|TXN-0004438|TXN-0004439|TXN-0004440|TXN-0004441|TXN-0004442|TXN-0004443|TXN-0004444|TXN-0004445,1,147,20,2,0.9224,0,10,1,0.4167,6.8966,21267.6,1,LOW,1,1,0,0,,20,4,0,0,,TRAIN,SYNTHETIC
CASE-00524,CMP-100524,0,0,NORMAL,ACC-01049,,,,,,TXN-0004446|TXN-0004447|TXN-0004448|TXN-0004449|TXN-0004450|TXN-0004451|TXN-0004452|TXN-0004453,1,,16,2,,0,8,0,0.3333,8,11538,1,LOW,1,1,0,0,,20,4,0,,,TRAIN,SYNTHETIC
CASE-00525,CMP-100525,0,0,NORMAL,ACC-01051,,,,,,TXN-0004454|TXN-0004455|TXN-0004456|TXN-0004457|TXN-0004458|TXN-0004459|TXN-0004460,0,,14,1,,0,7,0,0.2917,7,7939.57,1,MEDIUM,1,1,0,0,,21,4,0,,,TRAIN,SYNTHETIC
CASE-00526,CMP-100526,0,0,NORMAL,ACC-01053,,,,,,TXN-0004461|TXN-0004462|TXN-0004463|TXN-0004464|TXN-0004465|TXN-0004466|TXN-0004467|TXN-0004468|TXN-0004469|TXN-0004470,0,,20,1,,0,10,0,0.4167,10,9295.1,1,LOW,1,1,0,0,,22,4,0,,,TRAIN,SYNTHETIC
CASE-00527,CMP-100527,1,1,MULTI_HOP,ACC-01055,ATM-094,10.992522,76.965846,2026-01-23T05:46:00.000Z,10411,TXN-0004471|TXN-0004472|TXN-0004473|TXN-0004474|TXN-0004475|TXN-0004476|TXN-0004477|TXN-0004478|TXN-0004479|TXN-0004480,3,406,18,4,0.7124,0,10,3,0.4167,1.9169,13685,1,LOW,1,1,0,0,,4,5,0,143,,TRAIN,SYNTHETIC
CASE-00528,CMP-100528,0,0,NORMAL,ACC-01057,,,,,,TXN-0004481|TXN-0004482|TXN-0004483|TXN-0004484|TXN-0004485|TXN-0004486|TXN-0004487,0,,14,1,,0,7,0,0.2917,7,11945.86,1,HIGH,1,1,0,0,,0,5,0,,,TRAIN,SYNTHETIC
CASE-00529,CMP-100529,1,0,DELAYED,ACC-01059,,,,,,TXN-0004488|TXN-0004489|TXN-0004490|TXN-0004491|TXN-0004492|TXN-0004493|TXN-0004494|TXN-0004495|TXN-0004496,0,,18,1,1,0,9,0,0.375,9,13921.56,1,LOW,1,1,0,0,,1,5,0,,,TRAIN,SYNTHETIC
CASE-00530,CMP-100530,0,0,NORMAL,ACC-01061,,,,,,TXN-0004497|TXN-0004498|TXN-0004499|TXN-0004500|TXN-0004501|TXN-0004502|TXN-0004503,0,,14,1,,0,7,0,0.2917,7,11174.29,1,MEDIUM,1,1,0,0,,2,5,0,,,TRAIN,SYNTHETIC
CASE-00531,CMP-100531,1,1,RAPID,ACC-01063,ATM-105,17.424818,78.453535,2026-01-23T04:00:00.000Z,11629,TXN-0004504|TXN-0004505|TXN-0004506|TXN-0004507|TXN-0004508|TXN-0004509|TXN-0004510|TXN-0004511|TXN-0004512,1,60,18,2,0.8332,1,9,1,0.375,9,15114.56,1,LOW,1,1,0,0,,3,5,0,0,,TRAIN,SYNTHETIC
CASE-00532,CMP-100532,0,0,NORMAL,ACC-01065,,,,,,TXN-0004513|TXN-0004514|TXN-0004515|TXN-0004516|TXN-0004517|TXN-0004518|TXN-0004519|TXN-0004520|TXN-0004521|TXN-0004522,1,,20,2,,0,10,0,0.4167,10,8366,1,LOW,1,1,0,0,,4,5,0,,,TRAIN,SYNTHETIC
CASE-00533,CMP-100533,1,1,PROXIMITY,ACC-01067,ATM-012,16.526511,80.544938,2026-01-23T08:06:00.000Z,24409,TXN-0004523|TXN-0004524|TXN-0004525|TXN-0004526|TXN-0004527|TXN-0004528|TXN-0004529,1,186,14,2,0.9232,0,7,1,0.2917,5,12123.57,1,LOW,1,1,0,0,,6,5,0,0,,TRAIN,SYNTHETIC
CASE-00534,CMP-100534,1,1,DELAYED,ACC-01069,ATM-114,16.42681,80.548489,2026-01-25T12:52:00.000Z,37036,TXN-0004530|TXN-0004531|TXN-0004532|TXN-0004533|TXN-0004534|TXN-0004535|TXN-0004536|TXN-0004537|TXN-0004538,1,3292,18,2,0.8272,0,9,1,0.375,0.3214,18331.44,1,LOW,1,1,0,0,,10,6,0,0,,VALIDATION,SYNTHETIC
CASE-00535,CMP-100535,0,0,NORMAL,ACC-01071,,,,,,TXN-0004539|TXN-0004540|TXN-0004541|TXN-0004542|TXN-0004543|TXN-0004544|TXN-0004545|TXN-0004546,0,,16,1,,0,8,0,0.3333,8,13240.25,1,MEDIUM,1,1,0,0,,7,5,0,,,VALIDATION,SYNTHETIC
CASE-00536,CMP-100536,0,0,NORMAL,ACC-01073,,,,,,TXN-0004547|TXN-0004548|TXN-0004549|TXN-0004550|TXN-0004551|TXN-0004552|TXN-0004553|TXN-0004554|TXN-0004555|TXN-0004556,0,,20,1,,0,10,0,0.4167,10,9889.9,1,LOW,1,1,0,0,,8,5,0,,,VALIDATION,SYNTHETIC
CASE-00537,CMP-100537,0,0,NORMAL,ACC-01075,,,,,,TXN-0004557|TXN-0004558|TXN-0004559|TXN-0004560|TXN-0004561|TXN-0004562|TXN-0004563,1,,14,2,,0,7,0,0.2917,7,8629.43,1,LOW,1,1,0,0,,9,5,0,,,TEST,SYNTHETIC
CASE-00538,CMP-100538,0,0,NORMAL,ACC-01077,,,,,,TXN-0004564|TXN-0004565|TXN-0004566|TXN-0004567|TXN-0004568|TXN-0004569|TXN-0004570|TXN-0004571,1,,16,2,,0,8,0,0.3333,8,9162.75,1,LOW,1,1,0,0,,10,5,0,,,TEST,SYNTHETIC
CASE-00539,CMP-100539,1,1,DELAYED,ACC-01079,ATM-057,17.413359,78.571813,2026-01-25T02:33:00.000Z,49030,TXN-0004572|TXN-0004573|TXN-0004574|TXN-0004575|TXN-0004576|TXN-0004577|TXN-0004578|TXN-0004579|TXN-0004580,0,2373,18,1,1,0,9,0,0.375,9,13348.67,1,HIGH,1,1,0,0,,11,5,0,,,TEST,SYNTHETIC
CASE-00540,CMP-100540,1,1,MULTI_CANDIDATE,ACC-01081,ATM-070,11.032717,77.063284,2026-01-23T13:03:00.000Z,32096,TXN-0004581|TXN-0004582|TXN-0004583|TXN-0004584|TXN-0004585|TXN-0004586,0,63,12,1,1,0,6,0,0.25,6,6916.5,1,MEDIUM,1,1,0,0,,12,5,0,,,TRAIN,SYNTHETIC
CASE-00541,CMP-100541,0,0,NORMAL,ACC-01083,,,,,,TXN-0004587|TXN-0004588|TXN-0004589|TXN-0004590|TXN-0004591|TXN-0004592,1,,12,2,,0,6,0,0.25,6,9546.5,1,LOW,1,1,0,0,,13,5,0,,,TRAIN,SYNTHETIC
CASE-00542,CMP-100542,0,0,NORMAL,ACC-01085,,,,,,TXN-0004593|TXN-0004594|TXN-0004595|TXN-0004596|TXN-0004597|TXN-0004598,0,,12,1,,0,6,0,0.25,6,12812.83,1,LOW,1,1,0,0,,14,5,0,,,TRAIN,SYNTHETIC
CASE-00543,CMP-100543,0,0,NORMAL,ACC-01087,,,,,,TXN-0004599|TXN-0004600|TXN-0004601|TXN-0004602|TXN-0004603|TXN-0004604|TXN-0004605,0,,14,1,,0,7,0,0.2917,7,9035.14,1,LOW,1,1,0,0,,15,5,0,,,TRAIN,SYNTHETIC
CASE-00544,CMP-100544,0,0,NORMAL,ACC-01089,,,,,,TXN-0004606|TXN-0004607|TXN-0004608|TXN-0004609|TXN-0004610|TXN-0004611|TXN-0004612|TXN-0004613,1,,16,2,,0,8,0,0.3333,8,9951,1,LOW,1,1,0,0,,16,5,0,,,TRAIN,SYNTHETIC
CASE-00545,CMP-100545,0,0,NORMAL,ACC-01091,,,,,,TXN-0004614|TXN-0004615|TXN-0004616|TXN-0004617|TXN-0004618|TXN-0004619|TXN-0004620|TXN-0004621|TXN-0004622,1,,18,2,,0,9,0,0.375,9,8936.56,1,MEDIUM,1,1,0,0,,17,5,0,,,TRAIN,SYNTHETIC
CASE-00546,CMP-100546,0,0,NORMAL,ACC-01093,,,,,,TXN-0004623|TXN-0004624|TXN-0004625|TXN-0004626|TXN-0004627|TXN-0004628|TXN-0004629|TXN-0004630,0,,16,1,,0,8,0,0.3333,8,11009.5,1,LOW,1,1,0,0,,18,5,0,,,TRAIN,SYNTHETIC
CASE-00547,CMP-100547,1,1,MULTI_HOP,ACC-01095,ATM-115,13.036717,80.257717,2026-01-24T03:10:00.000Z,42075,TXN-0004631|TXN-0004632|TXN-0004633|TXN-0004634|TXN-0004635|TXN-0004636|TXN-0004637|TXN-0004638|TXN-0004639,3,490,16,4,0.7121,0,9,3,0.375,1.25,40140.33,1,LOW,1,1,0,0,,2,6,0,294,,TRAIN,SYNTHETIC
CASE-00548,CMP-100548,0,0,NORMAL,ACC-01097,,,,,,TXN-0004640|TXN-0004641|TXN-0004642|TXN-0004643|TXN-0004644|TXN-0004645|TXN-0004646|TXN-0004647,1,,16,2,,0,8,0,0.3333,8,12258,1,LOW,1,1,0,0,,20,5,0,,,TRAIN,SYNTHETIC
CASE-00549,CMP-100549,0,0,NORMAL,ACC-01099,,,,,,TXN-0004648|TXN-0004649|TXN-0004650|TXN-0004651|TXN-0004652|TXN-0004653|TXN-0004654|TXN-0004655|TXN-0004656,0,,18,1,,0,9,0,0.375,9,4626.78,1,LOW,1,1,0,0,,21,5,0,,,TRAIN,SYNTHETIC
CASE-00550,CMP-100550,0,0,NORMAL,ACC-01101,,,,,,TXN-0004657|TXN-0004658|TXN-0004659|TXN-0004660|TXN-0004661|TXN-0004662|TXN-0004663|TXN-0004664,1,,16,2,,0,8,0,0.3333,8,8534.88,1,HIGH,1,1,0,0,,22,5,0,,,TRAIN,SYNTHETIC
CASE-00551,CMP-100551,0,0,NORMAL,ACC-01103,,,,,,TXN-0004665|TXN-0004666|TXN-0004667|TXN-0004668|TXN-0004669|TXN-0004670|TXN-0004671|TXN-0004672|TXN-0004673,1,,18,2,,0,9,0,0.375,9,11711.67,1,LOW,1,1,0,0,,23,5,0,,,TRAIN,SYNTHETIC
CASE-00552,CMP-100552,1,1,MULTI_HOP,ACC-01105,ATM-042,16.467251,80.698471,2026-01-24T05:42:00.000Z,25608,TXN-0004674|TXN-0004675|TXN-0004676|TXN-0004677|TXN-0004678|TXN-0004679|TXN-0004680|TXN-0004681|TXN-0004682|TXN-0004683|TXN-0004684|TXN-0004685,2,342,23,3,0.7524,0,12,2,0.5,3.1034,17514.5,1,LOW,1,1,0,0,,3,6,0,159,,TRAIN,SYNTHETIC
CASE-00553,CMP-100553,1,1,PROXIMITY,ACC-01107,ATM-032,12.940898,77.590579,2026-01-24T04:46:00.000Z,19330,TXN-0004686|TXN-0004687|TXN-0004688|TXN-0004689|TXN-0004690|TXN-0004691|TXN-0004692,1,226,14,2,0.8564,0,7,1,0.2917,2.5,15489.43,1,LOW,1,1,0,0,,3,6,0,0,,TRAIN,SYNTHETIC
CASE-00554,CMP-100554,1,1,DELAYED,ACC-01109,ATM-084,16.465235,80.547331,2026-01-26T00:22:00.000Z,32121,TXN-0004693|TXN-0004694|TXN-0004695|TXN-0004696|TXN-0004697|TXN-0004698|TXN-0004699|TXN-0004700|TXN-0004701|TXN-0004702|TXN-0004703,1,2782,22,2,0.8974,0,11,1,0.4583,0.6471,15227.36,1,LOW,1,1,0,0,,19,6,0,0,,VALIDATION,SYNTHETIC
CASE-00555,CMP-100555,1,1,MULTI_CANDIDATE,ACC-01111,ATM-111,17.485307,78.570182,2026-01-24T06:15:00.000Z,25326,TXN-0004704|TXN-0004705|TXN-0004706|TXN-0004707|TXN-0004708|TXN-0004709|TXN-0004710|TXN-0004711|TXN-0004712|TXN-0004713|TXN-0004714,1,195,22,2,0.8496,0,11,1,0.4583,4.5517,13020,1,MEDIUM,1,1,0,0,,5,6,0,0,,VALIDATION,SYNTHETIC
CASE-00556,CMP-100556,0,0,NORMAL,ACC-01113,,,,,,TXN-0004715|TXN-0004716|TXN-0004717|TXN-0004718|TXN-0004719|TXN-0004720|TXN-0004721,0,,14,1,,0,7,0,0.2917,7,13129.57,1,LOW,1,1,0,0,,4,6,0,,,VALIDATION,SYNTHETIC
CASE-00557,CMP-100557,1,1,MULTI_HOP,ACC-01115,ATM-087,17.431651,78.577478,2026-01-24T10:53:00.000Z,26036,TXN-0004722|TXN-0004723|TXN-0004724|TXN-0004725|TXN-0004726|TXN-0004727|TXN-0004728|TXN-0004729|TXN-0004730,3,353,16,4,0.6495,0,9,3,0.375,1.9636,30898.11,1,LOW,1,1,0,0,,9,6,0,164,,TEST,SYNTHETIC
CASE-00558,CMP-100558,0,0,NORMAL,ACC-01117,,,,,,TXN-0004731|TXN-0004732|TXN-0004733|TXN-0004734|TXN-0004735|TXN-0004736,0,,12,1,,0,6,0,0.25,6,14634.5,1,LOW,1,1,0,0,,6,6,0,,,TEST,SYNTHETIC
CASE-00559,CMP-100559,1,1,DELAYED,ACC-01119,ATM-093,17.45267,78.42255,2026-01-25T10:01:00.000Z,27893,TXN-0004737|TXN-0004738|TXN-0004739|TXN-0004740|TXN-0004741|TXN-0004742|TXN-0004743,0,1621,14,1,1,0,7,0,0.2917,7,7224.29,1,LOW,1,1,0,0,,7,6,0,,,TEST,SYNTHETIC
CASE-00560,CMP-100560,0,0,NORMAL,ACC-01121,,,,,,TXN-0004744|TXN-0004745|TXN-0004746|TXN-0004747|TXN-0004748|TXN-0004749,1,,12,2,,0,6,0,0.25,6,8091.17,1,MEDIUM,1,1,0,0,,8,6,0,,,TRAIN,SYNTHETIC
CASE-00561,CMP-100561,1,1,RAPID,ACC-01123,ATM-104,12.959919,77.677844,2026-01-24T10:14:00.000Z,28220,TXN-0004750|TXN-0004751|TXN-0004752|TXN-0004753|TXN-0004754|TXN-0004755|TXN-0004756|TXN-0004757|TXN-0004758,1,74,18,2,0.8624,1,9,1,0.375,9,19073.33,1,HIGH,1,1,0,0,,9,6,0,0,,TRAIN,SYNTHETIC
CASE-00562,CMP-100562,0,0,NORMAL,ACC-01125,,,,,,TXN-0004759|TXN-0004760|TXN-0004761|TXN-0004762|TXN-0004763|TXN-0004764|TXN-0004765|TXN-0004766,0,,16,1,,0,8,0,0.3333,8,12090.25,1,LOW,1,1,0,0,,10,6,0,,,TRAIN,SYNTHETIC
CASE-00563,CMP-100563,1,0,PROXIMITY,ACC-01127,,,,,,TXN-0004767|TXN-0004768|TXN-0004769|TXN-0004770|TXN-0004771|TXN-0004772|TXN-0004773,1,,14,2,0.9033,0,7,1,0.2917,3.8532,13985.43,1,LOW,1,1,0,0,,12,6,0,0,,TRAIN,SYNTHETIC
CASE-00564,CMP-100564,1,1,DELAYED,ACC-01129,ATM-060,16.586214,80.619336,2026-01-26T03:47:00.000Z,44688,TXN-0004774|TXN-0004775|TXN-0004776|TXN-0004777|TXN-0004778|TXN-0004779|TXN-0004780|TXN-0004781|TXN-0004782|TXN-0004783,0,2387,20,1,1,0,10,0,0.4167,10,9262.6,1,LOW,1,1,0,0,,12,6,0,,,TRAIN,SYNTHETIC
CASE-00565,CMP-100565,1,1,MULTI_CANDIDATE,ACC-01131,ATM-009,17.426055,78.511037,2026-01-24T16:18:00.000Z,8283,TXN-0004784|TXN-0004785|TXN-0004786|TXN-0004787|TXN-0004788|TXN-0004789|TXN-0004790|TXN-0004791|TXN-0004792,1,198,18,2,0.9231,0,9,1,0.375,4.3902,14115.44,1,MEDIUM,1,1,0,0,,15,6,0,0,,TRAIN,SYNTHETIC
CASE-00566,CMP-100566,0,0,NORMAL,ACC-01133,,,,,,TXN-0004793|TXN-0004794|TXN-0004795|TXN-0004796|TXN-0004797|TXN-0004798|TXN-0004799,0,,14,1,,0,7,0,0.2917,7,12751.29,1,LOW,1,1,0,0,,14,6,0,,,TRAIN,SYNTHETIC
CASE-00567,CMP-100567,0,0,NORMAL,ACC-01135,,,,,,TXN-0004800|TXN-0004801|TXN-0004802|TXN-0004803|TXN-0004804|TXN-0004805,1,,12,2,,0,6,0,0.25,6,11846.83,1,LOW,1,1,0,0,,15,6,0,,,TRAIN,SYNTHETIC
CASE-00568,CMP-100568,1,1,PROXIMITY,ACC-01137,ATM-017,18.517703,73.924685,2026-01-24T19:40:00.000Z,54280,TXN-0004806|TXN-0004807|TXN-0004808|TXN-0004809|TXN-0004810|TXN-0004811|TXN-0004812|TXN-0004813,1,220,16,2,0.9108,0,8,1,0.3333,3.3333,21691.75,1,LOW,1,1,0,0,,18,6,0,0,,TRAIN,SYNTHETIC
CASE-00569,CMP-100569,1,1,DELAYED,ACC-01139,ATM-029,18.618022,73.84155,2026-01-26T01:09:00.000Z,21776,TXN-0004814|TXN-0004815|TXN-0004816|TXN-0004817|TXN-0004818|TXN-0004819|TXN-0004820|TXN-0004821|TXN-0004822,1,1929,18,2,0.8252,0,9,1,0.375,0.6429,14105.89,1,LOW,1,1,0,0,,7,0,0,0,,TRAIN,SYNTHETIC
CASE-00570,CMP-100570,1,0,MULTI_CANDIDATE,ACC-01141,,,,,,TXN-0004823|TXN-0004824|TXN-0004825|TXN-0004826|TXN-0004827|TXN-0004828|TXN-0004829|TXN-0004830,0,,16,1,1,0,8,0,0.3333,8,10201.13,1,MEDIUM,1,1,0,0,,18,6,0,,,TRAIN,SYNTHETIC
CASE-00571,CMP-100571,0,0,NORMAL,ACC-01143,,,,,,TXN-0004831|TXN-0004832|TXN-0004833|TXN-0004834|TXN-0004835|TXN-0004836|TXN-0004837|TXN-0004838,0,,16,1,,0,8,0,0.3333,8,11416.5,1,LOW,1,1,0,0,,19,6,0,,,TRAIN,SYNTHETIC
CASE-00572,CMP-100572,1,1,MULTI_HOP,ACC-01145,ATM-003,17.313459,78.49255,2026-01-24T22:27:00.000Z,9222,TXN-0004839|TXN-0004840|TXN-0004841|TXN-0004842|TXN-0004843|TXN-0004844|TXN-0004845|TXN-0004846|TXN-0004847|TXN-0004848|TXN-0004849,2,147,21,3,0.7113,0,11,2,0.4583,11,16112.73,1,HIGH,1,1,0,0,,20,6,0,24,,TRAIN,SYNTHETIC
CASE-00573,CMP-100573,0,0,NORMAL,ACC-01147,,,,,,TXN-0004850|TXN-0004851|TXN-0004852|TXN-0004853|TXN-0004854|TXN-0004855,0,,12,1,,0,6,0,0.25,6,13414,1,LOW,1,1,0,0,,21,6,0,,,TRAIN,SYNTHETIC
CASE-00574,CMP-100574,1,1,DELAYED,ACC-01149,ATM-040,11.002278,76.97306,2026-01-27T09:18:00.000Z,39426,TXN-0004856|TXN-0004857|TXN-0004858|TXN-0004859|TXN-0004860|TXN-0004861|TXN-0004862|TXN-0004863,1,3558,16,2,0.8939,0,8,1,0.3333,0.4,23461.5,1,LOW,1,1,0,0,,18,0,0,0,,VALIDATION,SYNTHETIC
CASE-00575,CMP-100575,0,0,NORMAL,ACC-01151,,,,,,TXN-0004864|TXN-0004865|TXN-0004866|TXN-0004867|TXN-0004868|TXN-0004869,0,,12,1,,0,6,0,0.25,6,9892.33,1,MEDIUM,1,1,0,0,,23,6,0,,,VALIDATION,SYNTHETIC
CASE-00576,CMP-100576,0,0,NORMAL,ACC-01153,,,,,,TXN-0004870|TXN-0004871|TXN-0004872|TXN-0004873|TXN-0004874|TXN-0004875,0,,12,1,,0,6,0,0.25,6,11637,1,LOW,1,1,0,0,,0,0,0,,,VALIDATION,SYNTHETIC
CASE-00577,CMP-100577,0,0,NORMAL,ACC-01155,,,,,,TXN-0004876|TXN-0004877|TXN-0004878|TXN-0004879|TXN-0004880|TXN-0004881,1,,12,2,,0,6,0,0.25,6,12756,1,LOW,1,1,0,0,,1,0,0,,,TEST,SYNTHETIC
CASE-00578,CMP-100578,0,0,NORMAL,ACC-01157,,,,,,TXN-0004882|TXN-0004883|TXN-0004884|TXN-0004885|TXN-0004886|TXN-0004887|TXN-0004888,0,,14,1,,0,7,0,0.2917,7,8108.14,1,LOW,1,1,0,0,,2,0,0,,,TEST,SYNTHETIC
CASE-00579,CMP-100579,1,1,DELAYED,ACC-01159,ATM-020,12.984052,77.61588,2026-01-27T03:17:00.000Z,22029,TXN-0004889|TXN-0004890|TXN-0004891|TXN-0004892|TXN-0004893|TXN-0004894|TXN-0004895|TXN-0004896|TXN-0004897|TXN-0004898,1,2897,20,2,0.9018,0,10,1,0.4167,0.5263,15131.9,1,LOW,1,1,0,0,,22,0,0,0,,TEST,SYNTHETIC
CASE-00580,CMP-100580,1,1,MULTI_CANDIDATE,ACC-01161,ATM-073,13.059524,80.25627,2026-01-25T05:32:00.000Z,63602,TXN-0004899|TXN-0004900|TXN-0004901|TXN-0004902|TXN-0004903|TXN-0004904|TXN-0004905|TXN-0004906|TXN-0004907,0,92,18,1,1,0,9,0,0.375,9,10607.67,1,MEDIUM,1,1,0,0,,4,0,0,,,TRAIN,SYNTHETIC
CASE-00581,CMP-100581,1,1,RAPID,ACC-01163,ATM-029,18.618022,73.84155,2026-01-25T07:17:00.000Z,19599,TXN-0004908|TXN-0004909|TXN-0004910|TXN-0004911|TXN-0004912|TXN-0004913|TXN-0004914|TXN-0004915|TXN-0004916|TXN-0004917|TXN-0004918,1,137,22,2,0.8821,1,11,1,0.4583,11,12860.55,1,LOW,1,1,0,0,,5,0,0,0,,TRAIN,SYNTHETIC
CASE-00582,CMP-100582,1,1,MULTI_HOP,ACC-01165,ATM-023,18.572897,73.935616,2026-01-25T13:08:00.000Z,16201,TXN-0004919|TXN-0004920|TXN-0004921|TXN-0004922|TXN-0004923|TXN-0004924|TXN-0004925|TXN-0004926|TXN-0004927,3,428,16,4,0.6425,0,9,3,0.375,1.6314,22545.67,1,LOW,1,1,0,0,,11,0,0,207,,TRAIN,SYNTHETIC
CASE-00583,CMP-100583,1,1,PROXIMITY,ACC-01167,ATM-002,13.049142,77.631941,2026-01-25T08:23:00.000Z,15400,TXN-0004928|TXN-0004929|TXN-0004930|TXN-0004931|TXN-0004932|TXN-0004933|TXN-0004934|TXN-0004935|TXN-0004936|TXN-0004937|TXN-0004938,1,83,22,2,0.8838,0,11,1,0.4583,11,14311.82,1,HIGH,1,1,0,0,,7,0,0,0,,TRAIN,SYNTHETIC
CASE-00584,CMP-100584,0,0,NORMAL,ACC-01169,,,,,,TXN-0004939|TXN-0004940|TXN-0004941|TXN-0004942|TXN-0004943|TXN-0004944|TXN-0004945|TXN-0004946|TXN-0004947,0,,18,1,,0,9,0,0.375,9,15250.67,1,LOW,1,1,0,0,,8,0,0,,,TRAIN,SYNTHETIC
CASE-00585,CMP-100585,1,1,MULTI_CANDIDATE,ACC-01171,ATM-054,16.4453,80.62883,2026-01-25T11:43:00.000Z,38254,TXN-0004948|TXN-0004949|TXN-0004950|TXN-0004951|TXN-0004952|TXN-0004953|TXN-0004954|TXN-0004955|TXN-0004956|TXN-0004957,1,163,20,2,0.92,0,10,1,0.4167,5.6075,18790.8,1,MEDIUM,1,1,0,0,,10,0,0,0,,TRAIN,SYNTHETIC
CASE-00586,CMP-100586,1,1,RAPID,ACC-01173,ATM-113,18.442334,73.806782,2026-01-25T11:41:00.000Z,6369,TXN-0004958|TXN-0004959|TXN-0004960|TXN-0004961|TXN-0004962|TXN-0004963|TXN-0004964|TXN-0004965|TXN-0004966|TXN-0004967|TXN-0004968,1,101,22,2,0.8998,1,11,1,0.4583,11,10836.91,1,LOW,1,1,0,0,,10,0,0,0,,TRAIN,SYNTHETIC
CASE-00587,CMP-100587,1,1,MULTI_HOP,ACC-01175,ATM-074,12.953638,77.63555,2026-01-25T13:35:00.000Z,14845,TXN-0004969|TXN-0004970|TXN-0004971|TXN-0004972|TXN-0004973|TXN-0004974|TXN-0004975|TXN-0004976|TXN-0004977|TXN-0004978,2,155,19,3,0.7504,0,10,2,0.4167,6.3158,15778.2,1,LOW,1,1,0,0,,12,0,0,63,,TRAIN,SYNTHETIC
CASE-00588,CMP-100588,1,1,PROXIMITY,ACC-01177,ATM-037,13.08717,80.341516,2026-01-25T13:56:00.000Z,14982,TXN-0004979|TXN-0004980|TXN-0004981|TXN-0004982|TXN-0004983|TXN-0004984|TXN-0004985|TXN-0004986|TXN-0004987|TXN-0004988,1,116,20,2,0.9242,0,10,1,0.4167,10,14682.8,1,LOW,1,1,0,0,,12,0,0,0,,TRAIN,SYNTHETIC
CASE-00589,CMP-100589,1,1,DELAYED,ACC-01179,ATM-081,17.422245,78.425296,2026-01-28T00:46:00.000Z,18208,TXN-0004989|TXN-0004990|TXN-0004991|TXN-0004992|TXN-0004993|TXN-0004994|TXN-0004995|TXN-0004996,1,3586,16,2,0.91,0,8,1,0.3333,0.2222,13884.88,1,LOW,1,1,0,0,,1,2,0,0,,TRAIN,SYNTHETIC
CASE-00590,CMP-100590,1,1,MULTI_CANDIDATE,ACC-01181,ATM-003,17.313459,78.49255,2026-01-25T16:26:00.000Z,10294,TXN-0004997|TXN-0004998|TXN-0004999|TXN-0005000|TXN-0005001|TXN-0005002|TXN-0005003|TXN-0005004|TXN-0005005|TXN-0005006|TXN-0005007,1,146,22,2,0.8354,0,11,1,0.4583,11,12396.64,1,MEDIUM,1,1,0,0,,14,0,0,0,,TRAIN,SYNTHETIC
CASE-00591,CMP-100591,1,1,RAPID,ACC-01183,ATM-090,16.511849,80.722883,2026-01-25T17:15:00.000Z,31472,TXN-0005008|TXN-0005009|TXN-0005010|TXN-0005011|TXN-0005012|TXN-0005013|TXN-0005014|TXN-0005015|TXN-0005016|TXN-0005017|TXN-0005018,1,135,22,2,0.896,1,11,1,0.4583,11,13868.09,1,LOW,1,1,0,0,,15,0,0,0,,TRAIN,SYNTHETIC
CASE-00592,CMP-100592,0,0,NORMAL,ACC-01185,,,,,,TXN-0005019|TXN-0005020|TXN-0005021|TXN-0005022|TXN-0005023|TXN-0005024,1,,12,2,,0,6,0,0.25,6,9756.5,1,LOW,1,1,0,0,,16,0,0,,,TRAIN,SYNTHETIC
CASE-00593,CMP-100593,0,0,NORMAL,ACC-01187,,,,,,TXN-0005025|TXN-0005026|TXN-0005027|TXN-0005028|TXN-0005029|TXN-0005030|TXN-0005031|TXN-0005032,1,,16,2,,0,8,0,0.3333,8,11445.88,1,LOW,1,1,0,0,,17,0,0,,,TRAIN,SYNTHETIC
CASE-00594,CMP-100594,1,1,DELAYED,ACC-01189,ATM-025,13.035226,80.225158,2026-01-27T14:22:00.000Z,8381,TXN-0005033|TXN-0005034|TXN-0005035|TXN-0005036|TXN-0005037|TXN-0005038|TXN-0005039,1,2662,14,2,0.9307,0,7,1,0.2917,0.7778,13253.29,1,HIGH,1,1,0,0,,3,1,0,0,,VALIDATION,SYNTHETIC
CASE-00595,CMP-100595,0,0,NORMAL,ACC-01191,,,,,,TXN-0005040|TXN-0005041|TXN-0005042|TXN-0005043|TXN-0005044|TXN-0005045|TXN-0005046|TXN-0005047,1,,16,2,,0,8,0,0.3333,8,8812.13,1,MEDIUM,1,1,0,0,,19,0,0,,,VALIDATION,SYNTHETIC
CASE-00596,CMP-100596,0,0,NORMAL,ACC-01193,,,,,,TXN-0005048|TXN-0005049|TXN-0005050|TXN-0005051|TXN-0005052|TXN-0005053|TXN-0005054|TXN-0005055|TXN-0005056,1,,18,2,,0,9,0,0.375,9,15464.67,1,LOW,1,1,0,0,,20,0,0,,,VALIDATION,SYNTHETIC
CASE-00597,CMP-100597,1,1,MULTI_HOP,ACC-01195,ATM-066,16.551421,80.693841,2026-01-26T00:08:00.000Z,17879,TXN-0005057|TXN-0005058|TXN-0005059|TXN-0005060|TXN-0005061|TXN-0005062|TXN-0005063|TXN-0005064|TXN-0005065|TXN-0005066|TXN-0005067,2,188,21,3,0.7497,0,11,2,0.4583,6.7347,15933.18,1,LOW,1,1,0,0,,22,0,0,78,,TEST,SYNTHETIC
CASE-00598,CMP-100598,1,1,PROXIMITY,ACC-01197,ATM-107,18.482853,73.932527,2026-01-26T01:21:00.000Z,20759,TXN-0005068|TXN-0005069|TXN-0005070|TXN-0005071|TXN-0005072|TXN-0005073|TXN-0005074,1,201,14,2,0.9364,0,7,1,0.2917,5.8333,12703.71,1,LOW,1,1,0,0,,23,0,0,0,,TEST,SYNTHETIC
CASE-00599,CMP-100599,1,1,DELAYED,ACC-01199,ATM-015,17.391674,78.382667,2026-01-28T06:39:00.000Z,6562,TXN-0005075|TXN-0005076|TXN-0005077|TXN-0005078|TXN-0005079|TXN-0005080|TXN-0005081,1,3339,14,2,0.8388,0,7,1,0.2917,0.4667,13132.14,1,LOW,1,1,0,0,,14,1,0,0,,TEST,SYNTHETIC
CASE-00600,CMP-100600,0,0,NORMAL,ACC-01201,,,,,,TXN-0005082|TXN-0005083|TXN-0005084|TXN-0005085|TXN-0005086|TXN-0005087|TXN-0005088|TXN-0005089|TXN-0005090,1,,18,2,,0,9,0,0.375,9,10261.11,1,MEDIUM,1,1,0,0,,0,1,0,,,TRAIN,SYNTHETIC
