transaction_id,case_id,source_account,destination_account,amount,timestamp,transaction_type,fraud_label,location,risk,source_type
TXN-0000001,CASE-00001,ACC-00018,ACC-00023,13995,2025-12-31T06:00:00.000Z,UPI,0,Chennai,LOW,SYNTHETIC
TXN-0000002,CASE-00001,ACC-00019,ACC-00024,19928,2025-12-31T06:57:00.000Z,UPI,0,Chennai,LOW,SYNTHETIC
TXN-0000003,CASE-00001,ACC-00020,ACC-00025,20829,2025-12-31T16:54:00.000Z,IMPS,0,Chennai,LOW,SYNTHETIC
TXN-0000004,CASE-00001,ACC-00021,ACC-00026,10251,2025-12-31T13:51:00.000Z,IMPS,0,Chennai,LOW,SYNTHETIC
TXN-0000005,CASE-00001,ACC-00022,ACC-00027,7837,2025-12-31T13:48:00.000Z,TRANSFER,0,Chennai,LOW,SYNTHETIC
TXN-0000006,CASE-00001,ACC-00023,ACC-00028,6175,2025-12-31T18:45:00.000Z,TRANSFER,0,Chennai,LOW,SYNTHETIC
TXN-0000007,CASE-00001,ACC-00024,ACC-00029,4535,2025-12-31T13:42:00.000Z,NEFT,0,Chennai,LOW,SYNTHETIC
TXN-0000008,CASE-00001,ACC-00025,ACC-00030,14996,2025-12-31T17:39:00.000Z,NEFT,0,Chennai,LOW,SYNTHETIC
TXN-0000009,CASE-00002,ACC-00035,ACC-00042,11176,2025-12-31T17:00:00.000Z,UPI,0,Bengaluru,LOW,SYNTHETIC
TXN-0000010,CASE-00002,ACC-00036,ACC-00043,7479,2025-12-31T17:57:00.000Z,TRANSFER,0,Bengaluru,LOW,SYNTHETIC
TXN-0000011,CASE-00002,ACC-00037,ACC-00044,6140,2025-12-31T05:54:00.000Z,TRANSFER,0,Bengaluru,LOW,SYNTHETIC
TXN-0000012,CASE-00002,ACC-00038,ACC-00045,19702,2026-01-01T00:51:00.000Z,NEFT,0,Bengaluru,LOW,SYNTHETIC
TXN-0000013,CASE-00002,ACC-00039,ACC-00046,887,2025-12-31T12:48:00.000Z,TRANSFER,0,Bengaluru,LOW,SYNTHETIC
TXN-0000014,CASE-00002,ACC-00040,ACC-00047,1787,2025-12-31T21:45:00.000Z,UPI,0,Bengaluru,LOW,SYNTHETIC
TXN-0000015,CASE-00002,ACC-00041,ACC-00048,21272,2025-12-31T20:42:00.000Z,TRANSFER,0,Bengaluru,LOW,SYNTHETIC
TXN-0000016,CASE-00002,ACC-00042,ACC-00049,1535,2025-12-31T19:39:00.000Z,UPI,0,Bengaluru,LOW,SYNTHETIC
TXN-0000017,CASE-00002,ACC-00043,ACC-00050,16407,2025-12-31T05:36:00.000Z,TRANSFER,0,Bengaluru,LOW,SYNTHETIC
TXN-0000018,CASE-00003,ACC-00052,ACC-00061,2810,2025-12-31T22:00:00.000Z,TRANSFER,0,Hyderabad,LOW,SYNTHETIC
TXN-0000019,CASE-00003,ACC-00053,ACC-00062,14811,2025-12-31T18:57:00.000Z,NEFT,0,Hyderabad,LOW,SYNTHETIC
TXN-0000020,CASE-00003,ACC-00054,ACC-00063,18756,2025-12-31T16:54:00.000Z,TRANSFER,0,Hyderabad,LOW,SYNTHETIC
TXN-0000021,CASE-00003,ACC-00055,ACC-00064,20730,2025-12-31T23:51:00.000Z,TRANSFER,0,Hyderabad,LOW,SYNTHETIC
TXN-0000022,CASE-00003,ACC-00056,ACC-00065,4695,2025-12-31T09:48:00.000Z,IMPS,0,Hyderabad,LOW,SYNTHETIC
TXN-0000023,CASE-00003,ACC-00057,ACC-00066,11066,2025-12-31T19:45:00.000Z,NEFT,0,Hyderabad,LOW,SYNTHETIC
TXN-0000024,CASE-00003,ACC-00007,ACC-00047,40797,2026-01-01T04:42:00.000Z,NEFT,1,Hyderabad,MEDIUM,SYNTHETIC
TXN-0000025,CASE-00004,ACC-00069,ACC-00080,4397,2026-01-01T00:00:00.000Z,UPI,0,Coimbatore,LOW,SYNTHETIC
TXN-0000026,CASE-00004,ACC-00070,ACC-00081,6975,2025-12-31T11:57:00.000Z,TRANSFER,0,Coimbatore,LOW,SYNTHETIC
TXN-0000027,CASE-00004,ACC-00071,ACC-00082,9966,2025-12-31T23:54:00.000Z,TRANSFER,0,Coimbatore,LOW,SYNTHETIC
TXN-0000028,CASE-00004,ACC-00072,ACC-00083,14090,2025-12-31T13:51:00.000Z,IMPS,0,Coimbatore,LOW,SYNTHETIC
TXN-0000029,CASE-00004,ACC-00073,ACC-00084,1160,2025-12-31T08:48:00.000Z,NEFT,0,Coimbatore,LOW,SYNTHETIC
TXN-0000030,CASE-00004,ACC-00074,ACC-00085,15354,2025-12-31T14:45:00.000Z,TRANSFER,0,Coimbatore,LOW,SYNTHETIC
TXN-0000031,CASE-00004,ACC-00075,ACC-00086,19938,2025-12-31T08:42:00.000Z,UPI,0,Coimbatore,LOW,SYNTHETIC
TXN-0000032,CASE-00005,ACC-00086,ACC-00099,12711,2025-12-31T09:00:00.000Z,UPI,0,Pune,LOW,SYNTHETIC
TXN-0000033,CASE-00005,ACC-00087,ACC-00100,5592,2025-12-31T15:57:00.000Z,NEFT,0,Pune,LOW,SYNTHETIC
TXN-0000034,CASE-00005,ACC-00088,ACC-00101,5785,2026-01-01T03:54:00.000Z,IMPS,0,Pune,LOW,SYNTHETIC
TXN-0000035,CASE-00005,ACC-00089,ACC-00102,21131,2025-12-31T13:51:00.000Z,UPI,0,Pune,LOW,SYNTHETIC
TXN-0000036,CASE-00005,ACC-00090,ACC-00103,3599,2025-12-31T15:48:00.000Z,UPI,0,Pune,LOW,SYNTHETIC
TXN-0000037,CASE-00005,ACC-00091,ACC-00104,2707,2025-12-31T15:45:00.000Z,NEFT,0,Pune,LOW,SYNTHETIC
TXN-0000038,CASE-00005,ACC-00092,ACC-00105,15640,2026-01-01T03:42:00.000Z,IMPS,0,Pune,LOW,SYNTHETIC
TXN-0000039,CASE-00005,ACC-00093,ACC-00106,21183,2025-12-31T18:39:00.000Z,TRANSFER,0,Pune,LOW,SYNTHETIC
TXN-0000040,CASE-00005,ACC-00094,ACC-00107,12485,2025-12-31T12:36:00.000Z,UPI,0,Pune,LOW,SYNTHETIC
TXN-0000041,CASE-00005,ACC-00095,ACC-00108,17734,2025-12-31T10:33:00.000Z,IMPS,0,Pune,LOW,SYNTHETIC
TXN-0000042,CASE-00006,ACC-00103,ACC-00118,1911,2025-12-31T15:00:00.000Z,TRANSFER,0,Vijayawada,LOW,SYNTHETIC
TXN-0000043,CASE-00006,ACC-00104,ACC-00119,3799,2025-12-31T23:57:00.000Z,TRANSFER,0,Vijayawada,LOW,SYNTHETIC
TXN-0000044,CASE-00006,ACC-00105,ACC-00120,7499,2025-12-31T17:54:00.000Z,TRANSFER,0,Vijayawada,LOW,SYNTHETIC
TXN-0000045,CASE-00006,ACC-00106,ACC-00121,13288,2025-12-31T10:51:00.000Z,TRANSFER,0,Vijayawada,LOW,SYNTHETIC
TXN-0000046,CASE-00006,ACC-00107,ACC-00122,14094,2025-12-31T18:48:00.000Z,NEFT,0,Vijayawada,LOW,SYNTHETIC
TXN-0000047,CASE-00006,ACC-00108,ACC-00123,10596,2026-01-01T01:45:00.000Z,IMPS,0,Vijayawada,LOW,SYNTHETIC
TXN-0000048,CASE-00007,ACC-00120,ACC-00137,9100,2025-12-31T21:00:00.000Z,UPI,0,Chennai,LOW,SYNTHETIC
TXN-0000049,CASE-00007,ACC-00121,ACC-00138,15878,2025-12-31T20:57:00.000Z,NEFT,0,Chennai,LOW,SYNTHETIC
TXN-0000050,CASE-00007,ACC-00122,ACC-00139,18600,2025-12-31T10:54:00.000Z,NEFT,0,Chennai,LOW,SYNTHETIC
TXN-0000051,CASE-00007,ACC-00123,ACC-00140,16151,2025-12-31T11:51:00.000Z,TRANSFER,0,Chennai,LOW,SYNTHETIC
TXN-0000052,CASE-00007,ACC-00124,ACC-00141,5989,2026-01-01T04:48:00.000Z,NEFT,0,Chennai,LOW,SYNTHETIC
TXN-0000053,CASE-00007,ACC-00125,ACC-00142,15392,2025-12-31T19:45:00.000Z,IMPS,0,Chennai,LOW,SYNTHETIC
TXN-0000054,CASE-00007,ACC-00126,ACC-00143,10225,2025-12-31T12:42:00.000Z,UPI,0,Chennai,LOW,SYNTHETIC
TXN-0000055,CASE-00007,ACC-00127,ACC-00144,4619,2025-12-31T21:39:00.000Z,TRANSFER,0,Chennai,LOW,SYNTHETIC
TXN-0000056,CASE-00007,ACC-00128,ACC-00145,14134,2026-01-01T05:36:00.000Z,NEFT,0,Chennai,LOW,SYNTHETIC
TXN-0000057,CASE-00008,ACC-00137,ACC-00156,12545,2026-01-01T07:00:00.000Z,IMPS,0,Bengaluru,LOW,SYNTHETIC
TXN-0000058,CASE-00008,ACC-00138,ACC-00157,5455,2025-12-31T12:57:00.000Z,TRANSFER,0,Bengaluru,LOW,SYNTHETIC
TXN-0000059,CASE-00008,ACC-00139,ACC-00158,5436,2025-12-31T13:54:00.000Z,UPI,0,Bengaluru,LOW,SYNTHETIC
TXN-0000060,CASE-00008,ACC-00140,ACC-00159,3435,2025-12-31T21:51:00.000Z,TRANSFER,0,Bengaluru,LOW,SYNTHETIC
TXN-0000061,CASE-00008,ACC-00141,ACC-00160,6475,2026-01-01T05:48:00.000Z,NEFT,0,Bengaluru,LOW,SYNTHETIC
TXN-0000062,CASE-00008,ACC-00142,ACC-00161,17749,2025-12-31T20:45:00.000Z,TRANSFER,0,Bengaluru,LOW,SYNTHETIC
TXN-0000063,CASE-00009,ACC-00154,ACC-00175,10555,2025-12-31T15:00:00.000Z,NEFT,0,Hyderabad,LOW,SYNTHETIC
TXN-0000064,CASE-00009,ACC-00155,ACC-00176,13037,2026-01-01T04:57:00.000Z,UPI,0,Hyderabad,LOW,SYNTHETIC
TXN-0000065,CASE-00009,ACC-00156,ACC-00177,18301,2026-01-01T04:54:00.000Z,IMPS,0,Hyderabad,LOW,SYNTHETIC
TXN-0000066,CASE-00009,ACC-00157,ACC-00178,13401,2025-12-31T19:51:00.000Z,TRANSFER,0,Hyderabad,LOW,SYNTHETIC
TXN-0000067,CASE-00009,ACC-00158,ACC-00179,648,2025-12-31T18:48:00.000Z,TRANSFER,0,Hyderabad,LOW,SYNTHETIC
TXN-0000068,CASE-00009,ACC-00159,ACC-00180,12686,2025-12-31T14:45:00.000Z,TRANSFER,0,Hyderabad,LOW,SYNTHETIC
TXN-0000069,CASE-00009,ACC-00160,ACC-00181,12583,2025-12-31T23:42:00.000Z,NEFT,0,Hyderabad,LOW,SYNTHETIC
TXN-0000070,CASE-00009,ACC-00161,ACC-00182,20123,2026-01-01T04:39:00.000Z,IMPS,0,Hyderabad,LOW,SYNTHETIC
TXN-0000071,CASE-00009,ACC-00162,ACC-00183,19644,2025-12-31T12:36:00.000Z,TRANSFER,0,Hyderabad,LOW,SYNTHETIC
TXN-0000072,CASE-00010,ACC-00171,ACC-00194,8242,2026-01-01T08:00:00.000Z,TRANSFER,0,Coimbatore,LOW,SYNTHETIC
TXN-0000073,CASE-00010,ACC-00172,ACC-00195,2926,2026-01-01T02:57:00.000Z,UPI,0,Coimbatore,LOW,SYNTHETIC
TXN-0000074,CASE-00010,ACC-00173,ACC-00196,20131,2025-12-31T19:54:00.000Z,NEFT,0,Coimbatore,LOW,SYNTHETIC
TXN-0000075,CASE-00010,ACC-00174,ACC-00197,12884,2026-01-01T01:51:00.000Z,UPI,0,Coimbatore,LOW,SYNTHETIC
TXN-0000076,CASE-00010,ACC-00175,ACC-00198,15496,2025-12-31T19:48:00.000Z,TRANSFER,0,Coimbatore,LOW,SYNTHETIC
TXN-0000077,CASE-00010,ACC-00176,ACC-00199,19788,2025-12-31T13:45:00.000Z,NEFT,0,Coimbatore,LOW,SYNTHETIC
TXN-0000078,CASE-00010,ACC-00177,ACC-00200,12512,2026-01-01T06:42:00.000Z,TRANSFER,0,Coimbatore,LOW,SYNTHETIC
TXN-0000079,CASE-00010,ACC-00178,ACC-00201,2813,2026-01-01T00:39:00.000Z,TRANSFER,0,Coimbatore,LOW,SYNTHETIC
TXN-0000080,CASE-00010,ACC-00179,ACC-00202,10842,2026-01-01T01:36:00.000Z,IMPS,0,Coimbatore,LOW,SYNTHETIC
TXN-0000081,CASE-00011,ACC-00188,ACC-00213,20848,2026-01-01T09:00:00.000Z,TRANSFER,0,Pune,LOW,SYNTHETIC
TXN-0000082,CASE-00011,ACC-00189,ACC-00214,2292,2025-12-31T22:57:00.000Z,UPI,0,Pune,LOW,SYNTHETIC
TXN-0000083,CASE-00011,ACC-00190,ACC-00215,18766,2026-01-01T04:54:00.000Z,NEFT,0,Pune,LOW,SYNTHETIC
TXN-0000084,CASE-00011,ACC-00191,ACC-00216,7427,2025-12-31T22:51:00.000Z,NEFT,0,Pune,LOW,SYNTHETIC
TXN-0000085,CASE-00011,ACC-00192,ACC-00217,12772,2025-12-31T19:48:00.000Z,TRANSFER,0,Pune,LOW,SYNTHETIC
TXN-0000086,CASE-00011,ACC-00193,ACC-00218,15427,2026-01-01T02:45:00.000Z,IMPS,0,Pune,LOW,SYNTHETIC
TXN-0000087,CASE-00011,ACC-00194,ACC-00219,15060,2025-12-31T14:42:00.000Z,TRANSFER,0,Pune,LOW,SYNTHETIC
TXN-0000088,CASE-00011,ACC-00195,ACC-00220,21920,2025-12-31T21:39:00.000Z,UPI,0,Pune,LOW,SYNTHETIC
TXN-0000089,CASE-00011,ACC-00196,ACC-00221,13668,2026-01-01T09:36:00.000Z,TRANSFER,0,Pune,LOW,SYNTHETIC
TXN-0000090,CASE-00011,ACC-00023,ACC-00151,52779,2026-01-01T11:03:00.000Z,UPI,1,Pune,MEDIUM,SYNTHETIC
TXN-0000091,CASE-00012,ACC-00205,ACC-00232,14773,2025-12-31T18:00:00.000Z,IMPS,0,Vijayawada,LOW,SYNTHETIC
TXN-0000092,CASE-00012,ACC-00206,ACC-00233,6991,2026-01-01T02:57:00.000Z,IMPS,0,Vijayawada,LOW,SYNTHETIC
TXN-0000093,CASE-00012,ACC-00207,ACC-00234,4350,2025-12-31T23:54:00.000Z,NEFT,0,Vijayawada,LOW,SYNTHETIC
TXN-0000094,CASE-00012,ACC-00208,ACC-00235,3222,2026-01-01T08:51:00.000Z,UPI,0,Vijayawada,LOW,SYNTHETIC
TXN-0000095,CASE-00012,ACC-00209,ACC-00236,4481,2026-01-01T05:48:00.000Z,IMPS,0,Vijayawada,LOW,SYNTHETIC
TXN-0000096,CASE-00012,ACC-00210,ACC-00237,4256,2025-12-31T19:45:00.000Z,IMPS,0,Vijayawada,LOW,SYNTHETIC
TXN-0000097,CASE-00013,ACC-00222,ACC-00251,7168,2026-01-01T11:00:00.000Z,TRANSFER,0,Chennai,LOW,SYNTHETIC
TXN-0000098,CASE-00013,ACC-00223,ACC-00252,5173,2025-12-31T19:57:00.000Z,NEFT,0,Chennai,LOW,SYNTHETIC
TXN-0000099,CASE-00013,ACC-00224,ACC-00253,8479,2025-12-31T16:54:00.000Z,IMPS,0,Chennai,LOW,SYNTHETIC
TXN-0000100,CASE-00013,ACC-00225,ACC-00254,12587,2026-01-01T01:51:00.000Z,TRANSFER,0,Chennai,LOW,SYNTHETIC
TXN-0000101,CASE-00013,ACC-00226,ACC-00255,17848,2025-12-31T20:48:00.000Z,UPI,0,Chennai,LOW,SYNTHETIC
TXN-0000102,CASE-00013,ACC-00227,ACC-00256,16378,2026-01-01T11:45:00.000Z,TRANSFER,0,Chennai,LOW,SYNTHETIC
TXN-0000103,CASE-00013,ACC-00228,ACC-00257,13444,2025-12-31T16:42:00.000Z,UPI,0,Chennai,LOW,SYNTHETIC
TXN-0000104,CASE-00013,ACC-00229,ACC-00258,17805,2026-01-01T07:39:00.000Z,IMPS,0,Chennai,LOW,SYNTHETIC
TXN-0000105,CASE-00013,ACC-00027,ACC-00177,76583,2026-01-01T15:14:00.000Z,IMPS,1,Chennai,HIGH,SYNTHETIC
TXN-0000106,CASE-00014,ACC-00239,ACC-00270,4262,2026-01-01T03:00:00.000Z,TRANSFER,0,Bengaluru,LOW,SYNTHETIC
TXN-0000107,CASE-00014,ACC-00240,ACC-00271,19015,2025-12-31T22:57:00.000Z,TRANSFER,0,Bengaluru,LOW,SYNTHETIC
TXN-0000108,CASE-00014,ACC-00241,ACC-00272,3429,2025-12-31T19:54:00.000Z,IMPS,0,Bengaluru,LOW,SYNTHETIC
TXN-0000109,CASE-00014,ACC-00242,ACC-00273,11672,2026-01-01T02:51:00.000Z,UPI,0,Bengaluru,LOW,SYNTHETIC
TXN-0000110,CASE-00014,ACC-00243,ACC-00274,10321,2026-01-01T11:48:00.000Z,TRANSFER,0,Bengaluru,LOW,SYNTHETIC
TXN-0000111,CASE-00014,ACC-00244,ACC-00275,21864,2026-01-01T01:45:00.000Z,UPI,0,Bengaluru,LOW,SYNTHETIC
TXN-0000112,CASE-00014,ACC-00245,ACC-00276,13341,2025-12-31T20:42:00.000Z,UPI,0,Bengaluru,LOW,SYNTHETIC
TXN-0000113,CASE-00014,ACC-00246,ACC-00277,7237,2026-01-01T05:39:00.000Z,IMPS,0,Bengaluru,LOW,SYNTHETIC
TXN-0000114,CASE-00015,ACC-00256,ACC-00289,6178,2025-12-31T19:00:00.000Z,IMPS,0,Hyderabad,LOW,SYNTHETIC
TXN-0000115,CASE-00015,ACC-00257,ACC-00290,8969,2026-01-01T10:57:00.000Z,IMPS,0,Hyderabad,LOW,SYNTHETIC
TXN-0000116,CASE-00015,ACC-00258,ACC-00291,14611,2026-01-01T00:54:00.000Z,IMPS,0,Hyderabad,LOW,SYNTHETIC
TXN-0000117,CASE-00015,ACC-00259,ACC-00292,13657,2026-01-01T01:51:00.000Z,TRANSFER,0,Hyderabad,LOW,SYNTHETIC
TXN-0000118,CASE-00015,ACC-00260,ACC-00293,16636,2026-01-01T00:48:00.000Z,UPI,0,Hyderabad,LOW,SYNTHETIC
TXN-0000119,CASE-00015,ACC-00261,ACC-00294,11464,2025-12-31T21:45:00.000Z,IMPS,0,Hyderabad,LOW,SYNTHETIC
TXN-0000120,CASE-00016,ACC-00273,ACC-00308,4763,2026-01-01T10:00:00.000Z,UPI,0,Coimbatore,LOW,SYNTHETIC
TXN-0000121,CASE-00016,ACC-00274,ACC-00309,19919,2026-01-01T01:57:00.000Z,TRANSFER,0,Coimbatore,LOW,SYNTHETIC
TXN-0000122,CASE-00016,ACC-00275,ACC-00310,17056,2026-01-01T04:54:00.000Z,UPI,0,Coimbatore,LOW,SYNTHETIC
TXN-0000123,CASE-00016,ACC-00276,ACC-00311,8694,2026-01-01T12:51:00.000Z,UPI,0,Coimbatore,LOW,SYNTHETIC
TXN-0000124,CASE-00016,ACC-00277,ACC-00312,15976,2025-12-31T21:48:00.000Z,UPI,0,Coimbatore,LOW,SYNTHETIC
TXN-0000125,CASE-00016,ACC-00278,ACC-00313,11918,2026-01-01T05:45:00.000Z,UPI,0,Coimbatore,LOW,SYNTHETIC
TXN-0000126,CASE-00016,ACC-00033,ACC-00216,103603,2026-01-01T16:05:00.000Z,TRANSFER,1,Coimbatore,HIGH,SYNTHETIC
TXN-0000127,CASE-00017,ACC-00290,ACC-00327,17487,2026-01-01T10:00:00.000Z,TRANSFER,0,Pune,LOW,SYNTHETIC
TXN-0000128,CASE-00017,ACC-00291,ACC-00328,7564,2026-01-01T11:57:00.000Z,TRANSFER,0,Pune,LOW,SYNTHETIC
TXN-0000129,CASE-00017,ACC-00292,ACC-00329,21532,2026-01-01T11:54:00.000Z,TRANSFER,0,Pune,LOW,SYNTHETIC
TXN-0000130,CASE-00017,ACC-00293,ACC-00330,21866,2026-01-01T11:51:00.000Z,TRANSFER,0,Pune,LOW,SYNTHETIC
TXN-0000131,CASE-00017,ACC-00294,ACC-00331,6817,2026-01-01T11:48:00.000Z,UPI,0,Pune,LOW,SYNTHETIC
TXN-0000132,CASE-00017,ACC-00295,ACC-00332,1512,2026-01-01T14:45:00.000Z,UPI,0,Pune,LOW,SYNTHETIC
TXN-0000133,CASE-00017,ACC-00296,ACC-00333,3103,2025-12-31T20:42:00.000Z,IMPS,0,Pune,LOW,SYNTHETIC
TXN-0000134,CASE-00017,ACC-00297,ACC-00334,17308,2025-12-31T23:39:00.000Z,TRANSFER,0,Pune,LOW,SYNTHETIC
TXN-0000135,CASE-00017,ACC-00298,ACC-00335,2968,2026-01-01T05:36:00.000Z,NEFT,0,Pune,LOW,SYNTHETIC
TXN-0000136,CASE-00018,ACC-00307,ACC-00346,1513,2026-01-01T14:00:00.000Z,UPI,0,Vijayawada,LOW,SYNTHETIC
TXN-0000137,CASE-00018,ACC-00308,ACC-00347,18198,2026-01-01T04:57:00.000Z,TRANSFER,0,Vijayawada,LOW,SYNTHETIC
TXN-0000138,CASE-00018,ACC-00309,ACC-00348,7775,2025-12-31T21:54:00.000Z,UPI,0,Vijayawada,LOW,SYNTHETIC
TXN-0000139,CASE-00018,ACC-00310,ACC-00349,11588,2026-01-01T03:51:00.000Z,NEFT,0,Vijayawada,LOW,SYNTHETIC
TXN-0000140,CASE-00018,ACC-00311,ACC-00350,17401,2026-01-01T06:48:00.000Z,TRANSFER,0,Vijayawada,LOW,SYNTHETIC
TXN-0000141,CASE-00018,ACC-00312,ACC-00351,3795,2026-01-01T14:45:00.000Z,NEFT,0,Vijayawada,LOW,SYNTHETIC
TXN-0000142,CASE-00018,ACC-00313,ACC-00352,8943,2025-12-31T21:42:00.000Z,UPI,0,Vijayawada,LOW,SYNTHETIC
TXN-0000143,CASE-00018,ACC-00314,ACC-00353,3445,2026-01-01T01:39:00.000Z,UPI,0,Vijayawada,LOW,SYNTHETIC
TXN-0000144,CASE-00018,ACC-00315,ACC-00354,1975,2026-01-01T12:36:00.000Z,NEFT,0,Vijayawada,LOW,SYNTHETIC
TXN-0000145,CASE-00019,ACC-00324,ACC-00365,16033,2026-01-01T02:00:00.000Z,IMPS,0,Chennai,LOW,SYNTHETIC
TXN-0000146,CASE-00019,ACC-00325,ACC-00366,13780,2025-12-31T23:57:00.000Z,NEFT,0,Chennai,LOW,SYNTHETIC
TXN-0000147,CASE-00019,ACC-00326,ACC-00367,12254,2026-01-01T05:54:00.000Z,UPI,0,Chennai,LOW,SYNTHETIC
TXN-0000148,CASE-00019,ACC-00327,ACC-00368,5931,2026-01-01T10:51:00.000Z,UPI,0,Chennai,LOW,SYNTHETIC
TXN-0000149,CASE-00019,ACC-00328,ACC-00369,7578,2026-01-01T04:48:00.000Z,TRANSFER,0,Chennai,LOW,SYNTHETIC
TXN-0000150,CASE-00019,ACC-00329,ACC-00370,5342,2026-01-01T09:45:00.000Z,TRANSFER,0,Chennai,LOW,SYNTHETIC
TXN-0000151,CASE-00019,ACC-00330,ACC-00371,19598,2026-01-01T00:42:00.000Z,UPI,0,Chennai,LOW,SYNTHETIC
TXN-0000152,CASE-00019,ACC-00039,ACC-00255,63712,2026-01-02T10:00:00.000Z,IMPS,1,Chennai,MEDIUM,SYNTHETIC
TXN-0000153,CASE-00020,ACC-00341,ACC-00384,5942,2026-01-01T04:00:00.000Z,TRANSFER,0,Bengaluru,LOW,SYNTHETIC
TXN-0000154,CASE-00020,ACC-00342,ACC-00385,9795,2026-01-01T14:57:00.000Z,TRANSFER,0,Bengaluru,LOW,SYNTHETIC
TXN-0000155,CASE-00020,ACC-00343,ACC-00386,20070,2026-01-01T06:54:00.000Z,IMPS,0,Bengaluru,LOW,SYNTHETIC
TXN-0000156,CASE-00020,ACC-00344,ACC-00387,18082,2026-01-01T09:51:00.000Z,NEFT,0,Bengaluru,LOW,SYNTHETIC
TXN-0000157,CASE-00020,ACC-00345,ACC-00388,3373,2026-01-01T00:48:00.000Z,UPI,0,Bengaluru,LOW,SYNTHETIC
TXN-0000158,CASE-00020,ACC-00346,ACC-00389,11576,2026-01-01T17:45:00.000Z,NEFT,0,Bengaluru,LOW,SYNTHETIC
TXN-0000159,CASE-00020,ACC-00347,ACC-00390,21076,2026-01-01T11:42:00.000Z,TRANSFER,0,Bengaluru,LOW,SYNTHETIC
TXN-0000160,CASE-00021,ACC-00358,ACC-00403,8876,2026-01-01T11:00:00.000Z,IMPS,0,Hyderabad,LOW,SYNTHETIC
TXN-0000161,CASE-00021,ACC-00359,ACC-00404,13342,2026-01-01T03:57:00.000Z,NEFT,0,Hyderabad,LOW,SYNTHETIC
TXN-0000162,CASE-00021,ACC-00360,ACC-00405,16124,2026-01-01T11:54:00.000Z,IMPS,0,Hyderabad,LOW,SYNTHETIC
TXN-0000163,CASE-00021,ACC-00361,ACC-00406,8766,2026-01-01T12:51:00.000Z,UPI,0,Hyderabad,LOW,SYNTHETIC
TXN-0000164,CASE-00021,ACC-00362,ACC-00407,9571,2026-01-01T11:48:00.000Z,UPI,0,Hyderabad,LOW,SYNTHETIC
TXN-0000165,CASE-00021,ACC-00363,ACC-00408,21005,2026-01-01T17:45:00.000Z,NEFT,0,Hyderabad,LOW,SYNTHETIC
TXN-0000166,CASE-00021,ACC-00364,ACC-00409,15521,2026-01-01T10:42:00.000Z,UPI,0,Hyderabad,LOW,SYNTHETIC
TXN-0000167,CASE-00021,ACC-00365,ACC-00410,8012,2026-01-01T04:39:00.000Z,TRANSFER,0,Hyderabad,LOW,SYNTHETIC
TXN-0000168,CASE-00021,ACC-00366,ACC-00411,20881,2026-01-01T06:36:00.000Z,NEFT,0,Hyderabad,LOW,SYNTHETIC
TXN-0000169,CASE-00022,ACC-00375,ACC-00422,7108,2026-01-01T12:00:00.000Z,TRANSFER,0,Coimbatore,LOW,SYNTHETIC
TXN-0000170,CASE-00022,ACC-00376,ACC-00423,7044,2026-01-01T17:57:00.000Z,TRANSFER,0,Coimbatore,LOW,SYNTHETIC
TXN-0000171,CASE-00022,ACC-00377,ACC-00424,4454,2026-01-01T20:54:00.000Z,NEFT,0,Coimbatore,LOW,SYNTHETIC
TXN-0000172,CASE-00022,ACC-00378,ACC-00425,10517,2026-01-01T17:51:00.000Z,IMPS,0,Coimbatore,LOW,SYNTHETIC
TXN-0000173,CASE-00022,ACC-00379,ACC-00426,2028,2026-01-01T17:48:00.000Z,UPI,0,Coimbatore,LOW,SYNTHETIC
TXN-0000174,CASE-00022,ACC-00380,ACC-00427,17398,2026-01-01T06:45:00.000Z,TRANSFER,0,Coimbatore,LOW,SYNTHETIC
TXN-0000175,CASE-00022,ACC-00381,ACC-00428,13008,2026-01-01T18:42:00.000Z,TRANSFER,0,Coimbatore,LOW,SYNTHETIC
TXN-0000176,CASE-00022,ACC-00382,ACC-00429,11763,2026-01-01T01:39:00.000Z,TRANSFER,0,Coimbatore,LOW,SYNTHETIC
TXN-0000177,CASE-00023,ACC-00392,ACC-00441,8966,2026-01-01T15:00:00.000Z,IMPS,0,Pune,LOW,SYNTHETIC
TXN-0000178,CASE-00023,ACC-00393,ACC-00442,13674,2026-01-01T19:57:00.000Z,NEFT,0,Pune,LOW,SYNTHETIC
TXN-0000179,CASE-00023,ACC-00394,ACC-00443,8416,2026-01-01T10:54:00.000Z,UPI,0,Pune,LOW,SYNTHETIC
TXN-0000180,CASE-00023,ACC-00395,ACC-00444,14377,2026-01-01T17:51:00.000Z,NEFT,0,Pune,LOW,SYNTHETIC
TXN-0000181,CASE-00023,ACC-00396,ACC-00445,9641,2026-01-01T03:48:00.000Z,IMPS,0,Pune,LOW,SYNTHETIC
TXN-0000182,CASE-00023,ACC-00397,ACC-00446,20271,2026-01-01T05:45:00.000Z,UPI,0,Pune,LOW,SYNTHETIC
TXN-0000183,CASE-00023,ACC-00398,ACC-00447,9815,2026-01-01T17:42:00.000Z,TRANSFER,0,Pune,LOW,SYNTHETIC
TXN-0000184,CASE-00023,ACC-00399,ACC-00448,12202,2026-01-01T12:39:00.000Z,IMPS,0,Pune,LOW,SYNTHETIC
TXN-0000185,CASE-00023,ACC-00400,ACC-00449,8033,2026-01-01T13:36:00.000Z,IMPS,0,Pune,LOW,SYNTHETIC
TXN-0000186,CASE-00023,ACC-00047,ACC-00307,112606,2026-01-02T01:28:00.000Z,UPI,1,Pune,HIGH,SYNTHETIC
TXN-0000187,CASE-00024,ACC-00409,ACC-00460,7410,2026-01-01T17:00:00.000Z,IMPS,0,Vijayawada,LOW,SYNTHETIC
TXN-0000188,CASE-00024,ACC-00410,ACC-00461,17504,2026-01-01T21:57:00.000Z,IMPS,0,Vijayawada,LOW,SYNTHETIC
TXN-0000189,CASE-00024,ACC-00411,ACC-00462,1373,2026-01-01T06:54:00.000Z,UPI,0,Vijayawada,LOW,SYNTHETIC
TXN-0000190,CASE-00024,ACC-00412,ACC-00463,7243,2026-01-01T13:51:00.000Z,NEFT,0,Vijayawada,LOW,SYNTHETIC
TXN-0000191,CASE-00024,ACC-00413,ACC-00464,14326,2026-01-01T04:48:00.000Z,IMPS,0,Vijayawada,LOW,SYNTHETIC
TXN-0000192,CASE-00024,ACC-00414,ACC-00465,7239,2026-01-01T10:45:00.000Z,TRANSFER,0,Vijayawada,LOW,SYNTHETIC
TXN-0000193,CASE-00024,ACC-00415,ACC-00466,10601,2026-01-01T19:42:00.000Z,UPI,0,Vijayawada,LOW,SYNTHETIC
TXN-0000194,CASE-00024,ACC-00416,ACC-00467,20285,2026-01-01T21:39:00.000Z,TRANSFER,0,Vijayawada,LOW,SYNTHETIC
TXN-0000195,CASE-00024,ACC-00417,ACC-00468,21354,2026-01-01T14:36:00.000Z,UPI,0,Vijayawada,LOW,SYNTHETIC
TXN-0000196,CASE-00024,ACC-00418,ACC-00469,19087,2026-01-01T06:33:00.000Z,UPI,0,Vijayawada,LOW,SYNTHETIC
TXN-0000197,CASE-00024,ACC-00049,ACC-00320,87927,2026-01-03T02:00:00.000Z,UPI,1,Vijayawada,HIGH,SYNTHETIC
TXN-0000198,CASE-00025,ACC-00426,ACC-00479,17936,2026-01-01T10:00:00.000Z,NEFT,0,Chennai,LOW,SYNTHETIC
TXN-0000199,CASE-00025,ACC-00427,ACC-00480,18464,2026-01-01T15:57:00.000Z,TRANSFER,0,Chennai,LOW,SYNTHETIC
TXN-0000200,CASE-00025,ACC-00428,ACC-00481,12115,2026-01-01T20:54:00.000Z,IMPS,0,Chennai,LOW,SYNTHETIC
TXN-0000201,CASE-00025,ACC-00429,ACC-00482,10099,2026-01-01T21:51:00.000Z,NEFT,0,Chennai,LOW,SYNTHETIC
TXN-0000202,CASE-00025,ACC-00430,ACC-00483,15792,2026-01-01T15:48:00.000Z,UPI,0,Chennai,LOW,SYNTHETIC
TXN-0000203,CASE-00025,ACC-00431,ACC-00484,5838,2026-01-01T12:45:00.000Z,UPI,0,Chennai,LOW,SYNTHETIC
TXN-0000204,CASE-00026,ACC-00443,ACC-00498,2192,2026-01-02T00:00:00.000Z,TRANSFER,0,Bengaluru,LOW,SYNTHETIC
TXN-0000205,CASE-00026,ACC-00444,ACC-00499,10081,2026-01-01T06:57:00.000Z,TRANSFER,0,Bengaluru,LOW,SYNTHETIC
TXN-0000206,CASE-00026,ACC-00445,ACC-00500,1848,2026-01-01T19:54:00.000Z,UPI,0,Bengaluru,LOW,SYNTHETIC
TXN-0000207,CASE-00026,ACC-00446,ACC-00501,8912,2026-01-01T21:51:00.000Z,NEFT,0,Bengaluru,LOW,SYNTHETIC
TXN-0000208,CASE-00026,ACC-00447,ACC-00502,15683,2026-01-01T07:48:00.000Z,IMPS,0,Bengaluru,LOW,SYNTHETIC
TXN-0000209,CASE-00026,ACC-00448,ACC-00503,20864,2026-01-01T23:45:00.000Z,IMPS,0,Bengaluru,LOW,SYNTHETIC
TXN-0000210,CASE-00026,ACC-00449,ACC-00504,21251,2026-01-02T00:42:00.000Z,IMPS,0,Bengaluru,LOW,SYNTHETIC
TXN-0000211,CASE-00026,ACC-00450,ACC-00505,15304,2026-01-02T00:39:00.000Z,TRANSFER,0,Bengaluru,LOW,SYNTHETIC
TXN-0000212,CASE-00026,ACC-00451,ACC-00506,20748,2026-01-01T12:36:00.000Z,TRANSFER,0,Bengaluru,LOW,SYNTHETIC
TXN-0000213,CASE-00027,ACC-00460,ACC-00517,14802,2026-01-01T10:00:00.000Z,TRANSFER,0,Hyderabad,LOW,SYNTHETIC
TXN-0000214,CASE-00027,ACC-00461,ACC-00518,20323,2026-01-01T11:57:00.000Z,TRANSFER,0,Hyderabad,LOW,SYNTHETIC
TXN-0000215,CASE-00027,ACC-00462,ACC-00519,10303,2026-01-02T00:54:00.000Z,IMPS,0,Hyderabad,LOW,SYNTHETIC
TXN-0000216,CASE-00027,ACC-00463,ACC-00520,21450,2026-01-01T21:51:00.000Z,UPI,0,Hyderabad,LOW,SYNTHETIC
TXN-0000217,CASE-00027,ACC-00464,ACC-00521,20301,2026-01-01T15:48:00.000Z,IMPS,0,Hyderabad,LOW,SYNTHETIC
TXN-0000218,CASE-00027,ACC-00465,ACC-00522,14674,2026-01-01T14:45:00.000Z,NEFT,0,Hyderabad,LOW,SYNTHETIC
TXN-0000219,CASE-00027,ACC-00466,ACC-00523,7016,2026-01-02T00:42:00.000Z,TRANSFER,0,Hyderabad,LOW,SYNTHETIC
TXN-0000220,CASE-00027,ACC-00467,ACC-00524,2752,2026-01-01T16:39:00.000Z,IMPS,0,Hyderabad,LOW,SYNTHETIC
TXN-0000221,CASE-00028,ACC-00477,ACC-00536,10816,2026-01-01T16:00:00.000Z,IMPS,0,Coimbatore,LOW,SYNTHETIC
TXN-0000222,CASE-00028,ACC-00478,ACC-00537,9064,2026-01-01T14:57:00.000Z,IMPS,0,Coimbatore,LOW,SYNTHETIC
TXN-0000223,CASE-00028,ACC-00479,ACC-00538,7945,2026-01-01T11:54:00.000Z,UPI,0,Coimbatore,LOW,SYNTHETIC
TXN-0000224,CASE-00028,ACC-00480,ACC-00539,13574,2026-01-01T23:51:00.000Z,NEFT,0,Coimbatore,LOW,SYNTHETIC
TXN-0000225,CASE-00028,ACC-00481,ACC-00540,11320,2026-01-01T18:48:00.000Z,IMPS,0,Coimbatore,LOW,SYNTHETIC
TXN-0000226,CASE-00028,ACC-00482,ACC-00541,988,2026-01-01T16:45:00.000Z,NEFT,0,Coimbatore,LOW,SYNTHETIC
TXN-0000227,CASE-00028,ACC-00483,ACC-00542,1404,2026-01-01T15:42:00.000Z,IMPS,0,Coimbatore,LOW,SYNTHETIC
TXN-0000228,CASE-00028,ACC-00484,ACC-00543,9814,2026-01-01T20:39:00.000Z,UPI,0,Coimbatore,LOW,SYNTHETIC
TXN-0000229,CASE-00028,ACC-00485,ACC-00544,15076,2026-01-01T17:36:00.000Z,NEFT,0,Coimbatore,LOW,SYNTHETIC
TXN-0000230,CASE-00028,ACC-00486,ACC-00545,2219,2026-01-01T12:33:00.000Z,IMPS,0,Coimbatore,LOW,SYNTHETIC
TXN-0000231,CASE-00028,ACC-00057,ACC-00372,110753,2026-01-02T04:24:00.000Z,IMPS,1,Coimbatore,HIGH,SYNTHETIC
TXN-0000232,CASE-00029,ACC-00494,ACC-00555,11672,2026-01-01T22:00:00.000Z,TRANSFER,0,Pune,LOW,SYNTHETIC
TXN-0000233,CASE-00029,ACC-00495,ACC-00556,7279,2026-01-01T08:57:00.000Z,TRANSFER,0,Pune,LOW,SYNTHETIC
TXN-0000234,CASE-00029,ACC-00496,ACC-00557,7742,2026-01-01T21:54:00.000Z,NEFT,0,Pune,LOW,SYNTHETIC
TXN-0000235,CASE-00029,ACC-00497,ACC-00558,1535,2026-01-01T17:51:00.000Z,NEFT,0,Pune,LOW,SYNTHETIC
TXN-0000236,CASE-00029,ACC-00498,ACC-00559,20061,2026-01-01T20:48:00.000Z,NEFT,0,Pune,LOW,SYNTHETIC
TXN-0000237,CASE-00029,ACC-00499,ACC-00560,12805,2026-01-02T02:45:00.000Z,TRANSFER,0,Pune,LOW,SYNTHETIC
TXN-0000238,CASE-00029,ACC-00500,ACC-00561,20926,2026-01-01T20:42:00.000Z,IMPS,0,Pune,LOW,SYNTHETIC
TXN-0000239,CASE-00029,ACC-00501,ACC-00562,3856,2026-01-01T23:39:00.000Z,NEFT,0,Pune,LOW,SYNTHETIC
TXN-0000240,CASE-00029,ACC-00502,ACC-00563,2116,2026-01-01T14:36:00.000Z,UPI,0,Pune,LOW,SYNTHETIC
TXN-0000241,CASE-00030,ACC-00511,ACC-00574,2764,2026-01-01T16:00:00.000Z,TRANSFER,0,Vijayawada,LOW,SYNTHETIC
TXN-0000242,CASE-00030,ACC-00512,ACC-00575,17480,2026-01-01T21:57:00.000Z,NEFT,0,Vijayawada,LOW,SYNTHETIC
TXN-0000243,CASE-00030,ACC-00513,ACC-00576,20118,2026-01-01T18:54:00.000Z,TRANSFER,0,Vijayawada,LOW,SYNTHETIC
TXN-0000244,CASE-00030,ACC-00514,ACC-00577,3624,2026-01-01T17:51:00.000Z,IMPS,0,Vijayawada,LOW,SYNTHETIC
TXN-0000245,CASE-00030,ACC-00515,ACC-00578,15316,2026-01-01T15:48:00.000Z,IMPS,0,Vijayawada,LOW,SYNTHETIC
TXN-0000246,CASE-00030,ACC-00516,ACC-00579,18609,2026-01-02T03:45:00.000Z,IMPS,0,Vijayawada,LOW,SYNTHETIC
TXN-0000247,CASE-00030,ACC-00517,ACC-00580,3038,2026-01-02T03:42:00.000Z,IMPS,0,Vijayawada,LOW,SYNTHETIC
TXN-0000248,CASE-00030,ACC-00518,ACC-00581,5100,2026-01-01T15:39:00.000Z,TRANSFER,0,Vijayawada,LOW,SYNTHETIC
TXN-0000249,CASE-00030,ACC-00519,ACC-00582,13987,2026-01-01T09:36:00.000Z,TRANSFER,0,Vijayawada,LOW,SYNTHETIC
TXN-0000250,CASE-00030,ACC-00520,ACC-00583,3536,2026-01-02T00:33:00.000Z,UPI,0,Vijayawada,LOW,SYNTHETIC
TXN-0000251,CASE-00031,ACC-00528,ACC-00593,19298,2026-01-02T01:00:00.000Z,NEFT,0,Chennai,LOW,SYNTHETIC
TXN-0000252,CASE-00031,ACC-00529,ACC-00594,20626,2026-01-01T14:57:00.000Z,UPI,0,Chennai,LOW,SYNTHETIC
TXN-0000253,CASE-00031,ACC-00530,ACC-00595,19642,2026-01-02T04:54:00.000Z,NEFT,0,Chennai,LOW,SYNTHETIC
TXN-0000254,CASE-00031,ACC-00531,ACC-00596,12631,2026-01-01T17:51:00.000Z,TRANSFER,0,Chennai,LOW,SYNTHETIC
TXN-0000255,CASE-00031,ACC-00532,ACC-00597,3612,2026-01-02T05:48:00.000Z,NEFT,0,Chennai,LOW,SYNTHETIC
TXN-0000256,CASE-00031,ACC-00533,ACC-00598,10765,2026-01-01T17:45:00.000Z,UPI,0,Chennai,LOW,SYNTHETIC
TXN-0000257,CASE-00031,ACC-00534,ACC-00599,7751,2026-01-02T01:42:00.000Z,NEFT,0,Chennai,LOW,SYNTHETIC
TXN-0000258,CASE-00031,ACC-00535,ACC-00600,3648,2026-01-01T16:39:00.000Z,NEFT,0,Chennai,LOW,SYNTHETIC
TXN-0000259,CASE-00031,ACC-00536,ACC-00601,19469,2026-01-01T15:36:00.000Z,NEFT,0,Chennai,LOW,SYNTHETIC
TXN-0000260,CASE-00031,ACC-00537,ACC-00602,3946,2026-01-01T23:33:00.000Z,UPI,0,Chennai,LOW,SYNTHETIC
TXN-0000261,CASE-00032,ACC-00545,ACC-00612,14278,2026-01-01T23:00:00.000Z,IMPS,0,Bengaluru,LOW,SYNTHETIC
TXN-0000262,CASE-00032,ACC-00546,ACC-00613,15713,2026-01-01T18:57:00.000Z,IMPS,0,Bengaluru,LOW,SYNTHETIC
TXN-0000263,CASE-00032,ACC-00547,ACC-00614,14058,2026-01-01T12:54:00.000Z,IMPS,0,Bengaluru,LOW,SYNTHETIC
TXN-0000264,CASE-00032,ACC-00548,ACC-00615,21082,2026-01-01T12:51:00.000Z,UPI,0,Bengaluru,LOW,SYNTHETIC
TXN-0000265,CASE-00032,ACC-00549,ACC-00616,4168,2026-01-02T00:48:00.000Z,NEFT,0,Bengaluru,LOW,SYNTHETIC
TXN-0000266,CASE-00032,ACC-00550,ACC-00617,18572,2026-01-02T01:45:00.000Z,IMPS,0,Bengaluru,LOW,SYNTHETIC
TXN-0000267,CASE-00032,ACC-00065,ACC-00424,99519,2026-01-02T08:59:00.000Z,TRANSFER,1,Bengaluru,HIGH,SYNTHETIC
TXN-0000268,CASE-00032,ACC-00424,ACC-00425,87157,2026-01-02T10:05:00.000Z,UPI,1,Bengaluru,HIGH,SYNTHETIC
TXN-0000269,CASE-00033,ACC-00562,ACC-00631,6717,2026-01-01T19:00:00.000Z,UPI,0,Hyderabad,LOW,SYNTHETIC
TXN-0000270,CASE-00033,ACC-00563,ACC-00632,17081,2026-01-02T05:57:00.000Z,IMPS,0,Hyderabad,LOW,SYNTHETIC
TXN-0000271,CASE-00033,ACC-00564,ACC-00633,7222,2026-01-01T20:54:00.000Z,UPI,0,Hyderabad,LOW,SYNTHETIC
TXN-0000272,CASE-00033,ACC-00565,ACC-00634,12660,2026-01-02T05:51:00.000Z,IMPS,0,Hyderabad,LOW,SYNTHETIC
TXN-0000273,CASE-00033,ACC-00566,ACC-00635,20877,2026-01-01T17:48:00.000Z,TRANSFER,0,Hyderabad,LOW,SYNTHETIC
TXN-0000274,CASE-00033,ACC-00567,ACC-00636,4093,2026-01-01T16:45:00.000Z,IMPS,0,Hyderabad,LOW,SYNTHETIC
TXN-0000275,CASE-00033,ACC-00568,ACC-00637,3800,2026-01-01T22:42:00.000Z,TRANSFER,0,Hyderabad,LOW,SYNTHETIC
TXN-0000276,CASE-00033,ACC-00569,ACC-00638,15545,2026-01-01T20:39:00.000Z,IMPS,0,Hyderabad,LOW,SYNTHETIC
TXN-0000277,CASE-00033,ACC-00067,ACC-00437,13326,2026-01-02T11:21:00.000Z,NEFT,1,Hyderabad,MEDIUM,SYNTHETIC
TXN-0000278,CASE-00034,ACC-00579,ACC-00650,15424,2026-01-01T20:00:00.000Z,UPI,0,Coimbatore,LOW,SYNTHETIC
TXN-0000279,CASE-00034,ACC-00580,ACC-00651,14605,2026-01-02T01:57:00.000Z,IMPS,0,Coimbatore,LOW,SYNTHETIC
TXN-0000280,CASE-00034,ACC-00581,ACC-00652,18603,2026-01-01T13:54:00.000Z,IMPS,0,Coimbatore,LOW,SYNTHETIC
TXN-0000281,CASE-00034,ACC-00582,ACC-00653,3947,2026-01-02T00:51:00.000Z,IMPS,0,Coimbatore,LOW,SYNTHETIC
TXN-0000282,CASE-00034,ACC-00583,ACC-00654,8869,2026-01-01T20:48:00.000Z,NEFT,0,Coimbatore,LOW,SYNTHETIC
TXN-0000283,CASE-00034,ACC-00584,ACC-00655,10735,2026-01-01T21:45:00.000Z,TRANSFER,0,Coimbatore,LOW,SYNTHETIC
TXN-0000284,CASE-00035,ACC-00596,ACC-00669,10776,2026-01-01T20:00:00.000Z,NEFT,0,Pune,LOW,SYNTHETIC
TXN-0000285,CASE-00035,ACC-00597,ACC-00670,9664,2026-01-01T17:57:00.000Z,NEFT,0,Pune,LOW,SYNTHETIC
TXN-0000286,CASE-00035,ACC-00598,ACC-00671,14883,2026-01-02T08:54:00.000Z,TRANSFER,0,Pune,LOW,SYNTHETIC
TXN-0000287,CASE-00035,ACC-00599,ACC-00672,16218,2026-01-02T08:51:00.000Z,TRANSFER,0,Pune,LOW,SYNTHETIC
TXN-0000288,CASE-00035,ACC-00600,ACC-00673,16651,2026-01-01T20:48:00.000Z,NEFT,0,Pune,LOW,SYNTHETIC
TXN-0000289,CASE-00035,ACC-00601,ACC-00674,12138,2026-01-02T07:45:00.000Z,UPI,0,Pune,LOW,SYNTHETIC
TXN-0000290,CASE-00035,ACC-00602,ACC-00675,20532,2026-01-01T19:42:00.000Z,NEFT,0,Pune,LOW,SYNTHETIC
TXN-0000291,CASE-00035,ACC-00603,ACC-00676,10720,2026-01-02T01:39:00.000Z,TRANSFER,0,Pune,LOW,SYNTHETIC
TXN-0000292,CASE-00035,ACC-00604,ACC-00677,6118,2026-01-02T03:36:00.000Z,NEFT,0,Pune,LOW,SYNTHETIC
TXN-0000293,CASE-00035,ACC-00605,ACC-00678,14125,2026-01-01T22:33:00.000Z,UPI,0,Pune,LOW,SYNTHETIC
TXN-0000294,CASE-00036,ACC-00613,ACC-00688,12924,2026-01-02T09:00:00.000Z,IMPS,0,Vijayawada,LOW,SYNTHETIC
TXN-0000295,CASE-00036,ACC-00614,ACC-00689,20173,2026-01-02T08:57:00.000Z,TRANSFER,0,Vijayawada,LOW,SYNTHETIC
TXN-0000296,CASE-00036,ACC-00615,ACC-00690,2293,2026-01-01T15:54:00.000Z,NEFT,0,Vijayawada,LOW,SYNTHETIC
TXN-0000297,CASE-00036,ACC-00616,ACC-00691,5958,2026-01-01T15:51:00.000Z,TRANSFER,0,Vijayawada,LOW,SYNTHETIC
TXN-0000298,CASE-00036,ACC-00617,ACC-00692,6762,2026-01-02T01:48:00.000Z,TRANSFER,0,Vijayawada,LOW,SYNTHETIC
TXN-0000299,CASE-00036,ACC-00618,ACC-00693,6847,2026-01-02T07:45:00.000Z,UPI,0,Vijayawada,LOW,SYNTHETIC
TXN-0000300,CASE-00036,ACC-00619,ACC-00694,13971,2026-01-02T03:42:00.000Z,UPI,0,Vijayawada,LOW,SYNTHETIC
TXN-0000301,CASE-00036,ACC-00620,ACC-00695,19669,2026-01-01T15:39:00.000Z,IMPS,0,Vijayawada,LOW,SYNTHETIC
TXN-0000302,CASE-00036,ACC-00073,ACC-00476,55365,2026-01-02T12:20:00.000Z,IMPS,1,Vijayawada,MEDIUM,SYNTHETIC
TXN-0000303,CASE-00037,ACC-00630,ACC-00707,8841,2026-01-01T23:00:00.000Z,UPI,0,Chennai,LOW,SYNTHETIC
TXN-0000304,CASE-00037,ACC-00631,ACC-00708,11289,2026-01-02T02:57:00.000Z,IMPS,0,Chennai,LOW,SYNTHETIC
TXN-0000305,CASE-00037,ACC-00632,ACC-00709,21067,2026-01-02T00:54:00.000Z,UPI,0,Chennai,LOW,SYNTHETIC
TXN-0000306,CASE-00037,ACC-00633,ACC-00710,7040,2026-01-02T05:51:00.000Z,IMPS,0,Chennai,LOW,SYNTHETIC
TXN-0000307,CASE-00037,ACC-00634,ACC-00711,9251,2026-01-02T04:48:00.000Z,UPI,0,Chennai,LOW,SYNTHETIC
TXN-0000308,CASE-00037,ACC-00635,ACC-00712,12338,2026-01-01T23:45:00.000Z,IMPS,0,Chennai,LOW,SYNTHETIC
TXN-0000309,CASE-00038,ACC-00647,ACC-00726,11098,2026-01-02T04:00:00.000Z,IMPS,0,Bengaluru,LOW,SYNTHETIC
TXN-0000310,CASE-00038,ACC-00648,ACC-00727,11224,2026-01-02T05:57:00.000Z,UPI,0,Bengaluru,LOW,SYNTHETIC
TXN-0000311,CASE-00038,ACC-00649,ACC-00728,8810,2026-01-02T05:54:00.000Z,UPI,0,Bengaluru,LOW,SYNTHETIC
TXN-0000312,CASE-00038,ACC-00650,ACC-00729,16119,2026-01-02T01:51:00.000Z,NEFT,0,Bengaluru,LOW,SYNTHETIC
TXN-0000313,CASE-00038,ACC-00651,ACC-00730,10562,2026-01-01T17:48:00.000Z,IMPS,0,Bengaluru,LOW,SYNTHETIC
TXN-0000314,CASE-00038,ACC-00652,ACC-00731,3732,2026-01-02T03:45:00.000Z,UPI,0,Bengaluru,LOW,SYNTHETIC
TXN-0000315,CASE-00038,ACC-00653,ACC-00732,5035,2026-01-02T12:42:00.000Z,TRANSFER,0,Bengaluru,LOW,SYNTHETIC
TXN-0000316,CASE-00038,ACC-00654,ACC-00733,1166,2026-01-02T07:39:00.000Z,UPI,0,Bengaluru,LOW,SYNTHETIC
TXN-0000317,CASE-00038,ACC-00655,ACC-00734,6246,2026-01-02T04:36:00.000Z,TRANSFER,0,Bengaluru,LOW,SYNTHETIC
TXN-0000318,CASE-00038,ACC-00656,ACC-00735,6424,2026-01-02T06:33:00.000Z,UPI,0,Bengaluru,LOW,SYNTHETIC
TXN-0000319,CASE-00038,ACC-00077,ACC-00502,35726,2026-01-02T15:05:00.000Z,TRANSFER,1,Bengaluru,MEDIUM,SYNTHETIC
TXN-0000320,CASE-00039,ACC-00664,ACC-00745,3481,2026-01-02T00:00:00.000Z,TRANSFER,0,Hyderabad,LOW,SYNTHETIC
TXN-0000321,CASE-00039,ACC-00665,ACC-00746,5408,2026-01-01T23:57:00.000Z,UPI,0,Hyderabad,LOW,SYNTHETIC
TXN-0000322,CASE-00039,ACC-00666,ACC-00747,8756,2026-01-02T10:54:00.000Z,NEFT,0,Hyderabad,LOW,SYNTHETIC
TXN-0000323,CASE-00039,ACC-00667,ACC-00748,21124,2026-01-01T20:51:00.000Z,NEFT,0,Hyderabad,LOW,SYNTHETIC
TXN-0000324,CASE-00039,ACC-00668,ACC-00749,16818,2026-01-02T07:48:00.000Z,IMPS,0,Hyderabad,LOW,SYNTHETIC
TXN-0000325,CASE-00039,ACC-00669,ACC-00750,10849,2026-01-02T01:45:00.000Z,NEFT,0,Hyderabad,LOW,SYNTHETIC
TXN-0000326,CASE-00039,ACC-00079,ACC-00515,27747,2026-01-03T18:00:00.000Z,UPI,1,Hyderabad,MEDIUM,SYNTHETIC
TXN-0000327,CASE-00040,ACC-00681,ACC-00764,18915,2026-01-02T10:00:00.000Z,TRANSFER,0,Coimbatore,LOW,SYNTHETIC
TXN-0000328,CASE-00040,ACC-00682,ACC-00765,12507,2026-01-02T03:57:00.000Z,IMPS,0,Coimbatore,LOW,SYNTHETIC
TXN-0000329,CASE-00040,ACC-00683,ACC-00766,5297,2026-01-02T09:54:00.000Z,IMPS,0,Coimbatore,LOW,SYNTHETIC
TXN-0000330,CASE-00040,ACC-00684,ACC-00767,21020,2026-01-02T11:51:00.000Z,TRANSFER,0,Coimbatore,LOW,SYNTHETIC
TXN-0000331,CASE-00040,ACC-00685,ACC-00768,12182,2026-01-02T04:48:00.000Z,UPI,0,Coimbatore,LOW,SYNTHETIC
TXN-0000332,CASE-00040,ACC-00686,ACC-00769,5220,2026-01-02T09:45:00.000Z,UPI,0,Coimbatore,LOW,SYNTHETIC
TXN-0000333,CASE-00040,ACC-00687,ACC-00770,17919,2026-01-02T08:42:00.000Z,NEFT,0,Coimbatore,LOW,SYNTHETIC
TXN-0000334,CASE-00040,ACC-00688,ACC-00771,3476,2026-01-02T14:39:00.000Z,NEFT,0,Coimbatore,LOW,SYNTHETIC
TXN-0000335,CASE-00041,ACC-00698,ACC-00783,18804,2026-01-02T10:00:00.000Z,IMPS,0,Pune,LOW,SYNTHETIC
TXN-0000336,CASE-00041,ACC-00699,ACC-00784,15810,2026-01-02T05:57:00.000Z,NEFT,0,Pune,LOW,SYNTHETIC
TXN-0000337,CASE-00041,ACC-00700,ACC-00785,19960,2026-01-02T13:54:00.000Z,UPI,0,Pune,LOW,SYNTHETIC
TXN-0000338,CASE-00041,ACC-00701,ACC-00786,5237,2026-01-02T00:51:00.000Z,UPI,0,Pune,LOW,SYNTHETIC
TXN-0000339,CASE-00041,ACC-00702,ACC-00787,4618,2026-01-02T11:48:00.000Z,NEFT,0,Pune,LOW,SYNTHETIC
TXN-0000340,CASE-00041,ACC-00703,ACC-00788,18676,2026-01-02T08:45:00.000Z,TRANSFER,0,Pune,LOW,SYNTHETIC
TXN-0000341,CASE-00041,ACC-00704,ACC-00789,3816,2026-01-02T07:42:00.000Z,NEFT,0,Pune,LOW,SYNTHETIC
TXN-0000342,CASE-00041,ACC-00705,ACC-00790,13066,2026-01-02T02:39:00.000Z,IMPS,0,Pune,LOW,SYNTHETIC
TXN-0000343,CASE-00042,ACC-00715,ACC-00802,20049,2026-01-02T13:00:00.000Z,UPI,0,Vijayawada,LOW,SYNTHETIC
TXN-0000344,CASE-00042,ACC-00716,ACC-00803,10872,2026-01-02T16:57:00.000Z,TRANSFER,0,Vijayawada,LOW,SYNTHETIC
TXN-0000345,CASE-00042,ACC-00717,ACC-00804,19841,2026-01-02T10:54:00.000Z,NEFT,0,Vijayawada,LOW,SYNTHETIC
TXN-0000346,CASE-00042,ACC-00718,ACC-00805,20903,2026-01-02T06:51:00.000Z,NEFT,0,Vijayawada,LOW,SYNTHETIC
TXN-0000347,CASE-00042,ACC-00719,ACC-00806,2663,2026-01-02T06:48:00.000Z,IMPS,0,Vijayawada,LOW,SYNTHETIC
TXN-0000348,CASE-00042,ACC-00720,ACC-00807,15578,2026-01-02T08:45:00.000Z,UPI,0,Vijayawada,LOW,SYNTHETIC
TXN-0000349,CASE-00042,ACC-00721,ACC-00808,1551,2026-01-02T04:42:00.000Z,TRANSFER,0,Vijayawada,LOW,SYNTHETIC
TXN-0000350,CASE-00042,ACC-00722,ACC-00809,9254,2026-01-02T06:39:00.000Z,UPI,0,Vijayawada,LOW,SYNTHETIC
TXN-0000351,CASE-00042,ACC-00723,ACC-00810,11175,2026-01-02T06:36:00.000Z,UPI,0,Vijayawada,LOW,SYNTHETIC
TXN-0000352,CASE-00042,ACC-00724,ACC-00811,3015,2026-01-01T23:33:00.000Z,NEFT,0,Vijayawada,LOW,SYNTHETIC
TXN-0000353,CASE-00042,ACC-00085,ACC-00554,64049,2026-01-02T19:43:00.000Z,UPI,1,Vijayawada,MEDIUM,SYNTHETIC
TXN-0000354,CASE-00042,ACC-00554,ACC-00555,53199,2026-01-02T22:35:00.000Z,NEFT,1,Vijayawada,MEDIUM,SYNTHETIC
TXN-0000355,CASE-00042,ACC-00555,ACC-00556,46601,2026-01-03T00:02:00.000Z,IMPS,1,Vijayawada,MEDIUM,SYNTHETIC
TXN-0000356,CASE-00043,ACC-00732,ACC-00821,14384,2026-01-02T14:00:00.000Z,TRANSFER,0,Chennai,LOW,SYNTHETIC
TXN-0000357,CASE-00043,ACC-00733,ACC-00822,9254,2026-01-01T23:57:00.000Z,TRANSFER,0,Chennai,LOW,SYNTHETIC
TXN-0000358,CASE-00043,ACC-00734,ACC-00823,6316,2026-01-01T23:54:00.000Z,UPI,0,Chennai,LOW,SYNTHETIC
TXN-0000359,CASE-00043,ACC-00735,ACC-00824,13603,2026-01-01T22:51:00.000Z,UPI,0,Chennai,LOW,SYNTHETIC
TXN-0000360,CASE-00043,ACC-00736,ACC-00825,894,2026-01-02T02:48:00.000Z,UPI,0,Chennai,LOW,SYNTHETIC
TXN-0000361,CASE-00043,ACC-00737,ACC-00826,3700,2026-01-02T11:45:00.000Z,IMPS,0,Chennai,LOW,SYNTHETIC
TXN-0000362,CASE-00043,ACC-00738,ACC-00827,4497,2026-01-02T01:42:00.000Z,TRANSFER,0,Chennai,LOW,SYNTHETIC
TXN-0000363,CASE-00043,ACC-00739,ACC-00828,13465,2026-01-02T03:39:00.000Z,UPI,0,Chennai,LOW,SYNTHETIC
TXN-0000364,CASE-00044,ACC-00749,ACC-00840,5993,2026-01-02T06:00:00.000Z,NEFT,0,Bengaluru,LOW,SYNTHETIC
TXN-0000365,CASE-00044,ACC-00750,ACC-00841,17681,2026-01-02T05:57:00.000Z,NEFT,0,Bengaluru,LOW,SYNTHETIC
TXN-0000366,CASE-00044,ACC-00751,ACC-00842,18847,2026-01-02T13:54:00.000Z,UPI,0,Bengaluru,LOW,SYNTHETIC
TXN-0000367,CASE-00044,ACC-00752,ACC-00843,17456,2026-01-02T16:51:00.000Z,IMPS,0,Bengaluru,LOW,SYNTHETIC
TXN-0000368,CASE-00044,ACC-00753,ACC-00844,16731,2026-01-02T10:48:00.000Z,TRANSFER,0,Bengaluru,LOW,SYNTHETIC
TXN-0000369,CASE-00044,ACC-00754,ACC-00845,13795,2026-01-02T09:45:00.000Z,IMPS,0,Bengaluru,LOW,SYNTHETIC
TXN-0000370,CASE-00044,ACC-00755,ACC-00846,3744,2026-01-02T13:42:00.000Z,TRANSFER,0,Bengaluru,LOW,SYNTHETIC
TXN-0000371,CASE-00044,ACC-00756,ACC-00847,2143,2026-01-02T18:39:00.000Z,TRANSFER,0,Bengaluru,LOW,SYNTHETIC
TXN-0000372,CASE-00045,ACC-00766,ACC-00859,11535,2026-01-02T15:00:00.000Z,IMPS,0,Hyderabad,LOW,SYNTHETIC
TXN-0000373,CASE-00045,ACC-00767,ACC-00860,3156,2026-01-02T02:57:00.000Z,UPI,0,Hyderabad,LOW,SYNTHETIC
TXN-0000374,CASE-00045,ACC-00768,ACC-00861,18688,2026-01-02T15:54:00.000Z,TRANSFER,0,Hyderabad,LOW,SYNTHETIC
TXN-0000375,CASE-00045,ACC-00769,ACC-00862,17711,2026-01-02T06:51:00.000Z,IMPS,0,Hyderabad,LOW,SYNTHETIC
TXN-0000376,CASE-00045,ACC-00770,ACC-00863,3533,2026-01-02T07:48:00.000Z,IMPS,0,Hyderabad,LOW,SYNTHETIC
TXN-0000377,CASE-00045,ACC-00771,ACC-00864,6203,2026-01-02T08:45:00.000Z,IMPS,0,Hyderabad,LOW,SYNTHETIC
TXN-0000378,CASE-00045,ACC-00772,ACC-00865,1571,2026-01-02T03:42:00.000Z,TRANSFER,0,Hyderabad,LOW,SYNTHETIC
TXN-0000379,CASE-00045,ACC-00773,ACC-00866,9990,2026-01-02T10:39:00.000Z,TRANSFER,0,Hyderabad,LOW,SYNTHETIC
TXN-0000380,CASE-00046,ACC-00783,ACC-00878,5981,2026-01-02T08:00:00.000Z,IMPS,0,Coimbatore,LOW,SYNTHETIC
TXN-0000381,CASE-00046,ACC-00784,ACC-00879,1465,2026-01-02T11:57:00.000Z,UPI,0,Coimbatore,LOW,SYNTHETIC
TXN-0000382,CASE-00046,ACC-00785,ACC-00880,17657,2026-01-02T01:54:00.000Z,NEFT,0,Coimbatore,LOW,SYNTHETIC
TXN-0000383,CASE-00046,ACC-00786,ACC-00881,21534,2026-01-02T01:51:00.000Z,IMPS,0,Coimbatore,LOW,SYNTHETIC
TXN-0000384,CASE-00046,ACC-00787,ACC-00882,15385,2026-01-02T05:48:00.000Z,TRANSFER,0,Coimbatore,LOW,SYNTHETIC
TXN-0000385,CASE-00046,ACC-00788,ACC-00883,5891,2026-01-02T14:45:00.000Z,NEFT,0,Coimbatore,LOW,SYNTHETIC
TXN-0000386,CASE-00047,ACC-00800,ACC-00897,4332,2026-01-02T09:00:00.000Z,TRANSFER,0,Pune,LOW,SYNTHETIC
TXN-0000387,CASE-00047,ACC-00801,ACC-00898,10149,2026-01-02T17:57:00.000Z,NEFT,0,Pune,LOW,SYNTHETIC
TXN-0000388,CASE-00047,ACC-00802,ACC-00899,6587,2026-01-02T14:54:00.000Z,NEFT,0,Pune,LOW,SYNTHETIC
TXN-0000389,CASE-00047,ACC-00803,ACC-00900,3005,2026-01-02T17:51:00.000Z,NEFT,0,Pune,LOW,SYNTHETIC
TXN-0000390,CASE-00047,ACC-00804,ACC-00901,9337,2026-01-02T15:48:00.000Z,TRANSFER,0,Pune,LOW,SYNTHETIC
TXN-0000391,CASE-00047,ACC-00805,ACC-00902,17559,2026-01-02T16:45:00.000Z,IMPS,0,Pune,LOW,SYNTHETIC
TXN-0000392,CASE-00047,ACC-00806,ACC-00903,15419,2026-01-02T19:42:00.000Z,UPI,0,Pune,LOW,SYNTHETIC
TXN-0000393,CASE-00047,ACC-00807,ACC-00904,11027,2026-01-02T07:39:00.000Z,UPI,0,Pune,LOW,SYNTHETIC
TXN-0000394,CASE-00047,ACC-00808,ACC-00905,6719,2026-01-02T10:36:00.000Z,IMPS,0,Pune,LOW,SYNTHETIC
TXN-0000395,CASE-00047,ACC-00095,ACC-00619,42852,2026-01-03T01:17:00.000Z,UPI,1,Pune,MEDIUM,SYNTHETIC
TXN-0000396,CASE-00047,ACC-00619,ACC-00620,38274,2026-01-03T03:30:00.000Z,TRANSFER,1,Pune,MEDIUM,SYNTHETIC
TXN-0000397,CASE-00047,ACC-00620,ACC-00621,31520,2026-01-03T04:03:00.000Z,TRANSFER,1,Pune,MEDIUM,SYNTHETIC
TXN-0000398,CASE-00048,ACC-00817,ACC-00916,1977,2026-01-02T23:00:00.000Z,UPI,0,Vijayawada,LOW,SYNTHETIC
TXN-0000399,CASE-00048,ACC-00818,ACC-00917,618,2026-01-02T07:57:00.000Z,NEFT,0,Vijayawada,LOW,SYNTHETIC
TXN-0000400,CASE-00048,ACC-00819,ACC-00918,13154,2026-01-02T07:54:00.000Z,NEFT,0,Vijayawada,LOW,SYNTHETIC
TXN-0000401,CASE-00048,ACC-00820,ACC-00919,8155,2026-01-02T06:51:00.000Z,NEFT,0,Vijayawada,LOW,SYNTHETIC
TXN-0000402,CASE-00048,ACC-00821,ACC-00920,11188,2026-01-02T03:48:00.000Z,NEFT,0,Vijayawada,LOW,SYNTHETIC
TXN-0000403,CASE-00048,ACC-00822,ACC-00921,19496,2026-01-02T05:45:00.000Z,UPI,0,Vijayawada,LOW,SYNTHETIC
TXN-0000404,CASE-00048,ACC-00823,ACC-00922,2193,2026-01-02T16:42:00.000Z,TRANSFER,0,Vijayawada,LOW,SYNTHETIC
TXN-0000405,CASE-00048,ACC-00824,ACC-00923,17346,2026-01-02T17:39:00.000Z,TRANSFER,0,Vijayawada,LOW,SYNTHETIC
TXN-0000406,CASE-00049,ACC-00834,ACC-00935,16006,2026-01-02T22:00:00.000Z,UPI,0,Chennai,LOW,SYNTHETIC
TXN-0000407,CASE-00049,ACC-00835,ACC-00936,1871,2026-01-02T09:57:00.000Z,TRANSFER,0,Chennai,LOW,SYNTHETIC
TXN-0000408,CASE-00049,ACC-00836,ACC-00937,19048,2026-01-02T05:54:00.000Z,NEFT,0,Chennai,LOW,SYNTHETIC
TXN-0000409,CASE-00049,ACC-00837,ACC-00938,3844,2026-01-02T16:51:00.000Z,IMPS,0,Chennai,LOW,SYNTHETIC
TXN-0000410,CASE-00049,ACC-00838,ACC-00939,8510,2026-01-02T10:48:00.000Z,UPI,0,Chennai,LOW,SYNTHETIC
TXN-0000411,CASE-00049,ACC-00839,ACC-00940,20618,2026-01-02T07:45:00.000Z,TRANSFER,0,Chennai,LOW,SYNTHETIC
TXN-0000412,CASE-00049,ACC-00840,ACC-00941,8084,2026-01-02T04:42:00.000Z,IMPS,0,Chennai,LOW,SYNTHETIC
TXN-0000413,CASE-00049,ACC-00841,ACC-00942,5564,2026-01-02T19:39:00.000Z,UPI,0,Chennai,LOW,SYNTHETIC
TXN-0000414,CASE-00049,ACC-00842,ACC-00943,6598,2026-01-02T13:36:00.000Z,IMPS,0,Chennai,LOW,SYNTHETIC
TXN-0000415,CASE-00049,ACC-00843,ACC-00944,10559,2026-01-02T15:33:00.000Z,NEFT,0,Chennai,LOW,SYNTHETIC
TXN-0000416,CASE-00049,ACC-00099,ACC-00645,69699,2026-01-04T05:00:00.000Z,TRANSFER,1,Chennai,MEDIUM,SYNTHETIC
TXN-0000417,CASE-00050,ACC-00851,ACC-00954,17794,2026-01-02T15:00:00.000Z,NEFT,0,Bengaluru,LOW,SYNTHETIC
TXN-0000418,CASE-00050,ACC-00852,ACC-00955,18698,2026-01-02T06:57:00.000Z,NEFT,0,Bengaluru,LOW,SYNTHETIC
TXN-0000419,CASE-00050,ACC-00853,ACC-00956,5530,2026-01-02T15:54:00.000Z,NEFT,0,Bengaluru,LOW,SYNTHETIC
TXN-0000420,CASE-00050,ACC-00854,ACC-00957,6766,2026-01-02T20:51:00.000Z,UPI,0,Bengaluru,LOW,SYNTHETIC
TXN-0000421,CASE-00050,ACC-00855,ACC-00958,975,2026-01-02T15:48:00.000Z,TRANSFER,0,Bengaluru,LOW,SYNTHETIC
TXN-0000422,CASE-00050,ACC-00856,ACC-00959,11286,2026-01-02T10:45:00.000Z,UPI,0,Bengaluru,LOW,SYNTHETIC
TXN-0000423,CASE-00050,ACC-00101,ACC-00658,63889,2026-01-03T03:35:00.000Z,TRANSFER,1,Bengaluru,MEDIUM,SYNTHETIC
TXN-0000424,CASE-00051,ACC-00868,ACC-00973,21605,2026-01-03T02:00:00.000Z,TRANSFER,0,Hyderabad,LOW,SYNTHETIC
TXN-0000425,CASE-00051,ACC-00869,ACC-00974,9877,2026-01-02T10:57:00.000Z,TRANSFER,0,Hyderabad,LOW,SYNTHETIC
TXN-0000426,CASE-00051,ACC-00870,ACC-00975,14087,2026-01-02T23:54:00.000Z,TRANSFER,0,Hyderabad,LOW,SYNTHETIC
TXN-0000427,CASE-00051,ACC-00871,ACC-00976,5089,2026-01-02T12:51:00.000Z,NEFT,0,Hyderabad,LOW,SYNTHETIC
TXN-0000428,CASE-00051,ACC-00872,ACC-00977,738,2026-01-02T17:48:00.000Z,IMPS,0,Hyderabad,LOW,SYNTHETIC
TXN-0000429,CASE-00051,ACC-00873,ACC-00978,1050,2026-01-03T01:45:00.000Z,TRANSFER,0,Hyderabad,LOW,SYNTHETIC
TXN-0000430,CASE-00051,ACC-00874,ACC-00979,637,2026-01-02T22:42:00.000Z,NEFT,0,Hyderabad,LOW,SYNTHETIC
TXN-0000431,CASE-00051,ACC-00875,ACC-00980,3229,2026-01-03T00:39:00.000Z,IMPS,0,Hyderabad,LOW,SYNTHETIC
TXN-0000432,CASE-00051,ACC-00103,ACC-00671,48276,2026-01-03T03:04:00.000Z,TRANSFER,1,Hyderabad,MEDIUM,SYNTHETIC
TXN-0000433,CASE-00052,ACC-00885,ACC-00992,14325,2026-01-03T02:00:00.000Z,TRANSFER,0,Coimbatore,LOW,SYNTHETIC
TXN-0000434,CASE-00052,ACC-00886,ACC-00993,3113,2026-01-03T01:57:00.000Z,UPI,0,Coimbatore,LOW,SYNTHETIC
TXN-0000435,CASE-00052,ACC-00887,ACC-00994,15494,2026-01-02T10:54:00.000Z,TRANSFER,0,Coimbatore,LOW,SYNTHETIC
TXN-0000436,CASE-00052,ACC-00888,ACC-00995,1616,2026-01-03T01:51:00.000Z,UPI,0,Coimbatore,LOW,SYNTHETIC
TXN-0000437,CASE-00052,ACC-00889,ACC-00996,9249,2026-01-02T09:48:00.000Z,NEFT,0,Coimbatore,LOW,SYNTHETIC
TXN-0000438,CASE-00052,ACC-00890,ACC-00997,5010,2026-01-03T01:45:00.000Z,TRANSFER,0,Coimbatore,LOW,SYNTHETIC
TXN-0000439,CASE-00053,ACC-00902,ACC-01011,15345,2026-01-03T01:00:00.000Z,UPI,0,Pune,LOW,SYNTHETIC
TXN-0000440,CASE-00053,ACC-00903,ACC-01012,7640,2026-01-02T13:57:00.000Z,IMPS,0,Pune,LOW,SYNTHETIC
TXN-0000441,CASE-00053,ACC-00904,ACC-01013,11772,2026-01-02T10:54:00.000Z,UPI,0,Pune,LOW,SYNTHETIC
TXN-0000442,CASE-00053,ACC-00905,ACC-01014,5061,2026-01-02T23:51:00.000Z,TRANSFER,0,Pune,LOW,SYNTHETIC
TXN-0000443,CASE-00053,ACC-00906,ACC-01015,20535,2026-01-03T03:48:00.000Z,IMPS,0,Pune,LOW,SYNTHETIC
TXN-0000444,CASE-00053,ACC-00907,ACC-01016,19361,2026-01-02T12:45:00.000Z,UPI,0,Pune,LOW,SYNTHETIC
TXN-0000445,CASE-00053,ACC-00908,ACC-01017,5967,2026-01-02T18:42:00.000Z,TRANSFER,0,Pune,LOW,SYNTHETIC
TXN-0000446,CASE-00053,ACC-00909,ACC-01018,7893,2026-01-02T08:39:00.000Z,UPI,0,Pune,LOW,SYNTHETIC
TXN-0000447,CASE-00053,ACC-00107,ACC-00697,76442,2026-01-03T07:52:00.000Z,UPI,1,Pune,HIGH,SYNTHETIC
TXN-0000448,CASE-00054,ACC-00919,ACC-01030,21007,2026-01-02T19:00:00.000Z,TRANSFER,0,Vijayawada,LOW,SYNTHETIC
TXN-0000449,CASE-00054,ACC-00920,ACC-01031,8351,2026-01-02T17:57:00.000Z,TRANSFER,0,Vijayawada,LOW,SYNTHETIC
TXN-0000450,CASE-00054,ACC-00921,ACC-01032,7256,2026-01-02T17:54:00.000Z,UPI,0,Vijayawada,LOW,SYNTHETIC
TXN-0000451,CASE-00054,ACC-00922,ACC-01033,17112,2026-01-02T20:51:00.000Z,UPI,0,Vijayawada,LOW,SYNTHETIC
TXN-0000452,CASE-00054,ACC-00923,ACC-01034,18544,2026-01-02T21:48:00.000Z,UPI,0,Vijayawada,LOW,SYNTHETIC
TXN-0000453,CASE-00054,ACC-00924,ACC-01035,10929,2026-01-02T21:45:00.000Z,UPI,0,Vijayawada,LOW,SYNTHETIC
TXN-0000454,CASE-00054,ACC-00925,ACC-01036,10118,2026-01-02T22:42:00.000Z,NEFT,0,Vijayawada,LOW,SYNTHETIC
TXN-0000455,CASE-00054,ACC-00926,ACC-01037,19220,2026-01-03T04:39:00.000Z,TRANSFER,0,Vijayawada,LOW,SYNTHETIC
TXN-0000456,CASE-00054,ACC-00927,ACC-01038,5578,2026-01-02T18:36:00.000Z,TRANSFER,0,Vijayawada,LOW,SYNTHETIC
TXN-0000457,CASE-00054,ACC-00928,ACC-01039,16021,2026-01-02T23:33:00.000Z,TRANSFER,0,Vijayawada,LOW,SYNTHETIC
TXN-0000458,CASE-00055,ACC-00936,ACC-01049,3455,2026-01-02T15:00:00.000Z,IMPS,0,Chennai,LOW,SYNTHETIC
TXN-0000459,CASE-00055,ACC-00937,ACC-01050,3235,2026-01-03T01:57:00.000Z,NEFT,0,Chennai,LOW,SYNTHETIC
TXN-0000460,CASE-00055,ACC-00938,ACC-01051,14322,2026-01-02T12:54:00.000Z,NEFT,0,Chennai,LOW,SYNTHETIC
TXN-0000461,CASE-00055,ACC-00939,ACC-01052,19566,2026-01-02T14:51:00.000Z,TRANSFER,0,Chennai,LOW,SYNTHETIC
TXN-0000462,CASE-00055,ACC-00940,ACC-01053,16512,2026-01-02T18:48:00.000Z,TRANSFER,0,Chennai,LOW,SYNTHETIC
TXN-0000463,CASE-00055,ACC-00941,ACC-01054,16265,2026-01-02T10:45:00.000Z,NEFT,0,Chennai,LOW,SYNTHETIC
TXN-0000464,CASE-00055,ACC-00942,ACC-01055,6495,2026-01-02T10:42:00.000Z,NEFT,0,Chennai,LOW,SYNTHETIC
TXN-0000465,CASE-00055,ACC-00943,ACC-01056,15457,2026-01-02T10:39:00.000Z,UPI,0,Chennai,LOW,SYNTHETIC
TXN-0000466,CASE-00055,ACC-00944,ACC-01057,5370,2026-01-02T12:36:00.000Z,UPI,0,Chennai,LOW,SYNTHETIC
TXN-0000467,CASE-00055,ACC-00945,ACC-01058,20006,2026-01-02T12:33:00.000Z,UPI,0,Chennai,LOW,SYNTHETIC
TXN-0000468,CASE-00056,ACC-00953,ACC-01068,17757,2026-01-02T15:00:00.000Z,TRANSFER,0,Bengaluru,LOW,SYNTHETIC
TXN-0000469,CASE-00056,ACC-00954,ACC-01069,951,2026-01-02T20:57:00.000Z,TRANSFER,0,Bengaluru,LOW,SYNTHETIC
TXN-0000470,CASE-00056,ACC-00955,ACC-01070,3421,2026-01-02T12:54:00.000Z,UPI,0,Bengaluru,LOW,SYNTHETIC
TXN-0000471,CASE-00056,ACC-00956,ACC-01071,5303,2026-01-03T05:51:00.000Z,IMPS,0,Bengaluru,LOW,SYNTHETIC
TXN-0000472,CASE-00056,ACC-00957,ACC-01072,2201,2026-01-02T18:48:00.000Z,NEFT,0,Bengaluru,LOW,SYNTHETIC
TXN-0000473,CASE-00056,ACC-00958,ACC-01073,5068,2026-01-02T15:45:00.000Z,NEFT,0,Bengaluru,LOW,SYNTHETIC
TXN-0000474,CASE-00056,ACC-00959,ACC-01074,2913,2026-01-03T03:42:00.000Z,UPI,0,Bengaluru,LOW,SYNTHETIC
TXN-0000475,CASE-00056,ACC-00960,ACC-01075,7454,2026-01-02T20:39:00.000Z,NEFT,0,Bengaluru,LOW,SYNTHETIC
TXN-0000476,CASE-00057,ACC-00970,ACC-01087,9611,2026-01-03T00:00:00.000Z,TRANSFER,0,Hyderabad,LOW,SYNTHETIC
TXN-0000477,CASE-00057,ACC-00971,ACC-01088,10024,2026-01-03T02:57:00.000Z,NEFT,0,Hyderabad,LOW,SYNTHETIC
TXN-0000478,CASE-00057,ACC-00972,ACC-01089,3601,2026-01-03T03:54:00.000Z,UPI,0,Hyderabad,LOW,SYNTHETIC
TXN-0000479,CASE-00057,ACC-00973,ACC-01090,2017,2026-01-03T03:51:00.000Z,NEFT,0,Hyderabad,LOW,SYNTHETIC
TXN-0000480,CASE-00057,ACC-00974,ACC-01091,14682,2026-01-02T16:48:00.000Z,TRANSFER,0,Hyderabad,LOW,SYNTHETIC
TXN-0000481,CASE-00057,ACC-00975,ACC-01092,15469,2026-01-02T21:45:00.000Z,UPI,0,Hyderabad,LOW,SYNTHETIC
TXN-0000482,CASE-00057,ACC-00976,ACC-01093,2181,2026-01-02T16:42:00.000Z,TRANSFER,0,Hyderabad,LOW,SYNTHETIC
TXN-0000483,CASE-00057,ACC-00977,ACC-01094,3338,2026-01-02T12:39:00.000Z,NEFT,0,Hyderabad,LOW,SYNTHETIC
TXN-0000484,CASE-00057,ACC-00978,ACC-01095,16948,2026-01-02T14:36:00.000Z,NEFT,0,Hyderabad,LOW,SYNTHETIC
TXN-0000485,CASE-00057,ACC-00115,ACC-00749,94627,2026-01-03T09:32:00.000Z,UPI,1,Hyderabad,HIGH,SYNTHETIC
TXN-0000486,CASE-00057,ACC-00749,ACC-00750,79898,2026-01-03T10:11:00.000Z,UPI,1,Hyderabad,HIGH,SYNTHETIC
TXN-0000487,CASE-00058,ACC-00987,ACC-01106,1450,2026-01-03T05:00:00.000Z,NEFT,0,Coimbatore,LOW,SYNTHETIC
TXN-0000488,CASE-00058,ACC-00988,ACC-01107,2072,2026-01-02T19:57:00.000Z,IMPS,0,Coimbatore,LOW,SYNTHETIC
TXN-0000489,CASE-00058,ACC-00989,ACC-01108,17810,2026-01-02T18:54:00.000Z,NEFT,0,Coimbatore,LOW,SYNTHETIC
TXN-0000490,CASE-00058,ACC-00990,ACC-01109,19902,2026-01-02T18:51:00.000Z,NEFT,0,Coimbatore,LOW,SYNTHETIC
TXN-0000491,CASE-00058,ACC-00991,ACC-01110,4236,2026-01-03T01:48:00.000Z,TRANSFER,0,Coimbatore,LOW,SYNTHETIC
TXN-0000492,CASE-00058,ACC-00992,ACC-01111,6321,2026-01-03T08:45:00.000Z,IMPS,0,Coimbatore,LOW,SYNTHETIC
TXN-0000493,CASE-00058,ACC-00993,ACC-01112,10587,2026-01-03T05:42:00.000Z,NEFT,0,Coimbatore,LOW,SYNTHETIC
TXN-0000494,CASE-00058,ACC-00994,ACC-01113,11951,2026-01-02T23:39:00.000Z,TRANSFER,0,Coimbatore,LOW,SYNTHETIC
TXN-0000495,CASE-00058,ACC-00995,ACC-01114,12562,2026-01-02T19:36:00.000Z,NEFT,0,Coimbatore,LOW,SYNTHETIC
TXN-0000496,CASE-00058,ACC-00117,ACC-00762,85093,2026-01-03T12:40:00.000Z,UPI,1,Coimbatore,HIGH,SYNTHETIC
TXN-0000497,CASE-00059,ACC-01004,ACC-01125,4557,2026-01-02T17:00:00.000Z,IMPS,0,Pune,LOW,SYNTHETIC
TXN-0000498,CASE-00059,ACC-01005,ACC-01126,13950,2026-01-03T02:57:00.000Z,NEFT,0,Pune,LOW,SYNTHETIC
TXN-0000499,CASE-00059,ACC-01006,ACC-01127,6657,2026-01-03T02:54:00.000Z,NEFT,0,Pune,LOW,SYNTHETIC
TXN-0000500,CASE-00059,ACC-01007,ACC-01128,6571,2026-01-02T17:51:00.000Z,UPI,0,Pune,LOW,SYNTHETIC
TXN-0000501,CASE-00059,ACC-01008,ACC-01129,12436,2026-01-03T05:48:00.000Z,NEFT,0,Pune,LOW,SYNTHETIC
TXN-0000502,CASE-00059,ACC-01009,ACC-01130,16362,2026-01-03T08:45:00.000Z,IMPS,0,Pune,LOW,SYNTHETIC
TXN-0000503,CASE-00059,ACC-01010,ACC-01131,13184,2026-01-03T06:42:00.000Z,TRANSFER,0,Pune,LOW,SYNTHETIC
TXN-0000504,CASE-00059,ACC-01011,ACC-01132,18301,2026-01-03T02:39:00.000Z,NEFT,0,Pune,LOW,SYNTHETIC
TXN-0000505,CASE-00059,ACC-00119,ACC-00775,29056,2026-01-03T19:00:00.000Z,TRANSFER,1,Pune,MEDIUM,SYNTHETIC
TXN-0000506,CASE-00060,ACC-01021,ACC-01144,11836,2026-01-03T00:00:00.000Z,TRANSFER,0,Vijayawada,LOW,SYNTHETIC
TXN-0000507,CASE-00060,ACC-01022,ACC-01145,6438,2026-01-02T23:57:00.000Z,NEFT,0,Vijayawada,LOW,SYNTHETIC
TXN-0000508,CASE-00060,ACC-01023,ACC-01146,19831,2026-01-03T03:54:00.000Z,IMPS,0,Vijayawada,LOW,SYNTHETIC
TXN-0000509,CASE-00060,ACC-01024,ACC-01147,14120,2026-01-03T08:51:00.000Z,TRANSFER,0,Vijayawada,LOW,SYNTHETIC
TXN-0000510,CASE-00060,ACC-01025,ACC-01148,8657,2026-01-02T22:48:00.000Z,NEFT,0,Vijayawada,LOW,SYNTHETIC
TXN-0000511,CASE-00060,ACC-01026,ACC-01149,18619,2026-01-03T10:45:00.000Z,TRANSFER,0,Vijayawada,LOW,SYNTHETIC
TXN-0000512,CASE-00060,ACC-01027,ACC-01150,4423,2026-01-02T22:42:00.000Z,TRANSFER,0,Vijayawada,LOW,SYNTHETIC
TXN-0000513,CASE-00061,ACC-01038,ACC-01163,13748,2026-01-02T19:00:00.000Z,TRANSFER,0,Chennai,LOW,SYNTHETIC
TXN-0000514,CASE-00061,ACC-01039,ACC-01164,8938,2026-01-02T22:57:00.000Z,TRANSFER,0,Chennai,LOW,SYNTHETIC
TXN-0000515,CASE-00061,ACC-01040,ACC-01165,5175,2026-01-02T22:54:00.000Z,NEFT,0,Chennai,LOW,SYNTHETIC
TXN-0000516,CASE-00061,ACC-01041,ACC-01166,9252,2026-01-03T11:51:00.000Z,UPI,0,Chennai,LOW,SYNTHETIC
TXN-0000517,CASE-00061,ACC-01042,ACC-01167,929,2026-01-03T08:48:00.000Z,UPI,0,Chennai,LOW,SYNTHETIC
TXN-0000518,CASE-00061,ACC-01043,ACC-01168,17532,2026-01-02T17:45:00.000Z,TRANSFER,0,Chennai,LOW,SYNTHETIC
TXN-0000519,CASE-00061,ACC-01044,ACC-01169,13717,2026-01-02T22:42:00.000Z,IMPS,0,Chennai,LOW,SYNTHETIC
TXN-0000520,CASE-00061,ACC-01045,ACC-01170,16570,2026-01-03T05:39:00.000Z,IMPS,0,Chennai,LOW,SYNTHETIC
TXN-0000521,CASE-00062,ACC-01055,ACC-01182,5152,2026-01-03T01:00:00.000Z,TRANSFER,0,Bengaluru,LOW,SYNTHETIC
TXN-0000522,CASE-00062,ACC-01056,ACC-01183,14529,2026-01-03T09:57:00.000Z,IMPS,0,Bengaluru,LOW,SYNTHETIC
TXN-0000523,CASE-00062,ACC-01057,ACC-01184,11960,2026-01-03T08:54:00.000Z,NEFT,0,Bengaluru,LOW,SYNTHETIC
TXN-0000524,CASE-00062,ACC-01058,ACC-01185,19706,2026-01-03T06:51:00.000Z,TRANSFER,0,Bengaluru,LOW,SYNTHETIC
TXN-0000525,CASE-00062,ACC-01059,ACC-01186,12362,2026-01-03T04:48:00.000Z,UPI,0,Bengaluru,LOW,SYNTHETIC
TXN-0000526,CASE-00062,ACC-01060,ACC-01187,943,2026-01-02T20:45:00.000Z,NEFT,0,Bengaluru,LOW,SYNTHETIC
TXN-0000527,CASE-00062,ACC-01061,ACC-01188,5578,2026-01-03T00:42:00.000Z,IMPS,0,Bengaluru,LOW,SYNTHETIC
TXN-0000528,CASE-00062,ACC-01062,ACC-01189,15440,2026-01-02T20:39:00.000Z,IMPS,0,Bengaluru,LOW,SYNTHETIC
TXN-0000529,CASE-00062,ACC-01063,ACC-01190,9892,2026-01-03T10:36:00.000Z,UPI,0,Bengaluru,LOW,SYNTHETIC
TXN-0000530,CASE-00062,ACC-01064,ACC-01191,17571,2026-01-03T02:33:00.000Z,NEFT,0,Bengaluru,LOW,SYNTHETIC
TXN-0000531,CASE-00063,ACC-01072,ACC-01201,16312,2026-01-03T09:00:00.000Z,TRANSFER,0,Hyderabad,LOW,SYNTHETIC
TXN-0000532,CASE-00063,ACC-01073,ACC-01202,17244,2026-01-03T05:57:00.000Z,TRANSFER,0,Hyderabad,LOW,SYNTHETIC
TXN-0000533,CASE-00063,ACC-01074,ACC-01203,7952,2026-01-03T01:54:00.000Z,IMPS,0,Hyderabad,LOW,SYNTHETIC
TXN-0000534,CASE-00063,ACC-01075,ACC-01204,934,2026-01-03T11:51:00.000Z,IMPS,0,Hyderabad,LOW,SYNTHETIC
TXN-0000535,CASE-00063,ACC-01076,ACC-01205,7663,2026-01-03T07:48:00.000Z,IMPS,0,Hyderabad,LOW,SYNTHETIC
TXN-0000536,CASE-00063,ACC-01077,ACC-01206,4196,2026-01-03T00:45:00.000Z,IMPS,0,Hyderabad,LOW,SYNTHETIC
TXN-0000537,CASE-00063,ACC-01078,ACC-01207,18174,2026-01-03T04:42:00.000Z,NEFT,0,Hyderabad,LOW,SYNTHETIC
TXN-0000538,CASE-00063,ACC-01079,ACC-01208,15112,2026-01-02T23:39:00.000Z,UPI,0,Hyderabad,LOW,SYNTHETIC
TXN-0000539,CASE-00063,ACC-01080,ACC-01209,12356,2026-01-03T09:36:00.000Z,NEFT,0,Hyderabad,LOW,SYNTHETIC
TXN-0000540,CASE-00063,ACC-01081,ACC-01210,14674,2026-01-03T11:33:00.000Z,NEFT,0,Hyderabad,LOW,SYNTHETIC
TXN-0000541,CASE-00063,ACC-00127,ACC-00827,67367,2026-01-03T16:47:00.000Z,NEFT,1,Hyderabad,MEDIUM,SYNTHETIC
TXN-0000542,CASE-00064,ACC-01089,ACC-01220,9815,2026-01-03T02:00:00.000Z,NEFT,0,Coimbatore,LOW,SYNTHETIC
TXN-0000543,CASE-00064,ACC-01090,ACC-01221,17929,2026-01-03T04:57:00.000Z,IMPS,0,Coimbatore,LOW,SYNTHETIC
TXN-0000544,CASE-00064,ACC-01091,ACC-01222,16827,2026-01-02T23:54:00.000Z,IMPS,0,Coimbatore,LOW,SYNTHETIC
TXN-0000545,CASE-00064,ACC-01092,ACC-01223,3079,2026-01-03T02:51:00.000Z,NEFT,0,Coimbatore,LOW,SYNTHETIC
TXN-0000546,CASE-00064,ACC-01093,ACC-01224,7125,2026-01-03T14:48:00.000Z,NEFT,0,Coimbatore,LOW,SYNTHETIC
TXN-0000547,CASE-00064,ACC-01094,ACC-01225,6238,2026-01-03T06:45:00.000Z,TRANSFER,0,Coimbatore,LOW,SYNTHETIC
TXN-0000548,CASE-00064,ACC-01095,ACC-01226,14132,2026-01-03T08:42:00.000Z,UPI,0,Coimbatore,LOW,SYNTHETIC
TXN-0000549,CASE-00064,ACC-01096,ACC-01227,716,2026-01-02T23:39:00.000Z,NEFT,0,Coimbatore,LOW,SYNTHETIC
TXN-0000550,CASE-00065,ACC-01106,ACC-01239,21510,2026-01-03T16:00:00.000Z,UPI,0,Pune,LOW,SYNTHETIC
TXN-0000551,CASE-00065,ACC-01107,ACC-01240,3020,2026-01-03T08:57:00.000Z,TRANSFER,0,Pune,LOW,SYNTHETIC
TXN-0000552,CASE-00065,ACC-01108,ACC-01241,14082,2026-01-03T08:54:00.000Z,NEFT,0,Pune,LOW,SYNTHETIC
TXN-0000553,CASE-00065,ACC-01109,ACC-01242,13444,2026-01-02T20:51:00.000Z,NEFT,0,Pune,LOW,SYNTHETIC
TXN-0000554,CASE-00065,ACC-01110,ACC-01243,18343,2026-01-03T14:48:00.000Z,NEFT,0,Pune,LOW,SYNTHETIC
TXN-0000555,CASE-00065,ACC-01111,ACC-01244,18141,2026-01-03T00:45:00.000Z,TRANSFER,0,Pune,LOW,SYNTHETIC
TXN-0000556,CASE-00066,ACC-01123,ACC-01258,15499,2026-01-03T08:00:00.000Z,NEFT,0,Vijayawada,LOW,SYNTHETIC
TXN-0000557,CASE-00066,ACC-01124,ACC-01259,12368,2026-01-02T22:57:00.000Z,UPI,0,Vijayawada,LOW,SYNTHETIC
TXN-0000558,CASE-00066,ACC-01125,ACC-01260,21251,2026-01-03T03:54:00.000Z,NEFT,0,Vijayawada,LOW,SYNTHETIC
TXN-0000559,CASE-00066,ACC-01126,ACC-01261,3688,2026-01-02T22:51:00.000Z,NEFT,0,Vijayawada,LOW,SYNTHETIC
TXN-0000560,CASE-00066,ACC-01127,ACC-01262,6350,2026-01-02T23:48:00.000Z,NEFT,0,Vijayawada,LOW,SYNTHETIC
TXN-0000561,CASE-00066,ACC-01128,ACC-01263,13747,2026-01-03T10:45:00.000Z,TRANSFER,0,Vijayawada,LOW,SYNTHETIC
TXN-0000562,CASE-00066,ACC-00133,ACC-00866,114761,2026-01-03T18:12:00.000Z,IMPS,1,Vijayawada,HIGH,SYNTHETIC
TXN-0000563,CASE-00067,ACC-01140,ACC-01277,7442,2026-01-03T11:00:00.000Z,IMPS,0,Chennai,LOW,SYNTHETIC
TXN-0000564,CASE-00067,ACC-01141,ACC-01278,3411,2026-01-03T06:57:00.000Z,TRANSFER,0,Chennai,LOW,SYNTHETIC
TXN-0000565,CASE-00067,ACC-01142,ACC-01279,10669,2026-01-03T08:54:00.000Z,TRANSFER,0,Chennai,LOW,SYNTHETIC
TXN-0000566,CASE-00067,ACC-01143,ACC-01280,1935,2026-01-03T12:51:00.000Z,IMPS,0,Chennai,LOW,SYNTHETIC
TXN-0000567,CASE-00067,ACC-01144,ACC-01281,12573,2026-01-03T12:48:00.000Z,IMPS,0,Chennai,LOW,SYNTHETIC
TXN-0000568,CASE-00067,ACC-01145,ACC-01282,21338,2026-01-03T04:45:00.000Z,NEFT,0,Chennai,LOW,SYNTHETIC
TXN-0000569,CASE-00068,ACC-01157,ACC-01296,15411,2026-01-03T17:00:00.000Z,UPI,0,Bengaluru,LOW,SYNTHETIC
TXN-0000570,CASE-00068,ACC-01158,ACC-01297,2480,2026-01-03T15:57:00.000Z,NEFT,0,Bengaluru,LOW,SYNTHETIC
TXN-0000571,CASE-00068,ACC-01159,ACC-01298,16460,2026-01-03T15:54:00.000Z,TRANSFER,0,Bengaluru,LOW,SYNTHETIC
TXN-0000572,CASE-00068,ACC-01160,ACC-01299,15737,2026-01-03T08:51:00.000Z,IMPS,0,Bengaluru,LOW,SYNTHETIC
TXN-0000573,CASE-00068,ACC-01161,ACC-01300,2030,2026-01-03T14:48:00.000Z,UPI,0,Bengaluru,LOW,SYNTHETIC
TXN-0000574,CASE-00068,ACC-01162,ACC-01301,11710,2026-01-02T23:45:00.000Z,TRANSFER,0,Bengaluru,LOW,SYNTHETIC
TXN-0000575,CASE-00069,ACC-01174,ACC-01315,2053,2026-01-03T09:00:00.000Z,UPI,0,Hyderabad,LOW,SYNTHETIC
TXN-0000576,CASE-00069,ACC-01175,ACC-01316,3221,2026-01-03T05:57:00.000Z,IMPS,0,Hyderabad,LOW,SYNTHETIC
TXN-0000577,CASE-00069,ACC-01176,ACC-01317,4384,2026-01-03T10:54:00.000Z,IMPS,0,Hyderabad,LOW,SYNTHETIC
TXN-0000578,CASE-00069,ACC-01177,ACC-01318,20371,2026-01-03T02:51:00.000Z,IMPS,0,Hyderabad,LOW,SYNTHETIC
TXN-0000579,CASE-00069,ACC-01178,ACC-01319,1439,2026-01-03T02:48:00.000Z,TRANSFER,0,Hyderabad,LOW,SYNTHETIC
TXN-0000580,CASE-00069,ACC-01179,ACC-01320,16874,2026-01-03T09:45:00.000Z,NEFT,0,Hyderabad,LOW,SYNTHETIC
TXN-0000581,CASE-00070,ACC-01191,ACC-01334,11682,2026-01-03T17:00:00.000Z,TRANSFER,0,Coimbatore,LOW,SYNTHETIC
TXN-0000582,CASE-00070,ACC-01192,ACC-01335,13637,2026-01-03T14:57:00.000Z,TRANSFER,0,Coimbatore,LOW,SYNTHETIC
TXN-0000583,CASE-00070,ACC-01193,ACC-01336,3349,2026-01-03T13:54:00.000Z,UPI,0,Coimbatore,LOW,SYNTHETIC
TXN-0000584,CASE-00070,ACC-01194,ACC-01337,7882,2026-01-03T02:51:00.000Z,IMPS,0,Coimbatore,LOW,SYNTHETIC
TXN-0000585,CASE-00070,ACC-01195,ACC-01338,10914,2026-01-03T09:48:00.000Z,TRANSFER,0,Coimbatore,LOW,SYNTHETIC
TXN-0000586,CASE-00070,ACC-01196,ACC-01339,21925,2026-01-03T16:45:00.000Z,NEFT,0,Coimbatore,LOW,SYNTHETIC
TXN-0000587,CASE-00071,ACC-01208,ACC-01353,14077,2026-01-03T11:00:00.000Z,UPI,0,Pune,LOW,SYNTHETIC
TXN-0000588,CASE-00071,ACC-01209,ACC-01354,5962,2026-01-03T02:57:00.000Z,UPI,0,Pune,LOW,SYNTHETIC
TXN-0000589,CASE-00071,ACC-01210,ACC-01355,2857,2026-01-03T19:54:00.000Z,NEFT,0,Pune,LOW,SYNTHETIC
TXN-0000590,CASE-00071,ACC-01211,ACC-01356,17906,2026-01-03T09:51:00.000Z,IMPS,0,Pune,LOW,SYNTHETIC
TXN-0000591,CASE-00071,ACC-01212,ACC-01357,10908,2026-01-03T07:48:00.000Z,IMPS,0,Pune,LOW,SYNTHETIC
TXN-0000592,CASE-00071,ACC-01213,ACC-01358,17534,2026-01-03T07:45:00.000Z,IMPS,0,Pune,LOW,SYNTHETIC
TXN-0000593,CASE-00071,ACC-01214,ACC-01359,7845,2026-01-03T04:42:00.000Z,NEFT,0,Pune,LOW,SYNTHETIC
TXN-0000594,CASE-00071,ACC-01215,ACC-01360,3626,2026-01-03T08:39:00.000Z,NEFT,0,Pune,LOW,SYNTHETIC
TXN-0000595,CASE-00071,ACC-01216,ACC-01361,2481,2026-01-03T12:36:00.000Z,UPI,0,Pune,LOW,SYNTHETIC
TXN-0000596,CASE-00072,ACC-01225,ACC-01372,21371,2026-01-03T05:00:00.000Z,UPI,0,Vijayawada,LOW,SYNTHETIC
TXN-0000597,CASE-00072,ACC-01226,ACC-01373,8940,2026-01-03T17:57:00.000Z,TRANSFER,0,Vijayawada,LOW,SYNTHETIC
TXN-0000598,CASE-00072,ACC-01227,ACC-01374,12884,2026-01-03T08:54:00.000Z,TRANSFER,0,Vijayawada,LOW,SYNTHETIC
TXN-0000599,CASE-00072,ACC-01228,ACC-01375,2793,2026-01-03T09:51:00.000Z,IMPS,0,Vijayawada,LOW,SYNTHETIC
TXN-0000600,CASE-00072,ACC-01229,ACC-01376,13425,2026-01-03T21:48:00.000Z,UPI,0,Vijayawada,LOW,SYNTHETIC
TXN-0000601,CASE-00072,ACC-01230,ACC-01377,21258,2026-01-03T10:45:00.000Z,UPI,0,Vijayawada,LOW,SYNTHETIC
TXN-0000602,CASE-00072,ACC-00145,ACC-00944,70116,2026-01-04T01:33:00.000Z,TRANSFER,1,Vijayawada,HIGH,SYNTHETIC
TXN-0000603,CASE-00072,ACC-00944,ACC-00945,62133,2026-01-04T03:59:00.000Z,NEFT,1,Vijayawada,MEDIUM,SYNTHETIC
TXN-0000604,CASE-00073,ACC-01242,ACC-01391,14159,2026-01-03T05:00:00.000Z,UPI,0,Chennai,LOW,SYNTHETIC
TXN-0000605,CASE-00073,ACC-01243,ACC-01392,14379,2026-01-03T23:57:00.000Z,NEFT,0,Chennai,LOW,SYNTHETIC
TXN-0000606,CASE-00073,ACC-01244,ACC-01393,9117,2026-01-03T13:54:00.000Z,UPI,0,Chennai,LOW,SYNTHETIC
TXN-0000607,CASE-00073,ACC-01245,ACC-01394,12009,2026-01-03T07:51:00.000Z,UPI,0,Chennai,LOW,SYNTHETIC
TXN-0000608,CASE-00073,ACC-01246,ACC-01395,3255,2026-01-03T22:48:00.000Z,UPI,0,Chennai,LOW,SYNTHETIC
TXN-0000609,CASE-00073,ACC-01247,ACC-01396,19863,2026-01-03T22:45:00.000Z,IMPS,0,Chennai,LOW,SYNTHETIC
TXN-0000610,CASE-00073,ACC-01248,ACC-01397,9787,2026-01-03T04:42:00.000Z,NEFT,0,Chennai,LOW,SYNTHETIC
TXN-0000611,CASE-00073,ACC-00147,ACC-00957,48888,2026-01-04T02:33:00.000Z,UPI,1,Chennai,MEDIUM,SYNTHETIC
TXN-0000612,CASE-00074,ACC-01259,ACC-00010,13898,2026-01-03T06:00:00.000Z,TRANSFER,0,Bengaluru,LOW,SYNTHETIC
TXN-0000613,CASE-00074,ACC-01260,ACC-00011,9785,2026-01-03T08:57:00.000Z,TRANSFER,0,Bengaluru,LOW,SYNTHETIC
TXN-0000614,CASE-00074,ACC-01261,ACC-00012,10491,2026-01-03T17:54:00.000Z,NEFT,0,Bengaluru,LOW,SYNTHETIC
TXN-0000615,CASE-00074,ACC-01262,ACC-00013,16578,2026-01-03T13:51:00.000Z,IMPS,0,Bengaluru,LOW,SYNTHETIC
TXN-0000616,CASE-00074,ACC-01263,ACC-00014,13683,2026-01-03T16:48:00.000Z,NEFT,0,Bengaluru,LOW,SYNTHETIC
TXN-0000617,CASE-00074,ACC-01264,ACC-00015,2135,2026-01-03T13:45:00.000Z,IMPS,0,Bengaluru,LOW,SYNTHETIC
TXN-0000618,CASE-00074,ACC-01265,ACC-00016,6746,2026-01-03T10:42:00.000Z,IMPS,0,Bengaluru,LOW,SYNTHETIC
TXN-0000619,CASE-00074,ACC-01266,ACC-00017,13736,2026-01-03T09:39:00.000Z,UPI,0,Bengaluru,LOW,SYNTHETIC
TXN-0000620,CASE-00075,ACC-01276,ACC-00029,15144,2026-01-03T20:00:00.000Z,UPI,0,Hyderabad,LOW,SYNTHETIC
TXN-0000621,CASE-00075,ACC-01277,ACC-00030,1084,2026-01-03T14:57:00.000Z,TRANSFER,0,Hyderabad,LOW,SYNTHETIC
TXN-0000622,CASE-00075,ACC-01278,ACC-00031,11374,2026-01-03T07:54:00.000Z,TRANSFER,0,Hyderabad,LOW,SYNTHETIC
TXN-0000623,CASE-00075,ACC-01279,ACC-00032,18212,2026-01-04T00:51:00.000Z,UPI,0,Hyderabad,LOW,SYNTHETIC
TXN-0000624,CASE-00075,ACC-01280,ACC-00033,15601,2026-01-03T14:48:00.000Z,TRANSFER,0,Hyderabad,LOW,SYNTHETIC
TXN-0000625,CASE-00075,ACC-01281,ACC-00034,9683,2026-01-03T19:45:00.000Z,IMPS,0,Hyderabad,LOW,SYNTHETIC
TXN-0000626,CASE-00075,ACC-01282,ACC-00035,11962,2026-01-03T06:42:00.000Z,IMPS,0,Hyderabad,LOW,SYNTHETIC
TXN-0000627,CASE-00076,ACC-01293,ACC-00048,10955,2026-01-03T14:00:00.000Z,IMPS,0,Coimbatore,LOW,SYNTHETIC
TXN-0000628,CASE-00076,ACC-01294,ACC-00049,17770,2026-01-03T15:57:00.000Z,UPI,0,Coimbatore,LOW,SYNTHETIC
TXN-0000629,CASE-00076,ACC-01295,ACC-00050,11728,2026-01-03T14:54:00.000Z,IMPS,0,Coimbatore,LOW,SYNTHETIC
TXN-0000630,CASE-00076,ACC-01296,ACC-00051,18334,2026-01-04T02:51:00.000Z,IMPS,0,Coimbatore,LOW,SYNTHETIC
TXN-0000631,CASE-00076,ACC-01297,ACC-00052,12838,2026-01-03T20:48:00.000Z,NEFT,0,Coimbatore,LOW,SYNTHETIC
TXN-0000632,CASE-00076,ACC-01298,ACC-00053,2690,2026-01-03T22:45:00.000Z,NEFT,0,Coimbatore,LOW,SYNTHETIC
TXN-0000633,CASE-00076,ACC-01299,ACC-00054,12145,2026-01-03T22:42:00.000Z,NEFT,0,Coimbatore,LOW,SYNTHETIC
TXN-0000634,CASE-00076,ACC-01300,ACC-00055,20612,2026-01-03T23:39:00.000Z,UPI,0,Coimbatore,LOW,SYNTHETIC
TXN-0000635,CASE-00077,ACC-01310,ACC-00067,14143,2026-01-04T01:00:00.000Z,NEFT,0,Pune,LOW,SYNTHETIC
TXN-0000636,CASE-00077,ACC-01311,ACC-00068,2677,2026-01-03T16:57:00.000Z,TRANSFER,0,Pune,LOW,SYNTHETIC
TXN-0000637,CASE-00077,ACC-01312,ACC-00069,1724,2026-01-03T22:54:00.000Z,NEFT,0,Pune,LOW,SYNTHETIC
TXN-0000638,CASE-00077,ACC-01313,ACC-00070,21733,2026-01-03T09:51:00.000Z,TRANSFER,0,Pune,LOW,SYNTHETIC
TXN-0000639,CASE-00077,ACC-01314,ACC-00071,13189,2026-01-03T14:48:00.000Z,NEFT,0,Pune,LOW,SYNTHETIC
TXN-0000640,CASE-00077,ACC-01315,ACC-00072,19892,2026-01-03T21:45:00.000Z,UPI,0,Pune,LOW,SYNTHETIC
TXN-0000641,CASE-00077,ACC-01316,ACC-00073,5946,2026-01-03T23:42:00.000Z,UPI,0,Pune,LOW,SYNTHETIC
TXN-0000642,CASE-00078,ACC-01327,ACC-00086,6532,2026-01-03T17:00:00.000Z,UPI,0,Vijayawada,LOW,SYNTHETIC
TXN-0000643,CASE-00078,ACC-01328,ACC-00087,1725,2026-01-03T23:57:00.000Z,NEFT,0,Vijayawada,LOW,SYNTHETIC
TXN-0000644,CASE-00078,ACC-01329,ACC-00088,12287,2026-01-03T14:54:00.000Z,NEFT,0,Vijayawada,LOW,SYNTHETIC
TXN-0000645,CASE-00078,ACC-01330,ACC-00089,10138,2026-01-03T18:51:00.000Z,NEFT,0,Vijayawada,LOW,SYNTHETIC
TXN-0000646,CASE-00078,ACC-01331,ACC-00090,18606,2026-01-03T18:48:00.000Z,NEFT,0,Vijayawada,LOW,SYNTHETIC
TXN-0000647,CASE-00078,ACC-01332,ACC-00091,7003,2026-01-03T21:45:00.000Z,TRANSFER,0,Vijayawada,LOW,SYNTHETIC
TXN-0000648,CASE-00078,ACC-01333,ACC-00092,11202,2026-01-03T09:42:00.000Z,IMPS,0,Vijayawada,LOW,SYNTHETIC
TXN-0000649,CASE-00078,ACC-00157,ACC-01022,54735,2026-01-04T06:32:00.000Z,TRANSFER,1,Vijayawada,MEDIUM,SYNTHETIC
TXN-0000650,CASE-00079,ACC-01344,ACC-00105,8304,2026-01-04T05:00:00.000Z,TRANSFER,0,Chennai,LOW,SYNTHETIC
TXN-0000651,CASE-00079,ACC-01345,ACC-00106,21375,2026-01-03T12:57:00.000Z,IMPS,0,Chennai,LOW,SYNTHETIC
TXN-0000652,CASE-00079,ACC-01346,ACC-00107,4830,2026-01-03T21:54:00.000Z,IMPS,0,Chennai,LOW,SYNTHETIC
TXN-0000653,CASE-00079,ACC-01347,ACC-00108,21419,2026-01-03T19:51:00.000Z,NEFT,0,Chennai,LOW,SYNTHETIC
TXN-0000654,CASE-00079,ACC-01348,ACC-00109,3720,2026-01-03T22:48:00.000Z,IMPS,0,Chennai,LOW,SYNTHETIC
TXN-0000655,CASE-00079,ACC-01349,ACC-00110,4258,2026-01-03T16:45:00.000Z,IMPS,0,Chennai,LOW,SYNTHETIC
TXN-0000656,CASE-00079,ACC-01350,ACC-00111,4460,2026-01-04T00:42:00.000Z,NEFT,0,Chennai,LOW,SYNTHETIC
TXN-0000657,CASE-00079,ACC-01351,ACC-00112,2311,2026-01-03T23:39:00.000Z,TRANSFER,0,Chennai,LOW,SYNTHETIC
TXN-0000658,CASE-00080,ACC-01361,ACC-00124,14715,2026-01-04T04:00:00.000Z,NEFT,0,Bengaluru,LOW,SYNTHETIC
TXN-0000659,CASE-00080,ACC-01362,ACC-00125,15910,2026-01-03T23:57:00.000Z,NEFT,0,Bengaluru,LOW,SYNTHETIC
TXN-0000660,CASE-00080,ACC-01363,ACC-00126,21441,2026-01-04T03:54:00.000Z,UPI,0,Bengaluru,LOW,SYNTHETIC
TXN-0000661,CASE-00080,ACC-01364,ACC-00127,1431,2026-01-03T16:51:00.000Z,NEFT,0,Bengaluru,LOW,SYNTHETIC
TXN-0000662,CASE-00080,ACC-01365,ACC-00128,9762,2026-01-03T12:48:00.000Z,IMPS,0,Bengaluru,LOW,SYNTHETIC
TXN-0000663,CASE-00080,ACC-01366,ACC-00129,11047,2026-01-03T19:45:00.000Z,UPI,0,Bengaluru,LOW,SYNTHETIC
TXN-0000664,CASE-00080,ACC-01367,ACC-00130,10633,2026-01-04T03:42:00.000Z,IMPS,0,Bengaluru,LOW,SYNTHETIC
TXN-0000665,CASE-00081,ACC-01378,ACC-00143,2971,2026-01-03T20:00:00.000Z,NEFT,0,Hyderabad,LOW,SYNTHETIC
TXN-0000666,CASE-00081,ACC-01379,ACC-00144,21317,2026-01-04T06:57:00.000Z,UPI,0,Hyderabad,LOW,SYNTHETIC
TXN-0000667,CASE-00081,ACC-01380,ACC-00145,11701,2026-01-03T12:54:00.000Z,NEFT,0,Hyderabad,LOW,SYNTHETIC
TXN-0000668,CASE-00081,ACC-01381,ACC-00146,5961,2026-01-03T19:51:00.000Z,UPI,0,Hyderabad,LOW,SYNTHETIC
TXN-0000669,CASE-00081,ACC-01382,ACC-00147,3663,2026-01-04T00:48:00.000Z,UPI,0,Hyderabad,LOW,SYNTHETIC
TXN-0000670,CASE-00081,ACC-01383,ACC-00148,3870,2026-01-03T17:45:00.000Z,NEFT,0,Hyderabad,LOW,SYNTHETIC
TXN-0000671,CASE-00081,ACC-00163,ACC-01061,31902,2026-01-04T09:14:00.000Z,UPI,1,Hyderabad,MEDIUM,SYNTHETIC
TXN-0000672,CASE-00082,ACC-01395,ACC-00162,18056,2026-01-04T00:00:00.000Z,TRANSFER,0,Coimbatore,LOW,SYNTHETIC
TXN-0000673,CASE-00082,ACC-01396,ACC-00163,9683,2026-01-04T00:57:00.000Z,TRANSFER,0,Coimbatore,LOW,SYNTHETIC
TXN-0000674,CASE-00082,ACC-01397,ACC-00164,8256,2026-01-04T08:54:00.000Z,UPI,0,Coimbatore,LOW,SYNTHETIC
TXN-0000675,CASE-00082,ACC-01398,ACC-00165,3404,2026-01-03T22:51:00.000Z,IMPS,0,Coimbatore,LOW,SYNTHETIC
TXN-0000676,CASE-00082,ACC-01399,ACC-00166,3200,2026-01-04T06:48:00.000Z,NEFT,0,Coimbatore,LOW,SYNTHETIC
TXN-0000677,CASE-00082,ACC-01400,ACC-00167,11442,2026-01-04T06:45:00.000Z,IMPS,0,Coimbatore,LOW,SYNTHETIC
TXN-0000678,CASE-00082,ACC-00001,ACC-00168,16878,2026-01-03T21:42:00.000Z,NEFT,0,Coimbatore,LOW,SYNTHETIC
TXN-0000679,CASE-00082,ACC-00002,ACC-00169,17321,2026-01-03T14:39:00.000Z,TRANSFER,0,Coimbatore,LOW,SYNTHETIC
TXN-0000680,CASE-00083,ACC-00012,ACC-00181,3163,2026-01-04T07:00:00.000Z,NEFT,0,Pune,LOW,SYNTHETIC
TXN-0000681,CASE-00083,ACC-00013,ACC-00182,19253,2026-01-04T08:57:00.000Z,IMPS,0,Pune,LOW,SYNTHETIC
TXN-0000682,CASE-00083,ACC-00014,ACC-00183,4552,2026-01-03T18:54:00.000Z,NEFT,0,Pune,LOW,SYNTHETIC
TXN-0000683,CASE-00083,ACC-00015,ACC-00184,15506,2026-01-04T01:51:00.000Z,UPI,0,Pune,LOW,SYNTHETIC
TXN-0000684,CASE-00083,ACC-00016,ACC-00185,10307,2026-01-03T16:48:00.000Z,IMPS,0,Pune,LOW,SYNTHETIC
TXN-0000685,CASE-00083,ACC-00017,ACC-00186,7891,2026-01-03T18:45:00.000Z,TRANSFER,0,Pune,LOW,SYNTHETIC
TXN-0000686,CASE-00083,ACC-00018,ACC-00187,21943,2026-01-03T14:42:00.000Z,UPI,0,Pune,LOW,SYNTHETIC
TXN-0000687,CASE-00083,ACC-00019,ACC-00188,11730,2026-01-03T15:39:00.000Z,NEFT,0,Pune,LOW,SYNTHETIC
TXN-0000688,CASE-00083,ACC-00020,ACC-00189,18511,2026-01-04T01:36:00.000Z,IMPS,0,Pune,LOW,SYNTHETIC
TXN-0000689,CASE-00083,ACC-00167,ACC-01087,46645,2026-01-04T12:40:00.000Z,IMPS,1,Pune,MEDIUM,SYNTHETIC
TXN-0000690,CASE-00084,ACC-00029,ACC-00200,11097,2026-01-04T02:00:00.000Z,TRANSFER,0,Vijayawada,LOW,SYNTHETIC
TXN-0000691,CASE-00084,ACC-00030,ACC-00201,8788,2026-01-04T06:57:00.000Z,UPI,0,Vijayawada,LOW,SYNTHETIC
TXN-0000692,CASE-00084,ACC-00031,ACC-00202,9953,2026-01-03T18:54:00.000Z,NEFT,0,Vijayawada,LOW,SYNTHETIC
TXN-0000693,CASE-00084,ACC-00032,ACC-00203,20792,2026-01-03T16:51:00.000Z,IMPS,0,Vijayawada,LOW,SYNTHETIC
TXN-0000694,CASE-00084,ACC-00033,ACC-00204,951,2026-01-04T07:48:00.000Z,TRANSFER,0,Vijayawada,LOW,SYNTHETIC
TXN-0000695,CASE-00084,ACC-00034,ACC-00205,6115,2026-01-04T07:45:00.000Z,UPI,0,Vijayawada,LOW,SYNTHETIC
TXN-0000696,CASE-00084,ACC-00035,ACC-00206,9765,2026-01-04T03:42:00.000Z,UPI,0,Vijayawada,LOW,SYNTHETIC
TXN-0000697,CASE-00085,ACC-00046,ACC-00219,14795,2026-01-03T17:00:00.000Z,IMPS,0,Chennai,LOW,SYNTHETIC
TXN-0000698,CASE-00085,ACC-00047,ACC-00220,8424,2026-01-03T22:57:00.000Z,TRANSFER,0,Chennai,LOW,SYNTHETIC
TXN-0000699,CASE-00085,ACC-00048,ACC-00221,16004,2026-01-03T20:54:00.000Z,IMPS,0,Chennai,LOW,SYNTHETIC
TXN-0000700,CASE-00085,ACC-00049,ACC-00222,7185,2026-01-04T04:51:00.000Z,UPI,0,Chennai,LOW,SYNTHETIC
TXN-0000701,CASE-00085,ACC-00050,ACC-00223,1969,2026-01-04T05:48:00.000Z,NEFT,0,Chennai,LOW,SYNTHETIC
TXN-0000702,CASE-00085,ACC-00051,ACC-00224,12923,2026-01-04T00:45:00.000Z,IMPS,0,Chennai,LOW,SYNTHETIC
TXN-0000703,CASE-00085,ACC-00052,ACC-00225,8569,2026-01-03T23:42:00.000Z,IMPS,0,Chennai,LOW,SYNTHETIC
TXN-0000704,CASE-00085,ACC-00053,ACC-00226,10293,2026-01-03T23:39:00.000Z,UPI,0,Chennai,LOW,SYNTHETIC
TXN-0000705,CASE-00085,ACC-00054,ACC-00227,20847,2026-01-04T06:36:00.000Z,IMPS,0,Chennai,LOW,SYNTHETIC
TXN-0000706,CASE-00085,ACC-00055,ACC-00228,13847,2026-01-03T20:33:00.000Z,NEFT,0,Chennai,LOW,SYNTHETIC
TXN-0000707,CASE-00086,ACC-00063,ACC-00238,2531,2026-01-04T08:00:00.000Z,IMPS,0,Bengaluru,LOW,SYNTHETIC
TXN-0000708,CASE-00086,ACC-00064,ACC-00239,7889,2026-01-04T09:57:00.000Z,NEFT,0,Bengaluru,LOW,SYNTHETIC
TXN-0000709,CASE-00086,ACC-00065,ACC-00240,8980,2026-01-04T08:54:00.000Z,IMPS,0,Bengaluru,LOW,SYNTHETIC
TXN-0000710,CASE-00086,ACC-00066,ACC-00241,9531,2026-01-03T21:51:00.000Z,NEFT,0,Bengaluru,LOW,SYNTHETIC
TXN-0000711,CASE-00086,ACC-00067,ACC-00242,5858,2026-01-04T04:48:00.000Z,TRANSFER,0,Bengaluru,LOW,SYNTHETIC
TXN-0000712,CASE-00086,ACC-00068,ACC-00243,14130,2026-01-04T04:45:00.000Z,UPI,0,Bengaluru,LOW,SYNTHETIC
TXN-0000713,CASE-00086,ACC-00069,ACC-00244,16995,2026-01-04T02:42:00.000Z,IMPS,0,Bengaluru,LOW,SYNTHETIC
TXN-0000714,CASE-00086,ACC-00070,ACC-00245,21819,2026-01-04T09:39:00.000Z,NEFT,0,Bengaluru,LOW,SYNTHETIC
TXN-0000715,CASE-00086,ACC-00071,ACC-00246,11659,2026-01-04T12:36:00.000Z,TRANSFER,0,Bengaluru,LOW,SYNTHETIC
TXN-0000716,CASE-00086,ACC-00072,ACC-00247,2746,2026-01-04T09:33:00.000Z,UPI,0,Bengaluru,LOW,SYNTHETIC
TXN-0000717,CASE-00087,ACC-00080,ACC-00257,14044,2026-01-04T03:00:00.000Z,NEFT,0,Hyderabad,LOW,SYNTHETIC
TXN-0000718,CASE-00087,ACC-00081,ACC-00258,19976,2026-01-04T03:57:00.000Z,UPI,0,Hyderabad,LOW,SYNTHETIC
TXN-0000719,CASE-00087,ACC-00082,ACC-00259,12787,2026-01-04T00:54:00.000Z,NEFT,0,Hyderabad,LOW,SYNTHETIC
TXN-0000720,CASE-00087,ACC-00083,ACC-00260,3238,2026-01-03T20:51:00.000Z,IMPS,0,Hyderabad,LOW,SYNTHETIC
TXN-0000721,CASE-00087,ACC-00084,ACC-00261,13362,2026-01-04T11:48:00.000Z,UPI,0,Hyderabad,LOW,SYNTHETIC
TXN-0000722,CASE-00087,ACC-00085,ACC-00262,18503,2026-01-03T19:45:00.000Z,UPI,0,Hyderabad,LOW,SYNTHETIC
TXN-0000723,CASE-00087,ACC-00086,ACC-00263,6570,2026-01-03T18:42:00.000Z,IMPS,0,Hyderabad,LOW,SYNTHETIC
TXN-0000724,CASE-00088,ACC-00097,ACC-00276,18224,2026-01-03T22:00:00.000Z,UPI,0,Coimbatore,LOW,SYNTHETIC
TXN-0000725,CASE-00088,ACC-00098,ACC-00277,18938,2026-01-04T02:57:00.000Z,UPI,0,Coimbatore,LOW,SYNTHETIC
TXN-0000726,CASE-00088,ACC-00099,ACC-00278,2343,2026-01-04T14:54:00.000Z,IMPS,0,Coimbatore,LOW,SYNTHETIC
TXN-0000727,CASE-00088,ACC-00100,ACC-00279,6710,2026-01-03T20:51:00.000Z,UPI,0,Coimbatore,LOW,SYNTHETIC
TXN-0000728,CASE-00088,ACC-00101,ACC-00280,10482,2026-01-04T03:48:00.000Z,IMPS,0,Coimbatore,LOW,SYNTHETIC
TXN-0000729,CASE-00088,ACC-00102,ACC-00281,6042,2026-01-04T06:45:00.000Z,NEFT,0,Coimbatore,LOW,SYNTHETIC
TXN-0000730,CASE-00088,ACC-00103,ACC-00282,6707,2026-01-03T21:42:00.000Z,IMPS,0,Coimbatore,LOW,SYNTHETIC
TXN-0000731,CASE-00089,ACC-00114,ACC-00295,2277,2026-01-04T01:00:00.000Z,UPI,0,Pune,LOW,SYNTHETIC
TXN-0000732,CASE-00089,ACC-00115,ACC-00296,8190,2026-01-04T15:57:00.000Z,TRANSFER,0,Pune,LOW,SYNTHETIC
TXN-0000733,CASE-00089,ACC-00116,ACC-00297,12127,2026-01-04T02:54:00.000Z,IMPS,0,Pune,LOW,SYNTHETIC
TXN-0000734,CASE-00089,ACC-00117,ACC-00298,7751,2026-01-04T14:51:00.000Z,IMPS,0,Pune,LOW,SYNTHETIC
TXN-0000735,CASE-00089,ACC-00118,ACC-00299,14390,2026-01-04T06:48:00.000Z,IMPS,0,Pune,LOW,SYNTHETIC
TXN-0000736,CASE-00089,ACC-00119,ACC-00300,15262,2026-01-04T14:45:00.000Z,IMPS,0,Pune,LOW,SYNTHETIC
TXN-0000737,CASE-00089,ACC-00120,ACC-00301,11727,2026-01-03T21:42:00.000Z,IMPS,0,Pune,LOW,SYNTHETIC
TXN-0000738,CASE-00090,ACC-00131,ACC-00314,2897,2026-01-04T06:00:00.000Z,TRANSFER,0,Vijayawada,LOW,SYNTHETIC
TXN-0000739,CASE-00090,ACC-00132,ACC-00315,20052,2026-01-04T06:57:00.000Z,UPI,0,Vijayawada,LOW,SYNTHETIC
TXN-0000740,CASE-00090,ACC-00133,ACC-00316,1545,2026-01-04T00:54:00.000Z,NEFT,0,Vijayawada,LOW,SYNTHETIC
TXN-0000741,CASE-00090,ACC-00134,ACC-00317,7266,2026-01-03T22:51:00.000Z,IMPS,0,Vijayawada,LOW,SYNTHETIC
TXN-0000742,CASE-00090,ACC-00135,ACC-00318,14886,2026-01-03T22:48:00.000Z,IMPS,0,Vijayawada,LOW,SYNTHETIC
TXN-0000743,CASE-00090,ACC-00136,ACC-00319,6359,2026-01-04T07:45:00.000Z,IMPS,0,Vijayawada,LOW,SYNTHETIC
TXN-0000744,CASE-00091,ACC-00148,ACC-00333,5994,2026-01-04T18:00:00.000Z,IMPS,0,Chennai,LOW,SYNTHETIC
TXN-0000745,CASE-00091,ACC-00149,ACC-00334,3915,2026-01-04T03:57:00.000Z,NEFT,0,Chennai,LOW,SYNTHETIC
TXN-0000746,CASE-00091,ACC-00150,ACC-00335,14062,2026-01-03T22:54:00.000Z,TRANSFER,0,Chennai,LOW,SYNTHETIC
TXN-0000747,CASE-00091,ACC-00151,ACC-00336,6358,2026-01-04T10:51:00.000Z,IMPS,0,Chennai,LOW,SYNTHETIC
TXN-0000748,CASE-00091,ACC-00152,ACC-00337,9004,2026-01-04T17:48:00.000Z,UPI,0,Chennai,LOW,SYNTHETIC
TXN-0000749,CASE-00091,ACC-00153,ACC-00338,8245,2026-01-04T08:45:00.000Z,NEFT,0,Chennai,LOW,SYNTHETIC
TXN-0000750,CASE-00091,ACC-00154,ACC-00339,12742,2026-01-04T02:42:00.000Z,UPI,0,Chennai,LOW,SYNTHETIC
TXN-0000751,CASE-00091,ACC-00155,ACC-00340,4278,2026-01-04T07:39:00.000Z,TRANSFER,0,Chennai,LOW,SYNTHETIC
TXN-0000752,CASE-00091,ACC-00156,ACC-00341,1370,2026-01-04T04:36:00.000Z,UPI,0,Chennai,LOW,SYNTHETIC
TXN-0000753,CASE-00092,ACC-00165,ACC-00352,13747,2026-01-04T17:00:00.000Z,UPI,0,Bengaluru,LOW,SYNTHETIC
TXN-0000754,CASE-00092,ACC-00166,ACC-00353,654,2026-01-04T05:57:00.000Z,UPI,0,Bengaluru,LOW,SYNTHETIC
TXN-0000755,CASE-00092,ACC-00167,ACC-00354,12087,2026-01-04T17:54:00.000Z,IMPS,0,Bengaluru,LOW,SYNTHETIC
TXN-0000756,CASE-00092,ACC-00168,ACC-00355,18938,2026-01-04T03:51:00.000Z,NEFT,0,Bengaluru,LOW,SYNTHETIC
TXN-0000757,CASE-00092,ACC-00169,ACC-00356,17617,2026-01-04T16:48:00.000Z,IMPS,0,Bengaluru,LOW,SYNTHETIC
TXN-0000758,CASE-00092,ACC-00170,ACC-00357,6645,2026-01-04T09:45:00.000Z,UPI,0,Bengaluru,LOW,SYNTHETIC
TXN-0000759,CASE-00092,ACC-00171,ACC-00358,8218,2026-01-04T18:42:00.000Z,IMPS,0,Bengaluru,LOW,SYNTHETIC
TXN-0000760,CASE-00092,ACC-00172,ACC-00359,7256,2026-01-04T09:39:00.000Z,TRANSFER,0,Bengaluru,LOW,SYNTHETIC
TXN-0000761,CASE-00092,ACC-00173,ACC-00360,19218,2026-01-04T11:36:00.000Z,UPI,0,Bengaluru,LOW,SYNTHETIC
TXN-0000762,CASE-00093,ACC-00182,ACC-00371,13294,2026-01-04T14:00:00.000Z,NEFT,0,Hyderabad,LOW,SYNTHETIC
TXN-0000763,CASE-00093,ACC-00183,ACC-00372,14209,2026-01-04T09:57:00.000Z,TRANSFER,0,Hyderabad,LOW,SYNTHETIC
TXN-0000764,CASE-00093,ACC-00184,ACC-00373,8883,2026-01-04T02:54:00.000Z,UPI,0,Hyderabad,LOW,SYNTHETIC
TXN-0000765,CASE-00093,ACC-00185,ACC-00374,17023,2026-01-04T08:51:00.000Z,NEFT,0,Hyderabad,LOW,SYNTHETIC
TXN-0000766,CASE-00093,ACC-00186,ACC-00375,11592,2026-01-04T17:48:00.000Z,UPI,0,Hyderabad,LOW,SYNTHETIC
TXN-0000767,CASE-00093,ACC-00187,ACC-00376,19400,2026-01-04T14:45:00.000Z,IMPS,0,Hyderabad,LOW,SYNTHETIC
TXN-0000768,CASE-00093,ACC-00188,ACC-00377,19343,2026-01-04T03:42:00.000Z,TRANSFER,0,Hyderabad,LOW,SYNTHETIC
TXN-0000769,CASE-00093,ACC-00189,ACC-00378,2750,2026-01-04T06:39:00.000Z,TRANSFER,0,Hyderabad,LOW,SYNTHETIC
TXN-0000770,CASE-00093,ACC-00190,ACC-00379,14071,2026-01-04T11:36:00.000Z,UPI,0,Hyderabad,LOW,SYNTHETIC
TXN-0000771,CASE-00094,ACC-00199,ACC-00390,19157,2026-01-04T07:00:00.000Z,NEFT,0,Coimbatore,LOW,SYNTHETIC
TXN-0000772,CASE-00094,ACC-00200,ACC-00391,5193,2026-01-04T12:57:00.000Z,UPI,0,Coimbatore,LOW,SYNTHETIC
TXN-0000773,CASE-00094,ACC-00201,ACC-00392,11954,2026-01-04T19:54:00.000Z,TRANSFER,0,Coimbatore,LOW,SYNTHETIC
TXN-0000774,CASE-00094,ACC-00202,ACC-00393,5912,2026-01-04T20:51:00.000Z,IMPS,0,Coimbatore,LOW,SYNTHETIC
TXN-0000775,CASE-00094,ACC-00203,ACC-00394,20544,2026-01-04T15:48:00.000Z,IMPS,0,Coimbatore,LOW,SYNTHETIC
TXN-0000776,CASE-00094,ACC-00204,ACC-00395,11376,2026-01-04T19:45:00.000Z,TRANSFER,0,Coimbatore,LOW,SYNTHETIC
TXN-0000777,CASE-00094,ACC-00205,ACC-00396,820,2026-01-04T10:42:00.000Z,UPI,0,Coimbatore,LOW,SYNTHETIC
TXN-0000778,CASE-00094,ACC-00206,ACC-00397,2322,2026-01-04T20:39:00.000Z,IMPS,0,Coimbatore,LOW,SYNTHETIC
TXN-0000779,CASE-00094,ACC-00189,ACC-01230,10636,2026-01-05T08:00:00.000Z,IMPS,1,Coimbatore,MEDIUM,SYNTHETIC
TXN-0000780,CASE-00095,ACC-00216,ACC-00409,21905,2026-01-04T12:00:00.000Z,UPI,0,Pune,LOW,SYNTHETIC
TXN-0000781,CASE-00095,ACC-00217,ACC-00410,21126,2026-01-04T20:57:00.000Z,IMPS,0,Pune,LOW,SYNTHETIC
TXN-0000782,CASE-00095,ACC-00218,ACC-00411,1491,2026-01-04T13:54:00.000Z,TRANSFER,0,Pune,LOW,SYNTHETIC
TXN-0000783,CASE-00095,ACC-00219,ACC-00412,948,2026-01-04T16:51:00.000Z,NEFT,0,Pune,LOW,SYNTHETIC
TXN-0000784,CASE-00095,ACC-00220,ACC-00413,15024,2026-01-04T19:48:00.000Z,UPI,0,Pune,LOW,SYNTHETIC
TXN-0000785,CASE-00095,ACC-00221,ACC-00414,7655,2026-01-04T16:45:00.000Z,NEFT,0,Pune,LOW,SYNTHETIC
TXN-0000786,CASE-00095,ACC-00222,ACC-00415,6046,2026-01-04T15:42:00.000Z,NEFT,0,Pune,LOW,SYNTHETIC
TXN-0000787,CASE-00095,ACC-00223,ACC-00416,4119,2026-01-04T10:39:00.000Z,UPI,0,Pune,LOW,SYNTHETIC
TXN-0000788,CASE-00095,ACC-00224,ACC-00417,3498,2026-01-04T09:36:00.000Z,UPI,0,Pune,LOW,SYNTHETIC
TXN-0000789,CASE-00095,ACC-00191,ACC-01243,92028,2026-01-04T23:36:00.000Z,IMPS,1,Pune,HIGH,SYNTHETIC
TXN-0000790,CASE-00096,ACC-00233,ACC-00428,19509,2026-01-04T10:00:00.000Z,UPI,0,Vijayawada,LOW,SYNTHETIC
TXN-0000791,CASE-00096,ACC-00234,ACC-00429,5266,2026-01-04T05:57:00.000Z,IMPS,0,Vijayawada,LOW,SYNTHETIC
TXN-0000792,CASE-00096,ACC-00235,ACC-00430,2849,2026-01-04T07:54:00.000Z,UPI,0,Vijayawada,LOW,SYNTHETIC
TXN-0000793,CASE-00096,ACC-00236,ACC-00431,4710,2026-01-04T18:51:00.000Z,UPI,0,Vijayawada,LOW,SYNTHETIC
TXN-0000794,CASE-00096,ACC-00237,ACC-00432,17017,2026-01-04T22:48:00.000Z,UPI,0,Vijayawada,LOW,SYNTHETIC
TXN-0000795,CASE-00096,ACC-00238,ACC-00433,18287,2026-01-04T11:45:00.000Z,NEFT,0,Vijayawada,LOW,SYNTHETIC
TXN-0000796,CASE-00096,ACC-00239,ACC-00434,4265,2026-01-04T11:42:00.000Z,IMPS,0,Vijayawada,LOW,SYNTHETIC
TXN-0000797,CASE-00096,ACC-00240,ACC-00435,8861,2026-01-04T15:39:00.000Z,IMPS,0,Vijayawada,LOW,SYNTHETIC
TXN-0000798,CASE-00096,ACC-00241,ACC-00436,9410,2026-01-04T13:36:00.000Z,IMPS,0,Vijayawada,LOW,SYNTHETIC
TXN-0000799,CASE-00096,ACC-00242,ACC-00437,1240,2026-01-04T21:33:00.000Z,IMPS,0,Vijayawada,LOW,SYNTHETIC
TXN-0000800,CASE-00097,ACC-00250,ACC-00447,14781,2026-01-04T21:00:00.000Z,NEFT,0,Chennai,LOW,SYNTHETIC
TXN-0000801,CASE-00097,ACC-00251,ACC-00448,3505,2026-01-04T14:57:00.000Z,IMPS,0,Chennai,LOW,SYNTHETIC
TXN-0000802,CASE-00097,ACC-00252,ACC-00449,2464,2026-01-04T14:54:00.000Z,TRANSFER,0,Chennai,LOW,SYNTHETIC
TXN-0000803,CASE-00097,ACC-00253,ACC-00450,13362,2026-01-04T23:51:00.000Z,TRANSFER,0,Chennai,LOW,SYNTHETIC
TXN-0000804,CASE-00097,ACC-00254,ACC-00451,15921,2026-01-04T11:48:00.000Z,IMPS,0,Chennai,LOW,SYNTHETIC
TXN-0000805,CASE-00097,ACC-00255,ACC-00452,4498,2026-01-04T04:45:00.000Z,TRANSFER,0,Chennai,LOW,SYNTHETIC
TXN-0000806,CASE-00098,ACC-00267,ACC-00466,17996,2026-01-04T10:00:00.000Z,UPI,0,Bengaluru,LOW,SYNTHETIC
TXN-0000807,CASE-00098,ACC-00268,ACC-00467,19860,2026-01-04T10:57:00.000Z,UPI,0,Bengaluru,LOW,SYNTHETIC
TXN-0000808,CASE-00098,ACC-00269,ACC-00468,6869,2026-01-04T06:54:00.000Z,UPI,0,Bengaluru,LOW,SYNTHETIC
TXN-0000809,CASE-00098,ACC-00270,ACC-00469,13617,2026-01-04T13:51:00.000Z,UPI,0,Bengaluru,LOW,SYNTHETIC
TXN-0000810,CASE-00098,ACC-00271,ACC-00470,20019,2026-01-04T06:48:00.000Z,UPI,0,Bengaluru,LOW,SYNTHETIC
TXN-0000811,CASE-00098,ACC-00272,ACC-00471,16783,2026-01-05T00:45:00.000Z,IMPS,0,Bengaluru,LOW,SYNTHETIC
TXN-0000812,CASE-00098,ACC-00273,ACC-00472,2808,2026-01-04T07:42:00.000Z,NEFT,0,Bengaluru,LOW,SYNTHETIC
TXN-0000813,CASE-00098,ACC-00274,ACC-00473,14517,2026-01-04T08:39:00.000Z,NEFT,0,Bengaluru,LOW,SYNTHETIC
TXN-0000814,CASE-00098,ACC-00275,ACC-00474,12348,2026-01-04T05:36:00.000Z,IMPS,0,Bengaluru,LOW,SYNTHETIC
TXN-0000815,CASE-00098,ACC-00276,ACC-00475,2187,2026-01-04T15:33:00.000Z,NEFT,0,Bengaluru,LOW,SYNTHETIC
TXN-0000816,CASE-00098,ACC-00197,ACC-01282,65566,2026-01-05T03:31:00.000Z,NEFT,1,Bengaluru,MEDIUM,SYNTHETIC
TXN-0000817,CASE-00099,ACC-00284,ACC-00485,18833,2026-01-04T09:00:00.000Z,IMPS,0,Hyderabad,LOW,SYNTHETIC
TXN-0000818,CASE-00099,ACC-00285,ACC-00486,21455,2026-01-04T16:57:00.000Z,UPI,0,Hyderabad,LOW,SYNTHETIC
TXN-0000819,CASE-00099,ACC-00286,ACC-00487,4013,2026-01-04T18:54:00.000Z,NEFT,0,Hyderabad,LOW,SYNTHETIC
TXN-0000820,CASE-00099,ACC-00287,ACC-00488,11669,2026-01-04T20:51:00.000Z,NEFT,0,Hyderabad,LOW,SYNTHETIC
TXN-0000821,CASE-00099,ACC-00288,ACC-00489,9632,2026-01-04T10:48:00.000Z,UPI,0,Hyderabad,LOW,SYNTHETIC
TXN-0000822,CASE-00099,ACC-00289,ACC-00490,20186,2026-01-04T11:45:00.000Z,TRANSFER,0,Hyderabad,LOW,SYNTHETIC
TXN-0000823,CASE-00099,ACC-00290,ACC-00491,4845,2026-01-04T09:42:00.000Z,NEFT,0,Hyderabad,LOW,SYNTHETIC
TXN-0000824,CASE-00099,ACC-00291,ACC-00492,19684,2026-01-05T00:39:00.000Z,NEFT,0,Hyderabad,LOW,SYNTHETIC
TXN-0000825,CASE-00099,ACC-00292,ACC-00493,13620,2026-01-04T16:36:00.000Z,TRANSFER,0,Hyderabad,LOW,SYNTHETIC
TXN-0000826,CASE-00099,ACC-00199,ACC-01295,51812,2026-01-05T16:00:00.000Z,IMPS,1,Hyderabad,MEDIUM,SYNTHETIC
TXN-0000827,CASE-00100,ACC-00301,ACC-00504,17030,2026-01-04T14:00:00.000Z,NEFT,0,Coimbatore,LOW,SYNTHETIC
TXN-0000828,CASE-00100,ACC-00302,ACC-00505,5930,2026-01-05T01:57:00.000Z,TRANSFER,0,Coimbatore,LOW,SYNTHETIC
TXN-0000829,CASE-00100,ACC-00303,ACC-00506,3596,2026-01-04T07:54:00.000Z,UPI,0,Coimbatore,LOW,SYNTHETIC
TXN-0000830,CASE-00100,ACC-00304,ACC-00507,2945,2026-01-04T22:51:00.000Z,TRANSFER,0,Coimbatore,LOW,SYNTHETIC
TXN-0000831,CASE-00100,ACC-00305,ACC-00508,20322,2026-01-04T19:48:00.000Z,TRANSFER,0,Coimbatore,LOW,SYNTHETIC
TXN-0000832,CASE-00100,ACC-00306,ACC-00509,17095,2026-01-04T08:45:00.000Z,TRANSFER,0,Coimbatore,LOW,SYNTHETIC
TXN-0000833,CASE-00100,ACC-00307,ACC-00510,9452,2026-01-04T22:42:00.000Z,UPI,0,Coimbatore,LOW,SYNTHETIC
TXN-0000834,CASE-00100,ACC-00308,ACC-00511,19674,2026-01-05T02:39:00.000Z,UPI,0,Coimbatore,LOW,SYNTHETIC
TXN-0000835,CASE-00101,ACC-00318,ACC-00523,4604,2026-01-04T16:00:00.000Z,NEFT,0,Pune,LOW,SYNTHETIC
TXN-0000836,CASE-00101,ACC-00319,ACC-00524,14569,2026-01-05T02:57:00.000Z,IMPS,0,Pune,LOW,SYNTHETIC
TXN-0000837,CASE-00101,ACC-00320,ACC-00525,15006,2026-01-04T22:54:00.000Z,TRANSFER,0,Pune,LOW,SYNTHETIC
TXN-0000838,CASE-00101,ACC-00321,ACC-00526,10487,2026-01-05T01:51:00.000Z,NEFT,0,Pune,LOW,SYNTHETIC
TXN-0000839,CASE-00101,ACC-00322,ACC-00527,15627,2026-01-04T20:48:00.000Z,UPI,0,Pune,LOW,SYNTHETIC
TXN-0000840,CASE-00101,ACC-00323,ACC-00528,21497,2026-01-04T09:45:00.000Z,UPI,0,Pune,LOW,SYNTHETIC
TXN-0000841,CASE-00101,ACC-00324,ACC-00529,5530,2026-01-05T00:42:00.000Z,NEFT,0,Pune,LOW,SYNTHETIC
TXN-0000842,CASE-00101,ACC-00325,ACC-00530,14137,2026-01-04T19:39:00.000Z,NEFT,0,Pune,LOW,SYNTHETIC
TXN-0000843,CASE-00101,ACC-00326,ACC-00531,12591,2026-01-04T18:36:00.000Z,UPI,0,Pune,LOW,SYNTHETIC
TXN-0000844,CASE-00102,ACC-00335,ACC-00542,3914,2026-01-04T17:00:00.000Z,UPI,0,Vijayawada,LOW,SYNTHETIC
TXN-0000845,CASE-00102,ACC-00336,ACC-00543,16162,2026-01-05T02:57:00.000Z,IMPS,0,Vijayawada,LOW,SYNTHETIC
TXN-0000846,CASE-00102,ACC-00337,ACC-00544,713,2026-01-04T15:54:00.000Z,UPI,0,Vijayawada,LOW,SYNTHETIC
TXN-0000847,CASE-00102,ACC-00338,ACC-00545,6890,2026-01-04T23:51:00.000Z,NEFT,0,Vijayawada,LOW,SYNTHETIC
TXN-0000848,CASE-00102,ACC-00339,ACC-00546,7693,2026-01-04T09:48:00.000Z,TRANSFER,0,Vijayawada,LOW,SYNTHETIC
TXN-0000849,CASE-00102,ACC-00340,ACC-00547,4707,2026-01-04T10:45:00.000Z,NEFT,0,Vijayawada,LOW,SYNTHETIC
TXN-0000850,CASE-00102,ACC-00341,ACC-00548,18949,2026-01-04T14:42:00.000Z,TRANSFER,0,Vijayawada,LOW,SYNTHETIC
TXN-0000851,CASE-00102,ACC-00342,ACC-00549,9400,2026-01-04T14:39:00.000Z,TRANSFER,0,Vijayawada,LOW,SYNTHETIC
TXN-0000852,CASE-00102,ACC-00343,ACC-00550,20541,2026-01-04T20:36:00.000Z,NEFT,0,Vijayawada,LOW,SYNTHETIC
TXN-0000853,CASE-00102,ACC-00205,ACC-01334,43720,2026-01-05T07:00:00.000Z,UPI,1,Vijayawada,MEDIUM,SYNTHETIC
TXN-0000854,CASE-00102,ACC-01334,ACC-01335,39848,2026-01-05T09:23:00.000Z,TRANSFER,1,Vijayawada,MEDIUM,SYNTHETIC
TXN-0000855,CASE-00103,ACC-00352,ACC-00561,10326,2026-01-04T23:00:00.000Z,IMPS,0,Chennai,LOW,SYNTHETIC
TXN-0000856,CASE-00103,ACC-00353,ACC-00562,13411,2026-01-05T00:57:00.000Z,NEFT,0,Chennai,LOW,SYNTHETIC
TXN-0000857,CASE-00103,ACC-00354,ACC-00563,16610,2026-01-05T04:54:00.000Z,IMPS,0,Chennai,LOW,SYNTHETIC
TXN-0000858,CASE-00103,ACC-00355,ACC-00564,5420,2026-01-04T18:51:00.000Z,NEFT,0,Chennai,LOW,SYNTHETIC
TXN-0000859,CASE-00103,ACC-00356,ACC-00565,7791,2026-01-04T13:48:00.000Z,IMPS,0,Chennai,LOW,SYNTHETIC
TXN-0000860,CASE-00103,ACC-00357,ACC-00566,1554,2026-01-04T17:45:00.000Z,UPI,0,Chennai,LOW,SYNTHETIC
TXN-0000861,CASE-00103,ACC-00358,ACC-00567,4624,2026-01-05T03:42:00.000Z,NEFT,0,Chennai,LOW,SYNTHETIC
TXN-0000862,CASE-00103,ACC-00359,ACC-00568,9196,2026-01-04T19:39:00.000Z,UPI,0,Chennai,LOW,SYNTHETIC
TXN-0000863,CASE-00104,ACC-00369,ACC-00580,8165,2026-01-05T04:00:00.000Z,TRANSFER,0,Bengaluru,LOW,SYNTHETIC
TXN-0000864,CASE-00104,ACC-00370,ACC-00581,1613,2026-01-04T21:57:00.000Z,NEFT,0,Bengaluru,LOW,SYNTHETIC
TXN-0000865,CASE-00104,ACC-00371,ACC-00582,13425,2026-01-04T16:54:00.000Z,UPI,0,Bengaluru,LOW,SYNTHETIC
TXN-0000866,CASE-00104,ACC-00372,ACC-00583,15071,2026-01-05T05:51:00.000Z,IMPS,0,Bengaluru,LOW,SYNTHETIC
TXN-0000867,CASE-00104,ACC-00373,ACC-00584,21443,2026-01-04T18:48:00.000Z,UPI,0,Bengaluru,LOW,SYNTHETIC
TXN-0000868,CASE-00104,ACC-00374,ACC-00585,2548,2026-01-04T15:45:00.000Z,NEFT,0,Bengaluru,LOW,SYNTHETIC
TXN-0000869,CASE-00104,ACC-00375,ACC-00586,6565,2026-01-04T20:42:00.000Z,NEFT,0,Bengaluru,LOW,SYNTHETIC
TXN-0000870,CASE-00104,ACC-00376,ACC-00587,6830,2026-01-05T04:39:00.000Z,UPI,0,Bengaluru,LOW,SYNTHETIC
TXN-0000871,CASE-00104,ACC-00377,ACC-00588,18075,2026-01-04T18:36:00.000Z,IMPS,0,Bengaluru,LOW,SYNTHETIC
TXN-0000872,CASE-00105,ACC-00386,ACC-00599,4210,2026-01-05T06:00:00.000Z,NEFT,0,Hyderabad,LOW,SYNTHETIC
TXN-0000873,CASE-00105,ACC-00387,ACC-00600,4743,2026-01-04T19:57:00.000Z,IMPS,0,Hyderabad,LOW,SYNTHETIC
TXN-0000874,CASE-00105,ACC-00388,ACC-00601,10175,2026-01-05T00:54:00.000Z,TRANSFER,0,Hyderabad,LOW,SYNTHETIC
TXN-0000875,CASE-00105,ACC-00389,ACC-00602,21016,2026-01-04T17:51:00.000Z,NEFT,0,Hyderabad,LOW,SYNTHETIC
TXN-0000876,CASE-00105,ACC-00390,ACC-00603,7314,2026-01-05T01:48:00.000Z,IMPS,0,Hyderabad,LOW,SYNTHETIC
TXN-0000877,CASE-00105,ACC-00391,ACC-00604,4904,2026-01-04T17:45:00.000Z,NEFT,0,Hyderabad,LOW,SYNTHETIC
TXN-0000878,CASE-00105,ACC-00392,ACC-00605,9931,2026-01-05T07:42:00.000Z,NEFT,0,Hyderabad,LOW,SYNTHETIC
TXN-0000879,CASE-00105,ACC-00393,ACC-00606,16690,2026-01-04T22:39:00.000Z,IMPS,0,Hyderabad,LOW,SYNTHETIC
TXN-0000880,CASE-00105,ACC-00394,ACC-00607,17466,2026-01-04T23:36:00.000Z,TRANSFER,0,Hyderabad,LOW,SYNTHETIC
TXN-0000881,CASE-00106,ACC-00403,ACC-00618,12284,2026-01-04T19:00:00.000Z,TRANSFER,0,Coimbatore,LOW,SYNTHETIC
TXN-0000882,CASE-00106,ACC-00404,ACC-00619,704,2026-01-04T16:57:00.000Z,UPI,0,Coimbatore,LOW,SYNTHETIC
TXN-0000883,CASE-00106,ACC-00405,ACC-00620,20452,2026-01-05T07:54:00.000Z,NEFT,0,Coimbatore,LOW,SYNTHETIC
TXN-0000884,CASE-00106,ACC-00406,ACC-00621,4177,2026-01-04T16:51:00.000Z,IMPS,0,Coimbatore,LOW,SYNTHETIC
TXN-0000885,CASE-00106,ACC-00407,ACC-00622,18993,2026-01-04T18:48:00.000Z,IMPS,0,Coimbatore,LOW,SYNTHETIC
TXN-0000886,CASE-00106,ACC-00408,ACC-00623,7688,2026-01-04T23:45:00.000Z,TRANSFER,0,Coimbatore,LOW,SYNTHETIC
TXN-0000887,CASE-00106,ACC-00409,ACC-00624,14390,2026-01-05T07:42:00.000Z,UPI,0,Coimbatore,LOW,SYNTHETIC
TXN-0000888,CASE-00106,ACC-00410,ACC-00625,20062,2026-01-04T18:39:00.000Z,IMPS,0,Coimbatore,LOW,SYNTHETIC
TXN-0000889,CASE-00106,ACC-00411,ACC-00626,16289,2026-01-05T01:36:00.000Z,UPI,0,Coimbatore,LOW,SYNTHETIC
TXN-0000890,CASE-00106,ACC-00213,ACC-01386,19988,2026-01-05T10:18:00.000Z,NEFT,1,Coimbatore,MEDIUM,SYNTHETIC
TXN-0000891,CASE-00107,ACC-00420,ACC-00637,14989,2026-01-04T15:00:00.000Z,UPI,0,Pune,LOW,SYNTHETIC
TXN-0000892,CASE-00107,ACC-00421,ACC-00638,7084,2026-01-04T17:57:00.000Z,TRANSFER,0,Pune,LOW,SYNTHETIC
TXN-0000893,CASE-00107,ACC-00422,ACC-00639,5914,2026-01-05T01:54:00.000Z,TRANSFER,0,Pune,LOW,SYNTHETIC
TXN-0000894,CASE-00107,ACC-00423,ACC-00640,14481,2026-01-05T09:51:00.000Z,IMPS,0,Pune,LOW,SYNTHETIC
TXN-0000895,CASE-00107,ACC-00424,ACC-00641,10510,2026-01-04T23:48:00.000Z,UPI,0,Pune,LOW,SYNTHETIC
TXN-0000896,CASE-00107,ACC-00425,ACC-00642,7362,2026-01-05T08:45:00.000Z,NEFT,0,Pune,LOW,SYNTHETIC
TXN-0000897,CASE-00107,ACC-00426,ACC-00643,3652,2026-01-05T06:42:00.000Z,NEFT,0,Pune,LOW,SYNTHETIC
TXN-0000898,CASE-00107,ACC-00427,ACC-00644,8202,2026-01-05T04:39:00.000Z,UPI,0,Pune,LOW,SYNTHETIC
TXN-0000899,CASE-00107,ACC-00428,ACC-00645,14830,2026-01-05T09:36:00.000Z,UPI,0,Pune,LOW,SYNTHETIC
TXN-0000900,CASE-00107,ACC-00215,ACC-01399,92565,2026-01-05T11:33:00.000Z,NEFT,1,Pune,HIGH,SYNTHETIC
TXN-0000901,CASE-00107,ACC-01399,ACC-01400,83857,2026-01-05T13:10:00.000Z,NEFT,1,Pune,HIGH,SYNTHETIC
TXN-0000902,CASE-00108,ACC-00437,ACC-00656,9337,2026-01-05T00:00:00.000Z,NEFT,0,Vijayawada,LOW,SYNTHETIC
TXN-0000903,CASE-00108,ACC-00438,ACC-00657,2179,2026-01-04T16:57:00.000Z,NEFT,0,Vijayawada,LOW,SYNTHETIC
TXN-0000904,CASE-00108,ACC-00439,ACC-00658,3431,2026-01-05T02:54:00.000Z,IMPS,0,Vijayawada,LOW,SYNTHETIC
TXN-0000905,CASE-00108,ACC-00440,ACC-00659,10052,2026-01-05T10:51:00.000Z,IMPS,0,Vijayawada,LOW,SYNTHETIC
TXN-0000906,CASE-00108,ACC-00441,ACC-00660,14701,2026-01-04T21:48:00.000Z,TRANSFER,0,Vijayawada,LOW,SYNTHETIC
TXN-0000907,CASE-00108,ACC-00442,ACC-00661,6528,2026-01-04T20:45:00.000Z,IMPS,0,Vijayawada,LOW,SYNTHETIC
TXN-0000908,CASE-00108,ACC-00443,ACC-00662,17625,2026-01-04T16:42:00.000Z,UPI,0,Vijayawada,LOW,SYNTHETIC
TXN-0000909,CASE-00108,ACC-00444,ACC-00663,12407,2026-01-04T16:39:00.000Z,NEFT,0,Vijayawada,LOW,SYNTHETIC
TXN-0000910,CASE-00108,ACC-00217,ACC-00012,45422,2026-01-05T12:20:00.000Z,TRANSFER,1,Vijayawada,MEDIUM,SYNTHETIC
TXN-0000911,CASE-00109,ACC-00454,ACC-00675,9654,2026-01-04T20:00:00.000Z,NEFT,0,Chennai,LOW,SYNTHETIC
TXN-0000912,CASE-00109,ACC-00455,ACC-00676,16437,2026-01-05T01:57:00.000Z,IMPS,0,Chennai,LOW,SYNTHETIC
TXN-0000913,CASE-00109,ACC-00456,ACC-00677,3032,2026-01-05T09:54:00.000Z,TRANSFER,0,Chennai,LOW,SYNTHETIC
TXN-0000914,CASE-00109,ACC-00457,ACC-00678,15347,2026-01-05T08:51:00.000Z,IMPS,0,Chennai,LOW,SYNTHETIC
TXN-0000915,CASE-00109,ACC-00458,ACC-00679,5594,2026-01-05T07:48:00.000Z,TRANSFER,0,Chennai,LOW,SYNTHETIC
TXN-0000916,CASE-00109,ACC-00459,ACC-00680,20780,2026-01-05T11:45:00.000Z,IMPS,0,Chennai,LOW,SYNTHETIC
TXN-0000917,CASE-00109,ACC-00460,ACC-00681,849,2026-01-04T22:42:00.000Z,IMPS,0,Chennai,LOW,SYNTHETIC
TXN-0000918,CASE-00109,ACC-00461,ACC-00682,11070,2026-01-04T16:39:00.000Z,TRANSFER,0,Chennai,LOW,SYNTHETIC
TXN-0000919,CASE-00109,ACC-00462,ACC-00683,9095,2026-01-05T05:36:00.000Z,NEFT,0,Chennai,LOW,SYNTHETIC
TXN-0000920,CASE-00109,ACC-00463,ACC-00684,5212,2026-01-04T22:33:00.000Z,UPI,0,Chennai,LOW,SYNTHETIC
TXN-0000921,CASE-00109,ACC-00219,ACC-00025,59066,2026-01-06T19:00:00.000Z,UPI,1,Chennai,MEDIUM,SYNTHETIC
TXN-0000922,CASE-00110,ACC-00471,ACC-00694,2773,2026-01-05T10:00:00.000Z,IMPS,0,Bengaluru,LOW,SYNTHETIC
TXN-0000923,CASE-00110,ACC-00472,ACC-00695,8442,2026-01-04T17:57:00.000Z,IMPS,0,Bengaluru,LOW,SYNTHETIC
TXN-0000924,CASE-00110,ACC-00473,ACC-00696,11371,2026-01-05T12:54:00.000Z,IMPS,0,Bengaluru,LOW,SYNTHETIC
TXN-0000925,CASE-00110,ACC-00474,ACC-00697,9093,2026-01-04T20:51:00.000Z,TRANSFER,0,Bengaluru,LOW,SYNTHETIC
TXN-0000926,CASE-00110,ACC-00475,ACC-00698,6656,2026-01-04T18:48:00.000Z,UPI,0,Bengaluru,LOW,SYNTHETIC
TXN-0000927,CASE-00110,ACC-00476,ACC-00699,21957,2026-01-05T00:45:00.000Z,UPI,0,Bengaluru,LOW,SYNTHETIC
TXN-0000928,CASE-00110,ACC-00477,ACC-00700,13014,2026-01-04T19:42:00.000Z,IMPS,0,Bengaluru,LOW,SYNTHETIC
TXN-0000929,CASE-00110,ACC-00478,ACC-00701,20765,2026-01-05T04:39:00.000Z,TRANSFER,0,Bengaluru,LOW,SYNTHETIC
TXN-0000930,CASE-00110,ACC-00479,ACC-00702,17478,2026-01-05T11:36:00.000Z,NEFT,0,Bengaluru,LOW,SYNTHETIC
TXN-0000931,CASE-00111,ACC-00488,ACC-00713,20934,2026-01-04T21:00:00.000Z,TRANSFER,0,Hyderabad,LOW,SYNTHETIC
TXN-0000932,CASE-00111,ACC-00489,ACC-00714,3680,2026-01-05T07:57:00.000Z,TRANSFER,0,Hyderabad,LOW,SYNTHETIC
TXN-0000933,CASE-00111,ACC-00490,ACC-00715,8187,2026-01-05T05:54:00.000Z,TRANSFER,0,Hyderabad,LOW,SYNTHETIC
TXN-0000934,CASE-00111,ACC-00491,ACC-00716,10316,2026-01-05T12:51:00.000Z,TRANSFER,0,Hyderabad,LOW,SYNTHETIC
TXN-0000935,CASE-00111,ACC-00492,ACC-00717,10706,2026-01-04T20:48:00.000Z,TRANSFER,0,Hyderabad,LOW,SYNTHETIC
TXN-0000936,CASE-00111,ACC-00493,ACC-00718,6527,2026-01-04T23:45:00.000Z,TRANSFER,0,Hyderabad,LOW,SYNTHETIC
TXN-0000937,CASE-00111,ACC-00494,ACC-00719,6615,2026-01-04T23:42:00.000Z,UPI,0,Hyderabad,LOW,SYNTHETIC
TXN-0000938,CASE-00111,ACC-00495,ACC-00720,17284,2026-01-05T13:39:00.000Z,TRANSFER,0,Hyderabad,LOW,SYNTHETIC
TXN-0000939,CASE-00111,ACC-00496,ACC-00721,9704,2026-01-04T19:36:00.000Z,UPI,0,Hyderabad,LOW,SYNTHETIC
TXN-0000940,CASE-00111,ACC-00223,ACC-00051,86628,2026-01-05T15:13:00.000Z,NEFT,1,Hyderabad,HIGH,SYNTHETIC
TXN-0000941,CASE-00112,ACC-00505,ACC-00732,8759,2026-01-04T22:00:00.000Z,NEFT,0,Coimbatore,LOW,SYNTHETIC
TXN-0000942,CASE-00112,ACC-00506,ACC-00733,10760,2026-01-05T12:57:00.000Z,TRANSFER,0,Coimbatore,LOW,SYNTHETIC
TXN-0000943,CASE-00112,ACC-00507,ACC-00734,10066,2026-01-04T22:54:00.000Z,NEFT,0,Coimbatore,LOW,SYNTHETIC
TXN-0000944,CASE-00112,ACC-00508,ACC-00735,4966,2026-01-05T11:51:00.000Z,UPI,0,Coimbatore,LOW,SYNTHETIC
TXN-0000945,CASE-00112,ACC-00509,ACC-00736,2566,2026-01-05T09:48:00.000Z,IMPS,0,Coimbatore,LOW,SYNTHETIC
TXN-0000946,CASE-00112,ACC-00510,ACC-00737,12013,2026-01-05T12:45:00.000Z,UPI,0,Coimbatore,LOW,SYNTHETIC
TXN-0000947,CASE-00113,ACC-00522,ACC-00751,10093,2026-01-05T13:00:00.000Z,UPI,0,Pune,LOW,SYNTHETIC
TXN-0000948,CASE-00113,ACC-00523,ACC-00752,3979,2026-01-05T01:57:00.000Z,IMPS,0,Pune,LOW,SYNTHETIC
TXN-0000949,CASE-00113,ACC-00524,ACC-00753,4096,2026-01-04T21:54:00.000Z,IMPS,0,Pune,LOW,SYNTHETIC
TXN-0000950,CASE-00113,ACC-00525,ACC-00754,8727,2026-01-05T14:51:00.000Z,UPI,0,Pune,LOW,SYNTHETIC
TXN-0000951,CASE-00113,ACC-00526,ACC-00755,16915,2026-01-05T13:48:00.000Z,UPI,0,Pune,LOW,SYNTHETIC
TXN-0000952,CASE-00113,ACC-00527,ACC-00756,13121,2026-01-05T12:45:00.000Z,NEFT,0,Pune,LOW,SYNTHETIC
TXN-0000953,CASE-00113,ACC-00528,ACC-00757,13422,2026-01-05T15:42:00.000Z,TRANSFER,0,Pune,LOW,SYNTHETIC
TXN-0000954,CASE-00113,ACC-00529,ACC-00758,7492,2026-01-05T09:39:00.000Z,IMPS,0,Pune,LOW,SYNTHETIC
TXN-0000955,CASE-00114,ACC-00539,ACC-00770,4056,2026-01-05T10:00:00.000Z,NEFT,0,Vijayawada,LOW,SYNTHETIC
TXN-0000956,CASE-00114,ACC-00540,ACC-00771,14848,2026-01-05T13:57:00.000Z,UPI,0,Vijayawada,LOW,SYNTHETIC
TXN-0000957,CASE-00114,ACC-00541,ACC-00772,2030,2026-01-05T00:54:00.000Z,NEFT,0,Vijayawada,LOW,SYNTHETIC
TXN-0000958,CASE-00114,ACC-00542,ACC-00773,3489,2026-01-05T16:51:00.000Z,IMPS,0,Vijayawada,LOW,SYNTHETIC
TXN-0000959,CASE-00114,ACC-00543,ACC-00774,2712,2026-01-05T03:48:00.000Z,NEFT,0,Vijayawada,LOW,SYNTHETIC
TXN-0000960,CASE-00114,ACC-00544,ACC-00775,2520,2026-01-05T02:45:00.000Z,UPI,0,Vijayawada,LOW,SYNTHETIC
TXN-0000961,CASE-00114,ACC-00545,ACC-00776,13635,2026-01-04T21:42:00.000Z,UPI,0,Vijayawada,LOW,SYNTHETIC
TXN-0000962,CASE-00114,ACC-00546,ACC-00777,7812,2026-01-05T10:39:00.000Z,NEFT,0,Vijayawada,LOW,SYNTHETIC
TXN-0000963,CASE-00114,ACC-00547,ACC-00778,11647,2026-01-04T22:36:00.000Z,TRANSFER,0,Vijayawada,LOW,SYNTHETIC
TXN-0000964,CASE-00114,ACC-00548,ACC-00779,20955,2026-01-05T10:33:00.000Z,IMPS,0,Vijayawada,LOW,SYNTHETIC
TXN-0000965,CASE-00114,ACC-00229,ACC-00090,82388,2026-01-06T15:00:00.000Z,TRANSFER,1,Vijayawada,HIGH,SYNTHETIC
TXN-0000966,CASE-00115,ACC-00556,ACC-00789,6287,2026-01-05T14:00:00.000Z,UPI,0,Chennai,LOW,SYNTHETIC
TXN-0000967,CASE-00115,ACC-00557,ACC-00790,21423,2026-01-05T10:57:00.000Z,TRANSFER,0,Chennai,LOW,SYNTHETIC
TXN-0000968,CASE-00115,ACC-00558,ACC-00791,15456,2026-01-05T08:54:00.000Z,UPI,0,Chennai,LOW,SYNTHETIC
TXN-0000969,CASE-00115,ACC-00559,ACC-00792,13181,2026-01-05T05:51:00.000Z,TRANSFER,0,Chennai,LOW,SYNTHETIC
TXN-0000970,CASE-00115,ACC-00560,ACC-00793,8219,2026-01-05T14:48:00.000Z,NEFT,0,Chennai,LOW,SYNTHETIC
TXN-0000971,CASE-00115,ACC-00561,ACC-00794,7934,2026-01-05T05:45:00.000Z,TRANSFER,0,Chennai,LOW,SYNTHETIC
TXN-0000972,CASE-00115,ACC-00562,ACC-00795,9898,2026-01-05T12:42:00.000Z,TRANSFER,0,Chennai,LOW,SYNTHETIC
TXN-0000973,CASE-00116,ACC-00573,ACC-00808,974,2026-01-05T10:00:00.000Z,NEFT,0,Bengaluru,LOW,SYNTHETIC
TXN-0000974,CASE-00116,ACC-00574,ACC-00809,8714,2026-01-05T07:57:00.000Z,IMPS,0,Bengaluru,LOW,SYNTHETIC
TXN-0000975,CASE-00116,ACC-00575,ACC-00810,18687,2026-01-05T06:54:00.000Z,UPI,0,Bengaluru,LOW,SYNTHETIC
TXN-0000976,CASE-00116,ACC-00576,ACC-00811,12966,2026-01-05T17:51:00.000Z,TRANSFER,0,Bengaluru,LOW,SYNTHETIC
TXN-0000977,CASE-00116,ACC-00577,ACC-00812,15522,2026-01-05T12:48:00.000Z,NEFT,0,Bengaluru,LOW,SYNTHETIC
TXN-0000978,CASE-00116,ACC-00578,ACC-00813,9904,2026-01-05T12:45:00.000Z,TRANSFER,0,Bengaluru,LOW,SYNTHETIC
TXN-0000979,CASE-00116,ACC-00579,ACC-00814,6371,2026-01-05T11:42:00.000Z,IMPS,0,Bengaluru,LOW,SYNTHETIC
TXN-0000980,CASE-00116,ACC-00580,ACC-00815,3689,2026-01-05T02:39:00.000Z,TRANSFER,0,Bengaluru,LOW,SYNTHETIC
TXN-0000981,CASE-00116,ACC-00581,ACC-00816,9052,2026-01-05T02:36:00.000Z,IMPS,0,Bengaluru,LOW,SYNTHETIC
TXN-0000982,CASE-00117,ACC-00590,ACC-00827,20906,2026-01-05T19:00:00.000Z,UPI,0,Hyderabad,LOW,SYNTHETIC
TXN-0000983,CASE-00117,ACC-00591,ACC-00828,6412,2026-01-05T05:57:00.000Z,NEFT,0,Hyderabad,LOW,SYNTHETIC
TXN-0000984,CASE-00117,ACC-00592,ACC-00829,21959,2026-01-05T04:54:00.000Z,NEFT,0,Hyderabad,LOW,SYNTHETIC
TXN-0000985,CASE-00117,ACC-00593,ACC-00830,10463,2026-01-05T05:51:00.000Z,IMPS,0,Hyderabad,LOW,SYNTHETIC
TXN-0000986,CASE-00117,ACC-00594,ACC-00831,10669,2026-01-05T19:48:00.000Z,TRANSFER,0,Hyderabad,LOW,SYNTHETIC
TXN-0000987,CASE-00117,ACC-00595,ACC-00832,10755,2026-01-05T00:45:00.000Z,IMPS,0,Hyderabad,LOW,SYNTHETIC
TXN-0000988,CASE-00117,ACC-00596,ACC-00833,12180,2026-01-05T00:42:00.000Z,TRANSFER,0,Hyderabad,LOW,SYNTHETIC
TXN-0000989,CASE-00118,ACC-00607,ACC-00846,4558,2026-01-05T05:00:00.000Z,IMPS,0,Coimbatore,LOW,SYNTHETIC
TXN-0000990,CASE-00118,ACC-00608,ACC-00847,6620,2026-01-05T04:57:00.000Z,IMPS,0,Coimbatore,LOW,SYNTHETIC
TXN-0000991,CASE-00118,ACC-00609,ACC-00848,1874,2026-01-05T18:54:00.000Z,IMPS,0,Coimbatore,LOW,SYNTHETIC
TXN-0000992,CASE-00118,ACC-00610,ACC-00849,7793,2026-01-05T14:51:00.000Z,UPI,0,Coimbatore,LOW,SYNTHETIC
TXN-0000993,CASE-00118,ACC-00611,ACC-00850,10856,2026-01-05T05:48:00.000Z,UPI,0,Coimbatore,LOW,SYNTHETIC
TXN-0000994,CASE-00118,ACC-00612,ACC-00851,20859,2026-01-05T15:45:00.000Z,IMPS,0,Coimbatore,LOW,SYNTHETIC
TXN-0000995,CASE-00118,ACC-00613,ACC-00852,4085,2026-01-05T02:42:00.000Z,NEFT,0,Coimbatore,LOW,SYNTHETIC
TXN-0000996,CASE-00118,ACC-00614,ACC-00853,18156,2026-01-05T12:39:00.000Z,IMPS,0,Coimbatore,LOW,SYNTHETIC
TXN-0000997,CASE-00118,ACC-00615,ACC-00854,4603,2026-01-05T02:36:00.000Z,UPI,0,Coimbatore,LOW,SYNTHETIC
TXN-0000998,CASE-00118,ACC-00237,ACC-00142,16473,2026-01-05T23:03:00.000Z,TRANSFER,1,Coimbatore,MEDIUM,SYNTHETIC
TXN-0000999,CASE-00119,ACC-00624,ACC-00865,15159,2026-01-05T18:00:00.000Z,TRANSFER,0,Pune,LOW,SYNTHETIC
TXN-0001000,CASE-00119,ACC-00625,ACC-00866,12236,2026-01-05T02:57:00.000Z,IMPS,0,Pune,LOW,SYNTHETIC
TXN-0001001,CASE-00119,ACC-00626,ACC-00867,1226,2026-01-05T20:54:00.000Z,TRANSFER,0,Pune,LOW,SYNTHETIC
TXN-0001002,CASE-00119,ACC-00627,ACC-00868,3522,2026-01-05T15:51:00.000Z,UPI,0,Pune,LOW,SYNTHETIC
TXN-0001003,CASE-00119,ACC-00628,ACC-00869,20732,2026-01-05T10:48:00.000Z,NEFT,0,Pune,LOW,SYNTHETIC
TXN-0001004,CASE-00119,ACC-00629,ACC-00870,8348,2026-01-05T13:45:00.000Z,NEFT,0,Pune,LOW,SYNTHETIC
TXN-0001005,CASE-00119,ACC-00630,ACC-00871,3568,2026-01-05T13:42:00.000Z,NEFT,0,Pune,LOW,SYNTHETIC
TXN-0001006,CASE-00119,ACC-00631,ACC-00872,6857,2026-01-05T16:39:00.000Z,TRANSFER,0,Pune,LOW,SYNTHETIC
TXN-0001007,CASE-00120,ACC-00641,ACC-00884,5021,2026-01-05T08:00:00.000Z,UPI,0,Vijayawada,LOW,SYNTHETIC
TXN-0001008,CASE-00120,ACC-00642,ACC-00885,18625,2026-01-05T21:57:00.000Z,IMPS,0,Vijayawada,LOW,SYNTHETIC
TXN-0001009,CASE-00120,ACC-00643,ACC-00886,5634,2026-01-05T18:54:00.000Z,TRANSFER,0,Vijayawada,LOW,SYNTHETIC
TXN-0001010,CASE-00120,ACC-00644,ACC-00887,7773,2026-01-05T06:51:00.000Z,TRANSFER,0,Vijayawada,LOW,SYNTHETIC
TXN-0001011,CASE-00120,ACC-00645,ACC-00888,5753,2026-01-05T11:48:00.000Z,TRANSFER,0,Vijayawada,LOW,SYNTHETIC
TXN-0001012,CASE-00120,ACC-00646,ACC-00889,3529,2026-01-05T10:45:00.000Z,UPI,0,Vijayawada,LOW,SYNTHETIC
TXN-0001013,CASE-00120,ACC-00647,ACC-00890,4813,2026-01-05T05:42:00.000Z,UPI,0,Vijayawada,LOW,SYNTHETIC
TXN-0001014,CASE-00120,ACC-00648,ACC-00891,7945,2026-01-05T14:39:00.000Z,UPI,0,Vijayawada,LOW,SYNTHETIC
TXN-0001015,CASE-00120,ACC-00649,ACC-00892,2305,2026-01-05T08:36:00.000Z,UPI,0,Vijayawada,LOW,SYNTHETIC
TXN-0001016,CASE-00121,ACC-00658,ACC-00903,15656,2026-01-05T18:00:00.000Z,NEFT,0,Chennai,LOW,SYNTHETIC
TXN-0001017,CASE-00121,ACC-00659,ACC-00904,2971,2026-01-05T17:57:00.000Z,IMPS,0,Chennai,LOW,SYNTHETIC
TXN-0001018,CASE-00121,ACC-00660,ACC-00905,16855,2026-01-05T16:54:00.000Z,IMPS,0,Chennai,LOW,SYNTHETIC
TXN-0001019,CASE-00121,ACC-00661,ACC-00906,17427,2026-01-05T16:51:00.000Z,TRANSFER,0,Chennai,LOW,SYNTHETIC
TXN-0001020,CASE-00121,ACC-00662,ACC-00907,14085,2026-01-05T12:48:00.000Z,IMPS,0,Chennai,LOW,SYNTHETIC
TXN-0001021,CASE-00121,ACC-00663,ACC-00908,18616,2026-01-05T20:45:00.000Z,IMPS,0,Chennai,LOW,SYNTHETIC
TXN-0001022,CASE-00121,ACC-00664,ACC-00909,14015,2026-01-05T16:42:00.000Z,UPI,0,Chennai,LOW,SYNTHETIC
TXN-0001023,CASE-00121,ACC-00665,ACC-00910,17848,2026-01-05T16:39:00.000Z,IMPS,0,Chennai,LOW,SYNTHETIC
TXN-0001024,CASE-00122,ACC-00675,ACC-00922,6266,2026-01-05T17:00:00.000Z,IMPS,0,Bengaluru,LOW,SYNTHETIC
TXN-0001025,CASE-00122,ACC-00676,ACC-00923,19582,2026-01-05T09:57:00.000Z,UPI,0,Bengaluru,LOW,SYNTHETIC
TXN-0001026,CASE-00122,ACC-00677,ACC-00924,4713,2026-01-05T15:54:00.000Z,TRANSFER,0,Bengaluru,LOW,SYNTHETIC
TXN-0001027,CASE-00122,ACC-00678,ACC-00925,7785,2026-01-06T00:51:00.000Z,UPI,0,Bengaluru,LOW,SYNTHETIC
TXN-0001028,CASE-00122,ACC-00679,ACC-00926,12271,2026-01-05T10:48:00.000Z,UPI,0,Bengaluru,LOW,SYNTHETIC
TXN-0001029,CASE-00122,ACC-00680,ACC-00927,12288,2026-01-05T15:45:00.000Z,UPI,0,Bengaluru,LOW,SYNTHETIC
TXN-0001030,CASE-00122,ACC-00681,ACC-00928,20266,2026-01-05T05:42:00.000Z,IMPS,0,Bengaluru,LOW,SYNTHETIC
TXN-0001031,CASE-00122,ACC-00245,ACC-00194,81294,2026-01-06T04:00:00.000Z,UPI,1,Bengaluru,HIGH,SYNTHETIC
TXN-0001032,CASE-00122,ACC-00194,ACC-00195,68270,2026-01-06T06:10:00.000Z,NEFT,1,Bengaluru,MEDIUM,SYNTHETIC
TXN-0001033,CASE-00123,ACC-00692,ACC-00941,20304,2026-01-06T01:00:00.000Z,TRANSFER,0,Hyderabad,LOW,SYNTHETIC
TXN-0001034,CASE-00123,ACC-00693,ACC-00942,12280,2026-01-05T14:57:00.000Z,IMPS,0,Hyderabad,LOW,SYNTHETIC
TXN-0001035,CASE-00123,ACC-00694,ACC-00943,3962,2026-01-05T12:54:00.000Z,UPI,0,Hyderabad,LOW,SYNTHETIC
TXN-0001036,CASE-00123,ACC-00695,ACC-00944,18428,2026-01-05T23:51:00.000Z,IMPS,0,Hyderabad,LOW,SYNTHETIC
TXN-0001037,CASE-00123,ACC-00696,ACC-00945,5837,2026-01-05T14:48:00.000Z,NEFT,0,Hyderabad,LOW,SYNTHETIC
TXN-0001038,CASE-00123,ACC-00697,ACC-00946,17078,2026-01-05T19:45:00.000Z,NEFT,0,Hyderabad,LOW,SYNTHETIC
TXN-0001039,CASE-00123,ACC-00698,ACC-00947,8458,2026-01-05T20:42:00.000Z,TRANSFER,0,Hyderabad,LOW,SYNTHETIC
TXN-0001040,CASE-00123,ACC-00699,ACC-00948,11891,2026-01-06T00:39:00.000Z,TRANSFER,0,Hyderabad,LOW,SYNTHETIC
TXN-0001041,CASE-00123,ACC-00700,ACC-00949,20999,2026-01-05T22:36:00.000Z,NEFT,0,Hyderabad,LOW,SYNTHETIC
TXN-0001042,CASE-00124,ACC-00709,ACC-00960,21032,2026-01-06T02:00:00.000Z,NEFT,0,Coimbatore,LOW,SYNTHETIC
TXN-0001043,CASE-00124,ACC-00710,ACC-00961,21699,2026-01-05T19:57:00.000Z,NEFT,0,Coimbatore,LOW,SYNTHETIC
TXN-0001044,CASE-00124,ACC-00711,ACC-00962,931,2026-01-05T23:54:00.000Z,UPI,0,Coimbatore,LOW,SYNTHETIC
TXN-0001045,CASE-00124,ACC-00712,ACC-00963,19290,2026-01-05T21:51:00.000Z,TRANSFER,0,Coimbatore,LOW,SYNTHETIC
TXN-0001046,CASE-00124,ACC-00713,ACC-00964,8282,2026-01-05T09:48:00.000Z,UPI,0,Coimbatore,LOW,SYNTHETIC
TXN-0001047,CASE-00124,ACC-00714,ACC-00965,1225,2026-01-05T08:45:00.000Z,UPI,0,Coimbatore,LOW,SYNTHETIC
TXN-0001048,CASE-00124,ACC-00715,ACC-00966,17403,2026-01-05T10:42:00.000Z,UPI,0,Coimbatore,LOW,SYNTHETIC
TXN-0001049,CASE-00125,ACC-00726,ACC-00979,12505,2026-01-05T20:00:00.000Z,IMPS,0,Pune,LOW,SYNTHETIC
TXN-0001050,CASE-00125,ACC-00727,ACC-00980,16183,2026-01-06T02:57:00.000Z,NEFT,0,Pune,LOW,SYNTHETIC
TXN-0001051,CASE-00125,ACC-00728,ACC-00981,8471,2026-01-05T23:54:00.000Z,IMPS,0,Pune,LOW,SYNTHETIC
TXN-0001052,CASE-00125,ACC-00729,ACC-00982,8025,2026-01-05T08:51:00.000Z,NEFT,0,Pune,LOW,SYNTHETIC
TXN-0001053,CASE-00125,ACC-00730,ACC-00983,13264,2026-01-05T19:48:00.000Z,UPI,0,Pune,LOW,SYNTHETIC
TXN-0001054,CASE-00125,ACC-00731,ACC-00984,2871,2026-01-05T09:45:00.000Z,TRANSFER,0,Pune,LOW,SYNTHETIC
TXN-0001055,CASE-00126,ACC-00743,ACC-00998,2112,2026-01-06T03:00:00.000Z,IMPS,0,Vijayawada,LOW,SYNTHETIC
TXN-0001056,CASE-00126,ACC-00744,ACC-00999,20087,2026-01-05T22:57:00.000Z,IMPS,0,Vijayawada,LOW,SYNTHETIC
TXN-0001057,CASE-00126,ACC-00745,ACC-01000,12327,2026-01-05T13:54:00.000Z,TRANSFER,0,Vijayawada,LOW,SYNTHETIC
TXN-0001058,CASE-00126,ACC-00746,ACC-01001,5374,2026-01-05T19:51:00.000Z,NEFT,0,Vijayawada,LOW,SYNTHETIC
TXN-0001059,CASE-00126,ACC-00747,ACC-01002,12939,2026-01-05T12:48:00.000Z,UPI,0,Vijayawada,LOW,SYNTHETIC
TXN-0001060,CASE-00126,ACC-00748,ACC-01003,15078,2026-01-05T23:45:00.000Z,NEFT,0,Vijayawada,LOW,SYNTHETIC
TXN-0001061,CASE-00126,ACC-00749,ACC-01004,2943,2026-01-05T16:42:00.000Z,NEFT,0,Vijayawada,LOW,SYNTHETIC
TXN-0001062,CASE-00126,ACC-00750,ACC-01005,6142,2026-01-06T01:39:00.000Z,IMPS,0,Vijayawada,LOW,SYNTHETIC
TXN-0001063,CASE-00126,ACC-00253,ACC-00246,40185,2026-01-06T06:18:00.000Z,UPI,1,Vijayawada,MEDIUM,SYNTHETIC
TXN-0001064,CASE-00127,ACC-00760,ACC-01017,20586,2026-01-05T11:00:00.000Z,NEFT,0,Chennai,LOW,SYNTHETIC
TXN-0001065,CASE-00127,ACC-00761,ACC-01018,9716,2026-01-05T15:57:00.000Z,UPI,0,Chennai,LOW,SYNTHETIC
TXN-0001066,CASE-00127,ACC-00762,ACC-01019,21981,2026-01-05T18:54:00.000Z,NEFT,0,Chennai,LOW,SYNTHETIC
TXN-0001067,CASE-00127,ACC-00763,ACC-01020,5525,2026-01-06T04:51:00.000Z,NEFT,0,Chennai,LOW,SYNTHETIC
TXN-0001068,CASE-00127,ACC-00764,ACC-01021,20351,2026-01-05T17:48:00.000Z,UPI,0,Chennai,LOW,SYNTHETIC
TXN-0001069,CASE-00127,ACC-00765,ACC-01022,10936,2026-01-05T12:45:00.000Z,TRANSFER,0,Chennai,LOW,SYNTHETIC
TXN-0001070,CASE-00128,ACC-00777,ACC-01036,11242,2026-01-06T05:00:00.000Z,TRANSFER,0,Bengaluru,LOW,SYNTHETIC
TXN-0001071,CASE-00128,ACC-00778,ACC-01037,20099,2026-01-05T21:57:00.000Z,TRANSFER,0,Bengaluru,LOW,SYNTHETIC
TXN-0001072,CASE-00128,ACC-00779,ACC-01038,8836,2026-01-05T13:54:00.000Z,TRANSFER,0,Bengaluru,LOW,SYNTHETIC
TXN-0001073,CASE-00128,ACC-00780,ACC-01039,6962,2026-01-05T11:51:00.000Z,UPI,0,Bengaluru,LOW,SYNTHETIC
TXN-0001074,CASE-00128,ACC-00781,ACC-01040,21753,2026-01-05T20:48:00.000Z,NEFT,0,Bengaluru,LOW,SYNTHETIC
TXN-0001075,CASE-00128,ACC-00782,ACC-01041,7213,2026-01-05T16:45:00.000Z,IMPS,0,Bengaluru,LOW,SYNTHETIC
TXN-0001076,CASE-00128,ACC-00783,ACC-01042,5111,2026-01-06T03:42:00.000Z,UPI,0,Bengaluru,LOW,SYNTHETIC
TXN-0001077,CASE-00128,ACC-00784,ACC-01043,3568,2026-01-05T22:39:00.000Z,NEFT,0,Bengaluru,LOW,SYNTHETIC
TXN-0001078,CASE-00128,ACC-00785,ACC-01044,12910,2026-01-05T19:36:00.000Z,TRANSFER,0,Bengaluru,LOW,SYNTHETIC
TXN-0001079,CASE-00128,ACC-00786,ACC-01045,976,2026-01-05T19:33:00.000Z,IMPS,0,Bengaluru,LOW,SYNTHETIC
TXN-0001080,CASE-00129,ACC-00794,ACC-01055,15509,2026-01-05T21:00:00.000Z,IMPS,0,Hyderabad,LOW,SYNTHETIC
TXN-0001081,CASE-00129,ACC-00795,ACC-01056,12371,2026-01-06T04:57:00.000Z,NEFT,0,Hyderabad,LOW,SYNTHETIC
TXN-0001082,CASE-00129,ACC-00796,ACC-01057,4375,2026-01-05T13:54:00.000Z,IMPS,0,Hyderabad,LOW,SYNTHETIC
TXN-0001083,CASE-00129,ACC-00797,ACC-01058,16521,2026-01-05T19:51:00.000Z,IMPS,0,Hyderabad,LOW,SYNTHETIC
TXN-0001084,CASE-00129,ACC-00798,ACC-01059,995,2026-01-06T02:48:00.000Z,IMPS,0,Hyderabad,LOW,SYNTHETIC
TXN-0001085,CASE-00129,ACC-00799,ACC-01060,8470,2026-01-06T03:45:00.000Z,TRANSFER,0,Hyderabad,LOW,SYNTHETIC
TXN-0001086,CASE-00129,ACC-00800,ACC-01061,11450,2026-01-05T17:42:00.000Z,IMPS,0,Hyderabad,LOW,SYNTHETIC
TXN-0001087,CASE-00129,ACC-00801,ACC-01062,10937,2026-01-05T13:39:00.000Z,UPI,0,Hyderabad,LOW,SYNTHETIC
TXN-0001088,CASE-00129,ACC-00802,ACC-01063,7304,2026-01-05T17:36:00.000Z,TRANSFER,0,Hyderabad,LOW,SYNTHETIC
TXN-0001089,CASE-00129,ACC-00803,ACC-01064,1604,2026-01-05T17:33:00.000Z,UPI,0,Hyderabad,LOW,SYNTHETIC
TXN-0001090,CASE-00129,ACC-00259,ACC-00285,72630,2026-01-07T07:00:00.000Z,UPI,1,Hyderabad,HIGH,SYNTHETIC
TXN-0001091,CASE-00130,ACC-00811,ACC-01074,16746,2026-01-05T22:00:00.000Z,NEFT,0,Coimbatore,LOW,SYNTHETIC
TXN-0001092,CASE-00130,ACC-00812,ACC-01075,10792,2026-01-05T19:57:00.000Z,NEFT,0,Coimbatore,LOW,SYNTHETIC
TXN-0001093,CASE-00130,ACC-00813,ACC-01076,7829,2026-01-05T17:54:00.000Z,TRANSFER,0,Coimbatore,LOW,SYNTHETIC
TXN-0001094,CASE-00130,ACC-00814,ACC-01077,18344,2026-01-06T04:51:00.000Z,IMPS,0,Coimbatore,LOW,SYNTHETIC
TXN-0001095,CASE-00130,ACC-00815,ACC-01078,20163,2026-01-05T15:48:00.000Z,TRANSFER,0,Coimbatore,LOW,SYNTHETIC
TXN-0001096,CASE-00130,ACC-00816,ACC-01079,7408,2026-01-06T01:45:00.000Z,IMPS,0,Coimbatore,LOW,SYNTHETIC
TXN-0001097,CASE-00130,ACC-00817,ACC-01080,14221,2026-01-06T03:42:00.000Z,IMPS,0,Coimbatore,LOW,SYNTHETIC
TXN-0001098,CASE-00130,ACC-00818,ACC-01081,11413,2026-01-06T05:39:00.000Z,NEFT,0,Coimbatore,LOW,SYNTHETIC
TXN-0001099,CASE-00130,ACC-00819,ACC-01082,11377,2026-01-06T05:36:00.000Z,NEFT,0,Coimbatore,LOW,SYNTHETIC
TXN-0001100,CASE-00131,ACC-00828,ACC-01093,17200,2026-01-05T17:00:00.000Z,UPI,0,Pune,LOW,SYNTHETIC
TXN-0001101,CASE-00131,ACC-00829,ACC-01094,12343,2026-01-05T19:57:00.000Z,UPI,0,Pune,LOW,SYNTHETIC
TXN-0001102,CASE-00131,ACC-00830,ACC-01095,13317,2026-01-06T02:54:00.000Z,IMPS,0,Pune,LOW,SYNTHETIC
TXN-0001103,CASE-00131,ACC-00831,ACC-01096,16632,2026-01-05T19:51:00.000Z,IMPS,0,Pune,LOW,SYNTHETIC
TXN-0001104,CASE-00131,ACC-00832,ACC-01097,20450,2026-01-05T15:48:00.000Z,NEFT,0,Pune,LOW,SYNTHETIC
TXN-0001105,CASE-00131,ACC-00833,ACC-01098,3325,2026-01-05T19:45:00.000Z,IMPS,0,Pune,LOW,SYNTHETIC
TXN-0001106,CASE-00131,ACC-00834,ACC-01099,17625,2026-01-05T19:42:00.000Z,IMPS,0,Pune,LOW,SYNTHETIC
TXN-0001107,CASE-00131,ACC-00835,ACC-01100,17969,2026-01-06T03:39:00.000Z,NEFT,0,Pune,LOW,SYNTHETIC
TXN-0001108,CASE-00131,ACC-00836,ACC-01101,2906,2026-01-05T19:36:00.000Z,TRANSFER,0,Pune,LOW,SYNTHETIC
TXN-0001109,CASE-00131,ACC-00837,ACC-01102,14090,2026-01-05T14:33:00.000Z,NEFT,0,Pune,LOW,SYNTHETIC
TXN-0001110,CASE-00132,ACC-00845,ACC-01112,10328,2026-01-05T20:00:00.000Z,UPI,0,Vijayawada,LOW,SYNTHETIC
TXN-0001111,CASE-00132,ACC-00846,ACC-01113,6587,2026-01-06T06:57:00.000Z,IMPS,0,Vijayawada,LOW,SYNTHETIC
TXN-0001112,CASE-00132,ACC-00847,ACC-01114,19767,2026-01-05T23:54:00.000Z,IMPS,0,Vijayawada,LOW,SYNTHETIC
TXN-0001113,CASE-00132,ACC-00848,ACC-01115,13149,2026-01-06T03:51:00.000Z,TRANSFER,0,Vijayawada,LOW,SYNTHETIC
TXN-0001114,CASE-00132,ACC-00849,ACC-01116,9016,2026-01-05T15:48:00.000Z,TRANSFER,0,Vijayawada,LOW,SYNTHETIC
TXN-0001115,CASE-00132,ACC-00850,ACC-01117,7048,2026-01-06T09:45:00.000Z,TRANSFER,0,Vijayawada,LOW,SYNTHETIC
TXN-0001116,CASE-00132,ACC-00851,ACC-01118,7162,2026-01-06T03:42:00.000Z,UPI,0,Vijayawada,LOW,SYNTHETIC
TXN-0001117,CASE-00132,ACC-00852,ACC-01119,17948,2026-01-06T09:39:00.000Z,NEFT,0,Vijayawada,LOW,SYNTHETIC
TXN-0001118,CASE-00132,ACC-00265,ACC-00324,41460,2026-01-06T13:26:00.000Z,TRANSFER,1,Vijayawada,MEDIUM,SYNTHETIC
TXN-0001119,CASE-00132,ACC-00324,ACC-00325,34719,2026-01-06T14:55:00.000Z,NEFT,1,Vijayawada,MEDIUM,SYNTHETIC
TXN-0001120,CASE-00133,ACC-00862,ACC-01131,17613,2026-01-05T22:00:00.000Z,TRANSFER,0,Chennai,LOW,SYNTHETIC
TXN-0001121,CASE-00133,ACC-00863,ACC-01132,6046,2026-01-06T00:57:00.000Z,NEFT,0,Chennai,LOW,SYNTHETIC
TXN-0001122,CASE-00133,ACC-00864,ACC-01133,18507,2026-01-05T19:54:00.000Z,UPI,0,Chennai,LOW,SYNTHETIC
TXN-0001123,CASE-00133,ACC-00865,ACC-01134,942,2026-01-06T07:51:00.000Z,UPI,0,Chennai,LOW,SYNTHETIC
TXN-0001124,CASE-00133,ACC-00866,ACC-01135,16593,2026-01-05T17:48:00.000Z,UPI,0,Chennai,LOW,SYNTHETIC
TXN-0001125,CASE-00133,ACC-00867,ACC-01136,780,2026-01-05T22:45:00.000Z,NEFT,0,Chennai,LOW,SYNTHETIC
TXN-0001126,CASE-00133,ACC-00868,ACC-01137,6417,2026-01-06T05:42:00.000Z,TRANSFER,0,Chennai,LOW,SYNTHETIC
TXN-0001127,CASE-00134,ACC-00879,ACC-01150,19294,2026-01-06T00:00:00.000Z,TRANSFER,0,Bengaluru,LOW,SYNTHETIC
TXN-0001128,CASE-00134,ACC-00880,ACC-01151,10216,2026-01-06T03:57:00.000Z,NEFT,0,Bengaluru,LOW,SYNTHETIC
TXN-0001129,CASE-00134,ACC-00881,ACC-01152,7996,2026-01-05T17:54:00.000Z,UPI,0,Bengaluru,LOW,SYNTHETIC
TXN-0001130,CASE-00134,ACC-00882,ACC-01153,9972,2026-01-05T21:51:00.000Z,UPI,0,Bengaluru,LOW,SYNTHETIC
TXN-0001131,CASE-00134,ACC-00883,ACC-01154,1800,2026-01-05T18:48:00.000Z,UPI,0,Bengaluru,LOW,SYNTHETIC
TXN-0001132,CASE-00134,ACC-00884,ACC-01155,21050,2026-01-06T07:45:00.000Z,IMPS,0,Bengaluru,LOW,SYNTHETIC
TXN-0001133,CASE-00135,ACC-00896,ACC-01169,21857,2026-01-06T02:00:00.000Z,UPI,0,Hyderabad,LOW,SYNTHETIC
TXN-0001134,CASE-00135,ACC-00897,ACC-01170,18117,2026-01-06T13:57:00.000Z,TRANSFER,0,Hyderabad,LOW,SYNTHETIC
TXN-0001135,CASE-00135,ACC-00898,ACC-01171,10712,2026-01-06T07:54:00.000Z,NEFT,0,Hyderabad,LOW,SYNTHETIC
TXN-0001136,CASE-00135,ACC-00899,ACC-01172,17204,2026-01-06T01:51:00.000Z,UPI,0,Hyderabad,LOW,SYNTHETIC
TXN-0001137,CASE-00135,ACC-00900,ACC-01173,3775,2026-01-06T00:48:00.000Z,NEFT,0,Hyderabad,LOW,SYNTHETIC
TXN-0001138,CASE-00135,ACC-00901,ACC-01174,7193,2026-01-06T08:45:00.000Z,NEFT,0,Hyderabad,LOW,SYNTHETIC
TXN-0001139,CASE-00136,ACC-00913,ACC-01188,7800,2026-01-06T07:00:00.000Z,UPI,0,Coimbatore,LOW,SYNTHETIC
TXN-0001140,CASE-00136,ACC-00914,ACC-01189,13978,2026-01-05T20:57:00.000Z,NEFT,0,Coimbatore,LOW,SYNTHETIC
TXN-0001141,CASE-00136,ACC-00915,ACC-01190,16639,2026-01-05T23:54:00.000Z,UPI,0,Coimbatore,LOW,SYNTHETIC
TXN-0001142,CASE-00136,ACC-00916,ACC-01191,6191,2026-01-05T22:51:00.000Z,IMPS,0,Coimbatore,LOW,SYNTHETIC
TXN-0001143,CASE-00136,ACC-00917,ACC-01192,9712,2026-01-05T22:48:00.000Z,UPI,0,Coimbatore,LOW,SYNTHETIC
TXN-0001144,CASE-00136,ACC-00918,ACC-01193,4587,2026-01-06T13:45:00.000Z,TRANSFER,0,Coimbatore,LOW,SYNTHETIC
TXN-0001145,CASE-00136,ACC-00919,ACC-01194,4724,2026-01-06T06:42:00.000Z,UPI,0,Coimbatore,LOW,SYNTHETIC
TXN-0001146,CASE-00136,ACC-00920,ACC-01195,8124,2026-01-06T04:39:00.000Z,IMPS,0,Coimbatore,LOW,SYNTHETIC
TXN-0001147,CASE-00136,ACC-00921,ACC-01196,12609,2026-01-06T05:36:00.000Z,TRANSFER,0,Coimbatore,LOW,SYNTHETIC
TXN-0001148,CASE-00136,ACC-00273,ACC-00376,99799,2026-01-06T16:15:00.000Z,UPI,1,Coimbatore,HIGH,SYNTHETIC
TXN-0001149,CASE-00137,ACC-00930,ACC-01207,4542,2026-01-06T12:00:00.000Z,NEFT,0,Pune,LOW,SYNTHETIC
TXN-0001150,CASE-00137,ACC-00931,ACC-01208,17906,2026-01-05T23:57:00.000Z,IMPS,0,Pune,LOW,SYNTHETIC
TXN-0001151,CASE-00137,ACC-00932,ACC-01209,3757,2026-01-06T01:54:00.000Z,TRANSFER,0,Pune,LOW,SYNTHETIC
TXN-0001152,CASE-00137,ACC-00933,ACC-01210,5093,2026-01-05T20:51:00.000Z,NEFT,0,Pune,LOW,SYNTHETIC
TXN-0001153,CASE-00137,ACC-00934,ACC-01211,5923,2026-01-06T13:48:00.000Z,NEFT,0,Pune,LOW,SYNTHETIC
TXN-0001154,CASE-00137,ACC-00935,ACC-01212,11991,2026-01-06T11:45:00.000Z,UPI,0,Pune,LOW,SYNTHETIC
TXN-0001155,CASE-00138,ACC-00947,ACC-01226,9814,2026-01-06T16:00:00.000Z,UPI,0,Vijayawada,LOW,SYNTHETIC
TXN-0001156,CASE-00138,ACC-00948,ACC-01227,14661,2026-01-06T13:57:00.000Z,IMPS,0,Vijayawada,LOW,SYNTHETIC
TXN-0001157,CASE-00138,ACC-00949,ACC-01228,8655,2026-01-05T21:54:00.000Z,NEFT,0,Vijayawada,LOW,SYNTHETIC
TXN-0001158,CASE-00138,ACC-00950,ACC-01229,19863,2026-01-06T12:51:00.000Z,IMPS,0,Vijayawada,LOW,SYNTHETIC
TXN-0001159,CASE-00138,ACC-00951,ACC-01230,15795,2026-01-05T21:48:00.000Z,NEFT,0,Vijayawada,LOW,SYNTHETIC
TXN-0001160,CASE-00138,ACC-00952,ACC-01231,2872,2026-01-06T02:45:00.000Z,UPI,0,Vijayawada,LOW,SYNTHETIC
TXN-0001161,CASE-00138,ACC-00953,ACC-01232,15090,2026-01-06T09:42:00.000Z,TRANSFER,0,Vijayawada,LOW,SYNTHETIC
TXN-0001162,CASE-00138,ACC-00954,ACC-01233,9834,2026-01-06T04:39:00.000Z,TRANSFER,0,Vijayawada,LOW,SYNTHETIC
TXN-0001163,CASE-00138,ACC-00277,ACC-00402,99633,2026-01-06T19:35:00.000Z,NEFT,1,Vijayawada,HIGH,SYNTHETIC
TXN-0001164,CASE-00139,ACC-00964,ACC-01245,10269,2026-01-06T12:00:00.000Z,TRANSFER,0,Chennai,LOW,SYNTHETIC
TXN-0001165,CASE-00139,ACC-00965,ACC-01246,766,2026-01-06T13:57:00.000Z,IMPS,0,Chennai,LOW,SYNTHETIC
TXN-0001166,CASE-00139,ACC-00966,ACC-01247,19603,2026-01-06T04:54:00.000Z,IMPS,0,Chennai,LOW,SYNTHETIC
TXN-0001167,CASE-00139,ACC-00967,ACC-01248,7489,2026-01-06T06:51:00.000Z,UPI,0,Chennai,LOW,SYNTHETIC
TXN-0001168,CASE-00139,ACC-00968,ACC-01249,7596,2026-01-06T01:48:00.000Z,NEFT,0,Chennai,LOW,SYNTHETIC
TXN-0001169,CASE-00139,ACC-00969,ACC-01250,1323,2026-01-06T02:45:00.000Z,IMPS,0,Chennai,LOW,SYNTHETIC
TXN-0001170,CASE-00140,ACC-00981,ACC-01264,11285,2026-01-06T17:00:00.000Z,UPI,0,Bengaluru,LOW,SYNTHETIC
TXN-0001171,CASE-00140,ACC-00982,ACC-01265,4390,2026-01-06T05:57:00.000Z,TRANSFER,0,Bengaluru,LOW,SYNTHETIC
TXN-0001172,CASE-00140,ACC-00983,ACC-01266,1460,2026-01-06T03:54:00.000Z,NEFT,0,Bengaluru,LOW,SYNTHETIC
TXN-0001173,CASE-00140,ACC-00984,ACC-01267,3287,2026-01-06T06:51:00.000Z,NEFT,0,Bengaluru,LOW,SYNTHETIC
TXN-0001174,CASE-00140,ACC-00985,ACC-01268,14177,2026-01-06T13:48:00.000Z,IMPS,0,Bengaluru,LOW,SYNTHETIC
TXN-0001175,CASE-00140,ACC-00986,ACC-01269,3764,2026-01-06T14:45:00.000Z,TRANSFER,0,Bengaluru,LOW,SYNTHETIC
TXN-0001176,CASE-00140,ACC-00987,ACC-01270,14337,2026-01-06T11:42:00.000Z,IMPS,0,Bengaluru,LOW,SYNTHETIC
TXN-0001177,CASE-00140,ACC-00988,ACC-01271,992,2026-01-06T09:39:00.000Z,IMPS,0,Bengaluru,LOW,SYNTHETIC
TXN-0001178,CASE-00140,ACC-00989,ACC-01272,3729,2026-01-06T09:36:00.000Z,IMPS,0,Bengaluru,LOW,SYNTHETIC
TXN-0001179,CASE-00140,ACC-00990,ACC-01273,19451,2026-01-06T06:33:00.000Z,UPI,0,Bengaluru,LOW,SYNTHETIC
TXN-0001180,CASE-00141,ACC-00998,ACC-01283,12909,2026-01-06T05:00:00.000Z,NEFT,0,Hyderabad,LOW,SYNTHETIC
TXN-0001181,CASE-00141,ACC-00999,ACC-01284,13361,2026-01-06T19:57:00.000Z,UPI,0,Hyderabad,LOW,SYNTHETIC
TXN-0001182,CASE-00141,ACC-01000,ACC-01285,7420,2026-01-06T09:54:00.000Z,TRANSFER,0,Hyderabad,LOW,SYNTHETIC
TXN-0001183,CASE-00141,ACC-01001,ACC-01286,10634,2026-01-06T01:51:00.000Z,NEFT,0,Hyderabad,LOW,SYNTHETIC
TXN-0001184,CASE-00141,ACC-01002,ACC-01287,3862,2026-01-06T08:48:00.000Z,UPI,0,Hyderabad,LOW,SYNTHETIC
TXN-0001185,CASE-00141,ACC-01003,ACC-01288,16096,2026-01-06T02:45:00.000Z,IMPS,0,Hyderabad,LOW,SYNTHETIC
TXN-0001186,CASE-00141,ACC-01004,ACC-01289,18462,2026-01-06T00:42:00.000Z,NEFT,0,Hyderabad,LOW,SYNTHETIC
TXN-0001187,CASE-00141,ACC-01005,ACC-01290,11051,2026-01-06T17:39:00.000Z,NEFT,0,Hyderabad,LOW,SYNTHETIC
TXN-0001188,CASE-00141,ACC-01006,ACC-01291,21734,2026-01-06T18:36:00.000Z,UPI,0,Hyderabad,LOW,SYNTHETIC
TXN-0001189,CASE-00141,ACC-00283,ACC-00441,78288,2026-01-06T21:19:00.000Z,TRANSFER,1,Hyderabad,HIGH,SYNTHETIC
TXN-0001190,CASE-00142,ACC-01015,ACC-01302,4504,2026-01-06T10:00:00.000Z,UPI,0,Coimbatore,LOW,SYNTHETIC
TXN-0001191,CASE-00142,ACC-01016,ACC-01303,12746,2026-01-06T19:57:00.000Z,NEFT,0,Coimbatore,LOW,SYNTHETIC
TXN-0001192,CASE-00142,ACC-01017,ACC-01304,10312,2026-01-06T06:54:00.000Z,TRANSFER,0,Coimbatore,LOW,SYNTHETIC
TXN-0001193,CASE-00142,ACC-01018,ACC-01305,9592,2026-01-06T01:51:00.000Z,NEFT,0,Coimbatore,LOW,SYNTHETIC
TXN-0001194,CASE-00142,ACC-01019,ACC-01306,11809,2026-01-06T17:48:00.000Z,IMPS,0,Coimbatore,LOW,SYNTHETIC
TXN-0001195,CASE-00142,ACC-01020,ACC-01307,15632,2026-01-06T12:45:00.000Z,NEFT,0,Coimbatore,LOW,SYNTHETIC
TXN-0001196,CASE-00142,ACC-01021,ACC-01308,17453,2026-01-06T10:42:00.000Z,UPI,0,Coimbatore,LOW,SYNTHETIC
TXN-0001197,CASE-00143,ACC-01032,ACC-01321,20502,2026-01-06T22:00:00.000Z,UPI,0,Pune,LOW,SYNTHETIC
TXN-0001198,CASE-00143,ACC-01033,ACC-01322,7282,2026-01-06T20:57:00.000Z,NEFT,0,Pune,LOW,SYNTHETIC
TXN-0001199,CASE-00143,ACC-01034,ACC-01323,2661,2026-01-06T20:54:00.000Z,NEFT,0,Pune,LOW,SYNTHETIC
TXN-0001200,CASE-00143,ACC-01035,ACC-01324,6806,2026-01-06T12:51:00.000Z,IMPS,0,Pune,LOW,SYNTHETIC
TXN-0001201,CASE-00143,ACC-01036,ACC-01325,7799,2026-01-06T21:48:00.000Z,NEFT,0,Pune,LOW,SYNTHETIC
TXN-0001202,CASE-00143,ACC-01037,ACC-01326,13261,2026-01-06T18:45:00.000Z,TRANSFER,0,Pune,LOW,SYNTHETIC
TXN-0001203,CASE-00143,ACC-01038,ACC-01327,9905,2026-01-06T12:42:00.000Z,IMPS,0,Pune,LOW,SYNTHETIC
TXN-0001204,CASE-00143,ACC-01039,ACC-01328,2581,2026-01-06T17:39:00.000Z,TRANSFER,0,Pune,LOW,SYNTHETIC
TXN-0001205,CASE-00144,ACC-01049,ACC-01340,19392,2026-01-06T04:00:00.000Z,UPI,0,Vijayawada,LOW,SYNTHETIC
TXN-0001206,CASE-00144,ACC-01050,ACC-01341,18584,2026-01-06T05:57:00.000Z,IMPS,0,Vijayawada,LOW,SYNTHETIC
TXN-0001207,CASE-00144,ACC-01051,ACC-01342,3516,2026-01-06T04:54:00.000Z,TRANSFER,0,Vijayawada,LOW,SYNTHETIC
TXN-0001208,CASE-00144,ACC-01052,ACC-01343,7873,2026-01-06T17:51:00.000Z,TRANSFER,0,Vijayawada,LOW,SYNTHETIC
TXN-0001209,CASE-00144,ACC-01053,ACC-01344,14136,2026-01-06T03:48:00.000Z,IMPS,0,Vijayawada,LOW,SYNTHETIC
TXN-0001210,CASE-00144,ACC-01054,ACC-01345,3161,2026-01-06T04:45:00.000Z,TRANSFER,0,Vijayawada,LOW,SYNTHETIC
TXN-0001211,CASE-00144,ACC-01055,ACC-01346,21695,2026-01-06T06:42:00.000Z,IMPS,0,Vijayawada,LOW,SYNTHETIC
TXN-0001212,CASE-00144,ACC-01056,ACC-01347,1783,2026-01-06T04:39:00.000Z,NEFT,0,Vijayawada,LOW,SYNTHETIC
TXN-0001213,CASE-00144,ACC-01057,ACC-01348,15513,2026-01-06T19:36:00.000Z,IMPS,0,Vijayawada,LOW,SYNTHETIC
TXN-0001214,CASE-00144,ACC-01058,ACC-01349,13130,2026-01-06T08:33:00.000Z,TRANSFER,0,Vijayawada,LOW,SYNTHETIC
TXN-0001215,CASE-00145,ACC-01066,ACC-01359,1969,2026-01-06T08:00:00.000Z,UPI,0,Chennai,LOW,SYNTHETIC
TXN-0001216,CASE-00145,ACC-01067,ACC-01360,16473,2026-01-06T20:57:00.000Z,IMPS,0,Chennai,LOW,SYNTHETIC
TXN-0001217,CASE-00145,ACC-01068,ACC-01361,20996,2026-01-06T18:54:00.000Z,UPI,0,Chennai,LOW,SYNTHETIC
TXN-0001218,CASE-00145,ACC-01069,ACC-01362,12268,2026-01-06T17:51:00.000Z,NEFT,0,Chennai,LOW,SYNTHETIC
TXN-0001219,CASE-00145,ACC-01070,ACC-01363,5155,2026-01-06T13:48:00.000Z,IMPS,0,Chennai,LOW,SYNTHETIC
TXN-0001220,CASE-00145,ACC-01071,ACC-01364,9688,2026-01-06T17:45:00.000Z,IMPS,0,Chennai,LOW,SYNTHETIC
TXN-0001221,CASE-00145,ACC-01072,ACC-01365,7993,2026-01-06T11:42:00.000Z,UPI,0,Chennai,LOW,SYNTHETIC
TXN-0001222,CASE-00145,ACC-01073,ACC-01366,14648,2026-01-06T17:39:00.000Z,UPI,0,Chennai,LOW,SYNTHETIC
TXN-0001223,CASE-00146,ACC-01083,ACC-01378,626,2026-01-06T14:00:00.000Z,UPI,0,Bengaluru,LOW,SYNTHETIC
TXN-0001224,CASE-00146,ACC-01084,ACC-01379,4743,2026-01-06T18:57:00.000Z,IMPS,0,Bengaluru,LOW,SYNTHETIC
TXN-0001225,CASE-00146,ACC-01085,ACC-01380,19932,2026-01-06T13:54:00.000Z,TRANSFER,0,Bengaluru,LOW,SYNTHETIC
TXN-0001226,CASE-00146,ACC-01086,ACC-01381,7136,2026-01-06T20:51:00.000Z,TRANSFER,0,Bengaluru,LOW,SYNTHETIC
TXN-0001227,CASE-00146,ACC-01087,ACC-01382,19797,2026-01-06T06:48:00.000Z,TRANSFER,0,Bengaluru,LOW,SYNTHETIC
TXN-0001228,CASE-00146,ACC-01088,ACC-01383,13552,2026-01-06T07:45:00.000Z,NEFT,0,Bengaluru,LOW,SYNTHETIC
TXN-0001229,CASE-00146,ACC-01089,ACC-01384,5568,2026-01-06T06:42:00.000Z,TRANSFER,0,Bengaluru,LOW,SYNTHETIC
TXN-0001230,CASE-00146,ACC-01090,ACC-01385,9038,2026-01-06T13:39:00.000Z,NEFT,0,Bengaluru,LOW,SYNTHETIC
TXN-0001231,CASE-00146,ACC-01091,ACC-01386,13923,2026-01-06T11:36:00.000Z,NEFT,0,Bengaluru,LOW,SYNTHETIC
TXN-0001232,CASE-00146,ACC-01092,ACC-01387,17474,2026-01-06T20:33:00.000Z,TRANSFER,0,Bengaluru,LOW,SYNTHETIC
TXN-0001233,CASE-00147,ACC-01100,ACC-01397,18310,2026-01-06T22:00:00.000Z,UPI,0,Hyderabad,LOW,SYNTHETIC
TXN-0001234,CASE-00147,ACC-01101,ACC-01398,11918,2026-01-06T12:57:00.000Z,NEFT,0,Hyderabad,LOW,SYNTHETIC
TXN-0001235,CASE-00147,ACC-01102,ACC-01399,7035,2026-01-06T12:54:00.000Z,IMPS,0,Hyderabad,LOW,SYNTHETIC
TXN-0001236,CASE-00147,ACC-01103,ACC-01400,19160,2026-01-06T21:51:00.000Z,TRANSFER,0,Hyderabad,LOW,SYNTHETIC
TXN-0001237,CASE-00147,ACC-01104,ACC-00001,13636,2026-01-06T14:48:00.000Z,IMPS,0,Hyderabad,LOW,SYNTHETIC
TXN-0001238,CASE-00147,ACC-01105,ACC-00002,914,2026-01-06T20:45:00.000Z,UPI,0,Hyderabad,LOW,SYNTHETIC
TXN-0001239,CASE-00147,ACC-01106,ACC-00003,18087,2026-01-06T22:42:00.000Z,IMPS,0,Hyderabad,LOW,SYNTHETIC
TXN-0001240,CASE-00147,ACC-01107,ACC-00004,3540,2026-01-06T10:39:00.000Z,TRANSFER,0,Hyderabad,LOW,SYNTHETIC
TXN-0001241,CASE-00147,ACC-00295,ACC-00519,57904,2026-01-07T05:03:00.000Z,UPI,1,Hyderabad,MEDIUM,SYNTHETIC
TXN-0001242,CASE-00147,ACC-00519,ACC-00520,54387,2026-01-07T06:05:00.000Z,TRANSFER,1,Hyderabad,MEDIUM,SYNTHETIC
TXN-0001243,CASE-00147,ACC-00520,ACC-00521,50528,2026-01-07T06:45:00.000Z,NEFT,1,Hyderabad,MEDIUM,SYNTHETIC
TXN-0001244,CASE-00148,ACC-01117,ACC-00016,21945,2026-01-06T22:00:00.000Z,IMPS,0,Coimbatore,LOW,SYNTHETIC
TXN-0001245,CASE-00148,ACC-01118,ACC-00017,10230,2026-01-06T10:57:00.000Z,TRANSFER,0,Coimbatore,LOW,SYNTHETIC
TXN-0001246,CASE-00148,ACC-01119,ACC-00018,18468,2026-01-06T13:54:00.000Z,NEFT,0,Coimbatore,LOW,SYNTHETIC
TXN-0001247,CASE-00148,ACC-01120,ACC-00019,8332,2026-01-06T08:51:00.000Z,UPI,0,Coimbatore,LOW,SYNTHETIC
TXN-0001248,CASE-00148,ACC-01121,ACC-00020,2430,2026-01-06T10:48:00.000Z,IMPS,0,Coimbatore,LOW,SYNTHETIC
TXN-0001249,CASE-00148,ACC-01122,ACC-00021,21479,2026-01-07T01:45:00.000Z,IMPS,0,Coimbatore,LOW,SYNTHETIC
TXN-0001250,CASE-00149,ACC-01134,ACC-00035,6035,2026-01-06T21:00:00.000Z,TRANSFER,0,Pune,LOW,SYNTHETIC
TXN-0001251,CASE-00149,ACC-01135,ACC-00036,634,2026-01-06T15:57:00.000Z,IMPS,0,Pune,LOW,SYNTHETIC
TXN-0001252,CASE-00149,ACC-01136,ACC-00037,7747,2026-01-06T13:54:00.000Z,IMPS,0,Pune,LOW,SYNTHETIC
TXN-0001253,CASE-00149,ACC-01137,ACC-00038,9902,2026-01-06T21:51:00.000Z,UPI,0,Pune,LOW,SYNTHETIC
TXN-0001254,CASE-00149,ACC-01138,ACC-00039,12637,2026-01-06T15:48:00.000Z,TRANSFER,0,Pune,LOW,SYNTHETIC
TXN-0001255,CASE-00149,ACC-01139,ACC-00040,10122,2026-01-07T03:45:00.000Z,TRANSFER,0,Pune,LOW,SYNTHETIC
TXN-0001256,CASE-00150,ACC-01151,ACC-00054,14450,2026-01-07T00:00:00.000Z,TRANSFER,0,Vijayawada,LOW,SYNTHETIC
TXN-0001257,CASE-00150,ACC-01152,ACC-00055,6068,2026-01-07T02:57:00.000Z,NEFT,0,Vijayawada,LOW,SYNTHETIC
TXN-0001258,CASE-00150,ACC-01153,ACC-00056,16013,2026-01-06T09:54:00.000Z,UPI,0,Vijayawada,LOW,SYNTHETIC
TXN-0001259,CASE-00150,ACC-01154,ACC-00057,13340,2026-01-06T17:51:00.000Z,UPI,0,Vijayawada,LOW,SYNTHETIC
TXN-0001260,CASE-00150,ACC-01155,ACC-00058,20445,2026-01-06T15:48:00.000Z,NEFT,0,Vijayawada,LOW,SYNTHETIC
TXN-0001261,CASE-00150,ACC-01156,ACC-00059,6547,2026-01-06T09:45:00.000Z,UPI,0,Vijayawada,LOW,SYNTHETIC
TXN-0001262,CASE-00150,ACC-01157,ACC-00060,16043,2026-01-06T23:42:00.000Z,TRANSFER,0,Vijayawada,LOW,SYNTHETIC
TXN-0001263,CASE-00150,ACC-01158,ACC-00061,13685,2026-01-07T00:39:00.000Z,NEFT,0,Vijayawada,LOW,SYNTHETIC
TXN-0001264,CASE-00150,ACC-01159,ACC-00062,6335,2026-01-06T22:36:00.000Z,TRANSFER,0,Vijayawada,LOW,SYNTHETIC
TXN-0001265,CASE-00150,ACC-01160,ACC-00063,17830,2026-01-06T09:33:00.000Z,TRANSFER,0,Vijayawada,LOW,SYNTHETIC
TXN-0001266,CASE-00151,ACC-01168,ACC-00073,18368,2026-01-07T05:00:00.000Z,IMPS,0,Chennai,LOW,SYNTHETIC
TXN-0001267,CASE-00151,ACC-01169,ACC-00074,20728,2026-01-06T20:57:00.000Z,IMPS,0,Chennai,LOW,SYNTHETIC
TXN-0001268,CASE-00151,ACC-01170,ACC-00075,4984,2026-01-06T21:54:00.000Z,NEFT,0,Chennai,LOW,SYNTHETIC
TXN-0001269,CASE-00151,ACC-01171,ACC-00076,3217,2026-01-06T23:51:00.000Z,IMPS,0,Chennai,LOW,SYNTHETIC
TXN-0001270,CASE-00151,ACC-01172,ACC-00077,12257,2026-01-07T04:48:00.000Z,IMPS,0,Chennai,LOW,SYNTHETIC
TXN-0001271,CASE-00151,ACC-01173,ACC-00078,7262,2026-01-06T11:45:00.000Z,IMPS,0,Chennai,LOW,SYNTHETIC
TXN-0001272,CASE-00151,ACC-01174,ACC-00079,3444,2026-01-07T04:42:00.000Z,NEFT,0,Chennai,LOW,SYNTHETIC
TXN-0001273,CASE-00152,ACC-01185,ACC-00092,13392,2026-01-06T16:00:00.000Z,IMPS,0,Bengaluru,LOW,SYNTHETIC
TXN-0001274,CASE-00152,ACC-01186,ACC-00093,4087,2026-01-07T06:57:00.000Z,TRANSFER,0,Bengaluru,LOW,SYNTHETIC
TXN-0001275,CASE-00152,ACC-01187,ACC-00094,13133,2026-01-06T12:54:00.000Z,NEFT,0,Bengaluru,LOW,SYNTHETIC
TXN-0001276,CASE-00152,ACC-01188,ACC-00095,14658,2026-01-06T12:51:00.000Z,NEFT,0,Bengaluru,LOW,SYNTHETIC
TXN-0001277,CASE-00152,ACC-01189,ACC-00096,12096,2026-01-06T14:48:00.000Z,TRANSFER,0,Bengaluru,LOW,SYNTHETIC
TXN-0001278,CASE-00152,ACC-01190,ACC-00097,15139,2026-01-06T17:45:00.000Z,TRANSFER,0,Bengaluru,LOW,SYNTHETIC
TXN-0001279,CASE-00153,ACC-01202,ACC-00111,4869,2026-01-07T06:00:00.000Z,IMPS,0,Hyderabad,LOW,SYNTHETIC
TXN-0001280,CASE-00153,ACC-01203,ACC-00112,10894,2026-01-07T05:57:00.000Z,IMPS,0,Hyderabad,LOW,SYNTHETIC
TXN-0001281,CASE-00153,ACC-01204,ACC-00113,13216,2026-01-06T16:54:00.000Z,TRANSFER,0,Hyderabad,LOW,SYNTHETIC
TXN-0001282,CASE-00153,ACC-01205,ACC-00114,6826,2026-01-07T00:51:00.000Z,TRANSFER,0,Hyderabad,LOW,SYNTHETIC
TXN-0001283,CASE-00153,ACC-01206,ACC-00115,11220,2026-01-07T07:48:00.000Z,IMPS,0,Hyderabad,LOW,SYNTHETIC
TXN-0001284,CASE-00153,ACC-01207,ACC-00116,6341,2026-01-07T06:45:00.000Z,IMPS,0,Hyderabad,LOW,SYNTHETIC
TXN-0001285,CASE-00153,ACC-01208,ACC-00117,3736,2026-01-06T14:42:00.000Z,UPI,0,Hyderabad,LOW,SYNTHETIC
TXN-0001286,CASE-00153,ACC-01209,ACC-00118,15403,2026-01-07T07:39:00.000Z,TRANSFER,0,Hyderabad,LOW,SYNTHETIC
TXN-0001287,CASE-00153,ACC-01210,ACC-00119,7047,2026-01-06T14:36:00.000Z,TRANSFER,0,Hyderabad,LOW,SYNTHETIC
TXN-0001288,CASE-00153,ACC-01211,ACC-00120,21893,2026-01-06T23:33:00.000Z,IMPS,0,Hyderabad,LOW,SYNTHETIC
TXN-0001289,CASE-00153,ACC-00307,ACC-00597,86496,2026-01-07T09:27:00.000Z,NEFT,1,Hyderabad,HIGH,SYNTHETIC
TXN-0001290,CASE-00154,ACC-01219,ACC-00130,14359,2026-01-06T19:00:00.000Z,TRANSFER,0,Coimbatore,LOW,SYNTHETIC
TXN-0001291,CASE-00154,ACC-01220,ACC-00131,9262,2026-01-06T21:57:00.000Z,NEFT,0,Coimbatore,LOW,SYNTHETIC
TXN-0001292,CASE-00154,ACC-01221,ACC-00132,4655,2026-01-07T00:54:00.000Z,NEFT,0,Coimbatore,LOW,SYNTHETIC
TXN-0001293,CASE-00154,ACC-01222,ACC-00133,7669,2026-01-06T16:51:00.000Z,TRANSFER,0,Coimbatore,LOW,SYNTHETIC
TXN-0001294,CASE-00154,ACC-01223,ACC-00134,8920,2026-01-06T16:48:00.000Z,IMPS,0,Coimbatore,LOW,SYNTHETIC
TXN-0001295,CASE-00154,ACC-01224,ACC-00135,3877,2026-01-07T07:45:00.000Z,TRANSFER,0,Coimbatore,LOW,SYNTHETIC
TXN-0001296,CASE-00154,ACC-01225,ACC-00136,15786,2026-01-07T06:42:00.000Z,NEFT,0,Coimbatore,LOW,SYNTHETIC
TXN-0001297,CASE-00154,ACC-01226,ACC-00137,17002,2026-01-06T20:39:00.000Z,IMPS,0,Coimbatore,LOW,SYNTHETIC
TXN-0001298,CASE-00154,ACC-01227,ACC-00138,17300,2026-01-07T00:36:00.000Z,TRANSFER,0,Coimbatore,LOW,SYNTHETIC
TXN-0001299,CASE-00154,ACC-00309,ACC-00610,62745,2026-01-08T04:00:00.000Z,NEFT,1,Coimbatore,MEDIUM,SYNTHETIC
TXN-0001300,CASE-00155,ACC-01236,ACC-00149,13975,2026-01-07T01:00:00.000Z,NEFT,0,Pune,LOW,SYNTHETIC
TXN-0001301,CASE-00155,ACC-01237,ACC-00150,11736,2026-01-06T22:57:00.000Z,NEFT,0,Pune,LOW,SYNTHETIC
TXN-0001302,CASE-00155,ACC-01238,ACC-00151,2012,2026-01-06T14:54:00.000Z,IMPS,0,Pune,LOW,SYNTHETIC
TXN-0001303,CASE-00155,ACC-01239,ACC-00152,19967,2026-01-07T07:51:00.000Z,TRANSFER,0,Pune,LOW,SYNTHETIC
TXN-0001304,CASE-00155,ACC-01240,ACC-00153,10929,2026-01-07T00:48:00.000Z,UPI,0,Pune,LOW,SYNTHETIC
TXN-0001305,CASE-00155,ACC-01241,ACC-00154,20532,2026-01-06T23:45:00.000Z,NEFT,0,Pune,LOW,SYNTHETIC
TXN-0001306,CASE-00155,ACC-01242,ACC-00155,554,2026-01-06T14:42:00.000Z,TRANSFER,0,Pune,LOW,SYNTHETIC
TXN-0001307,CASE-00155,ACC-01243,ACC-00156,15422,2026-01-07T08:39:00.000Z,IMPS,0,Pune,LOW,SYNTHETIC
TXN-0001308,CASE-00155,ACC-01244,ACC-00157,20206,2026-01-06T21:36:00.000Z,NEFT,0,Pune,LOW,SYNTHETIC
TXN-0001309,CASE-00155,ACC-00311,ACC-00623,22773,2026-01-07T12:52:00.000Z,IMPS,1,Pune,MEDIUM,SYNTHETIC
TXN-0001310,CASE-00156,ACC-01253,ACC-00168,7324,2026-01-07T04:00:00.000Z,TRANSFER,0,Vijayawada,LOW,SYNTHETIC
TXN-0001311,CASE-00156,ACC-01254,ACC-00169,8403,2026-01-06T22:57:00.000Z,TRANSFER,0,Vijayawada,LOW,SYNTHETIC
TXN-0001312,CASE-00156,ACC-01255,ACC-00170,20853,2026-01-07T09:54:00.000Z,TRANSFER,0,Vijayawada,LOW,SYNTHETIC
TXN-0001313,CASE-00156,ACC-01256,ACC-00171,16365,2026-01-07T07:51:00.000Z,NEFT,0,Vijayawada,LOW,SYNTHETIC
TXN-0001314,CASE-00156,ACC-01257,ACC-00172,6972,2026-01-07T05:48:00.000Z,TRANSFER,0,Vijayawada,LOW,SYNTHETIC
TXN-0001315,CASE-00156,ACC-01258,ACC-00173,4436,2026-01-06T20:45:00.000Z,NEFT,0,Vijayawada,LOW,SYNTHETIC
TXN-0001316,CASE-00156,ACC-01259,ACC-00174,21672,2026-01-06T17:42:00.000Z,IMPS,0,Vijayawada,LOW,SYNTHETIC
TXN-0001317,CASE-00156,ACC-01260,ACC-00175,21736,2026-01-07T02:39:00.000Z,TRANSFER,0,Vijayawada,LOW,SYNTHETIC
TXN-0001318,CASE-00156,ACC-00313,ACC-00636,27478,2026-01-07T12:12:00.000Z,IMPS,1,Vijayawada,MEDIUM,SYNTHETIC
TXN-0001319,CASE-00157,ACC-01270,ACC-00187,12558,2026-01-07T06:00:00.000Z,UPI,0,Chennai,LOW,SYNTHETIC
TXN-0001320,CASE-00157,ACC-01271,ACC-00188,20563,2026-01-06T19:57:00.000Z,NEFT,0,Chennai,LOW,SYNTHETIC
TXN-0001321,CASE-00157,ACC-01272,ACC-00189,21760,2026-01-07T05:54:00.000Z,TRANSFER,0,Chennai,LOW,SYNTHETIC
TXN-0001322,CASE-00157,ACC-01273,ACC-00190,21773,2026-01-06T16:51:00.000Z,NEFT,0,Chennai,LOW,SYNTHETIC
TXN-0001323,CASE-00157,ACC-01274,ACC-00191,18565,2026-01-06T16:48:00.000Z,UPI,0,Chennai,LOW,SYNTHETIC
TXN-0001324,CASE-00157,ACC-01275,ACC-00192,5860,2026-01-06T22:45:00.000Z,IMPS,0,Chennai,LOW,SYNTHETIC
TXN-0001325,CASE-00158,ACC-01287,ACC-00206,17556,2026-01-07T09:00:00.000Z,IMPS,0,Bengaluru,LOW,SYNTHETIC
TXN-0001326,CASE-00158,ACC-01288,ACC-00207,8264,2026-01-07T06:57:00.000Z,TRANSFER,0,Bengaluru,LOW,SYNTHETIC
TXN-0001327,CASE-00158,ACC-01289,ACC-00208,10498,2026-01-06T22:54:00.000Z,UPI,0,Bengaluru,LOW,SYNTHETIC
TXN-0001328,CASE-00158,ACC-01290,ACC-00209,16712,2026-01-07T02:51:00.000Z,IMPS,0,Bengaluru,LOW,SYNTHETIC
TXN-0001329,CASE-00158,ACC-01291,ACC-00210,10483,2026-01-07T11:48:00.000Z,IMPS,0,Bengaluru,LOW,SYNTHETIC
TXN-0001330,CASE-00158,ACC-01292,ACC-00211,2477,2026-01-07T10:45:00.000Z,IMPS,0,Bengaluru,LOW,SYNTHETIC
TXN-0001331,CASE-00158,ACC-01293,ACC-00212,6151,2026-01-06T22:42:00.000Z,IMPS,0,Bengaluru,LOW,SYNTHETIC
TXN-0001332,CASE-00158,ACC-00317,ACC-00662,97481,2026-01-07T17:00:00.000Z,NEFT,1,Bengaluru,HIGH,SYNTHETIC
TXN-0001333,CASE-00159,ACC-01304,ACC-00225,18418,2026-01-07T10:00:00.000Z,IMPS,0,Hyderabad,LOW,SYNTHETIC
TXN-0001334,CASE-00159,ACC-01305,ACC-00226,14441,2026-01-07T00:57:00.000Z,IMPS,0,Hyderabad,LOW,SYNTHETIC
TXN-0001335,CASE-00159,ACC-01306,ACC-00227,2700,2026-01-06T22:54:00.000Z,IMPS,0,Hyderabad,LOW,SYNTHETIC
TXN-0001336,CASE-00159,ACC-01307,ACC-00228,20864,2026-01-06T22:51:00.000Z,IMPS,0,Hyderabad,LOW,SYNTHETIC
TXN-0001337,CASE-00159,ACC-01308,ACC-00229,13746,2026-01-06T18:48:00.000Z,IMPS,0,Hyderabad,LOW,SYNTHETIC
TXN-0001338,CASE-00159,ACC-01309,ACC-00230,16738,2026-01-06T19:45:00.000Z,IMPS,0,Hyderabad,LOW,SYNTHETIC
TXN-0001339,CASE-00159,ACC-01310,ACC-00231,13675,2026-01-07T07:42:00.000Z,TRANSFER,0,Hyderabad,LOW,SYNTHETIC
TXN-0001340,CASE-00159,ACC-01311,ACC-00232,4860,2026-01-07T05:39:00.000Z,NEFT,0,Hyderabad,LOW,SYNTHETIC
TXN-0001341,CASE-00159,ACC-01312,ACC-00233,2890,2026-01-07T10:36:00.000Z,UPI,0,Hyderabad,LOW,SYNTHETIC
TXN-0001342,CASE-00160,ACC-01321,ACC-00244,7925,2026-01-06T20:00:00.000Z,UPI,0,Coimbatore,LOW,SYNTHETIC
TXN-0001343,CASE-00160,ACC-01322,ACC-00245,11208,2026-01-07T14:57:00.000Z,UPI,0,Coimbatore,LOW,SYNTHETIC
TXN-0001344,CASE-00160,ACC-01323,ACC-00246,9250,2026-01-07T00:54:00.000Z,IMPS,0,Coimbatore,LOW,SYNTHETIC
TXN-0001345,CASE-00160,ACC-01324,ACC-00247,13215,2026-01-06T23:51:00.000Z,IMPS,0,Coimbatore,LOW,SYNTHETIC
TXN-0001346,CASE-00160,ACC-01325,ACC-00248,18748,2026-01-07T12:48:00.000Z,TRANSFER,0,Coimbatore,LOW,SYNTHETIC
TXN-0001347,CASE-00160,ACC-01326,ACC-00249,17320,2026-01-06T23:45:00.000Z,IMPS,0,Coimbatore,LOW,SYNTHETIC
TXN-0001348,CASE-00160,ACC-01327,ACC-00250,4857,2026-01-06T23:42:00.000Z,NEFT,0,Coimbatore,LOW,SYNTHETIC
TXN-0001349,CASE-00160,ACC-00321,ACC-00688,75911,2026-01-07T18:26:00.000Z,UPI,1,Coimbatore,HIGH,SYNTHETIC
TXN-0001350,CASE-00161,ACC-01338,ACC-00263,18318,2026-01-06T22:00:00.000Z,TRANSFER,0,Pune,LOW,SYNTHETIC
TXN-0001351,CASE-00161,ACC-01339,ACC-00264,13448,2026-01-07T05:57:00.000Z,NEFT,0,Pune,LOW,SYNTHETIC
TXN-0001352,CASE-00161,ACC-01340,ACC-00265,8821,2026-01-07T12:54:00.000Z,IMPS,0,Pune,LOW,SYNTHETIC
TXN-0001353,CASE-00161,ACC-01341,ACC-00266,14416,2026-01-06T23:51:00.000Z,UPI,0,Pune,LOW,SYNTHETIC
TXN-0001354,CASE-00161,ACC-01342,ACC-00267,13972,2026-01-07T04:48:00.000Z,IMPS,0,Pune,LOW,SYNTHETIC
TXN-0001355,CASE-00161,ACC-01343,ACC-00268,18904,2026-01-07T10:45:00.000Z,UPI,0,Pune,LOW,SYNTHETIC
TXN-0001356,CASE-00161,ACC-01344,ACC-00269,7007,2026-01-07T15:42:00.000Z,IMPS,0,Pune,LOW,SYNTHETIC
TXN-0001357,CASE-00161,ACC-01345,ACC-00270,14651,2026-01-06T20:39:00.000Z,IMPS,0,Pune,LOW,SYNTHETIC
TXN-0001358,CASE-00162,ACC-01355,ACC-00282,7663,2026-01-06T23:00:00.000Z,UPI,0,Vijayawada,LOW,SYNTHETIC
TXN-0001359,CASE-00162,ACC-01356,ACC-00283,9621,2026-01-07T08:57:00.000Z,TRANSFER,0,Vijayawada,LOW,SYNTHETIC
TXN-0001360,CASE-00162,ACC-01357,ACC-00284,21115,2026-01-07T03:54:00.000Z,NEFT,0,Vijayawada,LOW,SYNTHETIC
TXN-0001361,CASE-00162,ACC-01358,ACC-00285,3256,2026-01-07T13:51:00.000Z,TRANSFER,0,Vijayawada,LOW,SYNTHETIC
TXN-0001362,CASE-00162,ACC-01359,ACC-00286,1546,2026-01-07T02:48:00.000Z,NEFT,0,Vijayawada,LOW,SYNTHETIC
TXN-0001363,CASE-00162,ACC-01360,ACC-00287,21360,2026-01-07T06:45:00.000Z,NEFT,0,Vijayawada,LOW,SYNTHETIC
TXN-0001364,CASE-00162,ACC-01361,ACC-00288,4440,2026-01-07T04:42:00.000Z,TRANSFER,0,Vijayawada,LOW,SYNTHETIC
TXN-0001365,CASE-00163,ACC-01372,ACC-00301,15871,2026-01-07T02:00:00.000Z,IMPS,0,Chennai,LOW,SYNTHETIC
TXN-0001366,CASE-00163,ACC-01373,ACC-00302,18821,2026-01-07T04:57:00.000Z,UPI,0,Chennai,LOW,SYNTHETIC
TXN-0001367,CASE-00163,ACC-01374,ACC-00303,21193,2026-01-07T15:54:00.000Z,TRANSFER,0,Chennai,LOW,SYNTHETIC
TXN-0001368,CASE-00163,ACC-01375,ACC-00304,12913,2026-01-07T06:51:00.000Z,TRANSFER,0,Chennai,LOW,SYNTHETIC
TXN-0001369,CASE-00163,ACC-01376,ACC-00305,11628,2026-01-07T04:48:00.000Z,TRANSFER,0,Chennai,LOW,SYNTHETIC
TXN-0001370,CASE-00163,ACC-01377,ACC-00306,2095,2026-01-07T00:45:00.000Z,NEFT,0,Chennai,LOW,SYNTHETIC
TXN-0001371,CASE-00163,ACC-01378,ACC-00307,6833,2026-01-07T13:42:00.000Z,TRANSFER,0,Chennai,LOW,SYNTHETIC
TXN-0001372,CASE-00163,ACC-01379,ACC-00308,6967,2026-01-07T00:39:00.000Z,UPI,0,Chennai,LOW,SYNTHETIC
TXN-0001373,CASE-00164,ACC-01389,ACC-00320,21979,2026-01-07T14:00:00.000Z,TRANSFER,0,Bengaluru,LOW,SYNTHETIC
TXN-0001374,CASE-00164,ACC-01390,ACC-00321,9552,2026-01-07T01:57:00.000Z,IMPS,0,Bengaluru,LOW,SYNTHETIC
TXN-0001375,CASE-00164,ACC-01391,ACC-00322,15922,2026-01-07T05:54:00.000Z,UPI,0,Bengaluru,LOW,SYNTHETIC
TXN-0001376,CASE-00164,ACC-01392,ACC-00323,10573,2026-01-07T06:51:00.000Z,UPI,0,Bengaluru,LOW,SYNTHETIC
TXN-0001377,CASE-00164,ACC-01393,ACC-00324,15062,2026-01-07T14:48:00.000Z,IMPS,0,Bengaluru,LOW,SYNTHETIC
TXN-0001378,CASE-00164,ACC-01394,ACC-00325,11427,2026-01-07T04:45:00.000Z,IMPS,0,Bengaluru,LOW,SYNTHETIC
TXN-0001379,CASE-00164,ACC-01395,ACC-00326,21661,2026-01-07T10:42:00.000Z,TRANSFER,0,Bengaluru,LOW,SYNTHETIC
TXN-0001380,CASE-00165,ACC-00006,ACC-00339,2794,2026-01-07T01:00:00.000Z,NEFT,0,Hyderabad,LOW,SYNTHETIC
TXN-0001381,CASE-00165,ACC-00007,ACC-00340,20282,2026-01-07T04:57:00.000Z,IMPS,0,Hyderabad,LOW,SYNTHETIC
TXN-0001382,CASE-00165,ACC-00008,ACC-00341,6984,2026-01-07T11:54:00.000Z,UPI,0,Hyderabad,LOW,SYNTHETIC
TXN-0001383,CASE-00165,ACC-00009,ACC-00342,13720,2026-01-07T10:51:00.000Z,UPI,0,Hyderabad,LOW,SYNTHETIC
TXN-0001384,CASE-00165,ACC-00010,ACC-00343,6083,2026-01-07T16:48:00.000Z,IMPS,0,Hyderabad,LOW,SYNTHETIC
TXN-0001385,CASE-00165,ACC-00011,ACC-00344,931,2026-01-07T09:45:00.000Z,UPI,0,Hyderabad,LOW,SYNTHETIC
TXN-0001386,CASE-00165,ACC-00012,ACC-00345,8063,2026-01-07T15:42:00.000Z,IMPS,0,Hyderabad,LOW,SYNTHETIC
TXN-0001387,CASE-00165,ACC-00013,ACC-00346,12209,2026-01-07T15:39:00.000Z,TRANSFER,0,Hyderabad,LOW,SYNTHETIC
TXN-0001388,CASE-00165,ACC-00331,ACC-00753,29448,2026-01-07T21:27:00.000Z,UPI,1,Hyderabad,MEDIUM,SYNTHETIC
TXN-0001389,CASE-00166,ACC-00023,ACC-00358,17795,2026-01-07T21:00:00.000Z,TRANSFER,0,Coimbatore,LOW,SYNTHETIC
TXN-0001390,CASE-00166,ACC-00024,ACC-00359,9721,2026-01-07T18:57:00.000Z,NEFT,0,Coimbatore,LOW,SYNTHETIC
TXN-0001391,CASE-00166,ACC-00025,ACC-00360,11214,2026-01-07T09:54:00.000Z,TRANSFER,0,Coimbatore,LOW,SYNTHETIC
TXN-0001392,CASE-00166,ACC-00026,ACC-00361,6221,2026-01-07T06:51:00.000Z,UPI,0,Coimbatore,LOW,SYNTHETIC
TXN-0001393,CASE-00166,ACC-00027,ACC-00362,17687,2026-01-07T12:48:00.000Z,TRANSFER,0,Coimbatore,LOW,SYNTHETIC
TXN-0001394,CASE-00166,ACC-00028,ACC-00363,6834,2026-01-07T06:45:00.000Z,UPI,0,Coimbatore,LOW,SYNTHETIC
TXN-0001395,CASE-00166,ACC-00029,ACC-00364,6006,2026-01-07T19:42:00.000Z,TRANSFER,0,Coimbatore,LOW,SYNTHETIC
TXN-0001396,CASE-00166,ACC-00030,ACC-00365,1244,2026-01-07T10:39:00.000Z,IMPS,0,Coimbatore,LOW,SYNTHETIC
TXN-0001397,CASE-00166,ACC-00031,ACC-00366,15170,2026-01-07T20:36:00.000Z,NEFT,0,Coimbatore,LOW,SYNTHETIC
TXN-0001398,CASE-00166,ACC-00333,ACC-00766,12783,2026-01-07T22:13:00.000Z,NEFT,1,Coimbatore,MEDIUM,SYNTHETIC
TXN-0001399,CASE-00167,ACC-00040,ACC-00377,7857,2026-01-07T18:00:00.000Z,UPI,0,Pune,LOW,SYNTHETIC
TXN-0001400,CASE-00167,ACC-00041,ACC-00378,7868,2026-01-07T19:57:00.000Z,UPI,0,Pune,LOW,SYNTHETIC
TXN-0001401,CASE-00167,ACC-00042,ACC-00379,3029,2026-01-07T12:54:00.000Z,IMPS,0,Pune,LOW,SYNTHETIC
TXN-0001402,CASE-00167,ACC-00043,ACC-00380,11378,2026-01-07T16:51:00.000Z,UPI,0,Pune,LOW,SYNTHETIC
TXN-0001403,CASE-00167,ACC-00044,ACC-00381,646,2026-01-07T19:48:00.000Z,UPI,0,Pune,LOW,SYNTHETIC
TXN-0001404,CASE-00167,ACC-00045,ACC-00382,6194,2026-01-07T13:45:00.000Z,TRANSFER,0,Pune,LOW,SYNTHETIC
TXN-0001405,CASE-00167,ACC-00046,ACC-00383,9923,2026-01-07T02:42:00.000Z,UPI,0,Pune,LOW,SYNTHETIC
TXN-0001406,CASE-00167,ACC-00047,ACC-00384,14357,2026-01-07T08:39:00.000Z,NEFT,0,Pune,LOW,SYNTHETIC
TXN-0001407,CASE-00167,ACC-00048,ACC-00385,2812,2026-01-07T07:36:00.000Z,TRANSFER,0,Pune,LOW,SYNTHETIC
TXN-0001408,CASE-00167,ACC-00335,ACC-00779,66221,2026-01-07T23:40:00.000Z,NEFT,1,Pune,MEDIUM,SYNTHETIC
TXN-0001409,CASE-00167,ACC-00779,ACC-00780,61024,2026-01-08T01:48:00.000Z,NEFT,1,Pune,MEDIUM,SYNTHETIC
TXN-0001410,CASE-00167,ACC-00780,ACC-00781,56836,2026-01-08T04:08:00.000Z,IMPS,1,Pune,MEDIUM,SYNTHETIC
TXN-0001411,CASE-00168,ACC-00057,ACC-00396,21746,2026-01-07T18:00:00.000Z,IMPS,0,Vijayawada,LOW,SYNTHETIC
TXN-0001412,CASE-00168,ACC-00058,ACC-00397,2452,2026-01-07T15:57:00.000Z,NEFT,0,Vijayawada,LOW,SYNTHETIC
TXN-0001413,CASE-00168,ACC-00059,ACC-00398,19731,2026-01-07T07:54:00.000Z,NEFT,0,Vijayawada,LOW,SYNTHETIC
TXN-0001414,CASE-00168,ACC-00060,ACC-00399,12197,2026-01-07T10:51:00.000Z,TRANSFER,0,Vijayawada,LOW,SYNTHETIC
TXN-0001415,CASE-00168,ACC-00061,ACC-00400,7678,2026-01-07T17:48:00.000Z,UPI,0,Vijayawada,LOW,SYNTHETIC
TXN-0001416,CASE-00168,ACC-00062,ACC-00401,16709,2026-01-07T09:45:00.000Z,IMPS,0,Vijayawada,LOW,SYNTHETIC
TXN-0001417,CASE-00168,ACC-00063,ACC-00402,9669,2026-01-07T08:42:00.000Z,TRANSFER,0,Vijayawada,LOW,SYNTHETIC
TXN-0001418,CASE-00168,ACC-00064,ACC-00403,4927,2026-01-07T10:39:00.000Z,NEFT,0,Vijayawada,LOW,SYNTHETIC
TXN-0001419,CASE-00168,ACC-00065,ACC-00404,16550,2026-01-07T20:36:00.000Z,NEFT,0,Vijayawada,LOW,SYNTHETIC
TXN-0001420,CASE-00168,ACC-00337,ACC-00792,44598,2026-01-08T03:00:00.000Z,TRANSFER,1,Vijayawada,MEDIUM,SYNTHETIC
TXN-0001421,CASE-00169,ACC-00074,ACC-00415,21573,2026-01-07T22:00:00.000Z,NEFT,0,Chennai,LOW,SYNTHETIC
TXN-0001422,CASE-00169,ACC-00075,ACC-00416,16295,2026-01-07T17:57:00.000Z,IMPS,0,Chennai,LOW,SYNTHETIC
TXN-0001423,CASE-00169,ACC-00076,ACC-00417,20566,2026-01-07T11:54:00.000Z,TRANSFER,0,Chennai,LOW,SYNTHETIC
TXN-0001424,CASE-00169,ACC-00077,ACC-00418,17849,2026-01-07T15:51:00.000Z,UPI,0,Chennai,LOW,SYNTHETIC
TXN-0001425,CASE-00169,ACC-00078,ACC-00419,8044,2026-01-07T17:48:00.000Z,NEFT,0,Chennai,LOW,SYNTHETIC
TXN-0001426,CASE-00169,ACC-00079,ACC-00420,19964,2026-01-07T09:45:00.000Z,UPI,0,Chennai,LOW,SYNTHETIC
TXN-0001427,CASE-00169,ACC-00080,ACC-00421,13959,2026-01-07T14:42:00.000Z,IMPS,0,Chennai,LOW,SYNTHETIC
TXN-0001428,CASE-00169,ACC-00081,ACC-00422,18902,2026-01-07T22:39:00.000Z,IMPS,0,Chennai,LOW,SYNTHETIC
TXN-0001429,CASE-00169,ACC-00082,ACC-00423,6179,2026-01-07T07:36:00.000Z,IMPS,0,Chennai,LOW,SYNTHETIC
TXN-0001430,CASE-00169,ACC-00083,ACC-00424,16438,2026-01-07T11:33:00.000Z,NEFT,0,Chennai,LOW,SYNTHETIC
TXN-0001431,CASE-00170,ACC-00091,ACC-00434,17762,2026-01-07T16:00:00.000Z,NEFT,0,Bengaluru,LOW,SYNTHETIC
TXN-0001432,CASE-00170,ACC-00092,ACC-00435,21741,2026-01-07T13:57:00.000Z,TRANSFER,0,Bengaluru,LOW,SYNTHETIC
TXN-0001433,CASE-00170,ACC-00093,ACC-00436,20545,2026-01-07T05:54:00.000Z,UPI,0,Bengaluru,LOW,SYNTHETIC
TXN-0001434,CASE-00170,ACC-00094,ACC-00437,1424,2026-01-08T00:51:00.000Z,TRANSFER,0,Bengaluru,LOW,SYNTHETIC
TXN-0001435,CASE-00170,ACC-00095,ACC-00438,1589,2026-01-08T00:48:00.000Z,UPI,0,Bengaluru,LOW,SYNTHETIC
TXN-0001436,CASE-00170,ACC-00096,ACC-00439,19947,2026-01-07T11:45:00.000Z,TRANSFER,0,Bengaluru,LOW,SYNTHETIC
TXN-0001437,CASE-00170,ACC-00097,ACC-00440,7585,2026-01-07T11:42:00.000Z,UPI,0,Bengaluru,LOW,SYNTHETIC
TXN-0001438,CASE-00170,ACC-00098,ACC-00441,4474,2026-01-08T00:39:00.000Z,UPI,0,Bengaluru,LOW,SYNTHETIC
TXN-0001439,CASE-00171,ACC-00108,ACC-00453,9152,2026-01-08T00:00:00.000Z,UPI,0,Hyderabad,LOW,SYNTHETIC
TXN-0001440,CASE-00171,ACC-00109,ACC-00454,21260,2026-01-07T16:57:00.000Z,TRANSFER,0,Hyderabad,LOW,SYNTHETIC
TXN-0001441,CASE-00171,ACC-00110,ACC-00455,16246,2026-01-07T18:54:00.000Z,TRANSFER,0,Hyderabad,LOW,SYNTHETIC
TXN-0001442,CASE-00171,ACC-00111,ACC-00456,3884,2026-01-07T23:51:00.000Z,UPI,0,Hyderabad,LOW,SYNTHETIC
TXN-0001443,CASE-00171,ACC-00112,ACC-00457,17491,2026-01-07T19:48:00.000Z,TRANSFER,0,Hyderabad,LOW,SYNTHETIC
TXN-0001444,CASE-00171,ACC-00113,ACC-00458,17702,2026-01-07T08:45:00.000Z,IMPS,0,Hyderabad,LOW,SYNTHETIC
TXN-0001445,CASE-00171,ACC-00114,ACC-00459,14704,2026-01-08T01:42:00.000Z,NEFT,0,Hyderabad,LOW,SYNTHETIC
TXN-0001446,CASE-00171,ACC-00115,ACC-00460,2879,2026-01-07T15:39:00.000Z,TRANSFER,0,Hyderabad,LOW,SYNTHETIC
TXN-0001447,CASE-00171,ACC-00116,ACC-00461,7884,2026-01-07T09:36:00.000Z,NEFT,0,Hyderabad,LOW,SYNTHETIC
TXN-0001448,CASE-00171,ACC-00343,ACC-00831,54765,2026-01-08T03:18:00.000Z,IMPS,1,Hyderabad,MEDIUM,SYNTHETIC
TXN-0001449,CASE-00172,ACC-00125,ACC-00472,17569,2026-01-07T08:00:00.000Z,TRANSFER,0,Coimbatore,LOW,SYNTHETIC
TXN-0001450,CASE-00172,ACC-00126,ACC-00473,16171,2026-01-07T14:57:00.000Z,TRANSFER,0,Coimbatore,LOW,SYNTHETIC
TXN-0001451,CASE-00172,ACC-00127,ACC-00474,11156,2026-01-07T23:54:00.000Z,NEFT,0,Coimbatore,LOW,SYNTHETIC
TXN-0001452,CASE-00172,ACC-00128,ACC-00475,7139,2026-01-07T11:51:00.000Z,UPI,0,Coimbatore,LOW,SYNTHETIC
TXN-0001453,CASE-00172,ACC-00129,ACC-00476,13288,2026-01-07T15:48:00.000Z,NEFT,0,Coimbatore,LOW,SYNTHETIC
TXN-0001454,CASE-00172,ACC-00130,ACC-00477,21630,2026-01-07T13:45:00.000Z,UPI,0,Coimbatore,LOW,SYNTHETIC
TXN-0001455,CASE-00172,ACC-00131,ACC-00478,20031,2026-01-07T07:42:00.000Z,TRANSFER,0,Coimbatore,LOW,SYNTHETIC
TXN-0001456,CASE-00172,ACC-00132,ACC-00479,19724,2026-01-08T01:39:00.000Z,UPI,0,Coimbatore,LOW,SYNTHETIC
TXN-0001457,CASE-00172,ACC-00133,ACC-00480,16872,2026-01-07T09:36:00.000Z,NEFT,0,Coimbatore,LOW,SYNTHETIC
TXN-0001458,CASE-00172,ACC-00134,ACC-00481,4541,2026-01-07T21:33:00.000Z,TRANSFER,0,Coimbatore,LOW,SYNTHETIC
TXN-0001459,CASE-00173,ACC-00142,ACC-00491,15520,2026-01-07T16:00:00.000Z,UPI,0,Pune,LOW,SYNTHETIC
TXN-0001460,CASE-00173,ACC-00143,ACC-00492,13950,2026-01-07T14:57:00.000Z,UPI,0,Pune,LOW,SYNTHETIC
TXN-0001461,CASE-00173,ACC-00144,ACC-00493,8135,2026-01-07T11:54:00.000Z,IMPS,0,Pune,LOW,SYNTHETIC
TXN-0001462,CASE-00173,ACC-00145,ACC-00494,14229,2026-01-08T02:51:00.000Z,UPI,0,Pune,LOW,SYNTHETIC
TXN-0001463,CASE-00173,ACC-00146,ACC-00495,15964,2026-01-07T11:48:00.000Z,NEFT,0,Pune,LOW,SYNTHETIC
TXN-0001464,CASE-00173,ACC-00147,ACC-00496,11176,2026-01-07T14:45:00.000Z,TRANSFER,0,Pune,LOW,SYNTHETIC
TXN-0001465,CASE-00173,ACC-00148,ACC-00497,13386,2026-01-07T19:42:00.000Z,IMPS,0,Pune,LOW,SYNTHETIC
TXN-0001466,CASE-00173,ACC-00149,ACC-00498,20629,2026-01-07T08:39:00.000Z,TRANSFER,0,Pune,LOW,SYNTHETIC
TXN-0001467,CASE-00174,ACC-00159,ACC-00510,6593,2026-01-07T18:00:00.000Z,UPI,0,Vijayawada,LOW,SYNTHETIC
TXN-0001468,CASE-00174,ACC-00160,ACC-00511,18197,2026-01-07T14:57:00.000Z,NEFT,0,Vijayawada,LOW,SYNTHETIC
TXN-0001469,CASE-00174,ACC-00161,ACC-00512,617,2026-01-07T14:54:00.000Z,NEFT,0,Vijayawada,LOW,SYNTHETIC
TXN-0001470,CASE-00174,ACC-00162,ACC-00513,3080,2026-01-07T18:51:00.000Z,IMPS,0,Vijayawada,LOW,SYNTHETIC
TXN-0001471,CASE-00174,ACC-00163,ACC-00514,16375,2026-01-07T15:48:00.000Z,TRANSFER,0,Vijayawada,LOW,SYNTHETIC
TXN-0001472,CASE-00174,ACC-00164,ACC-00515,18589,2026-01-07T21:45:00.000Z,TRANSFER,0,Vijayawada,LOW,SYNTHETIC
TXN-0001473,CASE-00174,ACC-00165,ACC-00516,5001,2026-01-07T10:42:00.000Z,IMPS,0,Vijayawada,LOW,SYNTHETIC
TXN-0001474,CASE-00174,ACC-00166,ACC-00517,13034,2026-01-07T12:39:00.000Z,NEFT,0,Vijayawada,LOW,SYNTHETIC
TXN-0001475,CASE-00174,ACC-00349,ACC-00870,106627,2026-01-09T00:00:00.000Z,UPI,1,Vijayawada,HIGH,SYNTHETIC
TXN-0001476,CASE-00175,ACC-00176,ACC-00529,14748,2026-01-07T11:00:00.000Z,UPI,0,Chennai,LOW,SYNTHETIC
TXN-0001477,CASE-00175,ACC-00177,ACC-00530,14522,2026-01-07T12:57:00.000Z,TRANSFER,0,Chennai,LOW,SYNTHETIC
TXN-0001478,CASE-00175,ACC-00178,ACC-00531,2264,2026-01-08T04:54:00.000Z,IMPS,0,Chennai,LOW,SYNTHETIC
TXN-0001479,CASE-00175,ACC-00179,ACC-00532,8675,2026-01-08T02:51:00.000Z,UPI,0,Chennai,LOW,SYNTHETIC
TXN-0001480,CASE-00175,ACC-00180,ACC-00533,10370,2026-01-08T05:48:00.000Z,NEFT,0,Chennai,LOW,SYNTHETIC
TXN-0001481,CASE-00175,ACC-00181,ACC-00534,12277,2026-01-07T18:45:00.000Z,IMPS,0,Chennai,LOW,SYNTHETIC
TXN-0001482,CASE-00176,ACC-00193,ACC-00548,10475,2026-01-07T12:00:00.000Z,TRANSFER,0,Bengaluru,LOW,SYNTHETIC
TXN-0001483,CASE-00176,ACC-00194,ACC-00549,7103,2026-01-07T19:57:00.000Z,NEFT,0,Bengaluru,LOW,SYNTHETIC
TXN-0001484,CASE-00176,ACC-00195,ACC-00550,5157,2026-01-08T03:54:00.000Z,UPI,0,Bengaluru,LOW,SYNTHETIC
TXN-0001485,CASE-00176,ACC-00196,ACC-00551,9557,2026-01-08T02:51:00.000Z,TRANSFER,0,Bengaluru,LOW,SYNTHETIC
TXN-0001486,CASE-00176,ACC-00197,ACC-00552,13847,2026-01-07T15:48:00.000Z,IMPS,0,Bengaluru,LOW,SYNTHETIC
TXN-0001487,CASE-00176,ACC-00198,ACC-00553,18455,2026-01-07T19:45:00.000Z,IMPS,0,Bengaluru,LOW,SYNTHETIC
TXN-0001488,CASE-00177,ACC-00210,ACC-00567,11536,2026-01-08T07:00:00.000Z,UPI,0,Hyderabad,LOW,SYNTHETIC
TXN-0001489,CASE-00177,ACC-00211,ACC-00568,17114,2026-01-08T06:57:00.000Z,NEFT,0,Hyderabad,LOW,SYNTHETIC
TXN-0001490,CASE-00177,ACC-00212,ACC-00569,4162,2026-01-07T18:54:00.000Z,NEFT,0,Hyderabad,LOW,SYNTHETIC
TXN-0001491,CASE-00177,ACC-00213,ACC-00570,21961,2026-01-07T23:51:00.000Z,IMPS,0,Hyderabad,LOW,SYNTHETIC
TXN-0001492,CASE-00177,ACC-00214,ACC-00571,16945,2026-01-08T06:48:00.000Z,NEFT,0,Hyderabad,LOW,SYNTHETIC
TXN-0001493,CASE-00177,ACC-00215,ACC-00572,11098,2026-01-07T21:45:00.000Z,UPI,0,Hyderabad,LOW,SYNTHETIC
TXN-0001494,CASE-00178,ACC-00227,ACC-00586,17352,2026-01-08T02:00:00.000Z,UPI,0,Coimbatore,LOW,SYNTHETIC
TXN-0001495,CASE-00178,ACC-00228,ACC-00587,16882,2026-01-08T06:57:00.000Z,UPI,0,Coimbatore,LOW,SYNTHETIC
TXN-0001496,CASE-00178,ACC-00229,ACC-00588,14483,2026-01-08T05:54:00.000Z,UPI,0,Coimbatore,LOW,SYNTHETIC
TXN-0001497,CASE-00178,ACC-00230,ACC-00589,9381,2026-01-07T22:51:00.000Z,TRANSFER,0,Coimbatore,LOW,SYNTHETIC
TXN-0001498,CASE-00178,ACC-00231,ACC-00590,918,2026-01-08T02:48:00.000Z,IMPS,0,Coimbatore,LOW,SYNTHETIC
TXN-0001499,CASE-00178,ACC-00232,ACC-00591,16773,2026-01-08T06:45:00.000Z,IMPS,0,Coimbatore,LOW,SYNTHETIC
TXN-0001500,CASE-00178,ACC-00233,ACC-00592,3996,2026-01-07T19:42:00.000Z,TRANSFER,0,Coimbatore,LOW,SYNTHETIC
TXN-0001501,CASE-00178,ACC-00357,ACC-00922,42496,2026-01-08T12:42:00.000Z,IMPS,1,Coimbatore,MEDIUM,SYNTHETIC
TXN-0001502,CASE-00179,ACC-00244,ACC-00605,14177,2026-01-08T02:00:00.000Z,UPI,0,Pune,LOW,SYNTHETIC
TXN-0001503,CASE-00179,ACC-00245,ACC-00606,14684,2026-01-08T00:57:00.000Z,IMPS,0,Pune,LOW,SYNTHETIC
TXN-0001504,CASE-00179,ACC-00246,ACC-00607,14417,2026-01-07T22:54:00.000Z,UPI,0,Pune,LOW,SYNTHETIC
TXN-0001505,CASE-00179,ACC-00247,ACC-00608,2361,2026-01-08T00:51:00.000Z,IMPS,0,Pune,LOW,SYNTHETIC
TXN-0001506,CASE-00179,ACC-00248,ACC-00609,4803,2026-01-08T05:48:00.000Z,TRANSFER,0,Pune,LOW,SYNTHETIC
TXN-0001507,CASE-00179,ACC-00249,ACC-00610,2792,2026-01-07T18:45:00.000Z,UPI,0,Pune,LOW,SYNTHETIC
TXN-0001508,CASE-00179,ACC-00250,ACC-00611,14662,2026-01-08T01:42:00.000Z,TRANSFER,0,Pune,LOW,SYNTHETIC
TXN-0001509,CASE-00180,ACC-00261,ACC-00624,5027,2026-01-08T05:00:00.000Z,TRANSFER,0,Vijayawada,LOW,SYNTHETIC
TXN-0001510,CASE-00180,ACC-00262,ACC-00625,5830,2026-01-08T04:57:00.000Z,NEFT,0,Vijayawada,LOW,SYNTHETIC
TXN-0001511,CASE-00180,ACC-00263,ACC-00626,19391,2026-01-08T06:54:00.000Z,IMPS,0,Vijayawada,LOW,SYNTHETIC
TXN-0001512,CASE-00180,ACC-00264,ACC-00627,5322,2026-01-08T07:51:00.000Z,TRANSFER,0,Vijayawada,LOW,SYNTHETIC
TXN-0001513,CASE-00180,ACC-00265,ACC-00628,13229,2026-01-07T17:48:00.000Z,TRANSFER,0,Vijayawada,LOW,SYNTHETIC
TXN-0001514,CASE-00180,ACC-00266,ACC-00629,19986,2026-01-08T04:45:00.000Z,NEFT,0,Vijayawada,LOW,SYNTHETIC
TXN-0001515,CASE-00181,ACC-00278,ACC-00643,3157,2026-01-08T05:00:00.000Z,NEFT,0,Chennai,LOW,SYNTHETIC
TXN-0001516,CASE-00181,ACC-00279,ACC-00644,17783,2026-01-08T04:57:00.000Z,UPI,0,Chennai,LOW,SYNTHETIC
TXN-0001517,CASE-00181,ACC-00280,ACC-00645,19801,2026-01-08T07:54:00.000Z,IMPS,0,Chennai,LOW,SYNTHETIC
TXN-0001518,CASE-00181,ACC-00281,ACC-00646,3217,2026-01-07T20:51:00.000Z,IMPS,0,Chennai,LOW,SYNTHETIC
TXN-0001519,CASE-00181,ACC-00282,ACC-00647,16114,2026-01-08T00:48:00.000Z,UPI,0,Chennai,LOW,SYNTHETIC
TXN-0001520,CASE-00181,ACC-00283,ACC-00648,11682,2026-01-07T21:45:00.000Z,TRANSFER,0,Chennai,LOW,SYNTHETIC
TXN-0001521,CASE-00181,ACC-00284,ACC-00649,20396,2026-01-08T06:42:00.000Z,TRANSFER,0,Chennai,LOW,SYNTHETIC
TXN-0001522,CASE-00181,ACC-00285,ACC-00650,13994,2026-01-08T09:39:00.000Z,NEFT,0,Chennai,LOW,SYNTHETIC
TXN-0001523,CASE-00181,ACC-00363,ACC-00961,86177,2026-01-08T13:11:00.000Z,IMPS,1,Chennai,HIGH,SYNTHETIC
TXN-0001524,CASE-00182,ACC-00295,ACC-00662,8997,2026-01-08T03:00:00.000Z,NEFT,0,Bengaluru,LOW,SYNTHETIC
TXN-0001525,CASE-00182,ACC-00296,ACC-00663,7086,2026-01-07T17:57:00.000Z,IMPS,0,Bengaluru,LOW,SYNTHETIC
TXN-0001526,CASE-00182,ACC-00297,ACC-00664,16475,2026-01-07T19:54:00.000Z,NEFT,0,Bengaluru,LOW,SYNTHETIC
TXN-0001527,CASE-00182,ACC-00298,ACC-00665,19464,2026-01-08T01:51:00.000Z,NEFT,0,Bengaluru,LOW,SYNTHETIC
TXN-0001528,CASE-00182,ACC-00299,ACC-00666,17792,2026-01-08T10:48:00.000Z,UPI,0,Bengaluru,LOW,SYNTHETIC
TXN-0001529,CASE-00182,ACC-00300,ACC-00667,7682,2026-01-08T10:45:00.000Z,IMPS,0,Bengaluru,LOW,SYNTHETIC
TXN-0001530,CASE-00182,ACC-00301,ACC-00668,12395,2026-01-08T00:42:00.000Z,IMPS,0,Bengaluru,LOW,SYNTHETIC
TXN-0001531,CASE-00182,ACC-00302,ACC-00669,4409,2026-01-08T05:39:00.000Z,IMPS,0,Bengaluru,LOW,SYNTHETIC
TXN-0001532,CASE-00182,ACC-00303,ACC-00670,9624,2026-01-07T19:36:00.000Z,NEFT,0,Bengaluru,LOW,SYNTHETIC
TXN-0001533,CASE-00183,ACC-00312,ACC-00681,8751,2026-01-08T11:00:00.000Z,IMPS,0,Hyderabad,LOW,SYNTHETIC
TXN-0001534,CASE-00183,ACC-00313,ACC-00682,1118,2026-01-08T13:57:00.000Z,TRANSFER,0,Hyderabad,LOW,SYNTHETIC
TXN-0001535,CASE-00183,ACC-00314,ACC-00683,12155,2026-01-08T13:54:00.000Z,TRANSFER,0,Hyderabad,LOW,SYNTHETIC
TXN-0001536,CASE-00183,ACC-00315,ACC-00684,20611,2026-01-07T22:51:00.000Z,NEFT,0,Hyderabad,LOW,SYNTHETIC
TXN-0001537,CASE-00183,ACC-00316,ACC-00685,14326,2026-01-08T06:48:00.000Z,NEFT,0,Hyderabad,LOW,SYNTHETIC
TXN-0001538,CASE-00183,ACC-00317,ACC-00686,7332,2026-01-07T23:45:00.000Z,IMPS,0,Hyderabad,LOW,SYNTHETIC
TXN-0001539,CASE-00183,ACC-00318,ACC-00687,17603,2026-01-07T22:42:00.000Z,IMPS,0,Hyderabad,LOW,SYNTHETIC
TXN-0001540,CASE-00183,ACC-00319,ACC-00688,3398,2026-01-07T19:39:00.000Z,UPI,0,Hyderabad,LOW,SYNTHETIC
TXN-0001541,CASE-00183,ACC-00320,ACC-00689,15148,2026-01-08T02:36:00.000Z,IMPS,0,Hyderabad,LOW,SYNTHETIC
TXN-0001542,CASE-00183,ACC-00321,ACC-00690,1252,2026-01-08T02:33:00.000Z,TRANSFER,0,Hyderabad,LOW,SYNTHETIC
TXN-0001543,CASE-00184,ACC-00329,ACC-00700,21854,2026-01-08T13:00:00.000Z,TRANSFER,0,Coimbatore,LOW,SYNTHETIC
TXN-0001544,CASE-00184,ACC-00330,ACC-00701,16333,2026-01-08T11:57:00.000Z,NEFT,0,Coimbatore,LOW,SYNTHETIC
TXN-0001545,CASE-00184,ACC-00331,ACC-00702,7588,2026-01-08T05:54:00.000Z,NEFT,0,Coimbatore,LOW,SYNTHETIC
TXN-0001546,CASE-00184,ACC-00332,ACC-00703,10018,2026-01-08T08:51:00.000Z,NEFT,0,Coimbatore,LOW,SYNTHETIC
TXN-0001547,CASE-00184,ACC-00333,ACC-00704,8922,2026-01-08T07:48:00.000Z,UPI,0,Coimbatore,LOW,SYNTHETIC
TXN-0001548,CASE-00184,ACC-00334,ACC-00705,14622,2026-01-08T08:45:00.000Z,TRANSFER,0,Coimbatore,LOW,SYNTHETIC
TXN-0001549,CASE-00184,ACC-00335,ACC-00706,20733,2026-01-08T01:42:00.000Z,NEFT,0,Coimbatore,LOW,SYNTHETIC
TXN-0001550,CASE-00184,ACC-00336,ACC-00707,7030,2026-01-08T06:39:00.000Z,IMPS,0,Coimbatore,LOW,SYNTHETIC
TXN-0001551,CASE-00184,ACC-00337,ACC-00708,10617,2026-01-07T20:36:00.000Z,NEFT,0,Coimbatore,LOW,SYNTHETIC
TXN-0001552,CASE-00185,ACC-00346,ACC-00719,17982,2026-01-08T01:00:00.000Z,IMPS,0,Pune,LOW,SYNTHETIC
TXN-0001553,CASE-00185,ACC-00347,ACC-00720,6613,2026-01-08T00:57:00.000Z,NEFT,0,Pune,LOW,SYNTHETIC
TXN-0001554,CASE-00185,ACC-00348,ACC-00721,18725,2026-01-08T14:54:00.000Z,IMPS,0,Pune,LOW,SYNTHETIC
TXN-0001555,CASE-00185,ACC-00349,ACC-00722,8299,2026-01-08T03:51:00.000Z,NEFT,0,Pune,LOW,SYNTHETIC
TXN-0001556,CASE-00185,ACC-00350,ACC-00723,14911,2026-01-07T22:48:00.000Z,TRANSFER,0,Pune,LOW,SYNTHETIC
TXN-0001557,CASE-00185,ACC-00351,ACC-00724,12018,2026-01-08T06:45:00.000Z,TRANSFER,0,Pune,LOW,SYNTHETIC
TXN-0001558,CASE-00185,ACC-00352,ACC-00725,1821,2026-01-08T15:42:00.000Z,UPI,0,Pune,LOW,SYNTHETIC
TXN-0001559,CASE-00185,ACC-00353,ACC-00726,11826,2026-01-08T05:39:00.000Z,IMPS,0,Pune,LOW,SYNTHETIC
TXN-0001560,CASE-00185,ACC-00354,ACC-00727,10931,2026-01-08T14:36:00.000Z,IMPS,0,Pune,LOW,SYNTHETIC
TXN-0001561,CASE-00186,ACC-00363,ACC-00738,5337,2026-01-07T23:00:00.000Z,NEFT,0,Vijayawada,LOW,SYNTHETIC
TXN-0001562,CASE-00186,ACC-00364,ACC-00739,15660,2026-01-08T08:57:00.000Z,UPI,0,Vijayawada,LOW,SYNTHETIC
TXN-0001563,CASE-00186,ACC-00365,ACC-00740,18300,2026-01-08T06:54:00.000Z,UPI,0,Vijayawada,LOW,SYNTHETIC
TXN-0001564,CASE-00186,ACC-00366,ACC-00741,626,2026-01-08T00:51:00.000Z,IMPS,0,Vijayawada,LOW,SYNTHETIC
TXN-0001565,CASE-00186,ACC-00367,ACC-00742,1275,2026-01-08T06:48:00.000Z,IMPS,0,Vijayawada,LOW,SYNTHETIC
TXN-0001566,CASE-00186,ACC-00368,ACC-00743,21028,2026-01-08T01:45:00.000Z,TRANSFER,0,Vijayawada,LOW,SYNTHETIC
TXN-0001567,CASE-00186,ACC-00369,ACC-00744,14778,2026-01-08T06:42:00.000Z,IMPS,0,Vijayawada,LOW,SYNTHETIC
TXN-0001568,CASE-00186,ACC-00370,ACC-00745,18718,2026-01-08T16:39:00.000Z,TRANSFER,0,Vijayawada,LOW,SYNTHETIC
TXN-0001569,CASE-00187,ACC-00380,ACC-00757,9249,2026-01-08T15:00:00.000Z,TRANSFER,0,Chennai,LOW,SYNTHETIC
TXN-0001570,CASE-00187,ACC-00381,ACC-00758,13725,2026-01-08T13:57:00.000Z,UPI,0,Chennai,LOW,SYNTHETIC
TXN-0001571,CASE-00187,ACC-00382,ACC-00759,15450,2026-01-08T12:54:00.000Z,UPI,0,Chennai,LOW,SYNTHETIC
TXN-0001572,CASE-00187,ACC-00383,ACC-00760,15326,2026-01-08T14:51:00.000Z,TRANSFER,0,Chennai,LOW,SYNTHETIC
TXN-0001573,CASE-00187,ACC-00384,ACC-00761,19341,2026-01-08T12:48:00.000Z,NEFT,0,Chennai,LOW,SYNTHETIC
TXN-0001574,CASE-00187,ACC-00385,ACC-00762,20419,2026-01-08T09:45:00.000Z,IMPS,0,Chennai,LOW,SYNTHETIC
TXN-0001575,CASE-00187,ACC-00386,ACC-00763,16959,2026-01-08T15:42:00.000Z,IMPS,0,Chennai,LOW,SYNTHETIC
TXN-0001576,CASE-00187,ACC-00387,ACC-00764,9097,2026-01-08T10:39:00.000Z,UPI,0,Chennai,LOW,SYNTHETIC
TXN-0001577,CASE-00187,ACC-00388,ACC-00765,2131,2026-01-08T09:36:00.000Z,IMPS,0,Chennai,LOW,SYNTHETIC
TXN-0001578,CASE-00188,ACC-00397,ACC-00776,18210,2026-01-08T10:00:00.000Z,UPI,0,Bengaluru,LOW,SYNTHETIC
TXN-0001579,CASE-00188,ACC-00398,ACC-00777,5745,2026-01-08T11:57:00.000Z,UPI,0,Bengaluru,LOW,SYNTHETIC
TXN-0001580,CASE-00188,ACC-00399,ACC-00778,7800,2026-01-08T00:54:00.000Z,IMPS,0,Bengaluru,LOW,SYNTHETIC
TXN-0001581,CASE-00188,ACC-00400,ACC-00779,4798,2026-01-08T16:51:00.000Z,TRANSFER,0,Bengaluru,LOW,SYNTHETIC
TXN-0001582,CASE-00188,ACC-00401,ACC-00780,15701,2026-01-08T01:48:00.000Z,TRANSFER,0,Bengaluru,LOW,SYNTHETIC
TXN-0001583,CASE-00188,ACC-00402,ACC-00781,9581,2026-01-08T09:45:00.000Z,TRANSFER,0,Bengaluru,LOW,SYNTHETIC
TXN-0001584,CASE-00188,ACC-00403,ACC-00782,7188,2026-01-08T18:42:00.000Z,TRANSFER,0,Bengaluru,LOW,SYNTHETIC
TXN-0001585,CASE-00188,ACC-00404,ACC-00783,6257,2026-01-08T16:39:00.000Z,TRANSFER,0,Bengaluru,LOW,SYNTHETIC
TXN-0001586,CASE-00188,ACC-00405,ACC-00784,8630,2026-01-08T12:36:00.000Z,IMPS,0,Bengaluru,LOW,SYNTHETIC
TXN-0001587,CASE-00188,ACC-00377,ACC-01052,58831,2026-01-08T22:49:00.000Z,UPI,1,Bengaluru,MEDIUM,SYNTHETIC
TXN-0001588,CASE-00189,ACC-00414,ACC-00795,15768,2026-01-08T11:00:00.000Z,IMPS,0,Hyderabad,LOW,SYNTHETIC
TXN-0001589,CASE-00189,ACC-00415,ACC-00796,7862,2026-01-08T13:57:00.000Z,IMPS,0,Hyderabad,LOW,SYNTHETIC
TXN-0001590,CASE-00189,ACC-00416,ACC-00797,14807,2026-01-08T00:54:00.000Z,UPI,0,Hyderabad,LOW,SYNTHETIC
TXN-0001591,CASE-00189,ACC-00417,ACC-00798,13820,2026-01-08T07:51:00.000Z,UPI,0,Hyderabad,LOW,SYNTHETIC
TXN-0001592,CASE-00189,ACC-00418,ACC-00799,1068,2026-01-08T09:48:00.000Z,TRANSFER,0,Hyderabad,LOW,SYNTHETIC
TXN-0001593,CASE-00189,ACC-00419,ACC-00800,1338,2026-01-08T17:45:00.000Z,TRANSFER,0,Hyderabad,LOW,SYNTHETIC
TXN-0001594,CASE-00189,ACC-00420,ACC-00801,12410,2026-01-08T11:42:00.000Z,TRANSFER,0,Hyderabad,LOW,SYNTHETIC
TXN-0001595,CASE-00189,ACC-00421,ACC-00802,13759,2026-01-08T15:39:00.000Z,TRANSFER,0,Hyderabad,LOW,SYNTHETIC
TXN-0001596,CASE-00189,ACC-00379,ACC-01065,21877,2026-01-09T23:00:00.000Z,IMPS,1,Hyderabad,MEDIUM,SYNTHETIC
TXN-0001597,CASE-00190,ACC-00431,ACC-00814,1949,2026-01-08T11:00:00.000Z,UPI,0,Coimbatore,LOW,SYNTHETIC
TXN-0001598,CASE-00190,ACC-00432,ACC-00815,11255,2026-01-08T18:57:00.000Z,TRANSFER,0,Coimbatore,LOW,SYNTHETIC
TXN-0001599,CASE-00190,ACC-00433,ACC-00816,14648,2026-01-08T03:54:00.000Z,NEFT,0,Coimbatore,LOW,SYNTHETIC
TXN-0001600,CASE-00190,ACC-00434,ACC-00817,9778,2026-01-08T13:51:00.000Z,IMPS,0,Coimbatore,LOW,SYNTHETIC
TXN-0001601,CASE-00190,ACC-00435,ACC-00818,15947,2026-01-08T02:48:00.000Z,TRANSFER,0,Coimbatore,LOW,SYNTHETIC
TXN-0001602,CASE-00190,ACC-00436,ACC-00819,16207,2026-01-08T09:45:00.000Z,UPI,0,Coimbatore,LOW,SYNTHETIC
TXN-0001603,CASE-00190,ACC-00437,ACC-00820,18277,2026-01-08T11:42:00.000Z,IMPS,0,Coimbatore,LOW,SYNTHETIC
TXN-0001604,CASE-00190,ACC-00438,ACC-00821,15005,2026-01-08T12:39:00.000Z,NEFT,0,Coimbatore,LOW,SYNTHETIC
TXN-0001605,CASE-00190,ACC-00439,ACC-00822,20407,2026-01-08T16:36:00.000Z,UPI,0,Coimbatore,LOW,SYNTHETIC
TXN-0001606,CASE-00191,ACC-00448,ACC-00833,18394,2026-01-08T14:00:00.000Z,UPI,0,Pune,LOW,SYNTHETIC
TXN-0001607,CASE-00191,ACC-00449,ACC-00834,19703,2026-01-08T04:57:00.000Z,UPI,0,Pune,LOW,SYNTHETIC
TXN-0001608,CASE-00191,ACC-00450,ACC-00835,20624,2026-01-08T15:54:00.000Z,NEFT,0,Pune,LOW,SYNTHETIC
TXN-0001609,CASE-00191,ACC-00451,ACC-00836,11589,2026-01-08T20:51:00.000Z,TRANSFER,0,Pune,LOW,SYNTHETIC
TXN-0001610,CASE-00191,ACC-00452,ACC-00837,6199,2026-01-08T08:48:00.000Z,NEFT,0,Pune,LOW,SYNTHETIC
TXN-0001611,CASE-00191,ACC-00453,ACC-00838,8458,2026-01-08T17:45:00.000Z,TRANSFER,0,Pune,LOW,SYNTHETIC
TXN-0001612,CASE-00191,ACC-00454,ACC-00839,813,2026-01-08T20:42:00.000Z,IMPS,0,Pune,LOW,SYNTHETIC
TXN-0001613,CASE-00191,ACC-00383,ACC-01091,25554,2026-01-08T23:07:00.000Z,NEFT,1,Pune,MEDIUM,SYNTHETIC
TXN-0001614,CASE-00192,ACC-00465,ACC-00852,12423,2026-01-08T08:00:00.000Z,IMPS,0,Vijayawada,LOW,SYNTHETIC
TXN-0001615,CASE-00192,ACC-00466,ACC-00853,5087,2026-01-08T14:57:00.000Z,IMPS,0,Vijayawada,LOW,SYNTHETIC
TXN-0001616,CASE-00192,ACC-00467,ACC-00854,12050,2026-01-08T06:54:00.000Z,IMPS,0,Vijayawada,LOW,SYNTHETIC
TXN-0001617,CASE-00192,ACC-00468,ACC-00855,7987,2026-01-08T19:51:00.000Z,NEFT,0,Vijayawada,LOW,SYNTHETIC
TXN-0001618,CASE-00192,ACC-00469,ACC-00856,12050,2026-01-08T22:48:00.000Z,IMPS,0,Vijayawada,LOW,SYNTHETIC
TXN-0001619,CASE-00192,ACC-00470,ACC-00857,6499,2026-01-08T12:45:00.000Z,UPI,0,Vijayawada,LOW,SYNTHETIC
TXN-0001620,CASE-00192,ACC-00471,ACC-00858,12080,2026-01-08T21:42:00.000Z,TRANSFER,0,Vijayawada,LOW,SYNTHETIC
TXN-0001621,CASE-00192,ACC-00472,ACC-00859,14025,2026-01-08T03:39:00.000Z,TRANSFER,0,Vijayawada,LOW,SYNTHETIC
TXN-0001622,CASE-00192,ACC-00473,ACC-00860,5595,2026-01-08T14:36:00.000Z,NEFT,0,Vijayawada,LOW,SYNTHETIC
TXN-0001623,CASE-00192,ACC-00385,ACC-01104,42672,2026-01-09T01:25:00.000Z,UPI,1,Vijayawada,MEDIUM,SYNTHETIC
TXN-0001624,CASE-00192,ACC-01104,ACC-01105,38798,2026-01-09T03:28:00.000Z,TRANSFER,1,Vijayawada,MEDIUM,SYNTHETIC
TXN-0001625,CASE-00192,ACC-01105,ACC-01106,35973,2026-01-09T06:28:00.000Z,TRANSFER,1,Vijayawada,MEDIUM,SYNTHETIC
TXN-0001626,CASE-00193,ACC-00482,ACC-00871,15062,2026-01-08T08:00:00.000Z,IMPS,0,Chennai,LOW,SYNTHETIC
TXN-0001627,CASE-00193,ACC-00483,ACC-00872,8681,2026-01-08T13:57:00.000Z,NEFT,0,Chennai,LOW,SYNTHETIC
TXN-0001628,CASE-00193,ACC-00484,ACC-00873,16967,2026-01-08T18:54:00.000Z,UPI,0,Chennai,LOW,SYNTHETIC
TXN-0001629,CASE-00193,ACC-00485,ACC-00874,20434,2026-01-08T12:51:00.000Z,NEFT,0,Chennai,LOW,SYNTHETIC
TXN-0001630,CASE-00193,ACC-00486,ACC-00875,8861,2026-01-08T08:48:00.000Z,TRANSFER,0,Chennai,LOW,SYNTHETIC
TXN-0001631,CASE-00193,ACC-00487,ACC-00876,11394,2026-01-08T13:45:00.000Z,TRANSFER,0,Chennai,LOW,SYNTHETIC
TXN-0001632,CASE-00193,ACC-00488,ACC-00877,15946,2026-01-08T16:42:00.000Z,NEFT,0,Chennai,LOW,SYNTHETIC
TXN-0001633,CASE-00193,ACC-00489,ACC-00878,15235,2026-01-08T05:39:00.000Z,TRANSFER,0,Chennai,LOW,SYNTHETIC
TXN-0001634,CASE-00193,ACC-00490,ACC-00879,10970,2026-01-08T05:36:00.000Z,TRANSFER,0,Chennai,LOW,SYNTHETIC
TXN-0001635,CASE-00194,ACC-00499,ACC-00890,20561,2026-01-08T19:00:00.000Z,NEFT,0,Bengaluru,LOW,SYNTHETIC
TXN-0001636,CASE-00194,ACC-00500,ACC-00891,7342,2026-01-08T07:57:00.000Z,IMPS,0,Bengaluru,LOW,SYNTHETIC
TXN-0001637,CASE-00194,ACC-00501,ACC-00892,5402,2026-01-09T00:54:00.000Z,TRANSFER,0,Bengaluru,LOW,SYNTHETIC
TXN-0001638,CASE-00194,ACC-00502,ACC-00893,10210,2026-01-09T00:51:00.000Z,TRANSFER,0,Bengaluru,LOW,SYNTHETIC
TXN-0001639,CASE-00194,ACC-00503,ACC-00894,12347,2026-01-08T08:48:00.000Z,UPI,0,Bengaluru,LOW,SYNTHETIC
TXN-0001640,CASE-00194,ACC-00504,ACC-00895,11394,2026-01-08T15:45:00.000Z,NEFT,0,Bengaluru,LOW,SYNTHETIC
TXN-0001641,CASE-00195,ACC-00516,ACC-00909,18573,2026-01-08T14:00:00.000Z,IMPS,0,Hyderabad,LOW,SYNTHETIC
TXN-0001642,CASE-00195,ACC-00517,ACC-00910,12402,2026-01-08T06:57:00.000Z,NEFT,0,Hyderabad,LOW,SYNTHETIC
TXN-0001643,CASE-00195,ACC-00518,ACC-00911,6549,2026-01-08T15:54:00.000Z,NEFT,0,Hyderabad,LOW,SYNTHETIC
TXN-0001644,CASE-00195,ACC-00519,ACC-00912,10072,2026-01-08T13:51:00.000Z,IMPS,0,Hyderabad,LOW,SYNTHETIC
TXN-0001645,CASE-00195,ACC-00520,ACC-00913,20139,2026-01-08T13:48:00.000Z,TRANSFER,0,Hyderabad,LOW,SYNTHETIC
TXN-0001646,CASE-00195,ACC-00521,ACC-00914,901,2026-01-08T14:45:00.000Z,IMPS,0,Hyderabad,LOW,SYNTHETIC
TXN-0001647,CASE-00195,ACC-00522,ACC-00915,10224,2026-01-08T19:42:00.000Z,TRANSFER,0,Hyderabad,LOW,SYNTHETIC
TXN-0001648,CASE-00195,ACC-00523,ACC-00916,21720,2026-01-08T06:39:00.000Z,TRANSFER,0,Hyderabad,LOW,SYNTHETIC
TXN-0001649,CASE-00195,ACC-00524,ACC-00917,5581,2026-01-08T14:36:00.000Z,NEFT,0,Hyderabad,LOW,SYNTHETIC
TXN-0001650,CASE-00195,ACC-00525,ACC-00918,18994,2026-01-08T11:33:00.000Z,TRANSFER,0,Hyderabad,LOW,SYNTHETIC
TXN-0001651,CASE-00196,ACC-00533,ACC-00928,18756,2026-01-08T10:00:00.000Z,TRANSFER,0,Coimbatore,LOW,SYNTHETIC
TXN-0001652,CASE-00196,ACC-00534,ACC-00929,18692,2026-01-08T08:57:00.000Z,TRANSFER,0,Coimbatore,LOW,SYNTHETIC
TXN-0001653,CASE-00196,ACC-00535,ACC-00930,1436,2026-01-08T12:54:00.000Z,IMPS,0,Coimbatore,LOW,SYNTHETIC
TXN-0001654,CASE-00196,ACC-00536,ACC-00931,17029,2026-01-08T15:51:00.000Z,IMPS,0,Coimbatore,LOW,SYNTHETIC
TXN-0001655,CASE-00196,ACC-00537,ACC-00932,9902,2026-01-08T21:48:00.000Z,IMPS,0,Coimbatore,LOW,SYNTHETIC
TXN-0001656,CASE-00196,ACC-00538,ACC-00933,21228,2026-01-08T18:45:00.000Z,NEFT,0,Coimbatore,LOW,SYNTHETIC
TXN-0001657,CASE-00196,ACC-00539,ACC-00934,7688,2026-01-08T20:42:00.000Z,IMPS,0,Coimbatore,LOW,SYNTHETIC
TXN-0001658,CASE-00196,ACC-00540,ACC-00935,7236,2026-01-08T20:39:00.000Z,TRANSFER,0,Coimbatore,LOW,SYNTHETIC
TXN-0001659,CASE-00196,ACC-00541,ACC-00936,18318,2026-01-08T21:36:00.000Z,IMPS,0,Coimbatore,LOW,SYNTHETIC
TXN-0001660,CASE-00197,ACC-00550,ACC-00947,14073,2026-01-08T22:00:00.000Z,NEFT,0,Pune,LOW,SYNTHETIC
TXN-0001661,CASE-00197,ACC-00551,ACC-00948,4433,2026-01-08T20:57:00.000Z,TRANSFER,0,Pune,LOW,SYNTHETIC
TXN-0001662,CASE-00197,ACC-00552,ACC-00949,4681,2026-01-08T22:54:00.000Z,UPI,0,Pune,LOW,SYNTHETIC
TXN-0001663,CASE-00197,ACC-00553,ACC-00950,2543,2026-01-09T01:51:00.000Z,IMPS,0,Pune,LOW,SYNTHETIC
TXN-0001664,CASE-00197,ACC-00554,ACC-00951,13198,2026-01-08T22:48:00.000Z,NEFT,0,Pune,LOW,SYNTHETIC
TXN-0001665,CASE-00197,ACC-00555,ACC-00952,20551,2026-01-09T00:45:00.000Z,NEFT,0,Pune,LOW,SYNTHETIC
TXN-0001666,CASE-00197,ACC-00556,ACC-00953,12627,2026-01-08T23:42:00.000Z,TRANSFER,0,Pune,LOW,SYNTHETIC
TXN-0001667,CASE-00197,ACC-00557,ACC-00954,15075,2026-01-08T16:39:00.000Z,IMPS,0,Pune,LOW,SYNTHETIC
TXN-0001668,CASE-00197,ACC-00558,ACC-00955,6948,2026-01-08T20:36:00.000Z,NEFT,0,Pune,LOW,SYNTHETIC
TXN-0001669,CASE-00197,ACC-00559,ACC-00956,19249,2026-01-08T16:33:00.000Z,NEFT,0,Pune,LOW,SYNTHETIC
TXN-0001670,CASE-00198,ACC-00567,ACC-00966,20211,2026-01-08T16:00:00.000Z,IMPS,0,Vijayawada,LOW,SYNTHETIC
TXN-0001671,CASE-00198,ACC-00568,ACC-00967,17386,2026-01-08T11:57:00.000Z,IMPS,0,Vijayawada,LOW,SYNTHETIC
TXN-0001672,CASE-00198,ACC-00569,ACC-00968,19388,2026-01-09T02:54:00.000Z,IMPS,0,Vijayawada,LOW,SYNTHETIC
TXN-0001673,CASE-00198,ACC-00570,ACC-00969,17580,2026-01-08T13:51:00.000Z,NEFT,0,Vijayawada,LOW,SYNTHETIC
TXN-0001674,CASE-00198,ACC-00571,ACC-00970,4501,2026-01-09T01:48:00.000Z,NEFT,0,Vijayawada,LOW,SYNTHETIC
TXN-0001675,CASE-00198,ACC-00572,ACC-00971,20325,2026-01-08T14:45:00.000Z,IMPS,0,Vijayawada,LOW,SYNTHETIC
TXN-0001676,CASE-00199,ACC-00584,ACC-00985,18199,2026-01-08T13:00:00.000Z,TRANSFER,0,Chennai,LOW,SYNTHETIC
TXN-0001677,CASE-00199,ACC-00585,ACC-00986,3329,2026-01-09T01:57:00.000Z,IMPS,0,Chennai,LOW,SYNTHETIC
TXN-0001678,CASE-00199,ACC-00586,ACC-00987,1267,2026-01-08T11:54:00.000Z,UPI,0,Chennai,LOW,SYNTHETIC
TXN-0001679,CASE-00199,ACC-00587,ACC-00988,10136,2026-01-08T13:51:00.000Z,IMPS,0,Chennai,LOW,SYNTHETIC
TXN-0001680,CASE-00199,ACC-00588,ACC-00989,3692,2026-01-08T20:48:00.000Z,UPI,0,Chennai,LOW,SYNTHETIC
TXN-0001681,CASE-00199,ACC-00589,ACC-00990,2178,2026-01-08T15:45:00.000Z,UPI,0,Chennai,LOW,SYNTHETIC
TXN-0001682,CASE-00199,ACC-00590,ACC-00991,21841,2026-01-08T17:42:00.000Z,UPI,0,Chennai,LOW,SYNTHETIC
TXN-0001683,CASE-00200,ACC-00601,ACC-01004,14353,2026-01-09T02:00:00.000Z,UPI,0,Bengaluru,LOW,SYNTHETIC
TXN-0001684,CASE-00200,ACC-00602,ACC-01005,7979,2026-01-08T21:57:00.000Z,NEFT,0,Bengaluru,LOW,SYNTHETIC
TXN-0001685,CASE-00200,ACC-00603,ACC-01006,13147,2026-01-08T23:54:00.000Z,UPI,0,Bengaluru,LOW,SYNTHETIC
TXN-0001686,CASE-00200,ACC-00604,ACC-01007,2736,2026-01-09T05:51:00.000Z,IMPS,0,Bengaluru,LOW,SYNTHETIC
TXN-0001687,CASE-00200,ACC-00605,ACC-01008,16512,2026-01-08T16:48:00.000Z,TRANSFER,0,Bengaluru,LOW,SYNTHETIC
TXN-0001688,CASE-00200,ACC-00606,ACC-01009,11622,2026-01-08T17:45:00.000Z,NEFT,0,Bengaluru,LOW,SYNTHETIC
TXN-0001689,CASE-00200,ACC-00607,ACC-01010,12086,2026-01-08T15:42:00.000Z,NEFT,0,Bengaluru,LOW,SYNTHETIC
TXN-0001690,CASE-00200,ACC-00608,ACC-01011,21180,2026-01-08T17:39:00.000Z,UPI,0,Bengaluru,LOW,SYNTHETIC
TXN-0001691,CASE-00200,ACC-00609,ACC-01012,8153,2026-01-08T14:36:00.000Z,NEFT,0,Bengaluru,LOW,SYNTHETIC
TXN-0001692,CASE-00200,ACC-00401,ACC-01208,30790,2026-01-09T10:24:00.000Z,UPI,1,Bengaluru,MEDIUM,SYNTHETIC
TXN-0001693,CASE-00201,ACC-00618,ACC-01023,19373,2026-01-08T13:00:00.000Z,NEFT,0,Hyderabad,LOW,SYNTHETIC
TXN-0001694,CASE-00201,ACC-00619,ACC-01024,2561,2026-01-08T22:57:00.000Z,UPI,0,Hyderabad,LOW,SYNTHETIC
TXN-0001695,CASE-00201,ACC-00620,ACC-01025,1808,2026-01-09T03:54:00.000Z,TRANSFER,0,Hyderabad,LOW,SYNTHETIC
TXN-0001696,CASE-00201,ACC-00621,ACC-01026,5767,2026-01-08T18:51:00.000Z,UPI,0,Hyderabad,LOW,SYNTHETIC
TXN-0001697,CASE-00201,ACC-00622,ACC-01027,10708,2026-01-09T02:48:00.000Z,NEFT,0,Hyderabad,LOW,SYNTHETIC
TXN-0001698,CASE-00201,ACC-00623,ACC-01028,16459,2026-01-09T00:45:00.000Z,UPI,0,Hyderabad,LOW,SYNTHETIC
TXN-0001699,CASE-00201,ACC-00624,ACC-01029,16175,2026-01-09T06:42:00.000Z,NEFT,0,Hyderabad,LOW,SYNTHETIC
TXN-0001700,CASE-00201,ACC-00403,ACC-01221,51866,2026-01-09T09:10:00.000Z,UPI,1,Hyderabad,MEDIUM,SYNTHETIC
TXN-0001701,CASE-00202,ACC-00635,ACC-01042,16763,2026-01-09T09:00:00.000Z,NEFT,0,Coimbatore,LOW,SYNTHETIC
TXN-0001702,CASE-00202,ACC-00636,ACC-01043,8530,2026-01-09T01:57:00.000Z,NEFT,0,Coimbatore,LOW,SYNTHETIC
TXN-0001703,CASE-00202,ACC-00637,ACC-01044,11831,2026-01-09T06:54:00.000Z,NEFT,0,Coimbatore,LOW,SYNTHETIC
TXN-0001704,CASE-00202,ACC-00638,ACC-01045,13118,2026-01-08T20:51:00.000Z,TRANSFER,0,Coimbatore,LOW,SYNTHETIC
TXN-0001705,CASE-00202,ACC-00639,ACC-01046,17275,2026-01-08T22:48:00.000Z,UPI,0,Coimbatore,LOW,SYNTHETIC
TXN-0001706,CASE-00202,ACC-00640,ACC-01047,11009,2026-01-08T15:45:00.000Z,UPI,0,Coimbatore,LOW,SYNTHETIC
TXN-0001707,CASE-00202,ACC-00641,ACC-01048,6383,2026-01-09T00:42:00.000Z,IMPS,0,Coimbatore,LOW,SYNTHETIC
TXN-0001708,CASE-00202,ACC-00405,ACC-01234,19807,2026-01-09T10:46:00.000Z,NEFT,1,Coimbatore,MEDIUM,SYNTHETIC
TXN-0001709,CASE-00202,ACC-01234,ACC-01235,16722,2026-01-09T11:25:00.000Z,TRANSFER,1,Coimbatore,MEDIUM,SYNTHETIC
TXN-0001710,CASE-00203,ACC-00652,ACC-01061,8758,2026-01-09T01:00:00.000Z,NEFT,0,Pune,LOW,SYNTHETIC
TXN-0001711,CASE-00203,ACC-00653,ACC-01062,15151,2026-01-08T22:57:00.000Z,TRANSFER,0,Pune,LOW,SYNTHETIC
TXN-0001712,CASE-00203,ACC-00654,ACC-01063,7822,2026-01-08T17:54:00.000Z,TRANSFER,0,Pune,LOW,SYNTHETIC
TXN-0001713,CASE-00203,ACC-00655,ACC-01064,13923,2026-01-08T14:51:00.000Z,UPI,0,Pune,LOW,SYNTHETIC
TXN-0001714,CASE-00203,ACC-00656,ACC-01065,18736,2026-01-09T04:48:00.000Z,TRANSFER,0,Pune,LOW,SYNTHETIC
TXN-0001715,CASE-00203,ACC-00657,ACC-01066,1366,2026-01-08T14:45:00.000Z,NEFT,0,Pune,LOW,SYNTHETIC
TXN-0001716,CASE-00203,ACC-00407,ACC-01247,107401,2026-01-09T12:54:00.000Z,NEFT,1,Pune,HIGH,SYNTHETIC
TXN-0001717,CASE-00204,ACC-00669,ACC-01080,1360,2026-01-09T01:00:00.000Z,UPI,0,Vijayawada,LOW,SYNTHETIC
TXN-0001718,CASE-00204,ACC-00670,ACC-01081,18196,2026-01-09T02:57:00.000Z,TRANSFER,0,Vijayawada,LOW,SYNTHETIC
TXN-0001719,CASE-00204,ACC-00671,ACC-01082,19364,2026-01-09T06:54:00.000Z,IMPS,0,Vijayawada,LOW,SYNTHETIC
TXN-0001720,CASE-00204,ACC-00672,ACC-01083,10965,2026-01-08T22:51:00.000Z,IMPS,0,Vijayawada,LOW,SYNTHETIC
TXN-0001721,CASE-00204,ACC-00673,ACC-01084,7858,2026-01-08T15:48:00.000Z,TRANSFER,0,Vijayawada,LOW,SYNTHETIC
TXN-0001722,CASE-00204,ACC-00674,ACC-01085,17310,2026-01-08T22:45:00.000Z,TRANSFER,0,Vijayawada,LOW,SYNTHETIC
TXN-0001723,CASE-00204,ACC-00675,ACC-01086,3683,2026-01-09T01:42:00.000Z,UPI,0,Vijayawada,LOW,SYNTHETIC
TXN-0001724,CASE-00204,ACC-00676,ACC-01087,21852,2026-01-08T21:39:00.000Z,UPI,0,Vijayawada,LOW,SYNTHETIC
TXN-0001725,CASE-00205,ACC-00686,ACC-01099,14863,2026-01-09T06:00:00.000Z,UPI,0,Chennai,LOW,SYNTHETIC
TXN-0001726,CASE-00205,ACC-00687,ACC-01100,6607,2026-01-08T23:57:00.000Z,NEFT,0,Chennai,LOW,SYNTHETIC
TXN-0001727,CASE-00205,ACC-00688,ACC-01101,16949,2026-01-08T22:54:00.000Z,NEFT,0,Chennai,LOW,SYNTHETIC
TXN-0001728,CASE-00205,ACC-00689,ACC-01102,7700,2026-01-08T22:51:00.000Z,IMPS,0,Chennai,LOW,SYNTHETIC
TXN-0001729,CASE-00205,ACC-00690,ACC-01103,2744,2026-01-09T08:48:00.000Z,NEFT,0,Chennai,LOW,SYNTHETIC
TXN-0001730,CASE-00205,ACC-00691,ACC-01104,10618,2026-01-09T04:45:00.000Z,NEFT,0,Chennai,LOW,SYNTHETIC
TXN-0001731,CASE-00205,ACC-00692,ACC-01105,10068,2026-01-09T11:42:00.000Z,IMPS,0,Chennai,LOW,SYNTHETIC
TXN-0001732,CASE-00205,ACC-00693,ACC-01106,4909,2026-01-09T02:39:00.000Z,IMPS,0,Chennai,LOW,SYNTHETIC
TXN-0001733,CASE-00206,ACC-00703,ACC-01118,4939,2026-01-09T10:00:00.000Z,NEFT,0,Bengaluru,LOW,SYNTHETIC
TXN-0001734,CASE-00206,ACC-00704,ACC-01119,16108,2026-01-08T18:57:00.000Z,IMPS,0,Bengaluru,LOW,SYNTHETIC
TXN-0001735,CASE-00206,ACC-00705,ACC-01120,10935,2026-01-09T07:54:00.000Z,IMPS,0,Bengaluru,LOW,SYNTHETIC
TXN-0001736,CASE-00206,ACC-00706,ACC-01121,8034,2026-01-08T19:51:00.000Z,NEFT,0,Bengaluru,LOW,SYNTHETIC
TXN-0001737,CASE-00206,ACC-00707,ACC-01122,15728,2026-01-08T17:48:00.000Z,IMPS,0,Bengaluru,LOW,SYNTHETIC
TXN-0001738,CASE-00206,ACC-00708,ACC-01123,8342,2026-01-09T10:45:00.000Z,UPI,0,Bengaluru,LOW,SYNTHETIC
TXN-0001739,CASE-00206,ACC-00709,ACC-01124,17109,2026-01-09T02:42:00.000Z,UPI,0,Bengaluru,LOW,SYNTHETIC
TXN-0001740,CASE-00207,ACC-00720,ACC-01137,3789,2026-01-09T01:00:00.000Z,NEFT,0,Hyderabad,LOW,SYNTHETIC
TXN-0001741,CASE-00207,ACC-00721,ACC-01138,3816,2026-01-08T21:57:00.000Z,IMPS,0,Hyderabad,LOW,SYNTHETIC
TXN-0001742,CASE-00207,ACC-00722,ACC-01139,12105,2026-01-08T21:54:00.000Z,NEFT,0,Hyderabad,LOW,SYNTHETIC
TXN-0001743,CASE-00207,ACC-00723,ACC-01140,17889,2026-01-09T02:51:00.000Z,NEFT,0,Hyderabad,LOW,SYNTHETIC
TXN-0001744,CASE-00207,ACC-00724,ACC-01141,5601,2026-01-08T23:48:00.000Z,TRANSFER,0,Hyderabad,LOW,SYNTHETIC
TXN-0001745,CASE-00207,ACC-00725,ACC-01142,13438,2026-01-09T10:45:00.000Z,IMPS,0,Hyderabad,LOW,SYNTHETIC
TXN-0001746,CASE-00208,ACC-00737,ACC-01156,1041,2026-01-09T11:00:00.000Z,NEFT,0,Coimbatore,LOW,SYNTHETIC
TXN-0001747,CASE-00208,ACC-00738,ACC-01157,4727,2026-01-09T07:57:00.000Z,TRANSFER,0,Coimbatore,LOW,SYNTHETIC
TXN-0001748,CASE-00208,ACC-00739,ACC-01158,3235,2026-01-09T07:54:00.000Z,TRANSFER,0,Coimbatore,LOW,SYNTHETIC
TXN-0001749,CASE-00208,ACC-00740,ACC-01159,19820,2026-01-09T11:51:00.000Z,TRANSFER,0,Coimbatore,LOW,SYNTHETIC
TXN-0001750,CASE-00208,ACC-00741,ACC-01160,21978,2026-01-09T09:48:00.000Z,TRANSFER,0,Coimbatore,LOW,SYNTHETIC
TXN-0001751,CASE-00208,ACC-00742,ACC-01161,8294,2026-01-08T22:45:00.000Z,IMPS,0,Coimbatore,LOW,SYNTHETIC
TXN-0001752,CASE-00208,ACC-00743,ACC-01162,4853,2026-01-09T03:42:00.000Z,NEFT,0,Coimbatore,LOW,SYNTHETIC
TXN-0001753,CASE-00209,ACC-00754,ACC-01175,17230,2026-01-09T16:00:00.000Z,NEFT,0,Pune,LOW,SYNTHETIC
TXN-0001754,CASE-00209,ACC-00755,ACC-01176,13450,2026-01-09T05:57:00.000Z,IMPS,0,Pune,LOW,SYNTHETIC
TXN-0001755,CASE-00209,ACC-00756,ACC-01177,13841,2026-01-08T23:54:00.000Z,TRANSFER,0,Pune,LOW,SYNTHETIC
TXN-0001756,CASE-00209,ACC-00757,ACC-01178,15509,2026-01-08T22:51:00.000Z,NEFT,0,Pune,LOW,SYNTHETIC
TXN-0001757,CASE-00209,ACC-00758,ACC-01179,2229,2026-01-09T14:48:00.000Z,TRANSFER,0,Pune,LOW,SYNTHETIC
TXN-0001758,CASE-00209,ACC-00759,ACC-01180,1590,2026-01-09T15:45:00.000Z,NEFT,0,Pune,LOW,SYNTHETIC
TXN-0001759,CASE-00209,ACC-00760,ACC-01181,9886,2026-01-09T12:42:00.000Z,NEFT,0,Pune,LOW,SYNTHETIC
TXN-0001760,CASE-00209,ACC-00761,ACC-01182,16345,2026-01-09T12:39:00.000Z,TRANSFER,0,Pune,LOW,SYNTHETIC
TXN-0001761,CASE-00210,ACC-00771,ACC-01194,17701,2026-01-09T04:00:00.000Z,IMPS,0,Vijayawada,LOW,SYNTHETIC
TXN-0001762,CASE-00210,ACC-00772,ACC-01195,16861,2026-01-09T08:57:00.000Z,IMPS,0,Vijayawada,LOW,SYNTHETIC
TXN-0001763,CASE-00210,ACC-00773,ACC-01196,8336,2026-01-08T23:54:00.000Z,NEFT,0,Vijayawada,LOW,SYNTHETIC
TXN-0001764,CASE-00210,ACC-00774,ACC-01197,6443,2026-01-09T07:51:00.000Z,TRANSFER,0,Vijayawada,LOW,SYNTHETIC
TXN-0001765,CASE-00210,ACC-00775,ACC-01198,10269,2026-01-09T06:48:00.000Z,NEFT,0,Vijayawada,LOW,SYNTHETIC
TXN-0001766,CASE-00210,ACC-00776,ACC-01199,18129,2026-01-09T11:45:00.000Z,IMPS,0,Vijayawada,LOW,SYNTHETIC
TXN-0001767,CASE-00210,ACC-00777,ACC-01200,20073,2026-01-09T10:42:00.000Z,UPI,0,Vijayawada,LOW,SYNTHETIC
TXN-0001768,CASE-00210,ACC-00778,ACC-01201,18024,2026-01-09T03:39:00.000Z,UPI,0,Vijayawada,LOW,SYNTHETIC
TXN-0001769,CASE-00210,ACC-00779,ACC-01202,14820,2026-01-09T15:36:00.000Z,NEFT,0,Vijayawada,LOW,SYNTHETIC
TXN-0001770,CASE-00211,ACC-00788,ACC-01213,1224,2026-01-09T08:00:00.000Z,IMPS,0,Chennai,LOW,SYNTHETIC
TXN-0001771,CASE-00211,ACC-00789,ACC-01214,7354,2026-01-09T08:57:00.000Z,IMPS,0,Chennai,LOW,SYNTHETIC
TXN-0001772,CASE-00211,ACC-00790,ACC-01215,3614,2026-01-09T03:54:00.000Z,IMPS,0,Chennai,LOW,SYNTHETIC
TXN-0001773,CASE-00211,ACC-00791,ACC-01216,20496,2026-01-09T17:51:00.000Z,UPI,0,Chennai,LOW,SYNTHETIC
TXN-0001774,CASE-00211,ACC-00792,ACC-01217,15073,2026-01-09T05:48:00.000Z,IMPS,0,Chennai,LOW,SYNTHETIC
TXN-0001775,CASE-00211,ACC-00793,ACC-01218,19602,2026-01-09T11:45:00.000Z,TRANSFER,0,Chennai,LOW,SYNTHETIC
TXN-0001776,CASE-00211,ACC-00423,ACC-01351,24657,2026-01-09T19:03:00.000Z,UPI,1,Chennai,MEDIUM,SYNTHETIC
TXN-0001777,CASE-00212,ACC-00805,ACC-01232,4522,2026-01-09T06:00:00.000Z,TRANSFER,0,Bengaluru,LOW,SYNTHETIC
TXN-0001778,CASE-00212,ACC-00806,ACC-01233,6638,2026-01-09T00:57:00.000Z,IMPS,0,Bengaluru,LOW,SYNTHETIC
TXN-0001779,CASE-00212,ACC-00807,ACC-01234,9869,2026-01-09T08:54:00.000Z,NEFT,0,Bengaluru,LOW,SYNTHETIC
TXN-0001780,CASE-00212,ACC-00808,ACC-01235,14996,2026-01-09T07:51:00.000Z,UPI,0,Bengaluru,LOW,SYNTHETIC
TXN-0001781,CASE-00212,ACC-00809,ACC-01236,10494,2026-01-09T12:48:00.000Z,NEFT,0,Bengaluru,LOW,SYNTHETIC
TXN-0001782,CASE-00212,ACC-00810,ACC-01237,16683,2026-01-09T09:45:00.000Z,IMPS,0,Bengaluru,LOW,SYNTHETIC
TXN-0001783,CASE-00212,ACC-00811,ACC-01238,13496,2026-01-09T00:42:00.000Z,NEFT,0,Bengaluru,LOW,SYNTHETIC
TXN-0001784,CASE-00212,ACC-00812,ACC-01239,2088,2026-01-09T14:39:00.000Z,NEFT,0,Bengaluru,LOW,SYNTHETIC
TXN-0001785,CASE-00212,ACC-00813,ACC-01240,9477,2026-01-09T11:36:00.000Z,TRANSFER,0,Bengaluru,LOW,SYNTHETIC
TXN-0001786,CASE-00213,ACC-00822,ACC-01251,6731,2026-01-09T01:00:00.000Z,NEFT,0,Hyderabad,LOW,SYNTHETIC
TXN-0001787,CASE-00213,ACC-00823,ACC-01252,5131,2026-01-09T03:57:00.000Z,NEFT,0,Hyderabad,LOW,SYNTHETIC
TXN-0001788,CASE-00213,ACC-00824,ACC-01253,10568,2026-01-09T15:54:00.000Z,TRANSFER,0,Hyderabad,LOW,SYNTHETIC
TXN-0001789,CASE-00213,ACC-00825,ACC-01254,19984,2026-01-09T16:51:00.000Z,IMPS,0,Hyderabad,LOW,SYNTHETIC
TXN-0001790,CASE-00213,ACC-00826,ACC-01255,6485,2026-01-09T07:48:00.000Z,UPI,0,Hyderabad,LOW,SYNTHETIC
TXN-0001791,CASE-00213,ACC-00827,ACC-01256,14128,2026-01-09T10:45:00.000Z,TRANSFER,0,Hyderabad,LOW,SYNTHETIC
TXN-0001792,CASE-00213,ACC-00427,ACC-01377,64411,2026-01-09T21:25:00.000Z,IMPS,1,Hyderabad,MEDIUM,SYNTHETIC
TXN-0001793,CASE-00214,ACC-00839,ACC-01270,11385,2026-01-09T03:00:00.000Z,IMPS,0,Coimbatore,LOW,SYNTHETIC
TXN-0001794,CASE-00214,ACC-00840,ACC-01271,9316,2026-01-09T03:57:00.000Z,UPI,0,Coimbatore,LOW,SYNTHETIC
TXN-0001795,CASE-00214,ACC-00841,ACC-01272,13066,2026-01-09T17:54:00.000Z,NEFT,0,Coimbatore,LOW,SYNTHETIC
TXN-0001796,CASE-00214,ACC-00842,ACC-01273,20660,2026-01-09T11:51:00.000Z,UPI,0,Coimbatore,LOW,SYNTHETIC
TXN-0001797,CASE-00214,ACC-00843,ACC-01274,19279,2026-01-09T01:48:00.000Z,UPI,0,Coimbatore,LOW,SYNTHETIC
TXN-0001798,CASE-00214,ACC-00844,ACC-01275,18062,2026-01-09T13:45:00.000Z,UPI,0,Coimbatore,LOW,SYNTHETIC
TXN-0001799,CASE-00215,ACC-00856,ACC-01289,15111,2026-01-09T22:00:00.000Z,IMPS,0,Pune,LOW,SYNTHETIC
TXN-0001800,CASE-00215,ACC-00857,ACC-01290,6685,2026-01-09T09:57:00.000Z,IMPS,0,Pune,LOW,SYNTHETIC
TXN-0001801,CASE-00215,ACC-00858,ACC-01291,8627,2026-01-09T20:54:00.000Z,IMPS,0,Pune,LOW,SYNTHETIC
TXN-0001802,CASE-00215,ACC-00859,ACC-01292,9700,2026-01-09T04:51:00.000Z,TRANSFER,0,Pune,LOW,SYNTHETIC
TXN-0001803,CASE-00215,ACC-00860,ACC-01293,19520,2026-01-09T12:48:00.000Z,TRANSFER,0,Pune,LOW,SYNTHETIC
TXN-0001804,CASE-00215,ACC-00861,ACC-01294,18915,2026-01-09T02:45:00.000Z,NEFT,0,Pune,LOW,SYNTHETIC
TXN-0001805,CASE-00215,ACC-00862,ACC-01295,1695,2026-01-09T19:42:00.000Z,IMPS,0,Pune,LOW,SYNTHETIC
TXN-0001806,CASE-00215,ACC-00863,ACC-01296,3383,2026-01-09T17:39:00.000Z,NEFT,0,Pune,LOW,SYNTHETIC
TXN-0001807,CASE-00215,ACC-00864,ACC-01297,15760,2026-01-09T12:36:00.000Z,TRANSFER,0,Pune,LOW,SYNTHETIC
TXN-0001808,CASE-00215,ACC-00865,ACC-01298,17820,2026-01-09T12:33:00.000Z,IMPS,0,Pune,LOW,SYNTHETIC
TXN-0001809,CASE-00216,ACC-00873,ACC-01308,18412,2026-01-09T11:00:00.000Z,TRANSFER,0,Vijayawada,LOW,SYNTHETIC
TXN-0001810,CASE-00216,ACC-00874,ACC-01309,14946,2026-01-09T07:57:00.000Z,UPI,0,Vijayawada,LOW,SYNTHETIC
TXN-0001811,CASE-00216,ACC-00875,ACC-01310,18010,2026-01-09T10:54:00.000Z,IMPS,0,Vijayawada,LOW,SYNTHETIC
TXN-0001812,CASE-00216,ACC-00876,ACC-01311,15847,2026-01-09T17:51:00.000Z,NEFT,0,Vijayawada,LOW,SYNTHETIC
TXN-0001813,CASE-00216,ACC-00877,ACC-01312,2674,2026-01-09T12:48:00.000Z,NEFT,0,Vijayawada,LOW,SYNTHETIC
TXN-0001814,CASE-00216,ACC-00878,ACC-01313,18800,2026-01-09T12:45:00.000Z,NEFT,0,Vijayawada,LOW,SYNTHETIC
TXN-0001815,CASE-00216,ACC-00433,ACC-00016,82645,2026-01-10T00:17:00.000Z,NEFT,1,Vijayawada,HIGH,SYNTHETIC
TXN-0001816,CASE-00217,ACC-00890,ACC-01327,11656,2026-01-09T11:00:00.000Z,TRANSFER,0,Chennai,LOW,SYNTHETIC
TXN-0001817,CASE-00217,ACC-00891,ACC-01328,5822,2026-01-09T14:57:00.000Z,NEFT,0,Chennai,LOW,SYNTHETIC
TXN-0001818,CASE-00217,ACC-00892,ACC-01329,3918,2026-01-09T13:54:00.000Z,UPI,0,Chennai,LOW,SYNTHETIC
TXN-0001819,CASE-00217,ACC-00893,ACC-01330,4774,2026-01-09T08:51:00.000Z,IMPS,0,Chennai,LOW,SYNTHETIC
TXN-0001820,CASE-00217,ACC-00894,ACC-01331,5155,2026-01-09T12:48:00.000Z,IMPS,0,Chennai,LOW,SYNTHETIC
TXN-0001821,CASE-00217,ACC-00895,ACC-01332,21994,2026-01-09T13:45:00.000Z,TRANSFER,0,Chennai,LOW,SYNTHETIC
TXN-0001822,CASE-00217,ACC-00896,ACC-01333,13143,2026-01-09T14:42:00.000Z,TRANSFER,0,Chennai,LOW,SYNTHETIC
TXN-0001823,CASE-00217,ACC-00897,ACC-01334,6914,2026-01-09T09:39:00.000Z,IMPS,0,Chennai,LOW,SYNTHETIC
TXN-0001824,CASE-00217,ACC-00898,ACC-01335,9462,2026-01-09T16:36:00.000Z,UPI,0,Chennai,LOW,SYNTHETIC
TXN-0001825,CASE-00217,ACC-00899,ACC-01336,7591,2026-01-09T15:33:00.000Z,UPI,0,Chennai,LOW,SYNTHETIC
TXN-0001826,CASE-00217,ACC-00435,ACC-00029,66831,2026-01-10T01:53:00.000Z,IMPS,1,Chennai,MEDIUM,SYNTHETIC
TXN-0001827,CASE-00217,ACC-00029,ACC-00030,59425,2026-01-10T04:27:00.000Z,NEFT,1,Chennai,MEDIUM,SYNTHETIC
TXN-0001828,CASE-00218,ACC-00907,ACC-01346,7320,2026-01-09T11:00:00.000Z,TRANSFER,0,Bengaluru,LOW,SYNTHETIC
TXN-0001829,CASE-00218,ACC-00908,ACC-01347,8819,2026-01-09T11:57:00.000Z,NEFT,0,Bengaluru,LOW,SYNTHETIC
TXN-0001830,CASE-00218,ACC-00909,ACC-01348,9599,2026-01-09T22:54:00.000Z,UPI,0,Bengaluru,LOW,SYNTHETIC
TXN-0001831,CASE-00218,ACC-00910,ACC-01349,13221,2026-01-09T06:51:00.000Z,UPI,0,Bengaluru,LOW,SYNTHETIC
TXN-0001832,CASE-00218,ACC-00911,ACC-01350,5416,2026-01-09T19:48:00.000Z,NEFT,0,Bengaluru,LOW,SYNTHETIC
TXN-0001833,CASE-00218,ACC-00912,ACC-01351,14062,2026-01-09T14:45:00.000Z,TRANSFER,0,Bengaluru,LOW,SYNTHETIC
TXN-0001834,CASE-00218,ACC-00913,ACC-01352,13260,2026-01-09T10:42:00.000Z,UPI,0,Bengaluru,LOW,SYNTHETIC
TXN-0001835,CASE-00218,ACC-00914,ACC-01353,17454,2026-01-09T22:39:00.000Z,UPI,0,Bengaluru,LOW,SYNTHETIC
TXN-0001836,CASE-00218,ACC-00915,ACC-01354,12015,2026-01-09T08:36:00.000Z,UPI,0,Bengaluru,LOW,SYNTHETIC
TXN-0001837,CASE-00219,ACC-00924,ACC-01365,15260,2026-01-09T21:00:00.000Z,UPI,0,Hyderabad,LOW,SYNTHETIC
TXN-0001838,CASE-00219,ACC-00925,ACC-01366,20239,2026-01-09T08:57:00.000Z,TRANSFER,0,Hyderabad,LOW,SYNTHETIC
TXN-0001839,CASE-00219,ACC-00926,ACC-01367,19118,2026-01-09T14:54:00.000Z,TRANSFER,0,Hyderabad,LOW,SYNTHETIC
TXN-0001840,CASE-00219,ACC-00927,ACC-01368,13540,2026-01-10T01:51:00.000Z,NEFT,0,Hyderabad,LOW,SYNTHETIC
TXN-0001841,CASE-00219,ACC-00928,ACC-01369,8951,2026-01-09T23:48:00.000Z,TRANSFER,0,Hyderabad,LOW,SYNTHETIC
TXN-0001842,CASE-00219,ACC-00929,ACC-01370,20329,2026-01-09T20:45:00.000Z,NEFT,0,Hyderabad,LOW,SYNTHETIC
TXN-0001843,CASE-00219,ACC-00930,ACC-01371,19794,2026-01-09T12:42:00.000Z,UPI,0,Hyderabad,LOW,SYNTHETIC
TXN-0001844,CASE-00219,ACC-00439,ACC-00055,27697,2026-01-10T12:00:00.000Z,TRANSFER,1,Hyderabad,MEDIUM,SYNTHETIC
TXN-0001845,CASE-00220,ACC-00941,ACC-01384,21420,2026-01-09T14:00:00.000Z,TRANSFER,0,Coimbatore,LOW,SYNTHETIC
TXN-0001846,CASE-00220,ACC-00942,ACC-01385,3978,2026-01-09T19:57:00.000Z,IMPS,0,Coimbatore,LOW,SYNTHETIC
TXN-0001847,CASE-00220,ACC-00943,ACC-01386,3086,2026-01-09T16:54:00.000Z,NEFT,0,Coimbatore,LOW,SYNTHETIC
TXN-0001848,CASE-00220,ACC-00944,ACC-01387,8584,2026-01-09T07:51:00.000Z,IMPS,0,Coimbatore,LOW,SYNTHETIC
TXN-0001849,CASE-00220,ACC-00945,ACC-01388,2362,2026-01-09T13:48:00.000Z,NEFT,0,Coimbatore,LOW,SYNTHETIC
TXN-0001850,CASE-00220,ACC-00946,ACC-01389,5274,2026-01-09T16:45:00.000Z,IMPS,0,Coimbatore,LOW,SYNTHETIC
TXN-0001851,CASE-00220,ACC-00947,ACC-01390,18152,2026-01-09T19:42:00.000Z,NEFT,0,Coimbatore,LOW,SYNTHETIC
TXN-0001852,CASE-00221,ACC-00958,ACC-00003,20411,2026-01-09T13:00:00.000Z,NEFT,0,Pune,LOW,SYNTHETIC
TXN-0001853,CASE-00221,ACC-00959,ACC-00004,15669,2026-01-10T03:57:00.000Z,UPI,0,Pune,LOW,SYNTHETIC
TXN-0001854,CASE-00221,ACC-00960,ACC-00005,18468,2026-01-09T18:54:00.000Z,IMPS,0,Pune,LOW,SYNTHETIC
TXN-0001855,CASE-00221,ACC-00961,ACC-00006,3076,2026-01-09T09:51:00.000Z,UPI,0,Pune,LOW,SYNTHETIC
TXN-0001856,CASE-00221,ACC-00962,ACC-00007,10327,2026-01-09T10:48:00.000Z,IMPS,0,Pune,LOW,SYNTHETIC
TXN-0001857,CASE-00221,ACC-00963,ACC-00008,17581,2026-01-10T02:45:00.000Z,TRANSFER,0,Pune,LOW,SYNTHETIC
TXN-0001858,CASE-00221,ACC-00964,ACC-00009,7536,2026-01-09T15:42:00.000Z,UPI,0,Pune,LOW,SYNTHETIC
TXN-0001859,CASE-00221,ACC-00965,ACC-00010,3630,2026-01-09T16:39:00.000Z,TRANSFER,0,Pune,LOW,SYNTHETIC
TXN-0001860,CASE-00221,ACC-00966,ACC-00011,8582,2026-01-09T23:36:00.000Z,TRANSFER,0,Pune,LOW,SYNTHETIC
TXN-0001861,CASE-00221,ACC-00443,ACC-00081,20826,2026-01-10T05:03:00.000Z,IMPS,1,Pune,MEDIUM,SYNTHETIC
TXN-0001862,CASE-00222,ACC-00975,ACC-00022,21505,2026-01-09T18:00:00.000Z,UPI,0,Vijayawada,LOW,SYNTHETIC
TXN-0001863,CASE-00222,ACC-00976,ACC-00023,17611,2026-01-09T16:57:00.000Z,IMPS,0,Vijayawada,LOW,SYNTHETIC
TXN-0001864,CASE-00222,ACC-00977,ACC-00024,19152,2026-01-09T09:54:00.000Z,IMPS,0,Vijayawada,LOW,SYNTHETIC
TXN-0001865,CASE-00222,ACC-00978,ACC-00025,20594,2026-01-09T12:51:00.000Z,IMPS,0,Vijayawada,LOW,SYNTHETIC
TXN-0001866,CASE-00222,ACC-00979,ACC-00026,10925,2026-01-09T22:48:00.000Z,UPI,0,Vijayawada,LOW,SYNTHETIC
TXN-0001867,CASE-00222,ACC-00980,ACC-00027,15316,2026-01-09T16:45:00.000Z,TRANSFER,0,Vijayawada,LOW,SYNTHETIC
TXN-0001868,CASE-00222,ACC-00445,ACC-00094,95719,2026-01-10T08:19:00.000Z,IMPS,1,Vijayawada,HIGH,SYNTHETIC
TXN-0001869,CASE-00222,ACC-00094,ACC-00095,84055,2026-01-10T09:21:00.000Z,NEFT,1,Vijayawada,HIGH,SYNTHETIC
TXN-0001870,CASE-00222,ACC-00095,ACC-00096,77432,2026-01-10T11:42:00.000Z,NEFT,1,Vijayawada,HIGH,SYNTHETIC
TXN-0001871,CASE-00223,ACC-00992,ACC-00041,17809,2026-01-10T01:00:00.000Z,UPI,0,Chennai,LOW,SYNTHETIC
TXN-0001872,CASE-00223,ACC-00993,ACC-00042,10281,2026-01-09T12:57:00.000Z,IMPS,0,Chennai,LOW,SYNTHETIC
TXN-0001873,CASE-00223,ACC-00994,ACC-00043,17269,2026-01-09T23:54:00.000Z,NEFT,0,Chennai,LOW,SYNTHETIC
TXN-0001874,CASE-00223,ACC-00995,ACC-00044,12520,2026-01-10T01:51:00.000Z,IMPS,0,Chennai,LOW,SYNTHETIC
TXN-0001875,CASE-00223,ACC-00996,ACC-00045,2640,2026-01-09T18:48:00.000Z,NEFT,0,Chennai,LOW,SYNTHETIC
TXN-0001876,CASE-00223,ACC-00997,ACC-00046,13047,2026-01-09T16:45:00.000Z,NEFT,0,Chennai,LOW,SYNTHETIC
TXN-0001877,CASE-00223,ACC-00998,ACC-00047,10641,2026-01-09T18:42:00.000Z,TRANSFER,0,Chennai,LOW,SYNTHETIC
TXN-0001878,CASE-00223,ACC-00999,ACC-00048,10581,2026-01-10T05:39:00.000Z,TRANSFER,0,Chennai,LOW,SYNTHETIC
TXN-0001879,CASE-00224,ACC-01009,ACC-00060,8166,2026-01-09T16:00:00.000Z,IMPS,0,Bengaluru,LOW,SYNTHETIC
TXN-0001880,CASE-00224,ACC-01010,ACC-00061,16287,2026-01-10T01:57:00.000Z,UPI,0,Bengaluru,LOW,SYNTHETIC
TXN-0001881,CASE-00224,ACC-01011,ACC-00062,19748,2026-01-10T01:54:00.000Z,TRANSFER,0,Bengaluru,LOW,SYNTHETIC
TXN-0001882,CASE-00224,ACC-01012,ACC-00063,668,2026-01-09T22:51:00.000Z,UPI,0,Bengaluru,LOW,SYNTHETIC
TXN-0001883,CASE-00224,ACC-01013,ACC-00064,15273,2026-01-09T22:48:00.000Z,IMPS,0,Bengaluru,LOW,SYNTHETIC
TXN-0001884,CASE-00224,ACC-01014,ACC-00065,18689,2026-01-09T13:45:00.000Z,TRANSFER,0,Bengaluru,LOW,SYNTHETIC
TXN-0001885,CASE-00224,ACC-01015,ACC-00066,11039,2026-01-09T17:42:00.000Z,IMPS,0,Bengaluru,LOW,SYNTHETIC
TXN-0001886,CASE-00225,ACC-01026,ACC-00079,9089,2026-01-09T17:00:00.000Z,TRANSFER,0,Hyderabad,LOW,SYNTHETIC
TXN-0001887,CASE-00225,ACC-01027,ACC-00080,12039,2026-01-09T15:57:00.000Z,UPI,0,Hyderabad,LOW,SYNTHETIC
TXN-0001888,CASE-00225,ACC-01028,ACC-00081,21918,2026-01-09T13:54:00.000Z,UPI,0,Hyderabad,LOW,SYNTHETIC
TXN-0001889,CASE-00225,ACC-01029,ACC-00082,2774,2026-01-10T07:51:00.000Z,NEFT,0,Hyderabad,LOW,SYNTHETIC
TXN-0001890,CASE-00225,ACC-01030,ACC-00083,18368,2026-01-10T06:48:00.000Z,IMPS,0,Hyderabad,LOW,SYNTHETIC
TXN-0001891,CASE-00225,ACC-01031,ACC-00084,3849,2026-01-10T03:45:00.000Z,NEFT,0,Hyderabad,LOW,SYNTHETIC
TXN-0001892,CASE-00225,ACC-01032,ACC-00085,8889,2026-01-10T00:42:00.000Z,NEFT,0,Hyderabad,LOW,SYNTHETIC
TXN-0001893,CASE-00225,ACC-01033,ACC-00086,12555,2026-01-10T06:39:00.000Z,NEFT,0,Hyderabad,LOW,SYNTHETIC
TXN-0001894,CASE-00225,ACC-01034,ACC-00087,16207,2026-01-10T06:36:00.000Z,TRANSFER,0,Hyderabad,LOW,SYNTHETIC
TXN-0001895,CASE-00225,ACC-01035,ACC-00088,8263,2026-01-10T00:33:00.000Z,TRANSFER,0,Hyderabad,LOW,SYNTHETIC
TXN-0001896,CASE-00226,ACC-01043,ACC-00098,8637,2026-01-09T17:00:00.000Z,IMPS,0,Coimbatore,LOW,SYNTHETIC
TXN-0001897,CASE-00226,ACC-01044,ACC-00099,8881,2026-01-09T13:57:00.000Z,NEFT,0,Coimbatore,LOW,SYNTHETIC
TXN-0001898,CASE-00226,ACC-01045,ACC-00100,8403,2026-01-09T16:54:00.000Z,UPI,0,Coimbatore,LOW,SYNTHETIC
TXN-0001899,CASE-00226,ACC-01046,ACC-00101,15675,2026-01-09T23:51:00.000Z,UPI,0,Coimbatore,LOW,SYNTHETIC
TXN-0001900,CASE-00226,ACC-01047,ACC-00102,6072,2026-01-10T02:48:00.000Z,NEFT,0,Coimbatore,LOW,SYNTHETIC
TXN-0001901,CASE-00226,ACC-01048,ACC-00103,20861,2026-01-10T02:45:00.000Z,UPI,0,Coimbatore,LOW,SYNTHETIC
TXN-0001902,CASE-00226,ACC-01049,ACC-00104,14402,2026-01-10T05:42:00.000Z,TRANSFER,0,Coimbatore,LOW,SYNTHETIC
TXN-0001903,CASE-00226,ACC-00453,ACC-00146,108759,2026-01-10T10:02:00.000Z,TRANSFER,1,Coimbatore,HIGH,SYNTHETIC
TXN-0001904,CASE-00227,ACC-01060,ACC-00117,814,2026-01-10T05:00:00.000Z,UPI,0,Pune,LOW,SYNTHETIC
TXN-0001905,CASE-00227,ACC-01061,ACC-00118,9220,2026-01-10T06:57:00.000Z,NEFT,0,Pune,LOW,SYNTHETIC
TXN-0001906,CASE-00227,ACC-01062,ACC-00119,18302,2026-01-09T14:54:00.000Z,UPI,0,Pune,LOW,SYNTHETIC
TXN-0001907,CASE-00227,ACC-01063,ACC-00120,8753,2026-01-09T19:51:00.000Z,IMPS,0,Pune,LOW,SYNTHETIC
TXN-0001908,CASE-00227,ACC-01064,ACC-00121,12019,2026-01-09T18:48:00.000Z,TRANSFER,0,Pune,LOW,SYNTHETIC
TXN-0001909,CASE-00227,ACC-01065,ACC-00122,7729,2026-01-09T20:45:00.000Z,TRANSFER,0,Pune,LOW,SYNTHETIC
TXN-0001910,CASE-00227,ACC-01066,ACC-00123,14973,2026-01-10T07:42:00.000Z,UPI,0,Pune,LOW,SYNTHETIC
TXN-0001911,CASE-00227,ACC-01067,ACC-00124,15517,2026-01-10T05:39:00.000Z,UPI,0,Pune,LOW,SYNTHETIC
TXN-0001912,CASE-00227,ACC-01068,ACC-00125,18209,2026-01-09T20:36:00.000Z,TRANSFER,0,Pune,LOW,SYNTHETIC
TXN-0001913,CASE-00227,ACC-00455,ACC-00159,38104,2026-01-10T13:56:00.000Z,UPI,1,Pune,MEDIUM,SYNTHETIC
TXN-0001914,CASE-00227,ACC-00159,ACC-00160,34126,2026-01-10T16:46:00.000Z,NEFT,1,Pune,MEDIUM,SYNTHETIC
TXN-0001915,CASE-00228,ACC-01077,ACC-00136,11268,2026-01-10T11:00:00.000Z,IMPS,0,Vijayawada,LOW,SYNTHETIC
TXN-0001916,CASE-00228,ACC-01078,ACC-00137,739,2026-01-10T03:57:00.000Z,IMPS,0,Vijayawada,LOW,SYNTHETIC
TXN-0001917,CASE-00228,ACC-01079,ACC-00138,12345,2026-01-10T04:54:00.000Z,TRANSFER,0,Vijayawada,LOW,SYNTHETIC
TXN-0001918,CASE-00228,ACC-01080,ACC-00139,4441,2026-01-10T00:51:00.000Z,UPI,0,Vijayawada,LOW,SYNTHETIC
TXN-0001919,CASE-00228,ACC-01081,ACC-00140,13062,2026-01-09T15:48:00.000Z,UPI,0,Vijayawada,LOW,SYNTHETIC
TXN-0001920,CASE-00228,ACC-01082,ACC-00141,12161,2026-01-09T23:45:00.000Z,NEFT,0,Vijayawada,LOW,SYNTHETIC
TXN-0001921,CASE-00228,ACC-00457,ACC-00172,17250,2026-01-10T14:32:00.000Z,NEFT,1,Vijayawada,MEDIUM,SYNTHETIC
TXN-0001922,CASE-00229,ACC-01094,ACC-00155,10004,2026-01-10T10:00:00.000Z,NEFT,0,Chennai,LOW,SYNTHETIC
TXN-0001923,CASE-00229,ACC-01095,ACC-00156,6006,2026-01-10T10:57:00.000Z,TRANSFER,0,Chennai,LOW,SYNTHETIC
TXN-0001924,CASE-00229,ACC-01096,ACC-00157,12497,2026-01-10T02:54:00.000Z,IMPS,0,Chennai,LOW,SYNTHETIC
TXN-0001925,CASE-00229,ACC-01097,ACC-00158,1785,2026-01-09T19:51:00.000Z,TRANSFER,0,Chennai,LOW,SYNTHETIC
TXN-0001926,CASE-00229,ACC-01098,ACC-00159,13705,2026-01-09T18:48:00.000Z,UPI,0,Chennai,LOW,SYNTHETIC
TXN-0001927,CASE-00229,ACC-01099,ACC-00160,5276,2026-01-10T04:45:00.000Z,UPI,0,Chennai,LOW,SYNTHETIC
TXN-0001928,CASE-00229,ACC-00459,ACC-00185,37730,2026-01-12T01:00:00.000Z,NEFT,1,Chennai,MEDIUM,SYNTHETIC
TXN-0001929,CASE-00230,ACC-01111,ACC-00174,21977,2026-01-10T05:00:00.000Z,NEFT,0,Bengaluru,LOW,SYNTHETIC
TXN-0001930,CASE-00230,ACC-01112,ACC-00175,9850,2026-01-10T08:57:00.000Z,TRANSFER,0,Bengaluru,LOW,SYNTHETIC
TXN-0001931,CASE-00230,ACC-01113,ACC-00176,2457,2026-01-10T04:54:00.000Z,UPI,0,Bengaluru,LOW,SYNTHETIC
TXN-0001932,CASE-00230,ACC-01114,ACC-00177,13937,2026-01-09T22:51:00.000Z,TRANSFER,0,Bengaluru,LOW,SYNTHETIC
TXN-0001933,CASE-00230,ACC-01115,ACC-00178,13008,2026-01-10T09:48:00.000Z,NEFT,0,Bengaluru,LOW,SYNTHETIC
TXN-0001934,CASE-00230,ACC-01116,ACC-00179,7287,2026-01-10T09:45:00.000Z,IMPS,0,Bengaluru,LOW,SYNTHETIC
TXN-0001935,CASE-00230,ACC-01117,ACC-00180,6220,2026-01-10T09:42:00.000Z,TRANSFER,0,Bengaluru,LOW,SYNTHETIC
TXN-0001936,CASE-00230,ACC-01118,ACC-00181,7065,2026-01-09T17:39:00.000Z,IMPS,0,Bengaluru,LOW,SYNTHETIC
TXN-0001937,CASE-00231,ACC-01128,ACC-00193,14216,2026-01-10T07:00:00.000Z,IMPS,0,Hyderabad,LOW,SYNTHETIC
TXN-0001938,CASE-00231,ACC-01129,ACC-00194,11433,2026-01-10T13:57:00.000Z,NEFT,0,Hyderabad,LOW,SYNTHETIC
TXN-0001939,CASE-00231,ACC-01130,ACC-00195,12964,2026-01-10T05:54:00.000Z,TRANSFER,0,Hyderabad,LOW,SYNTHETIC
TXN-0001940,CASE-00231,ACC-01131,ACC-00196,4334,2026-01-09T21:51:00.000Z,NEFT,0,Hyderabad,LOW,SYNTHETIC
TXN-0001941,CASE-00231,ACC-01132,ACC-00197,2265,2026-01-10T13:48:00.000Z,NEFT,0,Hyderabad,LOW,SYNTHETIC
TXN-0001942,CASE-00231,ACC-01133,ACC-00198,14111,2026-01-10T01:45:00.000Z,UPI,0,Hyderabad,LOW,SYNTHETIC
TXN-0001943,CASE-00231,ACC-01134,ACC-00199,7313,2026-01-10T11:42:00.000Z,UPI,0,Hyderabad,LOW,SYNTHETIC
TXN-0001944,CASE-00231,ACC-01135,ACC-00200,15678,2026-01-10T01:39:00.000Z,TRANSFER,0,Hyderabad,LOW,SYNTHETIC
TXN-0001945,CASE-00231,ACC-01136,ACC-00201,4237,2026-01-09T23:36:00.000Z,IMPS,0,Hyderabad,LOW,SYNTHETIC
TXN-0001946,CASE-00231,ACC-00463,ACC-00211,43294,2026-01-10T15:04:00.000Z,NEFT,1,Hyderabad,MEDIUM,SYNTHETIC
TXN-0001947,CASE-00232,ACC-01145,ACC-00212,12087,2026-01-10T11:00:00.000Z,IMPS,0,Coimbatore,LOW,SYNTHETIC
TXN-0001948,CASE-00232,ACC-01146,ACC-00213,16953,2026-01-09T21:57:00.000Z,UPI,0,Coimbatore,LOW,SYNTHETIC
TXN-0001949,CASE-00232,ACC-01147,ACC-00214,5840,2026-01-10T09:54:00.000Z,NEFT,0,Coimbatore,LOW,SYNTHETIC
TXN-0001950,CASE-00232,ACC-01148,ACC-00215,14276,2026-01-10T06:51:00.000Z,UPI,0,Coimbatore,LOW,SYNTHETIC
TXN-0001951,CASE-00232,ACC-01149,ACC-00216,19087,2026-01-09T23:48:00.000Z,UPI,0,Coimbatore,LOW,SYNTHETIC
TXN-0001952,CASE-00232,ACC-01150,ACC-00217,16533,2026-01-10T01:45:00.000Z,UPI,0,Coimbatore,LOW,SYNTHETIC
TXN-0001953,CASE-00232,ACC-01151,ACC-00218,19502,2026-01-10T10:42:00.000Z,UPI,0,Coimbatore,LOW,SYNTHETIC
TXN-0001954,CASE-00232,ACC-01152,ACC-00219,17529,2026-01-10T03:39:00.000Z,UPI,0,Coimbatore,LOW,SYNTHETIC
TXN-0001955,CASE-00233,ACC-01162,ACC-00231,1118,2026-01-10T12:00:00.000Z,UPI,0,Pune,LOW,SYNTHETIC
TXN-0001956,CASE-00233,ACC-01163,ACC-00232,19607,2026-01-10T08:57:00.000Z,TRANSFER,0,Pune,LOW,SYNTHETIC
TXN-0001957,CASE-00233,ACC-01164,ACC-00233,21832,2026-01-09T20:54:00.000Z,IMPS,0,Pune,LOW,SYNTHETIC
TXN-0001958,CASE-00233,ACC-01165,ACC-00234,13204,2026-01-10T08:51:00.000Z,TRANSFER,0,Pune,LOW,SYNTHETIC
TXN-0001959,CASE-00233,ACC-01166,ACC-00235,5112,2026-01-09T20:48:00.000Z,TRANSFER,0,Pune,LOW,SYNTHETIC
TXN-0001960,CASE-00233,ACC-01167,ACC-00236,20128,2026-01-10T08:45:00.000Z,IMPS,0,Pune,LOW,SYNTHETIC
TXN-0001961,CASE-00233,ACC-00467,ACC-00237,42756,2026-01-10T17:34:00.000Z,IMPS,1,Pune,MEDIUM,SYNTHETIC
TXN-0001962,CASE-00234,ACC-01179,ACC-00250,2302,2026-01-10T08:00:00.000Z,NEFT,0,Vijayawada,LOW,SYNTHETIC
TXN-0001963,CASE-00234,ACC-01180,ACC-00251,4172,2026-01-10T15:57:00.000Z,UPI,0,Vijayawada,LOW,SYNTHETIC
TXN-0001964,CASE-00234,ACC-01181,ACC-00252,8589,2026-01-10T07:54:00.000Z,NEFT,0,Vijayawada,LOW,SYNTHETIC
TXN-0001965,CASE-00234,ACC-01182,ACC-00253,12023,2026-01-10T12:51:00.000Z,IMPS,0,Vijayawada,LOW,SYNTHETIC
TXN-0001966,CASE-00234,ACC-01183,ACC-00254,7705,2026-01-09T22:48:00.000Z,TRANSFER,0,Vijayawada,LOW,SYNTHETIC
TXN-0001967,CASE-00234,ACC-01184,ACC-00255,1233,2026-01-09T23:45:00.000Z,UPI,0,Vijayawada,LOW,SYNTHETIC
TXN-0001968,CASE-00234,ACC-01185,ACC-00256,13237,2026-01-10T04:42:00.000Z,IMPS,0,Vijayawada,LOW,SYNTHETIC
TXN-0001969,CASE-00234,ACC-01186,ACC-00257,3632,2026-01-10T10:39:00.000Z,UPI,0,Vijayawada,LOW,SYNTHETIC
TXN-0001970,CASE-00235,ACC-01196,ACC-00269,7991,2026-01-10T11:00:00.000Z,NEFT,0,Chennai,LOW,SYNTHETIC
TXN-0001971,CASE-00235,ACC-01197,ACC-00270,1194,2026-01-10T02:57:00.000Z,TRANSFER,0,Chennai,LOW,SYNTHETIC
TXN-0001972,CASE-00235,ACC-01198,ACC-00271,4598,2026-01-10T05:54:00.000Z,UPI,0,Chennai,LOW,SYNTHETIC
TXN-0001973,CASE-00235,ACC-01199,ACC-00272,6496,2026-01-10T01:51:00.000Z,UPI,0,Chennai,LOW,SYNTHETIC
TXN-0001974,CASE-00235,ACC-01200,ACC-00273,15136,2026-01-10T03:48:00.000Z,IMPS,0,Chennai,LOW,SYNTHETIC
TXN-0001975,CASE-00235,ACC-01201,ACC-00274,18948,2026-01-10T09:45:00.000Z,NEFT,0,Chennai,LOW,SYNTHETIC
TXN-0001976,CASE-00235,ACC-01202,ACC-00275,14159,2026-01-09T22:42:00.000Z,IMPS,0,Chennai,LOW,SYNTHETIC
TXN-0001977,CASE-00236,ACC-01213,ACC-00288,15816,2026-01-10T17:00:00.000Z,IMPS,0,Bengaluru,LOW,SYNTHETIC
TXN-0001978,CASE-00236,ACC-01214,ACC-00289,6877,2026-01-10T16:57:00.000Z,TRANSFER,0,Bengaluru,LOW,SYNTHETIC
TXN-0001979,CASE-00236,ACC-01215,ACC-00290,18658,2026-01-10T18:54:00.000Z,NEFT,0,Bengaluru,LOW,SYNTHETIC
TXN-0001980,CASE-00236,ACC-01216,ACC-00291,18378,2026-01-10T13:51:00.000Z,UPI,0,Bengaluru,LOW,SYNTHETIC
TXN-0001981,CASE-00236,ACC-01217,ACC-00292,18014,2026-01-10T00:48:00.000Z,IMPS,0,Bengaluru,LOW,SYNTHETIC
TXN-0001982,CASE-00236,ACC-01218,ACC-00293,16109,2026-01-10T17:45:00.000Z,IMPS,0,Bengaluru,LOW,SYNTHETIC
TXN-0001983,CASE-00236,ACC-01219,ACC-00294,8702,2026-01-10T06:42:00.000Z,NEFT,0,Bengaluru,LOW,SYNTHETIC
TXN-0001984,CASE-00237,ACC-01230,ACC-00307,3008,2026-01-10T03:00:00.000Z,IMPS,0,Hyderabad,LOW,SYNTHETIC
TXN-0001985,CASE-00237,ACC-01231,ACC-00308,2571,2026-01-10T03:57:00.000Z,UPI,0,Hyderabad,LOW,SYNTHETIC
TXN-0001986,CASE-00237,ACC-01232,ACC-00309,13156,2026-01-10T15:54:00.000Z,IMPS,0,Hyderabad,LOW,SYNTHETIC
TXN-0001987,CASE-00237,ACC-01233,ACC-00310,16962,2026-01-10T08:51:00.000Z,NEFT,0,Hyderabad,LOW,SYNTHETIC
TXN-0001988,CASE-00237,ACC-01234,ACC-00311,12245,2026-01-10T13:48:00.000Z,TRANSFER,0,Hyderabad,LOW,SYNTHETIC
TXN-0001989,CASE-00237,ACC-01235,ACC-00312,9220,2026-01-10T18:45:00.000Z,TRANSFER,0,Hyderabad,LOW,SYNTHETIC
TXN-0001990,CASE-00237,ACC-01236,ACC-00313,5452,2026-01-10T08:42:00.000Z,UPI,0,Hyderabad,LOW,SYNTHETIC
TXN-0001991,CASE-00237,ACC-00475,ACC-00289,106121,2026-01-10T22:11:00.000Z,NEFT,1,Hyderabad,HIGH,SYNTHETIC
TXN-0001992,CASE-00237,ACC-00289,ACC-00290,90369,2026-01-10T23:26:00.000Z,TRANSFER,1,Hyderabad,HIGH,SYNTHETIC
TXN-0001993,CASE-00238,ACC-01247,ACC-00326,13023,2026-01-10T09:00:00.000Z,NEFT,0,Coimbatore,LOW,SYNTHETIC
TXN-0001994,CASE-00238,ACC-01248,ACC-00327,19117,2026-01-10T15:57:00.000Z,NEFT,0,Coimbatore,LOW,SYNTHETIC
TXN-0001995,CASE-00238,ACC-01249,ACC-00328,15075,2026-01-10T12:54:00.000Z,NEFT,0,Coimbatore,LOW,SYNTHETIC
TXN-0001996,CASE-00238,ACC-01250,ACC-00329,4017,2026-01-10T12:51:00.000Z,UPI,0,Coimbatore,LOW,SYNTHETIC
TXN-0001997,CASE-00238,ACC-01251,ACC-00330,6573,2026-01-10T14:48:00.000Z,TRANSFER,0,Coimbatore,LOW,SYNTHETIC
TXN-0001998,CASE-00238,ACC-01252,ACC-00331,13733,2026-01-10T04:45:00.000Z,TRANSFER,0,Coimbatore,LOW,SYNTHETIC
TXN-0001999,CASE-00238,ACC-00477,ACC-00302,39513,2026-01-10T22:20:00.000Z,TRANSFER,1,Coimbatore,MEDIUM,SYNTHETIC
TXN-0002000,CASE-00239,ACC-01264,ACC-00345,18640,2026-01-10T22:00:00.000Z,IMPS,0,Pune,LOW,SYNTHETIC
TXN-0002001,CASE-00239,ACC-01265,ACC-00346,7726,2026-01-10T11:57:00.000Z,UPI,0,Pune,LOW,SYNTHETIC
TXN-0002002,CASE-00239,ACC-01266,ACC-00347,16481,2026-01-10T11:54:00.000Z,TRANSFER,0,Pune,LOW,SYNTHETIC
TXN-0002003,CASE-00239,ACC-01267,ACC-00348,1949,2026-01-10T09:51:00.000Z,UPI,0,Pune,LOW,SYNTHETIC
TXN-0002004,CASE-00239,ACC-01268,ACC-00349,20355,2026-01-10T09:48:00.000Z,NEFT,0,Pune,LOW,SYNTHETIC
TXN-0002005,CASE-00239,ACC-01269,ACC-00350,5928,2026-01-10T19:45:00.000Z,TRANSFER,0,Pune,LOW,SYNTHETIC
TXN-0002006,CASE-00239,ACC-01270,ACC-00351,15023,2026-01-10T03:42:00.000Z,IMPS,0,Pune,LOW,SYNTHETIC
TXN-0002007,CASE-00239,ACC-01271,ACC-00352,18237,2026-01-10T08:39:00.000Z,UPI,0,Pune,LOW,SYNTHETIC
TXN-0002008,CASE-00239,ACC-01272,ACC-00353,1532,2026-01-10T07:36:00.000Z,NEFT,0,Pune,LOW,SYNTHETIC
TXN-0002009,CASE-00240,ACC-01281,ACC-00364,3998,2026-01-10T19:00:00.000Z,UPI,0,Vijayawada,LOW,SYNTHETIC
TXN-0002010,CASE-00240,ACC-01282,ACC-00365,8344,2026-01-10T05:57:00.000Z,TRANSFER,0,Vijayawada,LOW,SYNTHETIC
TXN-0002011,CASE-00240,ACC-01283,ACC-00366,14808,2026-01-10T08:54:00.000Z,NEFT,0,Vijayawada,LOW,SYNTHETIC
TXN-0002012,CASE-00240,ACC-01284,ACC-00367,8833,2026-01-10T11:51:00.000Z,NEFT,0,Vijayawada,LOW,SYNTHETIC
TXN-0002013,CASE-00240,ACC-01285,ACC-00368,17131,2026-01-10T22:48:00.000Z,UPI,0,Vijayawada,LOW,SYNTHETIC
TXN-0002014,CASE-00240,ACC-01286,ACC-00369,6387,2026-01-10T22:45:00.000Z,TRANSFER,0,Vijayawada,LOW,SYNTHETIC
TXN-0002015,CASE-00240,ACC-01287,ACC-00370,8478,2026-01-10T03:42:00.000Z,IMPS,0,Vijayawada,LOW,SYNTHETIC
TXN-0002016,CASE-00241,ACC-01298,ACC-00383,6725,2026-01-10T19:00:00.000Z,UPI,0,Chennai,LOW,SYNTHETIC
TXN-0002017,CASE-00241,ACC-01299,ACC-00384,13035,2026-01-10T16:57:00.000Z,NEFT,0,Chennai,LOW,SYNTHETIC
TXN-0002018,CASE-00241,ACC-01300,ACC-00385,18462,2026-01-10T10:54:00.000Z,NEFT,0,Chennai,LOW,SYNTHETIC
TXN-0002019,CASE-00241,ACC-01301,ACC-00386,9544,2026-01-10T11:51:00.000Z,TRANSFER,0,Chennai,LOW,SYNTHETIC
TXN-0002020,CASE-00241,ACC-01302,ACC-00387,2427,2026-01-10T11:48:00.000Z,NEFT,0,Chennai,LOW,SYNTHETIC
TXN-0002021,CASE-00241,ACC-01303,ACC-00388,20940,2026-01-10T11:45:00.000Z,IMPS,0,Chennai,LOW,SYNTHETIC
TXN-0002022,CASE-00241,ACC-01304,ACC-00389,8918,2026-01-10T11:42:00.000Z,NEFT,0,Chennai,LOW,SYNTHETIC
TXN-0002023,CASE-00241,ACC-01305,ACC-00390,17569,2026-01-10T04:39:00.000Z,NEFT,0,Chennai,LOW,SYNTHETIC
TXN-0002024,CASE-00241,ACC-01306,ACC-00391,6187,2026-01-10T10:36:00.000Z,UPI,0,Chennai,LOW,SYNTHETIC
TXN-0002025,CASE-00242,ACC-01315,ACC-00402,10107,2026-01-10T19:00:00.000Z,IMPS,0,Bengaluru,LOW,SYNTHETIC
TXN-0002026,CASE-00242,ACC-01316,ACC-00403,8159,2026-01-10T17:57:00.000Z,UPI,0,Bengaluru,LOW,SYNTHETIC
TXN-0002027,CASE-00242,ACC-01317,ACC-00404,17893,2026-01-10T11:54:00.000Z,TRANSFER,0,Bengaluru,LOW,SYNTHETIC
TXN-0002028,CASE-00242,ACC-01318,ACC-00405,4645,2026-01-10T11:51:00.000Z,NEFT,0,Bengaluru,LOW,SYNTHETIC
TXN-0002029,CASE-00242,ACC-01319,ACC-00406,13474,2026-01-10T05:48:00.000Z,TRANSFER,0,Bengaluru,LOW,SYNTHETIC
TXN-0002030,CASE-00242,ACC-01320,ACC-00407,14496,2026-01-10T07:45:00.000Z,NEFT,0,Bengaluru,LOW,SYNTHETIC
TXN-0002031,CASE-00242,ACC-01321,ACC-00408,6420,2026-01-10T10:42:00.000Z,TRANSFER,0,Bengaluru,LOW,SYNTHETIC
TXN-0002032,CASE-00243,ACC-01332,ACC-00421,5892,2026-01-10T15:00:00.000Z,IMPS,0,Hyderabad,LOW,SYNTHETIC
TXN-0002033,CASE-00243,ACC-01333,ACC-00422,11810,2026-01-10T18:57:00.000Z,UPI,0,Hyderabad,LOW,SYNTHETIC
TXN-0002034,CASE-00243,ACC-01334,ACC-00423,8129,2026-01-10T09:54:00.000Z,IMPS,0,Hyderabad,LOW,SYNTHETIC
TXN-0002035,CASE-00243,ACC-01335,ACC-00424,7939,2026-01-10T10:51:00.000Z,NEFT,0,Hyderabad,LOW,SYNTHETIC
TXN-0002036,CASE-00243,ACC-01336,ACC-00425,11490,2026-01-10T10:48:00.000Z,NEFT,0,Hyderabad,LOW,SYNTHETIC
TXN-0002037,CASE-00243,ACC-01337,ACC-00426,8807,2026-01-10T11:45:00.000Z,IMPS,0,Hyderabad,LOW,SYNTHETIC
TXN-0002038,CASE-00243,ACC-00487,ACC-00367,107221,2026-01-11T04:51:00.000Z,IMPS,1,Hyderabad,HIGH,SYNTHETIC
TXN-0002039,CASE-00244,ACC-01349,ACC-00440,20228,2026-01-10T08:00:00.000Z,IMPS,0,Coimbatore,LOW,SYNTHETIC
TXN-0002040,CASE-00244,ACC-01350,ACC-00441,1669,2026-01-10T23:57:00.000Z,TRANSFER,0,Coimbatore,LOW,SYNTHETIC
TXN-0002041,CASE-00244,ACC-01351,ACC-00442,16042,2026-01-10T08:54:00.000Z,TRANSFER,0,Coimbatore,LOW,SYNTHETIC
TXN-0002042,CASE-00244,ACC-01352,ACC-00443,21724,2026-01-10T11:51:00.000Z,TRANSFER,0,Coimbatore,LOW,SYNTHETIC
TXN-0002043,CASE-00244,ACC-01353,ACC-00444,7389,2026-01-11T02:48:00.000Z,UPI,0,Coimbatore,LOW,SYNTHETIC
TXN-0002044,CASE-00244,ACC-01354,ACC-00445,11603,2026-01-10T23:45:00.000Z,NEFT,0,Coimbatore,LOW,SYNTHETIC
TXN-0002045,CASE-00245,ACC-01366,ACC-00459,15596,2026-01-11T02:00:00.000Z,TRANSFER,0,Pune,LOW,SYNTHETIC
TXN-0002046,CASE-00245,ACC-01367,ACC-00460,8146,2026-01-10T12:57:00.000Z,UPI,0,Pune,LOW,SYNTHETIC
TXN-0002047,CASE-00245,ACC-01368,ACC-00461,15190,2026-01-10T10:54:00.000Z,NEFT,0,Pune,LOW,SYNTHETIC
TXN-0002048,CASE-00245,ACC-01369,ACC-00462,11039,2026-01-11T03:51:00.000Z,UPI,0,Pune,LOW,SYNTHETIC
TXN-0002049,CASE-00245,ACC-01370,ACC-00463,9358,2026-01-10T18:48:00.000Z,UPI,0,Pune,LOW,SYNTHETIC
TXN-0002050,CASE-00245,ACC-01371,ACC-00464,15066,2026-01-11T02:45:00.000Z,UPI,0,Pune,LOW,SYNTHETIC
TXN-0002051,CASE-00245,ACC-01372,ACC-00465,14656,2026-01-10T12:42:00.000Z,TRANSFER,0,Pune,LOW,SYNTHETIC
TXN-0002052,CASE-00245,ACC-01373,ACC-00466,20561,2026-01-10T10:39:00.000Z,IMPS,0,Pune,LOW,SYNTHETIC
TXN-0002053,CASE-00245,ACC-01374,ACC-00467,12680,2026-01-10T09:36:00.000Z,TRANSFER,0,Pune,LOW,SYNTHETIC
TXN-0002054,CASE-00245,ACC-01375,ACC-00468,1750,2026-01-10T16:33:00.000Z,IMPS,0,Pune,LOW,SYNTHETIC
TXN-0002055,CASE-00245,ACC-00491,ACC-00393,100156,2026-01-11T07:00:00.000Z,NEFT,1,Pune,HIGH,SYNTHETIC
TXN-0002056,CASE-00246,ACC-01383,ACC-00478,7049,2026-01-11T04:00:00.000Z,IMPS,0,Vijayawada,LOW,SYNTHETIC
TXN-0002057,CASE-00246,ACC-01384,ACC-00479,21230,2026-01-10T12:57:00.000Z,UPI,0,Vijayawada,LOW,SYNTHETIC
TXN-0002058,CASE-00246,ACC-01385,ACC-00480,10783,2026-01-11T01:54:00.000Z,TRANSFER,0,Vijayawada,LOW,SYNTHETIC
TXN-0002059,CASE-00246,ACC-01386,ACC-00481,1230,2026-01-10T20:51:00.000Z,TRANSFER,0,Vijayawada,LOW,SYNTHETIC
TXN-0002060,CASE-00246,ACC-01387,ACC-00482,7484,2026-01-10T11:48:00.000Z,TRANSFER,0,Vijayawada,LOW,SYNTHETIC
TXN-0002061,CASE-00246,ACC-01388,ACC-00483,8143,2026-01-10T16:45:00.000Z,UPI,0,Vijayawada,LOW,SYNTHETIC
TXN-0002062,CASE-00246,ACC-01389,ACC-00484,2651,2026-01-10T13:42:00.000Z,IMPS,0,Vijayawada,LOW,SYNTHETIC
TXN-0002063,CASE-00246,ACC-01390,ACC-00485,12996,2026-01-11T04:39:00.000Z,IMPS,0,Vijayawada,LOW,SYNTHETIC
TXN-0002064,CASE-00246,ACC-00493,ACC-00406,44778,2026-01-11T06:15:00.000Z,TRANSFER,1,Vijayawada,MEDIUM,SYNTHETIC
TXN-0002065,CASE-00247,ACC-01400,ACC-00497,20690,2026-01-11T00:00:00.000Z,TRANSFER,0,Chennai,LOW,SYNTHETIC
TXN-0002066,CASE-00247,ACC-00001,ACC-00498,15246,2026-01-10T13:57:00.000Z,UPI,0,Chennai,LOW,SYNTHETIC
TXN-0002067,CASE-00247,ACC-00002,ACC-00499,7698,2026-01-10T13:54:00.000Z,TRANSFER,0,Chennai,LOW,SYNTHETIC
TXN-0002068,CASE-00247,ACC-00003,ACC-00500,16256,2026-01-10T22:51:00.000Z,UPI,0,Chennai,LOW,SYNTHETIC
TXN-0002069,CASE-00247,ACC-00004,ACC-00501,8066,2026-01-10T16:48:00.000Z,IMPS,0,Chennai,LOW,SYNTHETIC
TXN-0002070,CASE-00247,ACC-00005,ACC-00502,18941,2026-01-11T01:45:00.000Z,NEFT,0,Chennai,LOW,SYNTHETIC
TXN-0002071,CASE-00247,ACC-00006,ACC-00503,5106,2026-01-10T19:42:00.000Z,NEFT,0,Chennai,LOW,SYNTHETIC
TXN-0002072,CASE-00247,ACC-00495,ACC-00419,71318,2026-01-11T09:10:00.000Z,IMPS,1,Chennai,HIGH,SYNTHETIC
TXN-0002073,CASE-00247,ACC-00419,ACC-00420,64453,2026-01-11T10:31:00.000Z,TRANSFER,1,Chennai,MEDIUM,SYNTHETIC
TXN-0002074,CASE-00247,ACC-00420,ACC-00421,55154,2026-01-11T12:41:00.000Z,IMPS,1,Chennai,MEDIUM,SYNTHETIC
TXN-0002075,CASE-00248,ACC-00017,ACC-00516,6501,2026-01-11T06:00:00.000Z,IMPS,0,Bengaluru,LOW,SYNTHETIC
TXN-0002076,CASE-00248,ACC-00018,ACC-00517,1396,2026-01-11T06:57:00.000Z,IMPS,0,Bengaluru,LOW,SYNTHETIC
TXN-0002077,CASE-00248,ACC-00019,ACC-00518,4026,2026-01-10T20:54:00.000Z,TRANSFER,0,Bengaluru,LOW,SYNTHETIC
TXN-0002078,CASE-00248,ACC-00020,ACC-00519,12006,2026-01-10T23:51:00.000Z,TRANSFER,0,Bengaluru,LOW,SYNTHETIC
TXN-0002079,CASE-00248,ACC-00021,ACC-00520,14250,2026-01-10T20:48:00.000Z,UPI,0,Bengaluru,LOW,SYNTHETIC
TXN-0002080,CASE-00248,ACC-00022,ACC-00521,11682,2026-01-11T03:45:00.000Z,UPI,0,Bengaluru,LOW,SYNTHETIC
TXN-0002081,CASE-00248,ACC-00023,ACC-00522,12096,2026-01-10T21:42:00.000Z,TRANSFER,0,Bengaluru,LOW,SYNTHETIC
TXN-0002082,CASE-00248,ACC-00024,ACC-00523,19586,2026-01-11T06:39:00.000Z,NEFT,0,Bengaluru,LOW,SYNTHETIC
TXN-0002083,CASE-00248,ACC-00025,ACC-00524,6844,2026-01-10T20:36:00.000Z,UPI,0,Bengaluru,LOW,SYNTHETIC
TXN-0002084,CASE-00248,ACC-00026,ACC-00525,6361,2026-01-10T15:33:00.000Z,IMPS,0,Bengaluru,LOW,SYNTHETIC
TXN-0002085,CASE-00248,ACC-00497,ACC-00432,44441,2026-01-11T10:33:00.000Z,NEFT,1,Bengaluru,MEDIUM,SYNTHETIC
TXN-0002086,CASE-00249,ACC-00034,ACC-00535,7105,2026-01-11T08:00:00.000Z,TRANSFER,0,Hyderabad,LOW,SYNTHETIC
TXN-0002087,CASE-00249,ACC-00035,ACC-00536,2985,2026-01-11T07:57:00.000Z,IMPS,0,Hyderabad,LOW,SYNTHETIC
TXN-0002088,CASE-00249,ACC-00036,ACC-00537,14169,2026-01-10T19:54:00.000Z,IMPS,0,Hyderabad,LOW,SYNTHETIC
TXN-0002089,CASE-00249,ACC-00037,ACC-00538,15803,2026-01-10T18:51:00.000Z,TRANSFER,0,Hyderabad,LOW,SYNTHETIC
TXN-0002090,CASE-00249,ACC-00038,ACC-00539,603,2026-01-10T21:48:00.000Z,TRANSFER,0,Hyderabad,LOW,SYNTHETIC
TXN-0002091,CASE-00249,ACC-00039,ACC-00540,19410,2026-01-11T05:45:00.000Z,IMPS,0,Hyderabad,LOW,SYNTHETIC
TXN-0002092,CASE-00249,ACC-00040,ACC-00541,3882,2026-01-10T20:42:00.000Z,IMPS,0,Hyderabad,LOW,SYNTHETIC
TXN-0002093,CASE-00249,ACC-00041,ACC-00542,15412,2026-01-10T19:39:00.000Z,IMPS,0,Hyderabad,LOW,SYNTHETIC
TXN-0002094,CASE-00249,ACC-00042,ACC-00543,4776,2026-01-10T20:36:00.000Z,TRANSFER,0,Hyderabad,LOW,SYNTHETIC
TXN-0002095,CASE-00249,ACC-00043,ACC-00544,10551,2026-01-10T12:33:00.000Z,TRANSFER,0,Hyderabad,LOW,SYNTHETIC
TXN-0002096,CASE-00250,ACC-00051,ACC-00554,8798,2026-01-11T01:00:00.000Z,NEFT,0,Coimbatore,LOW,SYNTHETIC
TXN-0002097,CASE-00250,ACC-00052,ACC-00555,12760,2026-01-10T20:57:00.000Z,TRANSFER,0,Coimbatore,LOW,SYNTHETIC
TXN-0002098,CASE-00250,ACC-00053,ACC-00556,1732,2026-01-10T23:54:00.000Z,IMPS,0,Coimbatore,LOW,SYNTHETIC
TXN-0002099,CASE-00250,ACC-00054,ACC-00557,2291,2026-01-11T06:51:00.000Z,TRANSFER,0,Coimbatore,LOW,SYNTHETIC
TXN-0002100,CASE-00250,ACC-00055,ACC-00558,11511,2026-01-11T05:48:00.000Z,UPI,0,Coimbatore,LOW,SYNTHETIC
TXN-0002101,CASE-00250,ACC-00056,ACC-00559,4883,2026-01-10T16:45:00.000Z,TRANSFER,0,Coimbatore,LOW,SYNTHETIC
TXN-0002102,CASE-00250,ACC-00057,ACC-00560,20198,2026-01-11T06:42:00.000Z,NEFT,0,Coimbatore,LOW,SYNTHETIC
TXN-0002103,CASE-00250,ACC-00058,ACC-00561,15702,2026-01-10T14:39:00.000Z,UPI,0,Coimbatore,LOW,SYNTHETIC
TXN-0002104,CASE-00250,ACC-00059,ACC-00562,5201,2026-01-11T05:36:00.000Z,TRANSFER,0,Coimbatore,LOW,SYNTHETIC
TXN-0002105,CASE-00250,ACC-00060,ACC-00563,6894,2026-01-10T18:33:00.000Z,TRANSFER,0,Coimbatore,LOW,SYNTHETIC
TXN-0002106,CASE-00251,ACC-00068,ACC-00573,14938,2026-01-10T15:00:00.000Z,IMPS,0,Pune,LOW,SYNTHETIC
TXN-0002107,CASE-00251,ACC-00069,ACC-00574,11879,2026-01-11T05:57:00.000Z,IMPS,0,Pune,LOW,SYNTHETIC
TXN-0002108,CASE-00251,ACC-00070,ACC-00575,15462,2026-01-11T02:54:00.000Z,UPI,0,Pune,LOW,SYNTHETIC
TXN-0002109,CASE-00251,ACC-00071,ACC-00576,21296,2026-01-11T09:51:00.000Z,NEFT,0,Pune,LOW,SYNTHETIC
TXN-0002110,CASE-00251,ACC-00072,ACC-00577,12932,2026-01-10T21:48:00.000Z,UPI,0,Pune,LOW,SYNTHETIC
TXN-0002111,CASE-00251,ACC-00073,ACC-00578,18715,2026-01-11T00:45:00.000Z,IMPS,0,Pune,LOW,SYNTHETIC
TXN-0002112,CASE-00251,ACC-00074,ACC-00579,15616,2026-01-10T20:42:00.000Z,NEFT,0,Pune,LOW,SYNTHETIC
TXN-0002113,CASE-00251,ACC-00075,ACC-00580,3237,2026-01-10T16:39:00.000Z,IMPS,0,Pune,LOW,SYNTHETIC
TXN-0002114,CASE-00252,ACC-00085,ACC-00592,10753,2026-01-11T01:00:00.000Z,NEFT,0,Vijayawada,LOW,SYNTHETIC
TXN-0002115,CASE-00252,ACC-00086,ACC-00593,11805,2026-01-11T05:57:00.000Z,IMPS,0,Vijayawada,LOW,SYNTHETIC
TXN-0002116,CASE-00252,ACC-00087,ACC-00594,15232,2026-01-11T03:54:00.000Z,NEFT,0,Vijayawada,LOW,SYNTHETIC
TXN-0002117,CASE-00252,ACC-00088,ACC-00595,5554,2026-01-11T09:51:00.000Z,TRANSFER,0,Vijayawada,LOW,SYNTHETIC
TXN-0002118,CASE-00252,ACC-00089,ACC-00596,21519,2026-01-10T20:48:00.000Z,UPI,0,Vijayawada,LOW,SYNTHETIC
TXN-0002119,CASE-00252,ACC-00090,ACC-00597,15844,2026-01-11T01:45:00.000Z,TRANSFER,0,Vijayawada,LOW,SYNTHETIC
TXN-0002120,CASE-00252,ACC-00091,ACC-00598,14013,2026-01-10T20:42:00.000Z,UPI,0,Vijayawada,LOW,SYNTHETIC
TXN-0002121,CASE-00252,ACC-00092,ACC-00599,2950,2026-01-11T10:39:00.000Z,UPI,0,Vijayawada,LOW,SYNTHETIC
TXN-0002122,CASE-00252,ACC-00093,ACC-00600,5736,2026-01-10T17:36:00.000Z,IMPS,0,Vijayawada,LOW,SYNTHETIC
TXN-0002123,CASE-00252,ACC-00094,ACC-00601,13998,2026-01-10T21:33:00.000Z,TRANSFER,0,Vijayawada,LOW,SYNTHETIC
TXN-0002124,CASE-00253,ACC-00102,ACC-00611,12383,2026-01-11T09:00:00.000Z,TRANSFER,0,Chennai,LOW,SYNTHETIC
TXN-0002125,CASE-00253,ACC-00103,ACC-00612,9957,2026-01-11T08:57:00.000Z,IMPS,0,Chennai,LOW,SYNTHETIC
TXN-0002126,CASE-00253,ACC-00104,ACC-00613,5634,2026-01-11T07:54:00.000Z,UPI,0,Chennai,LOW,SYNTHETIC
TXN-0002127,CASE-00253,ACC-00105,ACC-00614,3763,2026-01-11T02:51:00.000Z,IMPS,0,Chennai,LOW,SYNTHETIC
TXN-0002128,CASE-00253,ACC-00106,ACC-00615,7657,2026-01-11T06:48:00.000Z,NEFT,0,Chennai,LOW,SYNTHETIC
TXN-0002129,CASE-00253,ACC-00107,ACC-00616,4600,2026-01-10T22:45:00.000Z,IMPS,0,Chennai,LOW,SYNTHETIC
TXN-0002130,CASE-00253,ACC-00108,ACC-00617,1685,2026-01-10T19:42:00.000Z,TRANSFER,0,Chennai,LOW,SYNTHETIC
TXN-0002131,CASE-00253,ACC-00507,ACC-00497,102766,2026-01-11T14:14:00.000Z,UPI,1,Chennai,HIGH,SYNTHETIC
TXN-0002132,CASE-00254,ACC-00119,ACC-00630,8574,2026-01-11T10:00:00.000Z,TRANSFER,0,Bengaluru,LOW,SYNTHETIC
TXN-0002133,CASE-00254,ACC-00120,ACC-00631,21988,2026-01-11T11:57:00.000Z,NEFT,0,Bengaluru,LOW,SYNTHETIC
TXN-0002134,CASE-00254,ACC-00121,ACC-00632,12654,2026-01-10T23:54:00.000Z,NEFT,0,Bengaluru,LOW,SYNTHETIC
TXN-0002135,CASE-00254,ACC-00122,ACC-00633,6116,2026-01-11T00:51:00.000Z,TRANSFER,0,Bengaluru,LOW,SYNTHETIC
TXN-0002136,CASE-00254,ACC-00123,ACC-00634,3680,2026-01-10T22:48:00.000Z,NEFT,0,Bengaluru,LOW,SYNTHETIC
TXN-0002137,CASE-00254,ACC-00124,ACC-00635,11948,2026-01-11T03:45:00.000Z,IMPS,0,Bengaluru,LOW,SYNTHETIC
TXN-0002138,CASE-00254,ACC-00125,ACC-00636,11613,2026-01-11T03:42:00.000Z,IMPS,0,Bengaluru,LOW,SYNTHETIC
TXN-0002139,CASE-00254,ACC-00509,ACC-00510,96970,2026-01-12T19:00:00.000Z,TRANSFER,1,Bengaluru,HIGH,SYNTHETIC
TXN-0002140,CASE-00255,ACC-00136,ACC-00649,2262,2026-01-10T19:00:00.000Z,NEFT,0,Hyderabad,LOW,SYNTHETIC
TXN-0002141,CASE-00255,ACC-00137,ACC-00650,12323,2026-01-11T06:57:00.000Z,NEFT,0,Hyderabad,LOW,SYNTHETIC
TXN-0002142,CASE-00255,ACC-00138,ACC-00651,13786,2026-01-11T05:54:00.000Z,IMPS,0,Hyderabad,LOW,SYNTHETIC
TXN-0002143,CASE-00255,ACC-00139,ACC-00652,14101,2026-01-10T19:51:00.000Z,TRANSFER,0,Hyderabad,LOW,SYNTHETIC
TXN-0002144,CASE-00255,ACC-00140,ACC-00653,3890,2026-01-11T05:48:00.000Z,TRANSFER,0,Hyderabad,LOW,SYNTHETIC
TXN-0002145,CASE-00255,ACC-00141,ACC-00654,9895,2026-01-10T18:45:00.000Z,TRANSFER,0,Hyderabad,LOW,SYNTHETIC
TXN-0002146,CASE-00255,ACC-00142,ACC-00655,9669,2026-01-11T05:42:00.000Z,IMPS,0,Hyderabad,LOW,SYNTHETIC
TXN-0002147,CASE-00255,ACC-00143,ACC-00656,4984,2026-01-11T03:39:00.000Z,TRANSFER,0,Hyderabad,LOW,SYNTHETIC
TXN-0002148,CASE-00255,ACC-00144,ACC-00657,21567,2026-01-11T07:36:00.000Z,UPI,0,Hyderabad,LOW,SYNTHETIC
TXN-0002149,CASE-00255,ACC-00145,ACC-00658,20010,2026-01-11T00:33:00.000Z,UPI,0,Hyderabad,LOW,SYNTHETIC
TXN-0002150,CASE-00256,ACC-00153,ACC-00668,21224,2026-01-11T12:00:00.000Z,NEFT,0,Coimbatore,LOW,SYNTHETIC
TXN-0002151,CASE-00256,ACC-00154,ACC-00669,18675,2026-01-11T12:57:00.000Z,IMPS,0,Coimbatore,LOW,SYNTHETIC
TXN-0002152,CASE-00256,ACC-00155,ACC-00670,3622,2026-01-10T21:54:00.000Z,TRANSFER,0,Coimbatore,LOW,SYNTHETIC
TXN-0002153,CASE-00256,ACC-00156,ACC-00671,17173,2026-01-11T13:51:00.000Z,TRANSFER,0,Coimbatore,LOW,SYNTHETIC
TXN-0002154,CASE-00256,ACC-00157,ACC-00672,5738,2026-01-11T11:48:00.000Z,UPI,0,Coimbatore,LOW,SYNTHETIC
TXN-0002155,CASE-00256,ACC-00158,ACC-00673,17637,2026-01-11T06:45:00.000Z,IMPS,0,Coimbatore,LOW,SYNTHETIC
TXN-0002156,CASE-00256,ACC-00159,ACC-00674,12120,2026-01-10T21:42:00.000Z,NEFT,0,Coimbatore,LOW,SYNTHETIC
TXN-0002157,CASE-00256,ACC-00160,ACC-00675,630,2026-01-11T00:39:00.000Z,TRANSFER,0,Coimbatore,LOW,SYNTHETIC
TXN-0002158,CASE-00256,ACC-00161,ACC-00676,6265,2026-01-11T14:36:00.000Z,TRANSFER,0,Coimbatore,LOW,SYNTHETIC
TXN-0002159,CASE-00257,ACC-00170,ACC-00687,12268,2026-01-10T21:00:00.000Z,IMPS,0,Pune,LOW,SYNTHETIC
TXN-0002160,CASE-00257,ACC-00171,ACC-00688,2626,2026-01-11T07:57:00.000Z,UPI,0,Pune,LOW,SYNTHETIC
TXN-0002161,CASE-00257,ACC-00172,ACC-00689,18379,2026-01-10T23:54:00.000Z,UPI,0,Pune,LOW,SYNTHETIC
TXN-0002162,CASE-00257,ACC-00173,ACC-00690,20794,2026-01-11T11:51:00.000Z,NEFT,0,Pune,LOW,SYNTHETIC
TXN-0002163,CASE-00257,ACC-00174,ACC-00691,16126,2026-01-11T11:48:00.000Z,UPI,0,Pune,LOW,SYNTHETIC
TXN-0002164,CASE-00257,ACC-00175,ACC-00692,9826,2026-01-11T08:45:00.000Z,NEFT,0,Pune,LOW,SYNTHETIC
TXN-0002165,CASE-00257,ACC-00176,ACC-00693,2738,2026-01-11T15:42:00.000Z,UPI,0,Pune,LOW,SYNTHETIC
TXN-0002166,CASE-00257,ACC-00177,ACC-00694,2142,2026-01-11T02:39:00.000Z,UPI,0,Pune,LOW,SYNTHETIC
TXN-0002167,CASE-00257,ACC-00178,ACC-00695,13109,2026-01-11T01:36:00.000Z,NEFT,0,Pune,LOW,SYNTHETIC
TXN-0002168,CASE-00258,ACC-00187,ACC-00706,5984,2026-01-11T12:00:00.000Z,NEFT,0,Vijayawada,LOW,SYNTHETIC
TXN-0002169,CASE-00258,ACC-00188,ACC-00707,13114,2026-01-11T09:57:00.000Z,NEFT,0,Vijayawada,LOW,SYNTHETIC
TXN-0002170,CASE-00258,ACC-00189,ACC-00708,944,2026-01-11T06:54:00.000Z,UPI,0,Vijayawada,LOW,SYNTHETIC
TXN-0002171,CASE-00258,ACC-00190,ACC-00709,14947,2026-01-11T00:51:00.000Z,TRANSFER,0,Vijayawada,LOW,SYNTHETIC
TXN-0002172,CASE-00258,ACC-00191,ACC-00710,10455,2026-01-11T06:48:00.000Z,UPI,0,Vijayawada,LOW,SYNTHETIC
TXN-0002173,CASE-00258,ACC-00192,ACC-00711,6316,2026-01-11T16:45:00.000Z,TRANSFER,0,Vijayawada,LOW,SYNTHETIC
TXN-0002174,CASE-00258,ACC-00193,ACC-00712,16235,2026-01-11T03:42:00.000Z,IMPS,0,Vijayawada,LOW,SYNTHETIC
TXN-0002175,CASE-00258,ACC-00194,ACC-00713,10640,2026-01-11T14:39:00.000Z,NEFT,0,Vijayawada,LOW,SYNTHETIC
TXN-0002176,CASE-00259,ACC-00204,ACC-00725,17389,2026-01-11T18:00:00.000Z,TRANSFER,0,Chennai,LOW,SYNTHETIC
TXN-0002177,CASE-00259,ACC-00205,ACC-00726,7313,2026-01-10T22:57:00.000Z,IMPS,0,Chennai,LOW,SYNTHETIC
TXN-0002178,CASE-00259,ACC-00206,ACC-00727,5694,2026-01-11T03:54:00.000Z,NEFT,0,Chennai,LOW,SYNTHETIC
TXN-0002179,CASE-00259,ACC-00207,ACC-00728,1223,2026-01-11T00:51:00.000Z,IMPS,0,Chennai,LOW,SYNTHETIC
TXN-0002180,CASE-00259,ACC-00208,ACC-00729,8400,2026-01-11T09:48:00.000Z,UPI,0,Chennai,LOW,SYNTHETIC
TXN-0002181,CASE-00259,ACC-00209,ACC-00730,12102,2026-01-11T04:45:00.000Z,NEFT,0,Chennai,LOW,SYNTHETIC
TXN-0002182,CASE-00259,ACC-00210,ACC-00731,14525,2026-01-11T09:42:00.000Z,NEFT,0,Chennai,LOW,SYNTHETIC
TXN-0002183,CASE-00260,ACC-00221,ACC-00744,9712,2026-01-11T02:00:00.000Z,TRANSFER,0,Bengaluru,LOW,SYNTHETIC
TXN-0002184,CASE-00260,ACC-00222,ACC-00745,10819,2026-01-11T17:57:00.000Z,NEFT,0,Bengaluru,LOW,SYNTHETIC
TXN-0002185,CASE-00260,ACC-00223,ACC-00746,6663,2026-01-11T13:54:00.000Z,UPI,0,Bengaluru,LOW,SYNTHETIC
TXN-0002186,CASE-00260,ACC-00224,ACC-00747,16875,2026-01-11T09:51:00.000Z,IMPS,0,Bengaluru,LOW,SYNTHETIC
TXN-0002187,CASE-00260,ACC-00225,ACC-00748,14711,2026-01-11T03:48:00.000Z,UPI,0,Bengaluru,LOW,SYNTHETIC
TXN-0002188,CASE-00260,ACC-00226,ACC-00749,21057,2026-01-11T18:45:00.000Z,UPI,0,Bengaluru,LOW,SYNTHETIC
TXN-0002189,CASE-00260,ACC-00227,ACC-00750,14205,2026-01-11T14:42:00.000Z,UPI,0,Bengaluru,LOW,SYNTHETIC
TXN-0002190,CASE-00260,ACC-00228,ACC-00751,9337,2026-01-11T05:39:00.000Z,NEFT,0,Bengaluru,LOW,SYNTHETIC
TXN-0002191,CASE-00260,ACC-00229,ACC-00752,3411,2026-01-11T10:36:00.000Z,UPI,0,Bengaluru,LOW,SYNTHETIC
TXN-0002192,CASE-00261,ACC-00238,ACC-00763,12756,2026-01-11T15:00:00.000Z,TRANSFER,0,Hyderabad,LOW,SYNTHETIC
TXN-0002193,CASE-00261,ACC-00239,ACC-00764,3049,2026-01-11T08:57:00.000Z,NEFT,0,Hyderabad,LOW,SYNTHETIC
TXN-0002194,CASE-00261,ACC-00240,ACC-00765,7985,2026-01-11T10:54:00.000Z,NEFT,0,Hyderabad,LOW,SYNTHETIC
TXN-0002195,CASE-00261,ACC-00241,ACC-00766,8204,2026-01-11T11:51:00.000Z,NEFT,0,Hyderabad,LOW,SYNTHETIC
TXN-0002196,CASE-00261,ACC-00242,ACC-00767,7530,2026-01-11T05:48:00.000Z,NEFT,0,Hyderabad,LOW,SYNTHETIC
TXN-0002197,CASE-00261,ACC-00243,ACC-00768,10047,2026-01-11T18:45:00.000Z,IMPS,0,Hyderabad,LOW,SYNTHETIC
TXN-0002198,CASE-00261,ACC-00244,ACC-00769,13636,2026-01-11T05:42:00.000Z,IMPS,0,Hyderabad,LOW,SYNTHETIC
TXN-0002199,CASE-00261,ACC-00245,ACC-00770,12517,2026-01-11T09:39:00.000Z,TRANSFER,0,Hyderabad,LOW,SYNTHETIC
TXN-0002200,CASE-00261,ACC-00246,ACC-00771,14556,2026-01-11T17:36:00.000Z,UPI,0,Hyderabad,LOW,SYNTHETIC
TXN-0002201,CASE-00261,ACC-00523,ACC-00601,31177,2026-01-11T21:18:00.000Z,NEFT,1,Hyderabad,MEDIUM,SYNTHETIC
TXN-0002202,CASE-00262,ACC-00255,ACC-00782,17906,2026-01-11T13:00:00.000Z,UPI,0,Coimbatore,LOW,SYNTHETIC
TXN-0002203,CASE-00262,ACC-00256,ACC-00783,916,2026-01-11T17:57:00.000Z,IMPS,0,Coimbatore,LOW,SYNTHETIC
TXN-0002204,CASE-00262,ACC-00257,ACC-00784,19767,2026-01-11T15:54:00.000Z,NEFT,0,Coimbatore,LOW,SYNTHETIC
TXN-0002205,CASE-00262,ACC-00258,ACC-00785,10523,2026-01-11T11:51:00.000Z,IMPS,0,Coimbatore,LOW,SYNTHETIC
TXN-0002206,CASE-00262,ACC-00259,ACC-00786,12628,2026-01-11T19:48:00.000Z,NEFT,0,Coimbatore,LOW,SYNTHETIC
TXN-0002207,CASE-00262,ACC-00260,ACC-00787,12509,2026-01-11T18:45:00.000Z,IMPS,0,Coimbatore,LOW,SYNTHETIC
TXN-0002208,CASE-00262,ACC-00261,ACC-00788,20623,2026-01-11T08:42:00.000Z,TRANSFER,0,Coimbatore,LOW,SYNTHETIC
TXN-0002209,CASE-00263,ACC-00272,ACC-00801,3967,2026-01-11T08:00:00.000Z,TRANSFER,0,Pune,LOW,SYNTHETIC
TXN-0002210,CASE-00263,ACC-00273,ACC-00802,5743,2026-01-11T10:57:00.000Z,UPI,0,Pune,LOW,SYNTHETIC
TXN-0002211,CASE-00263,ACC-00274,ACC-00803,21488,2026-01-11T17:54:00.000Z,NEFT,0,Pune,LOW,SYNTHETIC
TXN-0002212,CASE-00263,ACC-00275,ACC-00804,17619,2026-01-11T21:51:00.000Z,TRANSFER,0,Pune,LOW,SYNTHETIC
TXN-0002213,CASE-00263,ACC-00276,ACC-00805,16535,2026-01-11T18:48:00.000Z,IMPS,0,Pune,LOW,SYNTHETIC
TXN-0002214,CASE-00263,ACC-00277,ACC-00806,20866,2026-01-11T04:45:00.000Z,NEFT,0,Pune,LOW,SYNTHETIC
TXN-0002215,CASE-00263,ACC-00278,ACC-00807,7131,2026-01-11T04:42:00.000Z,NEFT,0,Pune,LOW,SYNTHETIC
TXN-0002216,CASE-00263,ACC-00279,ACC-00808,14824,2026-01-11T02:39:00.000Z,NEFT,0,Pune,LOW,SYNTHETIC
TXN-0002217,CASE-00263,ACC-00527,ACC-00627,14366,2026-01-11T23:40:00.000Z,TRANSFER,1,Pune,MEDIUM,SYNTHETIC
TXN-0002218,CASE-00264,ACC-00289,ACC-00820,17717,2026-01-11T11:00:00.000Z,UPI,0,Vijayawada,LOW,SYNTHETIC
TXN-0002219,CASE-00264,ACC-00290,ACC-00821,21571,2026-01-11T10:57:00.000Z,IMPS,0,Vijayawada,LOW,SYNTHETIC
TXN-0002220,CASE-00264,ACC-00291,ACC-00822,9889,2026-01-11T18:54:00.000Z,NEFT,0,Vijayawada,LOW,SYNTHETIC
TXN-0002221,CASE-00264,ACC-00292,ACC-00823,11936,2026-01-11T14:51:00.000Z,TRANSFER,0,Vijayawada,LOW,SYNTHETIC
TXN-0002222,CASE-00264,ACC-00293,ACC-00824,13860,2026-01-11T19:48:00.000Z,IMPS,0,Vijayawada,LOW,SYNTHETIC
TXN-0002223,CASE-00264,ACC-00294,ACC-00825,11074,2026-01-11T08:45:00.000Z,IMPS,0,Vijayawada,LOW,SYNTHETIC
TXN-0002224,CASE-00264,ACC-00295,ACC-00826,4404,2026-01-11T03:42:00.000Z,NEFT,0,Vijayawada,LOW,SYNTHETIC
TXN-0002225,CASE-00264,ACC-00296,ACC-00827,6466,2026-01-11T08:39:00.000Z,TRANSFER,0,Vijayawada,LOW,SYNTHETIC
TXN-0002226,CASE-00264,ACC-00529,ACC-00640,39787,2026-01-12T10:00:00.000Z,UPI,1,Vijayawada,MEDIUM,SYNTHETIC
TXN-0002227,CASE-00265,ACC-00306,ACC-00839,8157,2026-01-11T05:00:00.000Z,UPI,0,Chennai,LOW,SYNTHETIC
TXN-0002228,CASE-00265,ACC-00307,ACC-00840,4954,2026-01-11T09:57:00.000Z,NEFT,0,Chennai,LOW,SYNTHETIC
TXN-0002229,CASE-00265,ACC-00308,ACC-00841,6670,2026-01-11T10:54:00.000Z,UPI,0,Chennai,LOW,SYNTHETIC
TXN-0002230,CASE-00265,ACC-00309,ACC-00842,5623,2026-01-11T09:51:00.000Z,IMPS,0,Chennai,LOW,SYNTHETIC
TXN-0002231,CASE-00265,ACC-00310,ACC-00843,19289,2026-01-11T21:48:00.000Z,IMPS,0,Chennai,LOW,SYNTHETIC
TXN-0002232,CASE-00265,ACC-00311,ACC-00844,3262,2026-01-11T17:45:00.000Z,UPI,0,Chennai,LOW,SYNTHETIC
TXN-0002233,CASE-00265,ACC-00312,ACC-00845,20360,2026-01-11T04:42:00.000Z,NEFT,0,Chennai,LOW,SYNTHETIC
TXN-0002234,CASE-00265,ACC-00531,ACC-00653,56504,2026-01-12T03:50:00.000Z,TRANSFER,1,Chennai,MEDIUM,SYNTHETIC
TXN-0002235,CASE-00266,ACC-00323,ACC-00858,18104,2026-01-11T16:00:00.000Z,TRANSFER,0,Bengaluru,LOW,SYNTHETIC
TXN-0002236,CASE-00266,ACC-00324,ACC-00859,11851,2026-01-11T14:57:00.000Z,NEFT,0,Bengaluru,LOW,SYNTHETIC
TXN-0002237,CASE-00266,ACC-00325,ACC-00860,7629,2026-01-11T18:54:00.000Z,UPI,0,Bengaluru,LOW,SYNTHETIC
TXN-0002238,CASE-00266,ACC-00326,ACC-00861,9045,2026-01-11T22:51:00.000Z,NEFT,0,Bengaluru,LOW,SYNTHETIC
TXN-0002239,CASE-00266,ACC-00327,ACC-00862,1440,2026-01-11T14:48:00.000Z,TRANSFER,0,Bengaluru,LOW,SYNTHETIC
TXN-0002240,CASE-00266,ACC-00328,ACC-00863,4182,2026-01-11T18:45:00.000Z,IMPS,0,Bengaluru,LOW,SYNTHETIC
TXN-0002241,CASE-00266,ACC-00329,ACC-00864,9606,2026-01-11T09:42:00.000Z,TRANSFER,0,Bengaluru,LOW,SYNTHETIC
TXN-0002242,CASE-00266,ACC-00330,ACC-00865,14115,2026-01-11T17:39:00.000Z,UPI,0,Bengaluru,LOW,SYNTHETIC
TXN-0002243,CASE-00266,ACC-00331,ACC-00866,9652,2026-01-11T21:36:00.000Z,UPI,0,Bengaluru,LOW,SYNTHETIC
TXN-0002244,CASE-00266,ACC-00332,ACC-00867,21428,2026-01-11T17:33:00.000Z,NEFT,0,Bengaluru,LOW,SYNTHETIC
TXN-0002245,CASE-00266,ACC-00533,ACC-00666,43333,2026-01-12T02:06:00.000Z,IMPS,1,Bengaluru,MEDIUM,SYNTHETIC
TXN-0002246,CASE-00267,ACC-00340,ACC-00877,19684,2026-01-11T12:00:00.000Z,UPI,0,Hyderabad,LOW,SYNTHETIC
TXN-0002247,CASE-00267,ACC-00341,ACC-00878,1343,2026-01-11T16:57:00.000Z,TRANSFER,0,Hyderabad,LOW,SYNTHETIC
TXN-0002248,CASE-00267,ACC-00342,ACC-00879,18243,2026-01-11T23:54:00.000Z,TRANSFER,0,Hyderabad,LOW,SYNTHETIC
TXN-0002249,CASE-00267,ACC-00343,ACC-00880,2073,2026-01-11T19:51:00.000Z,TRANSFER,0,Hyderabad,LOW,SYNTHETIC
TXN-0002250,CASE-00267,ACC-00344,ACC-00881,11901,2026-01-11T16:48:00.000Z,TRANSFER,0,Hyderabad,LOW,SYNTHETIC
TXN-0002251,CASE-00267,ACC-00345,ACC-00882,8489,2026-01-11T23:45:00.000Z,TRANSFER,0,Hyderabad,LOW,SYNTHETIC
TXN-0002252,CASE-00267,ACC-00535,ACC-00679,49258,2026-01-12T05:30:00.000Z,IMPS,1,Hyderabad,MEDIUM,SYNTHETIC
TXN-0002253,CASE-00267,ACC-00679,ACC-00680,44086,2026-01-12T05:51:00.000Z,IMPS,1,Hyderabad,MEDIUM,SYNTHETIC
TXN-0002254,CASE-00268,ACC-00357,ACC-00896,11437,2026-01-12T01:00:00.000Z,TRANSFER,0,Coimbatore,LOW,SYNTHETIC
TXN-0002255,CASE-00268,ACC-00358,ACC-00897,2393,2026-01-11T18:57:00.000Z,UPI,0,Coimbatore,LOW,SYNTHETIC
TXN-0002256,CASE-00268,ACC-00359,ACC-00898,9057,2026-01-11T19:54:00.000Z,UPI,0,Coimbatore,LOW,SYNTHETIC
TXN-0002257,CASE-00268,ACC-00360,ACC-00899,19507,2026-01-11T07:51:00.000Z,NEFT,0,Coimbatore,LOW,SYNTHETIC
TXN-0002258,CASE-00268,ACC-00361,ACC-00900,16268,2026-01-11T22:48:00.000Z,NEFT,0,Coimbatore,LOW,SYNTHETIC
TXN-0002259,CASE-00268,ACC-00362,ACC-00901,5618,2026-01-11T18:45:00.000Z,NEFT,0,Coimbatore,LOW,SYNTHETIC
TXN-0002260,CASE-00268,ACC-00363,ACC-00902,7760,2026-01-11T11:42:00.000Z,NEFT,0,Coimbatore,LOW,SYNTHETIC
TXN-0002261,CASE-00268,ACC-00364,ACC-00903,1774,2026-01-12T01:39:00.000Z,UPI,0,Coimbatore,LOW,SYNTHETIC
TXN-0002262,CASE-00268,ACC-00365,ACC-00904,18517,2026-01-11T10:36:00.000Z,TRANSFER,0,Coimbatore,LOW,SYNTHETIC
TXN-0002263,CASE-00268,ACC-00366,ACC-00905,19161,2026-01-11T13:33:00.000Z,NEFT,0,Coimbatore,LOW,SYNTHETIC
TXN-0002264,CASE-00268,ACC-00537,ACC-00692,87377,2026-01-12T06:14:00.000Z,NEFT,1,Coimbatore,HIGH,SYNTHETIC
TXN-0002265,CASE-00269,ACC-00374,ACC-00915,13527,2026-01-12T03:00:00.000Z,IMPS,0,Pune,LOW,SYNTHETIC
TXN-0002266,CASE-00269,ACC-00375,ACC-00916,20504,2026-01-11T10:57:00.000Z,IMPS,0,Pune,LOW,SYNTHETIC
TXN-0002267,CASE-00269,ACC-00376,ACC-00917,2893,2026-01-12T02:54:00.000Z,UPI,0,Pune,LOW,SYNTHETIC
TXN-0002268,CASE-00269,ACC-00377,ACC-00918,6399,2026-01-11T16:51:00.000Z,TRANSFER,0,Pune,LOW,SYNTHETIC
TXN-0002269,CASE-00269,ACC-00378,ACC-00919,3874,2026-01-11T13:48:00.000Z,TRANSFER,0,Pune,LOW,SYNTHETIC
TXN-0002270,CASE-00269,ACC-00379,ACC-00920,6822,2026-01-11T21:45:00.000Z,UPI,0,Pune,LOW,SYNTHETIC
TXN-0002271,CASE-00269,ACC-00380,ACC-00921,2625,2026-01-11T10:42:00.000Z,NEFT,0,Pune,LOW,SYNTHETIC
TXN-0002272,CASE-00269,ACC-00381,ACC-00922,11368,2026-01-11T10:39:00.000Z,UPI,0,Pune,LOW,SYNTHETIC
TXN-0002273,CASE-00269,ACC-00382,ACC-00923,9505,2026-01-11T13:36:00.000Z,NEFT,0,Pune,LOW,SYNTHETIC
TXN-0002274,CASE-00270,ACC-00391,ACC-00934,14156,2026-01-11T22:00:00.000Z,IMPS,0,Vijayawada,LOW,SYNTHETIC
TXN-0002275,CASE-00270,ACC-00392,ACC-00935,1817,2026-01-11T22:57:00.000Z,IMPS,0,Vijayawada,LOW,SYNTHETIC
TXN-0002276,CASE-00270,ACC-00393,ACC-00936,11890,2026-01-12T01:54:00.000Z,TRANSFER,0,Vijayawada,LOW,SYNTHETIC
TXN-0002277,CASE-00270,ACC-00394,ACC-00937,7357,2026-01-11T12:51:00.000Z,UPI,0,Vijayawada,LOW,SYNTHETIC
TXN-0002278,CASE-00270,ACC-00395,ACC-00938,10936,2026-01-11T18:48:00.000Z,IMPS,0,Vijayawada,LOW,SYNTHETIC
TXN-0002279,CASE-00270,ACC-00396,ACC-00939,19992,2026-01-11T11:45:00.000Z,IMPS,0,Vijayawada,LOW,SYNTHETIC
TXN-0002280,CASE-00270,ACC-00397,ACC-00940,20469,2026-01-12T01:42:00.000Z,IMPS,0,Vijayawada,LOW,SYNTHETIC
TXN-0002281,CASE-00271,ACC-00408,ACC-00953,4589,2026-01-11T19:00:00.000Z,TRANSFER,0,Chennai,LOW,SYNTHETIC
TXN-0002282,CASE-00271,ACC-00409,ACC-00954,16905,2026-01-11T14:57:00.000Z,IMPS,0,Chennai,LOW,SYNTHETIC
TXN-0002283,CASE-00271,ACC-00410,ACC-00955,8989,2026-01-11T14:54:00.000Z,TRANSFER,0,Chennai,LOW,SYNTHETIC
TXN-0002284,CASE-00271,ACC-00411,ACC-00956,9646,2026-01-11T15:51:00.000Z,NEFT,0,Chennai,LOW,SYNTHETIC
TXN-0002285,CASE-00271,ACC-00412,ACC-00957,3758,2026-01-12T01:48:00.000Z,NEFT,0,Chennai,LOW,SYNTHETIC
TXN-0002286,CASE-00271,ACC-00413,ACC-00958,11018,2026-01-11T13:45:00.000Z,IMPS,0,Chennai,LOW,SYNTHETIC
TXN-0002287,CASE-00272,ACC-00425,ACC-00972,5279,2026-01-11T15:00:00.000Z,UPI,0,Bengaluru,LOW,SYNTHETIC
TXN-0002288,CASE-00272,ACC-00426,ACC-00973,20813,2026-01-11T17:57:00.000Z,NEFT,0,Bengaluru,LOW,SYNTHETIC
TXN-0002289,CASE-00272,ACC-00427,ACC-00974,13265,2026-01-12T02:54:00.000Z,UPI,0,Bengaluru,LOW,SYNTHETIC
TXN-0002290,CASE-00272,ACC-00428,ACC-00975,3698,2026-01-12T03:51:00.000Z,IMPS,0,Bengaluru,LOW,SYNTHETIC
TXN-0002291,CASE-00272,ACC-00429,ACC-00976,5968,2026-01-11T16:48:00.000Z,IMPS,0,Bengaluru,LOW,SYNTHETIC
TXN-0002292,CASE-00272,ACC-00430,ACC-00977,9430,2026-01-11T23:45:00.000Z,UPI,0,Bengaluru,LOW,SYNTHETIC
TXN-0002293,CASE-00272,ACC-00431,ACC-00978,17869,2026-01-11T20:42:00.000Z,TRANSFER,0,Bengaluru,LOW,SYNTHETIC
TXN-0002294,CASE-00272,ACC-00432,ACC-00979,5303,2026-01-11T23:39:00.000Z,NEFT,0,Bengaluru,LOW,SYNTHETIC
TXN-0002295,CASE-00272,ACC-00433,ACC-00980,11072,2026-01-11T21:36:00.000Z,UPI,0,Bengaluru,LOW,SYNTHETIC
TXN-0002296,CASE-00272,ACC-00545,ACC-00744,102405,2026-01-12T10:26:00.000Z,TRANSFER,1,Bengaluru,HIGH,SYNTHETIC
TXN-0002297,CASE-00272,ACC-00744,ACC-00745,86959,2026-01-12T12:35:00.000Z,NEFT,1,Bengaluru,HIGH,SYNTHETIC
TXN-0002298,CASE-00272,ACC-00745,ACC-00746,75955,2026-01-12T15:02:00.000Z,TRANSFER,1,Bengaluru,HIGH,SYNTHETIC
TXN-0002299,CASE-00273,ACC-00442,ACC-00991,21516,2026-01-11T14:00:00.000Z,IMPS,0,Hyderabad,LOW,SYNTHETIC
TXN-0002300,CASE-00273,ACC-00443,ACC-00992,16454,2026-01-12T00:57:00.000Z,IMPS,0,Hyderabad,LOW,SYNTHETIC
TXN-0002301,CASE-00273,ACC-00444,ACC-00993,20587,2026-01-11T23:54:00.000Z,TRANSFER,0,Hyderabad,LOW,SYNTHETIC
TXN-0002302,CASE-00273,ACC-00445,ACC-00994,21160,2026-01-12T02:51:00.000Z,UPI,0,Hyderabad,LOW,SYNTHETIC
TXN-0002303,CASE-00273,ACC-00446,ACC-00995,18537,2026-01-11T23:48:00.000Z,UPI,0,Hyderabad,LOW,SYNTHETIC
TXN-0002304,CASE-00273,ACC-00447,ACC-00996,6781,2026-01-11T14:45:00.000Z,TRANSFER,0,Hyderabad,LOW,SYNTHETIC
TXN-0002305,CASE-00273,ACC-00448,ACC-00997,6018,2026-01-12T03:42:00.000Z,NEFT,0,Hyderabad,LOW,SYNTHETIC
TXN-0002306,CASE-00273,ACC-00449,ACC-00998,9751,2026-01-11T19:39:00.000Z,TRANSFER,0,Hyderabad,LOW,SYNTHETIC
TXN-0002307,CASE-00273,ACC-00547,ACC-00757,84785,2026-01-12T11:50:00.000Z,IMPS,1,Hyderabad,HIGH,SYNTHETIC
TXN-0002308,CASE-00274,ACC-00459,ACC-01010,20072,2026-01-12T01:00:00.000Z,UPI,0,Coimbatore,LOW,SYNTHETIC
TXN-0002309,CASE-00274,ACC-00460,ACC-01011,12288,2026-01-11T13:57:00.000Z,NEFT,0,Coimbatore,LOW,SYNTHETIC
TXN-0002310,CASE-00274,ACC-00461,ACC-01012,1324,2026-01-11T15:54:00.000Z,TRANSFER,0,Coimbatore,LOW,SYNTHETIC
TXN-0002311,CASE-00274,ACC-00462,ACC-01013,3952,2026-01-11T21:51:00.000Z,NEFT,0,Coimbatore,LOW,SYNTHETIC
TXN-0002312,CASE-00274,ACC-00463,ACC-01014,20844,2026-01-12T02:48:00.000Z,IMPS,0,Coimbatore,LOW,SYNTHETIC
TXN-0002313,CASE-00274,ACC-00464,ACC-01015,8492,2026-01-12T00:45:00.000Z,NEFT,0,Coimbatore,LOW,SYNTHETIC
TXN-0002314,CASE-00274,ACC-00465,ACC-01016,16669,2026-01-12T07:42:00.000Z,IMPS,0,Coimbatore,LOW,SYNTHETIC
TXN-0002315,CASE-00274,ACC-00466,ACC-01017,4412,2026-01-11T19:39:00.000Z,IMPS,0,Coimbatore,LOW,SYNTHETIC
TXN-0002316,CASE-00275,ACC-00476,ACC-01029,1578,2026-01-12T07:00:00.000Z,NEFT,0,Pune,LOW,SYNTHETIC
TXN-0002317,CASE-00275,ACC-00477,ACC-01030,7200,2026-01-12T06:57:00.000Z,IMPS,0,Pune,LOW,SYNTHETIC
TXN-0002318,CASE-00275,ACC-00478,ACC-01031,16927,2026-01-12T05:54:00.000Z,IMPS,0,Pune,LOW,SYNTHETIC
TXN-0002319,CASE-00275,ACC-00479,ACC-01032,9643,2026-01-11T15:51:00.000Z,UPI,0,Pune,LOW,SYNTHETIC
TXN-0002320,CASE-00275,ACC-00480,ACC-01033,4612,2026-01-12T00:48:00.000Z,TRANSFER,0,Pune,LOW,SYNTHETIC
TXN-0002321,CASE-00275,ACC-00481,ACC-01034,10917,2026-01-12T05:45:00.000Z,UPI,0,Pune,LOW,SYNTHETIC
TXN-0002322,CASE-00275,ACC-00482,ACC-01035,3995,2026-01-11T17:42:00.000Z,IMPS,0,Pune,LOW,SYNTHETIC
TXN-0002323,CASE-00275,ACC-00483,ACC-01036,19087,2026-01-12T03:39:00.000Z,IMPS,0,Pune,LOW,SYNTHETIC
TXN-0002324,CASE-00275,ACC-00484,ACC-01037,7784,2026-01-12T05:36:00.000Z,IMPS,0,Pune,LOW,SYNTHETIC
TXN-0002325,CASE-00276,ACC-00493,ACC-01048,10083,2026-01-11T21:00:00.000Z,IMPS,0,Vijayawada,LOW,SYNTHETIC
TXN-0002326,CASE-00276,ACC-00494,ACC-01049,14184,2026-01-12T04:57:00.000Z,TRANSFER,0,Vijayawada,LOW,SYNTHETIC
TXN-0002327,CASE-00276,ACC-00495,ACC-01050,1158,2026-01-12T00:54:00.000Z,UPI,0,Vijayawada,LOW,SYNTHETIC
TXN-0002328,CASE-00276,ACC-00496,ACC-01051,13444,2026-01-11T19:51:00.000Z,TRANSFER,0,Vijayawada,LOW,SYNTHETIC
TXN-0002329,CASE-00276,ACC-00497,ACC-01052,10374,2026-01-11T20:48:00.000Z,IMPS,0,Vijayawada,LOW,SYNTHETIC
TXN-0002330,CASE-00276,ACC-00498,ACC-01053,9786,2026-01-11T15:45:00.000Z,NEFT,0,Vijayawada,LOW,SYNTHETIC
TXN-0002331,CASE-00276,ACC-00553,ACC-00796,37990,2026-01-12T12:06:00.000Z,IMPS,1,Vijayawada,MEDIUM,SYNTHETIC
TXN-0002332,CASE-00277,ACC-00510,ACC-01067,6736,2026-01-12T09:00:00.000Z,NEFT,0,Chennai,LOW,SYNTHETIC
TXN-0002333,CASE-00277,ACC-00511,ACC-01068,18391,2026-01-11T16:57:00.000Z,NEFT,0,Chennai,LOW,SYNTHETIC
TXN-0002334,CASE-00277,ACC-00512,ACC-01069,21738,2026-01-12T04:54:00.000Z,TRANSFER,0,Chennai,LOW,SYNTHETIC
TXN-0002335,CASE-00277,ACC-00513,ACC-01070,3667,2026-01-11T16:51:00.000Z,TRANSFER,0,Chennai,LOW,SYNTHETIC
TXN-0002336,CASE-00277,ACC-00514,ACC-01071,13962,2026-01-11T23:48:00.000Z,TRANSFER,0,Chennai,LOW,SYNTHETIC
TXN-0002337,CASE-00277,ACC-00515,ACC-01072,8403,2026-01-11T16:45:00.000Z,NEFT,0,Chennai,LOW,SYNTHETIC
TXN-0002338,CASE-00277,ACC-00516,ACC-01073,9693,2026-01-11T22:42:00.000Z,NEFT,0,Chennai,LOW,SYNTHETIC
TXN-0002339,CASE-00277,ACC-00517,ACC-01074,17019,2026-01-12T07:39:00.000Z,IMPS,0,Chennai,LOW,SYNTHETIC
TXN-0002340,CASE-00277,ACC-00518,ACC-01075,21992,2026-01-11T22:36:00.000Z,NEFT,0,Chennai,LOW,SYNTHETIC
TXN-0002341,CASE-00278,ACC-00527,ACC-01086,19239,2026-01-12T06:00:00.000Z,TRANSFER,0,Bengaluru,LOW,SYNTHETIC
TXN-0002342,CASE-00278,ACC-00528,ACC-01087,9687,2026-01-12T09:57:00.000Z,NEFT,0,Bengaluru,LOW,SYNTHETIC
TXN-0002343,CASE-00278,ACC-00529,ACC-01088,20991,2026-01-12T11:54:00.000Z,UPI,0,Bengaluru,LOW,SYNTHETIC
TXN-0002344,CASE-00278,ACC-00530,ACC-01089,3973,2026-01-12T05:51:00.000Z,IMPS,0,Bengaluru,LOW,SYNTHETIC
TXN-0002345,CASE-00278,ACC-00531,ACC-01090,11482,2026-01-11T18:48:00.000Z,NEFT,0,Bengaluru,LOW,SYNTHETIC
TXN-0002346,CASE-00278,ACC-00532,ACC-01091,13655,2026-01-12T08:45:00.000Z,NEFT,0,Bengaluru,LOW,SYNTHETIC
TXN-0002347,CASE-00278,ACC-00533,ACC-01092,5226,2026-01-12T06:42:00.000Z,IMPS,0,Bengaluru,LOW,SYNTHETIC
TXN-0002348,CASE-00278,ACC-00534,ACC-01093,9812,2026-01-12T02:39:00.000Z,NEFT,0,Bengaluru,LOW,SYNTHETIC
TXN-0002349,CASE-00278,ACC-00557,ACC-00822,100827,2026-01-12T14:32:00.000Z,IMPS,1,Bengaluru,HIGH,SYNTHETIC
TXN-0002350,CASE-00279,ACC-00544,ACC-01105,17087,2026-01-12T13:00:00.000Z,UPI,0,Hyderabad,LOW,SYNTHETIC
TXN-0002351,CASE-00279,ACC-00545,ACC-01106,915,2026-01-11T23:57:00.000Z,TRANSFER,0,Hyderabad,LOW,SYNTHETIC
TXN-0002352,CASE-00279,ACC-00546,ACC-01107,1989,2026-01-11T18:54:00.000Z,UPI,0,Hyderabad,LOW,SYNTHETIC
TXN-0002353,CASE-00279,ACC-00547,ACC-01108,5654,2026-01-12T09:51:00.000Z,UPI,0,Hyderabad,LOW,SYNTHETIC
TXN-0002354,CASE-00279,ACC-00548,ACC-01109,532,2026-01-12T01:48:00.000Z,UPI,0,Hyderabad,LOW,SYNTHETIC
TXN-0002355,CASE-00279,ACC-00549,ACC-01110,17969,2026-01-12T06:45:00.000Z,NEFT,0,Hyderabad,LOW,SYNTHETIC
TXN-0002356,CASE-00279,ACC-00550,ACC-01111,15964,2026-01-12T13:42:00.000Z,UPI,0,Hyderabad,LOW,SYNTHETIC
TXN-0002357,CASE-00279,ACC-00551,ACC-01112,10635,2026-01-11T22:39:00.000Z,NEFT,0,Hyderabad,LOW,SYNTHETIC
TXN-0002358,CASE-00280,ACC-00561,ACC-01124,5520,2026-01-12T06:00:00.000Z,NEFT,0,Coimbatore,LOW,SYNTHETIC
TXN-0002359,CASE-00280,ACC-00562,ACC-01125,8121,2026-01-11T21:57:00.000Z,TRANSFER,0,Coimbatore,LOW,SYNTHETIC
TXN-0002360,CASE-00280,ACC-00563,ACC-01126,16119,2026-01-12T12:54:00.000Z,UPI,0,Coimbatore,LOW,SYNTHETIC
TXN-0002361,CASE-00280,ACC-00564,ACC-01127,8464,2026-01-12T02:51:00.000Z,IMPS,0,Coimbatore,LOW,SYNTHETIC
TXN-0002362,CASE-00280,ACC-00565,ACC-01128,9044,2026-01-12T02:48:00.000Z,NEFT,0,Coimbatore,LOW,SYNTHETIC
TXN-0002363,CASE-00280,ACC-00566,ACC-01129,18941,2026-01-11T23:45:00.000Z,TRANSFER,0,Coimbatore,LOW,SYNTHETIC
TXN-0002364,CASE-00280,ACC-00567,ACC-01130,14634,2026-01-12T06:42:00.000Z,TRANSFER,0,Coimbatore,LOW,SYNTHETIC
TXN-0002365,CASE-00280,ACC-00568,ACC-01131,20456,2026-01-12T04:39:00.000Z,NEFT,0,Coimbatore,LOW,SYNTHETIC
TXN-0002366,CASE-00280,ACC-00569,ACC-01132,21209,2026-01-12T12:36:00.000Z,UPI,0,Coimbatore,LOW,SYNTHETIC
TXN-0002367,CASE-00280,ACC-00561,ACC-00848,53296,2026-01-12T17:35:00.000Z,NEFT,1,Coimbatore,MEDIUM,SYNTHETIC
TXN-0002368,CASE-00281,ACC-00578,ACC-01143,19342,2026-01-12T12:00:00.000Z,NEFT,0,Pune,LOW,SYNTHETIC
TXN-0002369,CASE-00281,ACC-00579,ACC-01144,14074,2026-01-12T03:57:00.000Z,IMPS,0,Pune,LOW,SYNTHETIC
TXN-0002370,CASE-00281,ACC-00580,ACC-01145,12572,2026-01-12T00:54:00.000Z,TRANSFER,0,Pune,LOW,SYNTHETIC
TXN-0002371,CASE-00281,ACC-00581,ACC-01146,13164,2026-01-12T10:51:00.000Z,IMPS,0,Pune,LOW,SYNTHETIC
TXN-0002372,CASE-00281,ACC-00582,ACC-01147,17359,2026-01-12T05:48:00.000Z,IMPS,0,Pune,LOW,SYNTHETIC
TXN-0002373,CASE-00281,ACC-00583,ACC-01148,2422,2026-01-12T13:45:00.000Z,UPI,0,Pune,LOW,SYNTHETIC
TXN-0002374,CASE-00281,ACC-00584,ACC-01149,18026,2026-01-12T05:42:00.000Z,TRANSFER,0,Pune,LOW,SYNTHETIC
TXN-0002375,CASE-00281,ACC-00585,ACC-01150,16383,2026-01-12T08:39:00.000Z,UPI,0,Pune,LOW,SYNTHETIC
TXN-0002376,CASE-00281,ACC-00586,ACC-01151,21202,2026-01-12T01:36:00.000Z,UPI,0,Pune,LOW,SYNTHETIC
TXN-0002377,CASE-00281,ACC-00563,ACC-00861,36388,2026-01-12T17:07:00.000Z,IMPS,1,Pune,MEDIUM,SYNTHETIC
TXN-0002378,CASE-00282,ACC-00595,ACC-01162,2071,2026-01-12T07:00:00.000Z,TRANSFER,0,Vijayawada,LOW,SYNTHETIC
TXN-0002379,CASE-00282,ACC-00596,ACC-01163,16554,2026-01-12T03:57:00.000Z,TRANSFER,0,Vijayawada,LOW,SYNTHETIC
TXN-0002380,CASE-00282,ACC-00597,ACC-01164,7156,2026-01-12T14:54:00.000Z,TRANSFER,0,Vijayawada,LOW,SYNTHETIC
TXN-0002381,CASE-00282,ACC-00598,ACC-01165,15858,2026-01-11T22:51:00.000Z,IMPS,0,Vijayawada,LOW,SYNTHETIC
TXN-0002382,CASE-00282,ACC-00599,ACC-01166,3273,2026-01-12T16:48:00.000Z,IMPS,0,Vijayawada,LOW,SYNTHETIC
TXN-0002383,CASE-00282,ACC-00600,ACC-01167,893,2026-01-12T00:45:00.000Z,NEFT,0,Vijayawada,LOW,SYNTHETIC
TXN-0002384,CASE-00282,ACC-00601,ACC-01168,19112,2026-01-12T09:42:00.000Z,NEFT,0,Vijayawada,LOW,SYNTHETIC
TXN-0002385,CASE-00282,ACC-00602,ACC-01169,13702,2026-01-12T12:39:00.000Z,TRANSFER,0,Vijayawada,LOW,SYNTHETIC
TXN-0002386,CASE-00282,ACC-00603,ACC-01170,16302,2026-01-12T11:36:00.000Z,TRANSFER,0,Vijayawada,LOW,SYNTHETIC
TXN-0002387,CASE-00283,ACC-00612,ACC-01181,20682,2026-01-12T04:00:00.000Z,TRANSFER,0,Chennai,LOW,SYNTHETIC
TXN-0002388,CASE-00283,ACC-00613,ACC-01182,9324,2026-01-12T08:57:00.000Z,UPI,0,Chennai,LOW,SYNTHETIC
TXN-0002389,CASE-00283,ACC-00614,ACC-01183,14473,2026-01-12T08:54:00.000Z,IMPS,0,Chennai,LOW,SYNTHETIC
TXN-0002390,CASE-00283,ACC-00615,ACC-01184,10646,2026-01-12T13:51:00.000Z,UPI,0,Chennai,LOW,SYNTHETIC
TXN-0002391,CASE-00283,ACC-00616,ACC-01185,17462,2026-01-12T08:48:00.000Z,IMPS,0,Chennai,LOW,SYNTHETIC
TXN-0002392,CASE-00283,ACC-00617,ACC-01186,3690,2026-01-11T22:45:00.000Z,IMPS,0,Chennai,LOW,SYNTHETIC
TXN-0002393,CASE-00283,ACC-00618,ACC-01187,938,2026-01-12T03:42:00.000Z,TRANSFER,0,Chennai,LOW,SYNTHETIC
TXN-0002394,CASE-00283,ACC-00619,ACC-01188,20039,2026-01-12T05:39:00.000Z,TRANSFER,0,Chennai,LOW,SYNTHETIC
TXN-0002395,CASE-00283,ACC-00567,ACC-00887,13396,2026-01-12T20:58:00.000Z,UPI,1,Chennai,MEDIUM,SYNTHETIC
TXN-0002396,CASE-00284,ACC-00629,ACC-01200,13068,2026-01-12T12:00:00.000Z,NEFT,0,Bengaluru,LOW,SYNTHETIC
TXN-0002397,CASE-00284,ACC-00630,ACC-01201,21491,2026-01-12T15:57:00.000Z,NEFT,0,Bengaluru,LOW,SYNTHETIC
TXN-0002398,CASE-00284,ACC-00631,ACC-01202,9485,2026-01-12T11:54:00.000Z,UPI,0,Bengaluru,LOW,SYNTHETIC
TXN-0002399,CASE-00284,ACC-00632,ACC-01203,4154,2026-01-12T07:51:00.000Z,UPI,0,Bengaluru,LOW,SYNTHETIC
TXN-0002400,CASE-00284,ACC-00633,ACC-01204,3147,2026-01-12T03:48:00.000Z,IMPS,0,Bengaluru,LOW,SYNTHETIC
TXN-0002401,CASE-00284,ACC-00634,ACC-01205,3979,2026-01-12T01:45:00.000Z,IMPS,0,Bengaluru,LOW,SYNTHETIC
TXN-0002402,CASE-00284,ACC-00635,ACC-01206,2174,2026-01-12T14:42:00.000Z,NEFT,0,Bengaluru,LOW,SYNTHETIC
TXN-0002403,CASE-00284,ACC-00636,ACC-01207,2928,2026-01-12T14:39:00.000Z,UPI,0,Bengaluru,LOW,SYNTHETIC
TXN-0002404,CASE-00284,ACC-00637,ACC-01208,11428,2026-01-12T07:36:00.000Z,UPI,0,Bengaluru,LOW,SYNTHETIC
TXN-0002405,CASE-00284,ACC-00569,ACC-00900,37864,2026-01-13T18:00:00.000Z,UPI,1,Bengaluru,MEDIUM,SYNTHETIC
TXN-0002406,CASE-00285,ACC-00646,ACC-01219,20183,2026-01-12T04:00:00.000Z,TRANSFER,0,Hyderabad,LOW,SYNTHETIC
TXN-0002407,CASE-00285,ACC-00647,ACC-01220,21966,2026-01-12T02:57:00.000Z,IMPS,0,Hyderabad,LOW,SYNTHETIC
TXN-0002408,CASE-00285,ACC-00648,ACC-01221,20928,2026-01-12T17:54:00.000Z,TRANSFER,0,Hyderabad,LOW,SYNTHETIC
TXN-0002409,CASE-00285,ACC-00649,ACC-01222,18765,2026-01-12T02:51:00.000Z,TRANSFER,0,Hyderabad,LOW,SYNTHETIC
TXN-0002410,CASE-00285,ACC-00650,ACC-01223,2139,2026-01-12T19:48:00.000Z,IMPS,0,Hyderabad,LOW,SYNTHETIC
TXN-0002411,CASE-00285,ACC-00651,ACC-01224,20128,2026-01-12T18:45:00.000Z,TRANSFER,0,Hyderabad,LOW,SYNTHETIC
TXN-0002412,CASE-00285,ACC-00652,ACC-01225,805,2026-01-12T18:42:00.000Z,UPI,0,Hyderabad,LOW,SYNTHETIC
TXN-0002413,CASE-00285,ACC-00653,ACC-01226,20841,2026-01-12T12:39:00.000Z,NEFT,0,Hyderabad,LOW,SYNTHETIC
TXN-0002414,CASE-00286,ACC-00663,ACC-01238,18756,2026-01-12T18:00:00.000Z,TRANSFER,0,Coimbatore,LOW,SYNTHETIC
TXN-0002415,CASE-00286,ACC-00664,ACC-01239,21161,2026-01-12T04:57:00.000Z,UPI,0,Coimbatore,LOW,SYNTHETIC
TXN-0002416,CASE-00286,ACC-00665,ACC-01240,2354,2026-01-12T18:54:00.000Z,IMPS,0,Coimbatore,LOW,SYNTHETIC
TXN-0002417,CASE-00286,ACC-00666,ACC-01241,14238,2026-01-12T08:51:00.000Z,UPI,0,Coimbatore,LOW,SYNTHETIC
TXN-0002418,CASE-00286,ACC-00667,ACC-01242,8535,2026-01-12T05:48:00.000Z,IMPS,0,Coimbatore,LOW,SYNTHETIC
TXN-0002419,CASE-00286,ACC-00668,ACC-01243,8208,2026-01-12T05:45:00.000Z,TRANSFER,0,Coimbatore,LOW,SYNTHETIC
TXN-0002420,CASE-00286,ACC-00669,ACC-01244,11996,2026-01-12T04:42:00.000Z,TRANSFER,0,Coimbatore,LOW,SYNTHETIC
TXN-0002421,CASE-00286,ACC-00670,ACC-01245,19305,2026-01-12T11:39:00.000Z,TRANSFER,0,Coimbatore,LOW,SYNTHETIC
TXN-0002422,CASE-00287,ACC-00680,ACC-01257,10068,2026-01-12T09:00:00.000Z,NEFT,0,Pune,LOW,SYNTHETIC
TXN-0002423,CASE-00287,ACC-00681,ACC-01258,2056,2026-01-12T21:57:00.000Z,NEFT,0,Pune,LOW,SYNTHETIC
TXN-0002424,CASE-00287,ACC-00682,ACC-01259,4815,2026-01-12T08:54:00.000Z,IMPS,0,Pune,LOW,SYNTHETIC
TXN-0002425,CASE-00287,ACC-00683,ACC-01260,20236,2026-01-12T02:51:00.000Z,IMPS,0,Pune,LOW,SYNTHETIC
TXN-0002426,CASE-00287,ACC-00684,ACC-01261,21995,2026-01-12T14:48:00.000Z,UPI,0,Pune,LOW,SYNTHETIC
TXN-0002427,CASE-00287,ACC-00685,ACC-01262,10022,2026-01-12T15:45:00.000Z,NEFT,0,Pune,LOW,SYNTHETIC
TXN-0002428,CASE-00287,ACC-00686,ACC-01263,3712,2026-01-12T08:42:00.000Z,IMPS,0,Pune,LOW,SYNTHETIC
TXN-0002429,CASE-00287,ACC-00575,ACC-00939,97781,2026-01-13T00:02:00.000Z,UPI,1,Pune,HIGH,SYNTHETIC
TXN-0002430,CASE-00287,ACC-00939,ACC-00940,82593,2026-01-13T00:54:00.000Z,NEFT,1,Pune,HIGH,SYNTHETIC
TXN-0002431,CASE-00287,ACC-00940,ACC-00941,77248,2026-01-13T02:12:00.000Z,IMPS,1,Pune,HIGH,SYNTHETIC
TXN-0002432,CASE-00288,ACC-00697,ACC-01276,17271,2026-01-12T14:00:00.000Z,TRANSFER,0,Vijayawada,LOW,SYNTHETIC
TXN-0002433,CASE-00288,ACC-00698,ACC-01277,18411,2026-01-12T09:57:00.000Z,UPI,0,Vijayawada,LOW,SYNTHETIC
TXN-0002434,CASE-00288,ACC-00699,ACC-01278,15647,2026-01-12T20:54:00.000Z,NEFT,0,Vijayawada,LOW,SYNTHETIC
TXN-0002435,CASE-00288,ACC-00700,ACC-01279,6977,2026-01-12T15:51:00.000Z,UPI,0,Vijayawada,LOW,SYNTHETIC
TXN-0002436,CASE-00288,ACC-00701,ACC-01280,19860,2026-01-12T10:48:00.000Z,NEFT,0,Vijayawada,LOW,SYNTHETIC
TXN-0002437,CASE-00288,ACC-00702,ACC-01281,10077,2026-01-12T18:45:00.000Z,UPI,0,Vijayawada,LOW,SYNTHETIC
TXN-0002438,CASE-00288,ACC-00577,ACC-00952,72525,2026-01-13T01:31:00.000Z,IMPS,1,Vijayawada,HIGH,SYNTHETIC
TXN-0002439,CASE-00289,ACC-00714,ACC-01295,5259,2026-01-12T17:00:00.000Z,TRANSFER,0,Chennai,LOW,SYNTHETIC
TXN-0002440,CASE-00289,ACC-00715,ACC-01296,16561,2026-01-12T09:57:00.000Z,IMPS,0,Chennai,LOW,SYNTHETIC
TXN-0002441,CASE-00289,ACC-00716,ACC-01297,2368,2026-01-12T10:54:00.000Z,TRANSFER,0,Chennai,LOW,SYNTHETIC
TXN-0002442,CASE-00289,ACC-00717,ACC-01298,4248,2026-01-12T13:51:00.000Z,IMPS,0,Chennai,LOW,SYNTHETIC
TXN-0002443,CASE-00289,ACC-00718,ACC-01299,5086,2026-01-12T23:48:00.000Z,NEFT,0,Chennai,LOW,SYNTHETIC
TXN-0002444,CASE-00289,ACC-00719,ACC-01300,21450,2026-01-12T10:45:00.000Z,IMPS,0,Chennai,LOW,SYNTHETIC
TXN-0002445,CASE-00289,ACC-00720,ACC-01301,8234,2026-01-12T11:42:00.000Z,NEFT,0,Chennai,LOW,SYNTHETIC
TXN-0002446,CASE-00289,ACC-00721,ACC-01302,2761,2026-01-12T15:39:00.000Z,TRANSFER,0,Chennai,LOW,SYNTHETIC
TXN-0002447,CASE-00290,ACC-00731,ACC-01314,10318,2026-01-12T20:00:00.000Z,IMPS,0,Bengaluru,LOW,SYNTHETIC
TXN-0002448,CASE-00290,ACC-00732,ACC-01315,21778,2026-01-12T21:57:00.000Z,TRANSFER,0,Bengaluru,LOW,SYNTHETIC
TXN-0002449,CASE-00290,ACC-00733,ACC-01316,16083,2026-01-13T00:54:00.000Z,TRANSFER,0,Bengaluru,LOW,SYNTHETIC
TXN-0002450,CASE-00290,ACC-00734,ACC-01317,20415,2026-01-12T14:51:00.000Z,UPI,0,Bengaluru,LOW,SYNTHETIC
TXN-0002451,CASE-00290,ACC-00735,ACC-01318,3139,2026-01-12T07:48:00.000Z,UPI,0,Bengaluru,LOW,SYNTHETIC
TXN-0002452,CASE-00290,ACC-00736,ACC-01319,11740,2026-01-12T23:45:00.000Z,NEFT,0,Bengaluru,LOW,SYNTHETIC
TXN-0002453,CASE-00290,ACC-00737,ACC-01320,3428,2026-01-12T08:42:00.000Z,UPI,0,Bengaluru,LOW,SYNTHETIC
TXN-0002454,CASE-00290,ACC-00738,ACC-01321,12681,2026-01-12T23:39:00.000Z,NEFT,0,Bengaluru,LOW,SYNTHETIC
TXN-0002455,CASE-00291,ACC-00748,ACC-01333,14073,2026-01-12T20:00:00.000Z,UPI,0,Hyderabad,LOW,SYNTHETIC
TXN-0002456,CASE-00291,ACC-00749,ACC-01334,14819,2026-01-12T08:57:00.000Z,IMPS,0,Hyderabad,LOW,SYNTHETIC
TXN-0002457,CASE-00291,ACC-00750,ACC-01335,15904,2026-01-12T08:54:00.000Z,UPI,0,Hyderabad,LOW,SYNTHETIC
TXN-0002458,CASE-00291,ACC-00751,ACC-01336,10705,2026-01-12T14:51:00.000Z,IMPS,0,Hyderabad,LOW,SYNTHETIC
TXN-0002459,CASE-00291,ACC-00752,ACC-01337,12733,2026-01-12T13:48:00.000Z,IMPS,0,Hyderabad,LOW,SYNTHETIC
TXN-0002460,CASE-00291,ACC-00753,ACC-01338,5068,2026-01-12T23:45:00.000Z,TRANSFER,0,Hyderabad,LOW,SYNTHETIC
TXN-0002461,CASE-00291,ACC-00754,ACC-01339,9809,2026-01-12T22:42:00.000Z,UPI,0,Hyderabad,LOW,SYNTHETIC
TXN-0002462,CASE-00291,ACC-00755,ACC-01340,19187,2026-01-12T11:39:00.000Z,NEFT,0,Hyderabad,LOW,SYNTHETIC
TXN-0002463,CASE-00291,ACC-00756,ACC-01341,11216,2026-01-12T21:36:00.000Z,TRANSFER,0,Hyderabad,LOW,SYNTHETIC
TXN-0002464,CASE-00292,ACC-00765,ACC-01352,5364,2026-01-12T14:00:00.000Z,UPI,0,Coimbatore,LOW,SYNTHETIC
TXN-0002465,CASE-00292,ACC-00766,ACC-01353,535,2026-01-13T02:57:00.000Z,NEFT,0,Coimbatore,LOW,SYNTHETIC
TXN-0002466,CASE-00292,ACC-00767,ACC-01354,7924,2026-01-12T07:54:00.000Z,TRANSFER,0,Coimbatore,LOW,SYNTHETIC
TXN-0002467,CASE-00292,ACC-00768,ACC-01355,12759,2026-01-13T00:51:00.000Z,NEFT,0,Coimbatore,LOW,SYNTHETIC
TXN-0002468,CASE-00292,ACC-00769,ACC-01356,20016,2026-01-12T20:48:00.000Z,IMPS,0,Coimbatore,LOW,SYNTHETIC
TXN-0002469,CASE-00292,ACC-00770,ACC-01357,9232,2026-01-12T11:45:00.000Z,NEFT,0,Coimbatore,LOW,SYNTHETIC
TXN-0002470,CASE-00292,ACC-00585,ACC-01004,70771,2026-01-13T05:07:00.000Z,NEFT,1,Coimbatore,HIGH,SYNTHETIC
TXN-0002471,CASE-00292,ACC-01004,ACC-01005,66151,2026-01-13T07:41:00.000Z,UPI,1,Coimbatore,MEDIUM,SYNTHETIC
TXN-0002472,CASE-00292,ACC-01005,ACC-01006,60785,2026-01-13T08:23:00.000Z,NEFT,1,Coimbatore,MEDIUM,SYNTHETIC
TXN-0002473,CASE-00293,ACC-00782,ACC-01371,10093,2026-01-12T11:00:00.000Z,NEFT,0,Pune,LOW,SYNTHETIC
TXN-0002474,CASE-00293,ACC-00783,ACC-01372,1232,2026-01-12T17:57:00.000Z,UPI,0,Pune,LOW,SYNTHETIC
TXN-0002475,CASE-00293,ACC-00784,ACC-01373,18083,2026-01-12T11:54:00.000Z,NEFT,0,Pune,LOW,SYNTHETIC
TXN-0002476,CASE-00293,ACC-00785,ACC-01374,3200,2026-01-12T10:51:00.000Z,NEFT,0,Pune,LOW,SYNTHETIC
TXN-0002477,CASE-00293,ACC-00786,ACC-01375,21531,2026-01-12T08:48:00.000Z,NEFT,0,Pune,LOW,SYNTHETIC
TXN-0002478,CASE-00293,ACC-00787,ACC-01376,3757,2026-01-12T10:45:00.000Z,TRANSFER,0,Pune,LOW,SYNTHETIC
TXN-0002479,CASE-00293,ACC-00788,ACC-01377,10963,2026-01-12T22:42:00.000Z,TRANSFER,0,Pune,LOW,SYNTHETIC
TXN-0002480,CASE-00293,ACC-00789,ACC-01378,14185,2026-01-12T20:39:00.000Z,NEFT,0,Pune,LOW,SYNTHETIC
TXN-0002481,CASE-00293,ACC-00790,ACC-01379,9256,2026-01-12T16:36:00.000Z,NEFT,0,Pune,LOW,SYNTHETIC
TXN-0002482,CASE-00293,ACC-00791,ACC-01380,16272,2026-01-12T17:33:00.000Z,IMPS,0,Pune,LOW,SYNTHETIC
TXN-0002483,CASE-00294,ACC-00799,ACC-01390,19300,2026-01-13T02:00:00.000Z,NEFT,0,Vijayawada,LOW,SYNTHETIC
TXN-0002484,CASE-00294,ACC-00800,ACC-01391,8623,2026-01-12T15:57:00.000Z,UPI,0,Vijayawada,LOW,SYNTHETIC
TXN-0002485,CASE-00294,ACC-00801,ACC-01392,7461,2026-01-12T11:54:00.000Z,UPI,0,Vijayawada,LOW,SYNTHETIC
TXN-0002486,CASE-00294,ACC-00802,ACC-01393,18784,2026-01-12T23:51:00.000Z,UPI,0,Vijayawada,LOW,SYNTHETIC
TXN-0002487,CASE-00294,ACC-00803,ACC-01394,3075,2026-01-12T13:48:00.000Z,NEFT,0,Vijayawada,LOW,SYNTHETIC
TXN-0002488,CASE-00294,ACC-00804,ACC-01395,6481,2026-01-12T16:45:00.000Z,UPI,0,Vijayawada,LOW,SYNTHETIC
TXN-0002489,CASE-00294,ACC-00805,ACC-01396,12918,2026-01-12T20:42:00.000Z,NEFT,0,Vijayawada,LOW,SYNTHETIC
TXN-0002490,CASE-00294,ACC-00806,ACC-01397,15413,2026-01-12T16:39:00.000Z,NEFT,0,Vijayawada,LOW,SYNTHETIC
TXN-0002491,CASE-00294,ACC-00589,ACC-01030,71082,2026-01-13T19:00:00.000Z,IMPS,1,Vijayawada,HIGH,SYNTHETIC
TXN-0002492,CASE-00295,ACC-00816,ACC-00009,18179,2026-01-13T02:00:00.000Z,IMPS,0,Chennai,LOW,SYNTHETIC
TXN-0002493,CASE-00295,ACC-00817,ACC-00010,19591,2026-01-12T15:57:00.000Z,TRANSFER,0,Chennai,LOW,SYNTHETIC
TXN-0002494,CASE-00295,ACC-00818,ACC-00011,20695,2026-01-12T12:54:00.000Z,UPI,0,Chennai,LOW,SYNTHETIC
TXN-0002495,CASE-00295,ACC-00819,ACC-00012,7999,2026-01-12T23:51:00.000Z,IMPS,0,Chennai,LOW,SYNTHETIC
TXN-0002496,CASE-00295,ACC-00820,ACC-00013,5777,2026-01-12T22:48:00.000Z,NEFT,0,Chennai,LOW,SYNTHETIC
TXN-0002497,CASE-00295,ACC-00821,ACC-00014,6341,2026-01-13T04:45:00.000Z,UPI,0,Chennai,LOW,SYNTHETIC
TXN-0002498,CASE-00295,ACC-00591,ACC-01043,90102,2026-01-13T07:22:00.000Z,IMPS,1,Chennai,HIGH,SYNTHETIC
TXN-0002499,CASE-00296,ACC-00833,ACC-00028,4572,2026-01-13T05:00:00.000Z,TRANSFER,0,Bengaluru,LOW,SYNTHETIC
TXN-0002500,CASE-00296,ACC-00834,ACC-00029,6691,2026-01-13T01:57:00.000Z,UPI,0,Bengaluru,LOW,SYNTHETIC
TXN-0002501,CASE-00296,ACC-00835,ACC-00030,12793,2026-01-12T15:54:00.000Z,TRANSFER,0,Bengaluru,LOW,SYNTHETIC
TXN-0002502,CASE-00296,ACC-00836,ACC-00031,18686,2026-01-12T17:51:00.000Z,UPI,0,Bengaluru,LOW,SYNTHETIC
TXN-0002503,CASE-00296,ACC-00837,ACC-00032,9002,2026-01-12T16:48:00.000Z,NEFT,0,Bengaluru,LOW,SYNTHETIC
TXN-0002504,CASE-00296,ACC-00838,ACC-00033,5349,2026-01-12T13:45:00.000Z,NEFT,0,Bengaluru,LOW,SYNTHETIC
TXN-0002505,CASE-00296,ACC-00839,ACC-00034,6059,2026-01-12T12:42:00.000Z,NEFT,0,Bengaluru,LOW,SYNTHETIC
TXN-0002506,CASE-00296,ACC-00840,ACC-00035,7497,2026-01-12T18:39:00.000Z,NEFT,0,Bengaluru,LOW,SYNTHETIC
TXN-0002507,CASE-00296,ACC-00593,ACC-01056,40939,2026-01-13T08:07:00.000Z,UPI,1,Bengaluru,MEDIUM,SYNTHETIC
TXN-0002508,CASE-00297,ACC-00850,ACC-00047,16835,2026-01-13T02:00:00.000Z,UPI,0,Hyderabad,LOW,SYNTHETIC
TXN-0002509,CASE-00297,ACC-00851,ACC-00048,5820,2026-01-12T20:57:00.000Z,IMPS,0,Hyderabad,LOW,SYNTHETIC
TXN-0002510,CASE-00297,ACC-00852,ACC-00049,8232,2026-01-12T18:54:00.000Z,TRANSFER,0,Hyderabad,LOW,SYNTHETIC
TXN-0002511,CASE-00297,ACC-00853,ACC-00050,7156,2026-01-13T05:51:00.000Z,TRANSFER,0,Hyderabad,LOW,SYNTHETIC
TXN-0002512,CASE-00297,ACC-00854,ACC-00051,7348,2026-01-12T20:48:00.000Z,IMPS,0,Hyderabad,LOW,SYNTHETIC
TXN-0002513,CASE-00297,ACC-00855,ACC-00052,1093,2026-01-13T07:45:00.000Z,NEFT,0,Hyderabad,LOW,SYNTHETIC
TXN-0002514,CASE-00297,ACC-00856,ACC-00053,6639,2026-01-12T15:42:00.000Z,TRANSFER,0,Hyderabad,LOW,SYNTHETIC
TXN-0002515,CASE-00298,ACC-00867,ACC-00066,14169,2026-01-12T20:00:00.000Z,IMPS,0,Coimbatore,LOW,SYNTHETIC
TXN-0002516,CASE-00298,ACC-00868,ACC-00067,18955,2026-01-13T07:57:00.000Z,TRANSFER,0,Coimbatore,LOW,SYNTHETIC
TXN-0002517,CASE-00298,ACC-00869,ACC-00068,20130,2026-01-12T22:54:00.000Z,TRANSFER,0,Coimbatore,LOW,SYNTHETIC
TXN-0002518,CASE-00298,ACC-00870,ACC-00069,7596,2026-01-13T00:51:00.000Z,IMPS,0,Coimbatore,LOW,SYNTHETIC
TXN-0002519,CASE-00298,ACC-00871,ACC-00070,18129,2026-01-12T14:48:00.000Z,TRANSFER,0,Coimbatore,LOW,SYNTHETIC
TXN-0002520,CASE-00298,ACC-00872,ACC-00071,11106,2026-01-12T18:45:00.000Z,TRANSFER,0,Coimbatore,LOW,SYNTHETIC
TXN-0002521,CASE-00298,ACC-00873,ACC-00072,18349,2026-01-13T03:42:00.000Z,NEFT,0,Coimbatore,LOW,SYNTHETIC
TXN-0002522,CASE-00298,ACC-00874,ACC-00073,8947,2026-01-13T04:39:00.000Z,NEFT,0,Coimbatore,LOW,SYNTHETIC
TXN-0002523,CASE-00298,ACC-00875,ACC-00074,2854,2026-01-13T02:36:00.000Z,NEFT,0,Coimbatore,LOW,SYNTHETIC
TXN-0002524,CASE-00298,ACC-00876,ACC-00075,18130,2026-01-13T07:33:00.000Z,IMPS,0,Coimbatore,LOW,SYNTHETIC
TXN-0002525,CASE-00298,ACC-00597,ACC-01082,92839,2026-01-13T11:14:00.000Z,TRANSFER,1,Coimbatore,HIGH,SYNTHETIC
TXN-0002526,CASE-00299,ACC-00884,ACC-00085,21247,2026-01-12T20:00:00.000Z,NEFT,0,Pune,LOW,SYNTHETIC
TXN-0002527,CASE-00299,ACC-00885,ACC-00086,17377,2026-01-13T00:57:00.000Z,UPI,0,Pune,LOW,SYNTHETIC
TXN-0002528,CASE-00299,ACC-00886,ACC-00087,18987,2026-01-12T19:54:00.000Z,NEFT,0,Pune,LOW,SYNTHETIC
TXN-0002529,CASE-00299,ACC-00887,ACC-00088,17248,2026-01-12T23:51:00.000Z,TRANSFER,0,Pune,LOW,SYNTHETIC
TXN-0002530,CASE-00299,ACC-00888,ACC-00089,5368,2026-01-12T21:48:00.000Z,IMPS,0,Pune,LOW,SYNTHETIC
TXN-0002531,CASE-00299,ACC-00889,ACC-00090,19207,2026-01-13T07:45:00.000Z,IMPS,0,Pune,LOW,SYNTHETIC
TXN-0002532,CASE-00299,ACC-00890,ACC-00091,1993,2026-01-12T22:42:00.000Z,TRANSFER,0,Pune,LOW,SYNTHETIC
TXN-0002533,CASE-00299,ACC-00891,ACC-00092,1574,2026-01-12T20:39:00.000Z,IMPS,0,Pune,LOW,SYNTHETIC
TXN-0002534,CASE-00300,ACC-00901,ACC-00104,13434,2026-01-13T03:00:00.000Z,IMPS,0,Vijayawada,LOW,SYNTHETIC
TXN-0002535,CASE-00300,ACC-00902,ACC-00105,4058,2026-01-13T04:57:00.000Z,TRANSFER,0,Vijayawada,LOW,SYNTHETIC
TXN-0002536,CASE-00300,ACC-00903,ACC-00106,13873,2026-01-13T04:54:00.000Z,UPI,0,Vijayawada,LOW,SYNTHETIC
TXN-0002537,CASE-00300,ACC-00904,ACC-00107,14467,2026-01-13T00:51:00.000Z,UPI,0,Vijayawada,LOW,SYNTHETIC
TXN-0002538,CASE-00300,ACC-00905,ACC-00108,7980,2026-01-12T18:48:00.000Z,TRANSFER,0,Vijayawada,LOW,SYNTHETIC
TXN-0002539,CASE-00300,ACC-00906,ACC-00109,12833,2026-01-13T00:45:00.000Z,UPI,0,Vijayawada,LOW,SYNTHETIC
TXN-0002540,CASE-00300,ACC-00907,ACC-00110,14292,2026-01-12T15:42:00.000Z,IMPS,0,Vijayawada,LOW,SYNTHETIC
TXN-0002541,CASE-00300,ACC-00908,ACC-00111,11107,2026-01-12T21:39:00.000Z,IMPS,0,Vijayawada,LOW,SYNTHETIC
TXN-0002542,CASE-00300,ACC-00909,ACC-00112,21930,2026-01-12T21:36:00.000Z,NEFT,0,Vijayawada,LOW,SYNTHETIC
TXN-0002543,CASE-00300,ACC-00601,ACC-01108,64446,2026-01-13T13:00:00.000Z,TRANSFER,1,Vijayawada,MEDIUM,SYNTHETIC
TXN-0002544,CASE-00301,ACC-00918,ACC-00123,8912,2026-01-13T00:00:00.000Z,TRANSFER,0,Chennai,LOW,SYNTHETIC
TXN-0002545,CASE-00301,ACC-00919,ACC-00124,15852,2026-01-12T23:57:00.000Z,IMPS,0,Chennai,LOW,SYNTHETIC
TXN-0002546,CASE-00301,ACC-00920,ACC-00125,1971,2026-01-13T11:54:00.000Z,UPI,0,Chennai,LOW,SYNTHETIC
TXN-0002547,CASE-00301,ACC-00921,ACC-00126,3585,2026-01-13T04:51:00.000Z,IMPS,0,Chennai,LOW,SYNTHETIC
TXN-0002548,CASE-00301,ACC-00922,ACC-00127,6431,2026-01-13T04:48:00.000Z,IMPS,0,Chennai,LOW,SYNTHETIC
TXN-0002549,CASE-00301,ACC-00923,ACC-00128,17192,2026-01-12T21:45:00.000Z,TRANSFER,0,Chennai,LOW,SYNTHETIC
TXN-0002550,CASE-00301,ACC-00924,ACC-00129,7222,2026-01-13T05:42:00.000Z,TRANSFER,0,Chennai,LOW,SYNTHETIC
TXN-0002551,CASE-00301,ACC-00925,ACC-00130,4541,2026-01-12T20:39:00.000Z,TRANSFER,0,Chennai,LOW,SYNTHETIC
TXN-0002552,CASE-00301,ACC-00926,ACC-00131,5589,2026-01-13T07:36:00.000Z,UPI,0,Chennai,LOW,SYNTHETIC
TXN-0002553,CASE-00301,ACC-00927,ACC-00132,5141,2026-01-13T06:33:00.000Z,TRANSFER,0,Chennai,LOW,SYNTHETIC
TXN-0002554,CASE-00301,ACC-00603,ACC-01121,10834,2026-01-13T13:07:00.000Z,UPI,1,Chennai,MEDIUM,SYNTHETIC
TXN-0002555,CASE-00302,ACC-00935,ACC-00142,17048,2026-01-12T23:00:00.000Z,NEFT,0,Bengaluru,LOW,SYNTHETIC
TXN-0002556,CASE-00302,ACC-00936,ACC-00143,17671,2026-01-12T18:57:00.000Z,UPI,0,Bengaluru,LOW,SYNTHETIC
TXN-0002557,CASE-00302,ACC-00937,ACC-00144,15714,2026-01-13T05:54:00.000Z,IMPS,0,Bengaluru,LOW,SYNTHETIC
TXN-0002558,CASE-00302,ACC-00938,ACC-00145,12920,2026-01-13T11:51:00.000Z,TRANSFER,0,Bengaluru,LOW,SYNTHETIC
TXN-0002559,CASE-00302,ACC-00939,ACC-00146,2499,2026-01-13T01:48:00.000Z,UPI,0,Bengaluru,LOW,SYNTHETIC
TXN-0002560,CASE-00302,ACC-00940,ACC-00147,13460,2026-01-12T22:45:00.000Z,IMPS,0,Bengaluru,LOW,SYNTHETIC
TXN-0002561,CASE-00302,ACC-00941,ACC-00148,12070,2026-01-12T23:42:00.000Z,UPI,0,Bengaluru,LOW,SYNTHETIC
TXN-0002562,CASE-00303,ACC-00952,ACC-00161,13445,2026-01-13T01:00:00.000Z,NEFT,0,Hyderabad,LOW,SYNTHETIC
TXN-0002563,CASE-00303,ACC-00953,ACC-00162,10641,2026-01-13T02:57:00.000Z,IMPS,0,Hyderabad,LOW,SYNTHETIC
TXN-0002564,CASE-00303,ACC-00954,ACC-00163,21006,2026-01-12T18:54:00.000Z,TRANSFER,0,Hyderabad,LOW,SYNTHETIC
TXN-0002565,CASE-00303,ACC-00955,ACC-00164,10467,2026-01-12T23:51:00.000Z,IMPS,0,Hyderabad,LOW,SYNTHETIC
TXN-0002566,CASE-00303,ACC-00956,ACC-00165,21080,2026-01-13T07:48:00.000Z,NEFT,0,Hyderabad,LOW,SYNTHETIC
TXN-0002567,CASE-00303,ACC-00957,ACC-00166,8005,2026-01-12T23:45:00.000Z,UPI,0,Hyderabad,LOW,SYNTHETIC
TXN-0002568,CASE-00303,ACC-00958,ACC-00167,18120,2026-01-13T10:42:00.000Z,NEFT,0,Hyderabad,LOW,SYNTHETIC
TXN-0002569,CASE-00303,ACC-00959,ACC-00168,1692,2026-01-13T04:39:00.000Z,UPI,0,Hyderabad,LOW,SYNTHETIC
TXN-0002570,CASE-00303,ACC-00960,ACC-00169,9843,2026-01-12T22:36:00.000Z,NEFT,0,Hyderabad,LOW,SYNTHETIC
TXN-0002571,CASE-00304,ACC-00969,ACC-00180,8585,2026-01-12T21:00:00.000Z,UPI,0,Coimbatore,LOW,SYNTHETIC
TXN-0002572,CASE-00304,ACC-00970,ACC-00181,3807,2026-01-13T05:57:00.000Z,UPI,0,Coimbatore,LOW,SYNTHETIC
TXN-0002573,CASE-00304,ACC-00971,ACC-00182,2816,2026-01-13T02:54:00.000Z,TRANSFER,0,Coimbatore,LOW,SYNTHETIC
TXN-0002574,CASE-00304,ACC-00972,ACC-00183,15242,2026-01-13T05:51:00.000Z,TRANSFER,0,Coimbatore,LOW,SYNTHETIC
TXN-0002575,CASE-00304,ACC-00973,ACC-00184,9146,2026-01-13T04:48:00.000Z,TRANSFER,0,Coimbatore,LOW,SYNTHETIC
TXN-0002576,CASE-00304,ACC-00974,ACC-00185,9151,2026-01-13T11:45:00.000Z,TRANSFER,0,Coimbatore,LOW,SYNTHETIC
TXN-0002577,CASE-00304,ACC-00975,ACC-00186,5905,2026-01-13T11:42:00.000Z,IMPS,0,Coimbatore,LOW,SYNTHETIC
TXN-0002578,CASE-00304,ACC-00976,ACC-00187,5666,2026-01-13T03:39:00.000Z,TRANSFER,0,Coimbatore,LOW,SYNTHETIC
TXN-0002579,CASE-00304,ACC-00977,ACC-00188,11246,2026-01-13T12:36:00.000Z,IMPS,0,Coimbatore,LOW,SYNTHETIC
TXN-0002580,CASE-00305,ACC-00986,ACC-00199,17661,2026-01-12T23:00:00.000Z,NEFT,0,Pune,LOW,SYNTHETIC
TXN-0002581,CASE-00305,ACC-00987,ACC-00200,12882,2026-01-13T07:57:00.000Z,IMPS,0,Pune,LOW,SYNTHETIC
TXN-0002582,CASE-00305,ACC-00988,ACC-00201,1719,2026-01-13T15:54:00.000Z,NEFT,0,Pune,LOW,SYNTHETIC
TXN-0002583,CASE-00305,ACC-00989,ACC-00202,21559,2026-01-13T05:51:00.000Z,TRANSFER,0,Pune,LOW,SYNTHETIC
TXN-0002584,CASE-00305,ACC-00990,ACC-00203,3827,2026-01-12T20:48:00.000Z,IMPS,0,Pune,LOW,SYNTHETIC
TXN-0002585,CASE-00305,ACC-00991,ACC-00204,20254,2026-01-13T14:45:00.000Z,NEFT,0,Pune,LOW,SYNTHETIC
TXN-0002586,CASE-00305,ACC-00992,ACC-00205,7448,2026-01-13T05:42:00.000Z,IMPS,0,Pune,LOW,SYNTHETIC
TXN-0002587,CASE-00305,ACC-00611,ACC-01173,34271,2026-01-13T18:05:00.000Z,TRANSFER,1,Pune,MEDIUM,SYNTHETIC
TXN-0002588,CASE-00306,ACC-01003,ACC-00218,13575,2026-01-12T23:00:00.000Z,TRANSFER,0,Vijayawada,LOW,SYNTHETIC
TXN-0002589,CASE-00306,ACC-01004,ACC-00219,14440,2026-01-13T06:57:00.000Z,NEFT,0,Vijayawada,LOW,SYNTHETIC
TXN-0002590,CASE-00306,ACC-01005,ACC-00220,10665,2026-01-13T15:54:00.000Z,TRANSFER,0,Vijayawada,LOW,SYNTHETIC
TXN-0002591,CASE-00306,ACC-01006,ACC-00221,18533,2026-01-12T23:51:00.000Z,TRANSFER,0,Vijayawada,LOW,SYNTHETIC
TXN-0002592,CASE-00306,ACC-01007,ACC-00222,4122,2026-01-13T06:48:00.000Z,TRANSFER,0,Vijayawada,LOW,SYNTHETIC
TXN-0002593,CASE-00306,ACC-01008,ACC-00223,2177,2026-01-13T07:45:00.000Z,TRANSFER,0,Vijayawada,LOW,SYNTHETIC
TXN-0002594,CASE-00306,ACC-00613,ACC-01186,42182,2026-01-13T18:08:00.000Z,UPI,1,Vijayawada,MEDIUM,SYNTHETIC
TXN-0002595,CASE-00307,ACC-01020,ACC-00237,18138,2026-01-13T17:00:00.000Z,UPI,0,Chennai,LOW,SYNTHETIC
TXN-0002596,CASE-00307,ACC-01021,ACC-00238,4127,2026-01-13T11:57:00.000Z,UPI,0,Chennai,LOW,SYNTHETIC
TXN-0002597,CASE-00307,ACC-01022,ACC-00239,1819,2026-01-12T22:54:00.000Z,UPI,0,Chennai,LOW,SYNTHETIC
TXN-0002598,CASE-00307,ACC-01023,ACC-00240,11311,2026-01-13T05:51:00.000Z,IMPS,0,Chennai,LOW,SYNTHETIC
TXN-0002599,CASE-00307,ACC-01024,ACC-00241,8278,2026-01-12T23:48:00.000Z,UPI,0,Chennai,LOW,SYNTHETIC
TXN-0002600,CASE-00307,ACC-01025,ACC-00242,11723,2026-01-13T17:45:00.000Z,IMPS,0,Chennai,LOW,SYNTHETIC
TXN-0002601,CASE-00307,ACC-01026,ACC-00243,1892,2026-01-13T06:42:00.000Z,TRANSFER,0,Chennai,LOW,SYNTHETIC
TXN-0002602,CASE-00307,ACC-01027,ACC-00244,19110,2026-01-13T17:39:00.000Z,TRANSFER,0,Chennai,LOW,SYNTHETIC
TXN-0002603,CASE-00307,ACC-00615,ACC-01199,40497,2026-01-13T19:23:00.000Z,NEFT,1,Chennai,MEDIUM,SYNTHETIC
TXN-0002604,CASE-00307,ACC-01199,ACC-01200,36228,2026-01-13T20:57:00.000Z,NEFT,1,Chennai,MEDIUM,SYNTHETIC
TXN-0002605,CASE-00308,ACC-01037,ACC-00256,11317,2026-01-13T12:00:00.000Z,IMPS,0,Bengaluru,LOW,SYNTHETIC
TXN-0002606,CASE-00308,ACC-01038,ACC-00257,21771,2026-01-13T14:57:00.000Z,UPI,0,Bengaluru,LOW,SYNTHETIC
TXN-0002607,CASE-00308,ACC-01039,ACC-00258,11656,2026-01-13T03:54:00.000Z,TRANSFER,0,Bengaluru,LOW,SYNTHETIC
TXN-0002608,CASE-00308,ACC-01040,ACC-00259,13556,2026-01-13T10:51:00.000Z,UPI,0,Bengaluru,LOW,SYNTHETIC
TXN-0002609,CASE-00308,ACC-01041,ACC-00260,6470,2026-01-13T00:48:00.000Z,TRANSFER,0,Bengaluru,LOW,SYNTHETIC
TXN-0002610,CASE-00308,ACC-01042,ACC-00261,942,2026-01-13T16:45:00.000Z,IMPS,0,Bengaluru,LOW,SYNTHETIC
TXN-0002611,CASE-00308,ACC-01043,ACC-00262,1742,2026-01-13T04:42:00.000Z,NEFT,0,Bengaluru,LOW,SYNTHETIC
TXN-0002612,CASE-00308,ACC-01044,ACC-00263,10073,2026-01-13T11:39:00.000Z,IMPS,0,Bengaluru,LOW,SYNTHETIC
TXN-0002613,CASE-00308,ACC-01045,ACC-00264,3992,2026-01-13T14:36:00.000Z,UPI,0,Bengaluru,LOW,SYNTHETIC
TXN-0002614,CASE-00308,ACC-00617,ACC-01212,67513,2026-01-13T20:46:00.000Z,UPI,1,Bengaluru,MEDIUM,SYNTHETIC
TXN-0002615,CASE-00309,ACC-01054,ACC-00275,13554,2026-01-13T07:00:00.000Z,TRANSFER,0,Hyderabad,LOW,SYNTHETIC
TXN-0002616,CASE-00309,ACC-01055,ACC-00276,9829,2026-01-13T01:57:00.000Z,TRANSFER,0,Hyderabad,LOW,SYNTHETIC
TXN-0002617,CASE-00309,ACC-01056,ACC-00277,11332,2026-01-13T02:54:00.000Z,IMPS,0,Hyderabad,LOW,SYNTHETIC
TXN-0002618,CASE-00309,ACC-01057,ACC-00278,1379,2026-01-13T01:51:00.000Z,TRANSFER,0,Hyderabad,LOW,SYNTHETIC
TXN-0002619,CASE-00309,ACC-01058,ACC-00279,13042,2026-01-13T06:48:00.000Z,TRANSFER,0,Hyderabad,LOW,SYNTHETIC
TXN-0002620,CASE-00309,ACC-01059,ACC-00280,9840,2026-01-13T13:45:00.000Z,NEFT,0,Hyderabad,LOW,SYNTHETIC
TXN-0002621,CASE-00309,ACC-01060,ACC-00281,2691,2026-01-13T05:42:00.000Z,IMPS,0,Hyderabad,LOW,SYNTHETIC
TXN-0002622,CASE-00310,ACC-01071,ACC-00294,10063,2026-01-13T17:00:00.000Z,IMPS,0,Coimbatore,LOW,SYNTHETIC
TXN-0002623,CASE-00310,ACC-01072,ACC-00295,18546,2026-01-13T13:57:00.000Z,TRANSFER,0,Coimbatore,LOW,SYNTHETIC
TXN-0002624,CASE-00310,ACC-01073,ACC-00296,11955,2026-01-13T09:54:00.000Z,IMPS,0,Coimbatore,LOW,SYNTHETIC
TXN-0002625,CASE-00310,ACC-01074,ACC-00297,10900,2026-01-13T16:51:00.000Z,NEFT,0,Coimbatore,LOW,SYNTHETIC
TXN-0002626,CASE-00310,ACC-01075,ACC-00298,6031,2026-01-13T04:48:00.000Z,UPI,0,Coimbatore,LOW,SYNTHETIC
TXN-0002627,CASE-00310,ACC-01076,ACC-00299,9265,2026-01-13T02:45:00.000Z,NEFT,0,Coimbatore,LOW,SYNTHETIC
TXN-0002628,CASE-00310,ACC-01077,ACC-00300,21106,2026-01-13T06:42:00.000Z,UPI,0,Coimbatore,LOW,SYNTHETIC
TXN-0002629,CASE-00310,ACC-01078,ACC-00301,5665,2026-01-13T09:39:00.000Z,NEFT,0,Coimbatore,LOW,SYNTHETIC
TXN-0002630,CASE-00310,ACC-01079,ACC-00302,18642,2026-01-13T06:36:00.000Z,UPI,0,Coimbatore,LOW,SYNTHETIC
TXN-0002631,CASE-00311,ACC-01088,ACC-00313,10080,2026-01-13T18:00:00.000Z,UPI,0,Pune,LOW,SYNTHETIC
TXN-0002632,CASE-00311,ACC-01089,ACC-00314,21279,2026-01-13T21:57:00.000Z,UPI,0,Pune,LOW,SYNTHETIC
TXN-0002633,CASE-00311,ACC-01090,ACC-00315,3003,2026-01-13T04:54:00.000Z,NEFT,0,Pune,LOW,SYNTHETIC
TXN-0002634,CASE-00311,ACC-01091,ACC-00316,13012,2026-01-13T18:51:00.000Z,TRANSFER,0,Pune,LOW,SYNTHETIC
TXN-0002635,CASE-00311,ACC-01092,ACC-00317,11130,2026-01-13T13:48:00.000Z,NEFT,0,Pune,LOW,SYNTHETIC
TXN-0002636,CASE-00311,ACC-01093,ACC-00318,13889,2026-01-13T11:45:00.000Z,NEFT,0,Pune,LOW,SYNTHETIC
TXN-0002637,CASE-00311,ACC-01094,ACC-00319,5095,2026-01-13T14:42:00.000Z,NEFT,0,Pune,LOW,SYNTHETIC
TXN-0002638,CASE-00311,ACC-01095,ACC-00320,12263,2026-01-13T18:39:00.000Z,IMPS,0,Pune,LOW,SYNTHETIC
TXN-0002639,CASE-00312,ACC-01105,ACC-00332,15319,2026-01-13T13:00:00.000Z,TRANSFER,0,Vijayawada,LOW,SYNTHETIC
TXN-0002640,CASE-00312,ACC-01106,ACC-00333,13994,2026-01-13T08:57:00.000Z,TRANSFER,0,Vijayawada,LOW,SYNTHETIC
TXN-0002641,CASE-00312,ACC-01107,ACC-00334,7108,2026-01-13T12:54:00.000Z,NEFT,0,Vijayawada,LOW,SYNTHETIC
TXN-0002642,CASE-00312,ACC-01108,ACC-00335,8452,2026-01-13T12:51:00.000Z,IMPS,0,Vijayawada,LOW,SYNTHETIC
TXN-0002643,CASE-00312,ACC-01109,ACC-00336,6243,2026-01-13T14:48:00.000Z,NEFT,0,Vijayawada,LOW,SYNTHETIC
TXN-0002644,CASE-00312,ACC-01110,ACC-00337,4178,2026-01-13T18:45:00.000Z,IMPS,0,Vijayawada,LOW,SYNTHETIC
TXN-0002645,CASE-00312,ACC-01111,ACC-00338,8212,2026-01-13T14:42:00.000Z,TRANSFER,0,Vijayawada,LOW,SYNTHETIC
TXN-0002646,CASE-00312,ACC-01112,ACC-00339,16387,2026-01-13T14:39:00.000Z,TRANSFER,0,Vijayawada,LOW,SYNTHETIC
TXN-0002647,CASE-00312,ACC-01113,ACC-00340,7603,2026-01-13T05:36:00.000Z,UPI,0,Vijayawada,LOW,SYNTHETIC
TXN-0002648,CASE-00312,ACC-00625,ACC-01264,94657,2026-01-14T01:48:00.000Z,TRANSFER,1,Vijayawada,HIGH,SYNTHETIC
TXN-0002649,CASE-00312,ACC-01264,ACC-01265,82593,2026-01-14T04:13:00.000Z,TRANSFER,1,Vijayawada,HIGH,SYNTHETIC
TXN-0002650,CASE-00313,ACC-01122,ACC-00351,19848,2026-01-13T19:00:00.000Z,TRANSFER,0,Chennai,LOW,SYNTHETIC
TXN-0002651,CASE-00313,ACC-01123,ACC-00352,16140,2026-01-13T20:57:00.000Z,NEFT,0,Chennai,LOW,SYNTHETIC
TXN-0002652,CASE-00313,ACC-01124,ACC-00353,10770,2026-01-13T18:54:00.000Z,IMPS,0,Chennai,LOW,SYNTHETIC
TXN-0002653,CASE-00313,ACC-01125,ACC-00354,11540,2026-01-13T14:51:00.000Z,UPI,0,Chennai,LOW,SYNTHETIC
TXN-0002654,CASE-00313,ACC-01126,ACC-00355,763,2026-01-13T22:48:00.000Z,NEFT,0,Chennai,LOW,SYNTHETIC
TXN-0002655,CASE-00313,ACC-01127,ACC-00356,20573,2026-01-13T13:45:00.000Z,UPI,0,Chennai,LOW,SYNTHETIC
TXN-0002656,CASE-00313,ACC-01128,ACC-00357,9224,2026-01-13T12:42:00.000Z,NEFT,0,Chennai,LOW,SYNTHETIC
TXN-0002657,CASE-00314,ACC-01139,ACC-00370,2344,2026-01-13T06:00:00.000Z,NEFT,0,Bengaluru,LOW,SYNTHETIC
TXN-0002658,CASE-00314,ACC-01140,ACC-00371,21441,2026-01-13T06:57:00.000Z,UPI,0,Bengaluru,LOW,SYNTHETIC
TXN-0002659,CASE-00314,ACC-01141,ACC-00372,4527,2026-01-13T18:54:00.000Z,TRANSFER,0,Bengaluru,LOW,SYNTHETIC
TXN-0002660,CASE-00314,ACC-01142,ACC-00373,1700,2026-01-13T08:51:00.000Z,UPI,0,Bengaluru,LOW,SYNTHETIC
TXN-0002661,CASE-00314,ACC-01143,ACC-00374,8070,2026-01-13T16:48:00.000Z,NEFT,0,Bengaluru,LOW,SYNTHETIC
TXN-0002662,CASE-00314,ACC-01144,ACC-00375,6240,2026-01-13T14:45:00.000Z,IMPS,0,Bengaluru,LOW,SYNTHETIC
TXN-0002663,CASE-00314,ACC-01145,ACC-00376,16177,2026-01-14T00:42:00.000Z,IMPS,0,Bengaluru,LOW,SYNTHETIC
TXN-0002664,CASE-00314,ACC-01146,ACC-00377,21691,2026-01-13T11:39:00.000Z,TRANSFER,0,Bengaluru,LOW,SYNTHETIC
TXN-0002665,CASE-00314,ACC-01147,ACC-00378,11545,2026-01-13T13:36:00.000Z,UPI,0,Bengaluru,LOW,SYNTHETIC
TXN-0002666,CASE-00314,ACC-01148,ACC-00379,3349,2026-01-13T11:33:00.000Z,IMPS,0,Bengaluru,LOW,SYNTHETIC
TXN-0002667,CASE-00315,ACC-01156,ACC-00389,19571,2026-01-13T14:00:00.000Z,TRANSFER,0,Hyderabad,LOW,SYNTHETIC
TXN-0002668,CASE-00315,ACC-01157,ACC-00390,3574,2026-01-13T12:57:00.000Z,IMPS,0,Hyderabad,LOW,SYNTHETIC
TXN-0002669,CASE-00315,ACC-01158,ACC-00391,7636,2026-01-13T09:54:00.000Z,NEFT,0,Hyderabad,LOW,SYNTHETIC
TXN-0002670,CASE-00315,ACC-01159,ACC-00392,9856,2026-01-13T12:51:00.000Z,NEFT,0,Hyderabad,LOW,SYNTHETIC
TXN-0002671,CASE-00315,ACC-01160,ACC-00393,14307,2026-01-13T17:48:00.000Z,NEFT,0,Hyderabad,LOW,SYNTHETIC
TXN-0002672,CASE-00315,ACC-01161,ACC-00394,858,2026-01-13T10:45:00.000Z,IMPS,0,Hyderabad,LOW,SYNTHETIC
TXN-0002673,CASE-00315,ACC-01162,ACC-00395,12971,2026-01-13T09:42:00.000Z,NEFT,0,Hyderabad,LOW,SYNTHETIC
TXN-0002674,CASE-00315,ACC-00631,ACC-01303,30593,2026-01-14T05:35:00.000Z,IMPS,1,Hyderabad,MEDIUM,SYNTHETIC
TXN-0002675,CASE-00316,ACC-01173,ACC-00408,12096,2026-01-13T11:00:00.000Z,NEFT,0,Coimbatore,LOW,SYNTHETIC
TXN-0002676,CASE-00316,ACC-01174,ACC-00409,2443,2026-01-13T22:57:00.000Z,TRANSFER,0,Coimbatore,LOW,SYNTHETIC
TXN-0002677,CASE-00316,ACC-01175,ACC-00410,13062,2026-01-13T12:54:00.000Z,NEFT,0,Coimbatore,LOW,SYNTHETIC
TXN-0002678,CASE-00316,ACC-01176,ACC-00411,1425,2026-01-13T19:51:00.000Z,TRANSFER,0,Coimbatore,LOW,SYNTHETIC
TXN-0002679,CASE-00316,ACC-01177,ACC-00412,16650,2026-01-13T12:48:00.000Z,TRANSFER,0,Coimbatore,LOW,SYNTHETIC
TXN-0002680,CASE-00316,ACC-01178,ACC-00413,7741,2026-01-13T11:45:00.000Z,NEFT,0,Coimbatore,LOW,SYNTHETIC
TXN-0002681,CASE-00316,ACC-01179,ACC-00414,21385,2026-01-13T12:42:00.000Z,UPI,0,Coimbatore,LOW,SYNTHETIC
TXN-0002682,CASE-00316,ACC-01180,ACC-00415,8401,2026-01-13T17:39:00.000Z,UPI,0,Coimbatore,LOW,SYNTHETIC
TXN-0002683,CASE-00316,ACC-01181,ACC-00416,10381,2026-01-13T12:36:00.000Z,IMPS,0,Coimbatore,LOW,SYNTHETIC
TXN-0002684,CASE-00317,ACC-01190,ACC-00427,9795,2026-01-13T14:00:00.000Z,UPI,0,Pune,LOW,SYNTHETIC
TXN-0002685,CASE-00317,ACC-01191,ACC-00428,5238,2026-01-14T01:57:00.000Z,TRANSFER,0,Pune,LOW,SYNTHETIC
TXN-0002686,CASE-00317,ACC-01192,ACC-00429,13333,2026-01-14T01:54:00.000Z,TRANSFER,0,Pune,LOW,SYNTHETIC
TXN-0002687,CASE-00317,ACC-01193,ACC-00430,12991,2026-01-13T14:51:00.000Z,NEFT,0,Pune,LOW,SYNTHETIC
TXN-0002688,CASE-00317,ACC-01194,ACC-00431,21616,2026-01-13T13:48:00.000Z,TRANSFER,0,Pune,LOW,SYNTHETIC
TXN-0002689,CASE-00317,ACC-01195,ACC-00432,10421,2026-01-13T13:45:00.000Z,UPI,0,Pune,LOW,SYNTHETIC
TXN-0002690,CASE-00317,ACC-01196,ACC-00433,16878,2026-01-13T17:42:00.000Z,TRANSFER,0,Pune,LOW,SYNTHETIC
TXN-0002691,CASE-00317,ACC-01197,ACC-00434,3536,2026-01-13T13:39:00.000Z,UPI,0,Pune,LOW,SYNTHETIC
TXN-0002692,CASE-00317,ACC-01198,ACC-00435,15730,2026-01-14T03:36:00.000Z,NEFT,0,Pune,LOW,SYNTHETIC
TXN-0002693,CASE-00317,ACC-01199,ACC-00436,18280,2026-01-13T09:33:00.000Z,NEFT,0,Pune,LOW,SYNTHETIC
TXN-0002694,CASE-00317,ACC-00635,ACC-01329,36852,2026-01-14T05:57:00.000Z,TRANSFER,1,Pune,MEDIUM,SYNTHETIC
TXN-0002695,CASE-00317,ACC-01329,ACC-01330,33986,2026-01-14T07:45:00.000Z,NEFT,1,Pune,MEDIUM,SYNTHETIC
TXN-0002696,CASE-00317,ACC-01330,ACC-01331,30303,2026-01-14T09:18:00.000Z,IMPS,1,Pune,MEDIUM,SYNTHETIC
TXN-0002697,CASE-00318,ACC-01207,ACC-00446,11589,2026-01-13T20:00:00.000Z,TRANSFER,0,Vijayawada,LOW,SYNTHETIC
TXN-0002698,CASE-00318,ACC-01208,ACC-00447,21324,2026-01-14T01:57:00.000Z,IMPS,0,Vijayawada,LOW,SYNTHETIC
TXN-0002699,CASE-00318,ACC-01209,ACC-00448,15629,2026-01-14T03:54:00.000Z,TRANSFER,0,Vijayawada,LOW,SYNTHETIC
TXN-0002700,CASE-00318,ACC-01210,ACC-00449,3445,2026-01-14T02:51:00.000Z,UPI,0,Vijayawada,LOW,SYNTHETIC
TXN-0002701,CASE-00318,ACC-01211,ACC-00450,12323,2026-01-13T09:48:00.000Z,IMPS,0,Vijayawada,LOW,SYNTHETIC
TXN-0002702,CASE-00318,ACC-01212,ACC-00451,11476,2026-01-13T14:45:00.000Z,UPI,0,Vijayawada,LOW,SYNTHETIC
TXN-0002703,CASE-00318,ACC-01213,ACC-00452,6585,2026-01-14T03:42:00.000Z,TRANSFER,0,Vijayawada,LOW,SYNTHETIC
TXN-0002704,CASE-00318,ACC-01214,ACC-00453,20280,2026-01-13T23:39:00.000Z,UPI,0,Vijayawada,LOW,SYNTHETIC
TXN-0002705,CASE-00318,ACC-01215,ACC-00454,19155,2026-01-13T14:36:00.000Z,NEFT,0,Vijayawada,LOW,SYNTHETIC
TXN-0002706,CASE-00319,ACC-01224,ACC-00465,20012,2026-01-13T17:00:00.000Z,IMPS,0,Chennai,LOW,SYNTHETIC
TXN-0002707,CASE-00319,ACC-01225,ACC-00466,9379,2026-01-13T13:57:00.000Z,NEFT,0,Chennai,LOW,SYNTHETIC
TXN-0002708,CASE-00319,ACC-01226,ACC-00467,16913,2026-01-13T15:54:00.000Z,TRANSFER,0,Chennai,LOW,SYNTHETIC
TXN-0002709,CASE-00319,ACC-01227,ACC-00468,17176,2026-01-13T14:51:00.000Z,IMPS,0,Chennai,LOW,SYNTHETIC
TXN-0002710,CASE-00319,ACC-01228,ACC-00469,1351,2026-01-13T10:48:00.000Z,IMPS,0,Chennai,LOW,SYNTHETIC
TXN-0002711,CASE-00319,ACC-01229,ACC-00470,9404,2026-01-14T03:45:00.000Z,TRANSFER,0,Chennai,LOW,SYNTHETIC
TXN-0002712,CASE-00319,ACC-00639,ACC-01355,15710,2026-01-14T15:00:00.000Z,UPI,1,Chennai,MEDIUM,SYNTHETIC
TXN-0002713,CASE-00320,ACC-01241,ACC-00484,9022,2026-01-14T07:00:00.000Z,IMPS,0,Bengaluru,LOW,SYNTHETIC
TXN-0002714,CASE-00320,ACC-01242,ACC-00485,18840,2026-01-13T17:57:00.000Z,IMPS,0,Bengaluru,LOW,SYNTHETIC
TXN-0002715,CASE-00320,ACC-01243,ACC-00486,3328,2026-01-14T05:54:00.000Z,NEFT,0,Bengaluru,LOW,SYNTHETIC
TXN-0002716,CASE-00320,ACC-01244,ACC-00487,18984,2026-01-14T03:51:00.000Z,NEFT,0,Bengaluru,LOW,SYNTHETIC
TXN-0002717,CASE-00320,ACC-01245,ACC-00488,1994,2026-01-14T06:48:00.000Z,NEFT,0,Bengaluru,LOW,SYNTHETIC
TXN-0002718,CASE-00320,ACC-01246,ACC-00489,6300,2026-01-13T15:45:00.000Z,TRANSFER,0,Bengaluru,LOW,SYNTHETIC
TXN-0002719,CASE-00320,ACC-01247,ACC-00490,3090,2026-01-13T20:42:00.000Z,TRANSFER,0,Bengaluru,LOW,SYNTHETIC
TXN-0002720,CASE-00320,ACC-01248,ACC-00491,17512,2026-01-13T21:39:00.000Z,IMPS,0,Bengaluru,LOW,SYNTHETIC
TXN-0002721,CASE-00320,ACC-01249,ACC-00492,15612,2026-01-14T03:36:00.000Z,IMPS,0,Bengaluru,LOW,SYNTHETIC
TXN-0002722,CASE-00320,ACC-01250,ACC-00493,3901,2026-01-13T11:33:00.000Z,NEFT,0,Bengaluru,LOW,SYNTHETIC
TXN-0002723,CASE-00321,ACC-01258,ACC-00503,21081,2026-01-14T05:00:00.000Z,TRANSFER,0,Hyderabad,LOW,SYNTHETIC
TXN-0002724,CASE-00321,ACC-01259,ACC-00504,20198,2026-01-13T18:57:00.000Z,UPI,0,Hyderabad,LOW,SYNTHETIC
TXN-0002725,CASE-00321,ACC-01260,ACC-00505,4653,2026-01-13T15:54:00.000Z,UPI,0,Hyderabad,LOW,SYNTHETIC
TXN-0002726,CASE-00321,ACC-01261,ACC-00506,14516,2026-01-14T03:51:00.000Z,UPI,0,Hyderabad,LOW,SYNTHETIC
TXN-0002727,CASE-00321,ACC-01262,ACC-00507,3067,2026-01-13T22:48:00.000Z,UPI,0,Hyderabad,LOW,SYNTHETIC
TXN-0002728,CASE-00321,ACC-01263,ACC-00508,18139,2026-01-13T17:45:00.000Z,IMPS,0,Hyderabad,LOW,SYNTHETIC
TXN-0002729,CASE-00321,ACC-01264,ACC-00509,3518,2026-01-13T16:42:00.000Z,IMPS,0,Hyderabad,LOW,SYNTHETIC
TXN-0002730,CASE-00322,ACC-01275,ACC-00522,1936,2026-01-13T21:00:00.000Z,NEFT,0,Coimbatore,LOW,SYNTHETIC
TXN-0002731,CASE-00322,ACC-01276,ACC-00523,4417,2026-01-13T16:57:00.000Z,IMPS,0,Coimbatore,LOW,SYNTHETIC
TXN-0002732,CASE-00322,ACC-01277,ACC-00524,17604,2026-01-13T20:54:00.000Z,IMPS,0,Coimbatore,LOW,SYNTHETIC
TXN-0002733,CASE-00322,ACC-01278,ACC-00525,17324,2026-01-13T13:51:00.000Z,TRANSFER,0,Coimbatore,LOW,SYNTHETIC
TXN-0002734,CASE-00322,ACC-01279,ACC-00526,17327,2026-01-14T08:48:00.000Z,TRANSFER,0,Coimbatore,LOW,SYNTHETIC
TXN-0002735,CASE-00322,ACC-01280,ACC-00527,5489,2026-01-13T23:45:00.000Z,IMPS,0,Coimbatore,LOW,SYNTHETIC
TXN-0002736,CASE-00322,ACC-01281,ACC-00528,16293,2026-01-14T04:42:00.000Z,TRANSFER,0,Coimbatore,LOW,SYNTHETIC
TXN-0002737,CASE-00322,ACC-01282,ACC-00529,20238,2026-01-13T18:39:00.000Z,IMPS,0,Coimbatore,LOW,SYNTHETIC
TXN-0002738,CASE-00322,ACC-01283,ACC-00530,3623,2026-01-14T03:36:00.000Z,IMPS,0,Coimbatore,LOW,SYNTHETIC
TXN-0002739,CASE-00322,ACC-01284,ACC-00531,16551,2026-01-14T00:33:00.000Z,TRANSFER,0,Coimbatore,LOW,SYNTHETIC
TXN-0002740,CASE-00323,ACC-01292,ACC-00541,8932,2026-01-13T17:00:00.000Z,IMPS,0,Pune,LOW,SYNTHETIC
TXN-0002741,CASE-00323,ACC-01293,ACC-00542,6704,2026-01-14T07:57:00.000Z,TRANSFER,0,Pune,LOW,SYNTHETIC
TXN-0002742,CASE-00323,ACC-01294,ACC-00543,21166,2026-01-14T03:54:00.000Z,NEFT,0,Pune,LOW,SYNTHETIC
TXN-0002743,CASE-00323,ACC-01295,ACC-00544,5450,2026-01-14T03:51:00.000Z,TRANSFER,0,Pune,LOW,SYNTHETIC
TXN-0002744,CASE-00323,ACC-01296,ACC-00545,8154,2026-01-13T18:48:00.000Z,IMPS,0,Pune,LOW,SYNTHETIC
TXN-0002745,CASE-00323,ACC-01297,ACC-00546,6002,2026-01-13T19:45:00.000Z,IMPS,0,Pune,LOW,SYNTHETIC
TXN-0002746,CASE-00323,ACC-01298,ACC-00547,20100,2026-01-14T01:42:00.000Z,IMPS,0,Pune,LOW,SYNTHETIC
TXN-0002747,CASE-00323,ACC-01299,ACC-00548,5803,2026-01-14T05:39:00.000Z,TRANSFER,0,Pune,LOW,SYNTHETIC
TXN-0002748,CASE-00324,ACC-01309,ACC-00560,5855,2026-01-13T23:00:00.000Z,NEFT,0,Vijayawada,LOW,SYNTHETIC
TXN-0002749,CASE-00324,ACC-01310,ACC-00561,7290,2026-01-13T19:57:00.000Z,TRANSFER,0,Vijayawada,LOW,SYNTHETIC
TXN-0002750,CASE-00324,ACC-01311,ACC-00562,11329,2026-01-13T15:54:00.000Z,NEFT,0,Vijayawada,LOW,SYNTHETIC
TXN-0002751,CASE-00324,ACC-01312,ACC-00563,9936,2026-01-13T22:51:00.000Z,TRANSFER,0,Vijayawada,LOW,SYNTHETIC
TXN-0002752,CASE-00324,ACC-01313,ACC-00564,1618,2026-01-14T00:48:00.000Z,NEFT,0,Vijayawada,LOW,SYNTHETIC
TXN-0002753,CASE-00324,ACC-01314,ACC-00565,14961,2026-01-13T19:45:00.000Z,TRANSFER,0,Vijayawada,LOW,SYNTHETIC
TXN-0002754,CASE-00324,ACC-01315,ACC-00566,20967,2026-01-14T03:42:00.000Z,IMPS,0,Vijayawada,LOW,SYNTHETIC
TXN-0002755,CASE-00325,ACC-01326,ACC-00579,7502,2026-01-14T06:00:00.000Z,NEFT,0,Chennai,LOW,SYNTHETIC
TXN-0002756,CASE-00325,ACC-01327,ACC-00580,6361,2026-01-14T05:57:00.000Z,TRANSFER,0,Chennai,LOW,SYNTHETIC
TXN-0002757,CASE-00325,ACC-01328,ACC-00581,12410,2026-01-14T05:54:00.000Z,IMPS,0,Chennai,LOW,SYNTHETIC
TXN-0002758,CASE-00325,ACC-01329,ACC-00582,3472,2026-01-14T01:51:00.000Z,UPI,0,Chennai,LOW,SYNTHETIC
TXN-0002759,CASE-00325,ACC-01330,ACC-00583,21084,2026-01-13T17:48:00.000Z,IMPS,0,Chennai,LOW,SYNTHETIC
TXN-0002760,CASE-00325,ACC-01331,ACC-00584,612,2026-01-14T01:45:00.000Z,TRANSFER,0,Chennai,LOW,SYNTHETIC
TXN-0002761,CASE-00325,ACC-01332,ACC-00585,9940,2026-01-13T16:42:00.000Z,TRANSFER,0,Chennai,LOW,SYNTHETIC
TXN-0002762,CASE-00325,ACC-01333,ACC-00586,9642,2026-01-14T07:39:00.000Z,UPI,0,Chennai,LOW,SYNTHETIC
TXN-0002763,CASE-00325,ACC-01334,ACC-00587,10305,2026-01-14T01:36:00.000Z,UPI,0,Chennai,LOW,SYNTHETIC
TXN-0002764,CASE-00325,ACC-01335,ACC-00588,5171,2026-01-14T06:33:00.000Z,TRANSFER,0,Chennai,LOW,SYNTHETIC
TXN-0002765,CASE-00326,ACC-01343,ACC-00598,10547,2026-01-13T19:00:00.000Z,UPI,0,Bengaluru,LOW,SYNTHETIC
TXN-0002766,CASE-00326,ACC-01344,ACC-00599,18769,2026-01-13T18:57:00.000Z,UPI,0,Bengaluru,LOW,SYNTHETIC
TXN-0002767,CASE-00326,ACC-01345,ACC-00600,12826,2026-01-14T04:54:00.000Z,NEFT,0,Bengaluru,LOW,SYNTHETIC
TXN-0002768,CASE-00326,ACC-01346,ACC-00601,11237,2026-01-14T04:51:00.000Z,NEFT,0,Bengaluru,LOW,SYNTHETIC
TXN-0002769,CASE-00326,ACC-01347,ACC-00602,2158,2026-01-13T21:48:00.000Z,IMPS,0,Bengaluru,LOW,SYNTHETIC
TXN-0002770,CASE-00326,ACC-01348,ACC-00603,12217,2026-01-14T12:45:00.000Z,IMPS,0,Bengaluru,LOW,SYNTHETIC
TXN-0002771,CASE-00326,ACC-01349,ACC-00604,19025,2026-01-14T05:42:00.000Z,IMPS,0,Bengaluru,LOW,SYNTHETIC
TXN-0002772,CASE-00326,ACC-01350,ACC-00605,15372,2026-01-14T02:39:00.000Z,IMPS,0,Bengaluru,LOW,SYNTHETIC
TXN-0002773,CASE-00326,ACC-01351,ACC-00606,13516,2026-01-13T17:36:00.000Z,TRANSFER,0,Bengaluru,LOW,SYNTHETIC
TXN-0002774,CASE-00327,ACC-01360,ACC-00617,10206,2026-01-14T07:00:00.000Z,IMPS,0,Hyderabad,LOW,SYNTHETIC
TXN-0002775,CASE-00327,ACC-01361,ACC-00618,8883,2026-01-14T13:57:00.000Z,IMPS,0,Hyderabad,LOW,SYNTHETIC
TXN-0002776,CASE-00327,ACC-01362,ACC-00619,5541,2026-01-14T02:54:00.000Z,UPI,0,Hyderabad,LOW,SYNTHETIC
TXN-0002777,CASE-00327,ACC-01363,ACC-00620,17917,2026-01-14T00:51:00.000Z,UPI,0,Hyderabad,LOW,SYNTHETIC
TXN-0002778,CASE-00327,ACC-01364,ACC-00621,6886,2026-01-14T06:48:00.000Z,TRANSFER,0,Hyderabad,LOW,SYNTHETIC
TXN-0002779,CASE-00327,ACC-01365,ACC-00622,21661,2026-01-13T18:45:00.000Z,IMPS,0,Hyderabad,LOW,SYNTHETIC
TXN-0002780,CASE-00327,ACC-01366,ACC-00623,16993,2026-01-13T21:42:00.000Z,TRANSFER,0,Hyderabad,LOW,SYNTHETIC
TXN-0002781,CASE-00327,ACC-01367,ACC-00624,11923,2026-01-14T08:39:00.000Z,NEFT,0,Hyderabad,LOW,SYNTHETIC
TXN-0002782,CASE-00327,ACC-01368,ACC-00625,20175,2026-01-14T02:36:00.000Z,UPI,0,Hyderabad,LOW,SYNTHETIC
TXN-0002783,CASE-00327,ACC-01369,ACC-00626,2356,2026-01-14T10:33:00.000Z,UPI,0,Hyderabad,LOW,SYNTHETIC
TXN-0002784,CASE-00327,ACC-00655,ACC-00059,47167,2026-01-14T16:38:00.000Z,NEFT,1,Hyderabad,MEDIUM,SYNTHETIC
TXN-0002785,CASE-00327,ACC-00059,ACC-00060,42320,2026-01-14T18:42:00.000Z,NEFT,1,Hyderabad,MEDIUM,SYNTHETIC
TXN-0002786,CASE-00327,ACC-00060,ACC-00061,37872,2026-01-14T20:11:00.000Z,TRANSFER,1,Hyderabad,MEDIUM,SYNTHETIC
TXN-0002787,CASE-00328,ACC-01377,ACC-00636,15944,2026-01-13T21:00:00.000Z,NEFT,0,Coimbatore,LOW,SYNTHETIC
TXN-0002788,CASE-00328,ACC-01378,ACC-00637,3573,2026-01-14T10:57:00.000Z,TRANSFER,0,Coimbatore,LOW,SYNTHETIC
TXN-0002789,CASE-00328,ACC-01379,ACC-00638,18600,2026-01-13T23:54:00.000Z,TRANSFER,0,Coimbatore,LOW,SYNTHETIC
TXN-0002790,CASE-00328,ACC-01380,ACC-00639,21990,2026-01-14T10:51:00.000Z,TRANSFER,0,Coimbatore,LOW,SYNTHETIC
TXN-0002791,CASE-00328,ACC-01381,ACC-00640,5440,2026-01-14T05:48:00.000Z,IMPS,0,Coimbatore,LOW,SYNTHETIC
TXN-0002792,CASE-00328,ACC-01382,ACC-00641,14204,2026-01-14T13:45:00.000Z,UPI,0,Coimbatore,LOW,SYNTHETIC
TXN-0002793,CASE-00328,ACC-01383,ACC-00642,11605,2026-01-14T13:42:00.000Z,TRANSFER,0,Coimbatore,LOW,SYNTHETIC
TXN-0002794,CASE-00328,ACC-01384,ACC-00643,12034,2026-01-14T11:39:00.000Z,UPI,0,Coimbatore,LOW,SYNTHETIC
TXN-0002795,CASE-00328,ACC-01385,ACC-00644,14561,2026-01-14T03:36:00.000Z,UPI,0,Coimbatore,LOW,SYNTHETIC
TXN-0002796,CASE-00329,ACC-01394,ACC-00655,8334,2026-01-14T14:00:00.000Z,UPI,0,Pune,LOW,SYNTHETIC
TXN-0002797,CASE-00329,ACC-01395,ACC-00656,14878,2026-01-14T13:57:00.000Z,UPI,0,Pune,LOW,SYNTHETIC
TXN-0002798,CASE-00329,ACC-01396,ACC-00657,13885,2026-01-14T15:54:00.000Z,NEFT,0,Pune,LOW,SYNTHETIC
TXN-0002799,CASE-00329,ACC-01397,ACC-00658,19743,2026-01-14T01:51:00.000Z,IMPS,0,Pune,LOW,SYNTHETIC
TXN-0002800,CASE-00329,ACC-01398,ACC-00659,7177,2026-01-14T07:48:00.000Z,TRANSFER,0,Pune,LOW,SYNTHETIC
TXN-0002801,CASE-00329,ACC-01399,ACC-00660,2658,2026-01-14T07:45:00.000Z,UPI,0,Pune,LOW,SYNTHETIC
TXN-0002802,CASE-00329,ACC-01400,ACC-00661,8260,2026-01-14T09:42:00.000Z,UPI,0,Pune,LOW,SYNTHETIC
TXN-0002803,CASE-00329,ACC-00001,ACC-00662,8953,2026-01-14T13:39:00.000Z,UPI,0,Pune,LOW,SYNTHETIC
TXN-0002804,CASE-00329,ACC-00002,ACC-00663,10421,2026-01-14T12:36:00.000Z,TRANSFER,0,Pune,LOW,SYNTHETIC
TXN-0002805,CASE-00329,ACC-00003,ACC-00664,10536,2026-01-14T12:33:00.000Z,NEFT,0,Pune,LOW,SYNTHETIC
TXN-0002806,CASE-00330,ACC-00011,ACC-00674,19143,2026-01-14T00:00:00.000Z,NEFT,0,Vijayawada,LOW,SYNTHETIC
TXN-0002807,CASE-00330,ACC-00012,ACC-00675,20757,2026-01-13T22:57:00.000Z,UPI,0,Vijayawada,LOW,SYNTHETIC
TXN-0002808,CASE-00330,ACC-00013,ACC-00676,11114,2026-01-13T23:54:00.000Z,UPI,0,Vijayawada,LOW,SYNTHETIC
TXN-0002809,CASE-00330,ACC-00014,ACC-00677,2916,2026-01-14T01:51:00.000Z,TRANSFER,0,Vijayawada,LOW,SYNTHETIC
TXN-0002810,CASE-00330,ACC-00015,ACC-00678,20455,2026-01-14T10:48:00.000Z,TRANSFER,0,Vijayawada,LOW,SYNTHETIC
TXN-0002811,CASE-00330,ACC-00016,ACC-00679,1011,2026-01-14T06:45:00.000Z,TRANSFER,0,Vijayawada,LOW,SYNTHETIC
TXN-0002812,CASE-00330,ACC-00017,ACC-00680,13336,2026-01-14T12:42:00.000Z,IMPS,0,Vijayawada,LOW,SYNTHETIC
TXN-0002813,CASE-00330,ACC-00661,ACC-00098,62295,2026-01-14T19:24:00.000Z,IMPS,1,Vijayawada,MEDIUM,SYNTHETIC
TXN-0002814,CASE-00331,ACC-00028,ACC-00693,11364,2026-01-14T09:00:00.000Z,UPI,0,Chennai,LOW,SYNTHETIC
TXN-0002815,CASE-00331,ACC-00029,ACC-00694,12021,2026-01-14T11:57:00.000Z,UPI,0,Chennai,LOW,SYNTHETIC
TXN-0002816,CASE-00331,ACC-00030,ACC-00695,13186,2026-01-14T05:54:00.000Z,NEFT,0,Chennai,LOW,SYNTHETIC
TXN-0002817,CASE-00331,ACC-00031,ACC-00696,8729,2026-01-14T05:51:00.000Z,NEFT,0,Chennai,LOW,SYNTHETIC
TXN-0002818,CASE-00331,ACC-00032,ACC-00697,19876,2026-01-14T09:48:00.000Z,UPI,0,Chennai,LOW,SYNTHETIC
TXN-0002819,CASE-00331,ACC-00033,ACC-00698,15212,2026-01-13T22:45:00.000Z,UPI,0,Chennai,LOW,SYNTHETIC
TXN-0002820,CASE-00331,ACC-00034,ACC-00699,7284,2026-01-14T17:42:00.000Z,TRANSFER,0,Chennai,LOW,SYNTHETIC
TXN-0002821,CASE-00331,ACC-00035,ACC-00700,21336,2026-01-13T22:39:00.000Z,TRANSFER,0,Chennai,LOW,SYNTHETIC
TXN-0002822,CASE-00331,ACC-00663,ACC-00111,17201,2026-01-14T19:11:00.000Z,UPI,1,Chennai,MEDIUM,SYNTHETIC
TXN-0002823,CASE-00332,ACC-00045,ACC-00712,18572,2026-01-14T19:00:00.000Z,TRANSFER,0,Bengaluru,LOW,SYNTHETIC
TXN-0002824,CASE-00332,ACC-00046,ACC-00713,1012,2026-01-14T12:57:00.000Z,UPI,0,Bengaluru,LOW,SYNTHETIC
TXN-0002825,CASE-00332,ACC-00047,ACC-00714,7929,2026-01-14T17:54:00.000Z,UPI,0,Bengaluru,LOW,SYNTHETIC
TXN-0002826,CASE-00332,ACC-00048,ACC-00715,15580,2026-01-14T06:51:00.000Z,NEFT,0,Bengaluru,LOW,SYNTHETIC
TXN-0002827,CASE-00332,ACC-00049,ACC-00716,7002,2026-01-14T13:48:00.000Z,UPI,0,Bengaluru,LOW,SYNTHETIC
TXN-0002828,CASE-00332,ACC-00050,ACC-00717,6421,2026-01-13T23:45:00.000Z,TRANSFER,0,Bengaluru,LOW,SYNTHETIC
TXN-0002829,CASE-00332,ACC-00051,ACC-00718,8218,2026-01-14T01:42:00.000Z,NEFT,0,Bengaluru,LOW,SYNTHETIC
TXN-0002830,CASE-00332,ACC-00052,ACC-00719,16828,2026-01-14T05:39:00.000Z,TRANSFER,0,Bengaluru,LOW,SYNTHETIC
TXN-0002831,CASE-00332,ACC-00053,ACC-00720,7307,2026-01-14T09:36:00.000Z,TRANSFER,0,Bengaluru,LOW,SYNTHETIC
TXN-0002832,CASE-00332,ACC-00054,ACC-00721,1166,2026-01-14T11:33:00.000Z,TRANSFER,0,Bengaluru,LOW,SYNTHETIC
TXN-0002833,CASE-00332,ACC-00665,ACC-00124,84450,2026-01-14T20:20:00.000Z,TRANSFER,1,Bengaluru,HIGH,SYNTHETIC
TXN-0002834,CASE-00332,ACC-00124,ACC-00125,78903,2026-01-14T21:13:00.000Z,IMPS,1,Bengaluru,HIGH,SYNTHETIC
TXN-0002835,CASE-00332,ACC-00125,ACC-00126,73140,2026-01-14T23:24:00.000Z,TRANSFER,1,Bengaluru,HIGH,SYNTHETIC
TXN-0002836,CASE-00333,ACC-00062,ACC-00731,20422,2026-01-14T18:00:00.000Z,TRANSFER,0,Hyderabad,LOW,SYNTHETIC
TXN-0002837,CASE-00333,ACC-00063,ACC-00732,13800,2026-01-14T17:57:00.000Z,IMPS,0,Hyderabad,LOW,SYNTHETIC
TXN-0002838,CASE-00333,ACC-00064,ACC-00733,7406,2026-01-14T05:54:00.000Z,UPI,0,Hyderabad,LOW,SYNTHETIC
TXN-0002839,CASE-00333,ACC-00065,ACC-00734,14019,2026-01-14T02:51:00.000Z,UPI,0,Hyderabad,LOW,SYNTHETIC
TXN-0002840,CASE-00333,ACC-00066,ACC-00735,10346,2026-01-14T07:48:00.000Z,IMPS,0,Hyderabad,LOW,SYNTHETIC
TXN-0002841,CASE-00333,ACC-00067,ACC-00736,9025,2026-01-14T19:45:00.000Z,TRANSFER,0,Hyderabad,LOW,SYNTHETIC
TXN-0002842,CASE-00334,ACC-00079,ACC-00750,18093,2026-01-14T19:00:00.000Z,UPI,0,Coimbatore,LOW,SYNTHETIC
TXN-0002843,CASE-00334,ACC-00080,ACC-00751,19831,2026-01-14T16:57:00.000Z,NEFT,0,Coimbatore,LOW,SYNTHETIC
TXN-0002844,CASE-00334,ACC-00081,ACC-00752,15235,2026-01-14T03:54:00.000Z,TRANSFER,0,Coimbatore,LOW,SYNTHETIC
TXN-0002845,CASE-00334,ACC-00082,ACC-00753,8378,2026-01-14T10:51:00.000Z,IMPS,0,Coimbatore,LOW,SYNTHETIC
TXN-0002846,CASE-00334,ACC-00083,ACC-00754,20577,2026-01-14T13:48:00.000Z,NEFT,0,Coimbatore,LOW,SYNTHETIC
TXN-0002847,CASE-00334,ACC-00084,ACC-00755,6024,2026-01-14T15:45:00.000Z,UPI,0,Coimbatore,LOW,SYNTHETIC
TXN-0002848,CASE-00334,ACC-00085,ACC-00756,3394,2026-01-14T04:42:00.000Z,TRANSFER,0,Coimbatore,LOW,SYNTHETIC
TXN-0002849,CASE-00334,ACC-00086,ACC-00757,10730,2026-01-14T03:39:00.000Z,IMPS,0,Coimbatore,LOW,SYNTHETIC
TXN-0002850,CASE-00334,ACC-00669,ACC-00150,14349,2026-01-16T04:00:00.000Z,UPI,1,Coimbatore,MEDIUM,SYNTHETIC
TXN-0002851,CASE-00335,ACC-00096,ACC-00769,19571,2026-01-14T17:00:00.000Z,NEFT,0,Pune,LOW,SYNTHETIC
TXN-0002852,CASE-00335,ACC-00097,ACC-00770,6306,2026-01-14T17:57:00.000Z,UPI,0,Pune,LOW,SYNTHETIC
TXN-0002853,CASE-00335,ACC-00098,ACC-00771,1937,2026-01-14T02:54:00.000Z,UPI,0,Pune,LOW,SYNTHETIC
TXN-0002854,CASE-00335,ACC-00099,ACC-00772,3429,2026-01-14T04:51:00.000Z,IMPS,0,Pune,LOW,SYNTHETIC
TXN-0002855,CASE-00335,ACC-00100,ACC-00773,7640,2026-01-14T15:48:00.000Z,NEFT,0,Pune,LOW,SYNTHETIC
TXN-0002856,CASE-00335,ACC-00101,ACC-00774,13836,2026-01-14T14:45:00.000Z,TRANSFER,0,Pune,LOW,SYNTHETIC
TXN-0002857,CASE-00335,ACC-00671,ACC-00163,72478,2026-01-15T00:44:00.000Z,UPI,1,Pune,HIGH,SYNTHETIC
TXN-0002858,CASE-00336,ACC-00113,ACC-00788,4922,2026-01-14T21:00:00.000Z,NEFT,0,Vijayawada,LOW,SYNTHETIC
TXN-0002859,CASE-00336,ACC-00114,ACC-00789,14427,2026-01-14T15:57:00.000Z,UPI,0,Vijayawada,LOW,SYNTHETIC
TXN-0002860,CASE-00336,ACC-00115,ACC-00790,4434,2026-01-14T22:54:00.000Z,IMPS,0,Vijayawada,LOW,SYNTHETIC
TXN-0002861,CASE-00336,ACC-00116,ACC-00791,2576,2026-01-14T05:51:00.000Z,NEFT,0,Vijayawada,LOW,SYNTHETIC
TXN-0002862,CASE-00336,ACC-00117,ACC-00792,10650,2026-01-14T04:48:00.000Z,NEFT,0,Vijayawada,LOW,SYNTHETIC
TXN-0002863,CASE-00336,ACC-00118,ACC-00793,7785,2026-01-14T18:45:00.000Z,NEFT,0,Vijayawada,LOW,SYNTHETIC
TXN-0002864,CASE-00336,ACC-00119,ACC-00794,20259,2026-01-14T09:42:00.000Z,UPI,0,Vijayawada,LOW,SYNTHETIC
TXN-0002865,CASE-00336,ACC-00673,ACC-00176,99343,2026-01-15T00:14:00.000Z,IMPS,1,Vijayawada,HIGH,SYNTHETIC
TXN-0002866,CASE-00337,ACC-00130,ACC-00807,20910,2026-01-14T17:00:00.000Z,NEFT,0,Chennai,LOW,SYNTHETIC
TXN-0002867,CASE-00337,ACC-00131,ACC-00808,3613,2026-01-14T13:57:00.000Z,UPI,0,Chennai,LOW,SYNTHETIC
TXN-0002868,CASE-00337,ACC-00132,ACC-00809,15201,2026-01-14T22:54:00.000Z,TRANSFER,0,Chennai,LOW,SYNTHETIC
TXN-0002869,CASE-00337,ACC-00133,ACC-00810,13739,2026-01-14T12:51:00.000Z,IMPS,0,Chennai,LOW,SYNTHETIC
TXN-0002870,CASE-00337,ACC-00134,ACC-00811,6155,2026-01-14T17:48:00.000Z,TRANSFER,0,Chennai,LOW,SYNTHETIC
TXN-0002871,CASE-00337,ACC-00135,ACC-00812,4437,2026-01-14T22:45:00.000Z,NEFT,0,Chennai,LOW,SYNTHETIC
TXN-0002872,CASE-00337,ACC-00136,ACC-00813,1782,2026-01-14T22:42:00.000Z,IMPS,0,Chennai,LOW,SYNTHETIC
TXN-0002873,CASE-00338,ACC-00147,ACC-00826,12693,2026-01-14T16:00:00.000Z,TRANSFER,0,Bengaluru,LOW,SYNTHETIC
TXN-0002874,CASE-00338,ACC-00148,ACC-00827,20840,2026-01-14T15:57:00.000Z,TRANSFER,0,Bengaluru,LOW,SYNTHETIC
TXN-0002875,CASE-00338,ACC-00149,ACC-00828,13593,2026-01-14T20:54:00.000Z,TRANSFER,0,Bengaluru,LOW,SYNTHETIC
TXN-0002876,CASE-00338,ACC-00150,ACC-00829,876,2026-01-14T22:51:00.000Z,IMPS,0,Bengaluru,LOW,SYNTHETIC
TXN-0002877,CASE-00338,ACC-00151,ACC-00830,19207,2026-01-14T08:48:00.000Z,UPI,0,Bengaluru,LOW,SYNTHETIC
TXN-0002878,CASE-00338,ACC-00152,ACC-00831,21549,2026-01-14T09:45:00.000Z,TRANSFER,0,Bengaluru,LOW,SYNTHETIC
TXN-0002879,CASE-00338,ACC-00153,ACC-00832,15799,2026-01-14T14:42:00.000Z,IMPS,0,Bengaluru,LOW,SYNTHETIC
TXN-0002880,CASE-00338,ACC-00154,ACC-00833,3242,2026-01-14T12:39:00.000Z,TRANSFER,0,Bengaluru,LOW,SYNTHETIC
TXN-0002881,CASE-00339,ACC-00164,ACC-00845,4265,2026-01-14T17:00:00.000Z,IMPS,0,Hyderabad,LOW,SYNTHETIC
TXN-0002882,CASE-00339,ACC-00165,ACC-00846,13152,2026-01-14T15:57:00.000Z,NEFT,0,Hyderabad,LOW,SYNTHETIC
TXN-0002883,CASE-00339,ACC-00166,ACC-00847,21143,2026-01-14T19:54:00.000Z,TRANSFER,0,Hyderabad,LOW,SYNTHETIC
TXN-0002884,CASE-00339,ACC-00167,ACC-00848,14537,2026-01-15T00:51:00.000Z,TRANSFER,0,Hyderabad,LOW,SYNTHETIC
TXN-0002885,CASE-00339,ACC-00168,ACC-00849,20264,2026-01-14T06:48:00.000Z,NEFT,0,Hyderabad,LOW,SYNTHETIC
TXN-0002886,CASE-00339,ACC-00169,ACC-00850,16826,2026-01-14T12:45:00.000Z,IMPS,0,Hyderabad,LOW,SYNTHETIC
TXN-0002887,CASE-00339,ACC-00170,ACC-00851,16837,2026-01-14T22:42:00.000Z,IMPS,0,Hyderabad,LOW,SYNTHETIC
TXN-0002888,CASE-00339,ACC-00171,ACC-00852,21499,2026-01-14T09:39:00.000Z,NEFT,0,Hyderabad,LOW,SYNTHETIC
TXN-0002889,CASE-00339,ACC-00172,ACC-00853,16000,2026-01-14T11:36:00.000Z,TRANSFER,0,Hyderabad,LOW,SYNTHETIC
TXN-0002890,CASE-00339,ACC-00679,ACC-00215,82091,2026-01-16T02:00:00.000Z,TRANSFER,1,Hyderabad,HIGH,SYNTHETIC
TXN-0002891,CASE-00340,ACC-00181,ACC-00864,13860,2026-01-14T13:00:00.000Z,UPI,0,Coimbatore,LOW,SYNTHETIC
TXN-0002892,CASE-00340,ACC-00182,ACC-00865,976,2026-01-14T17:57:00.000Z,UPI,0,Coimbatore,LOW,SYNTHETIC
TXN-0002893,CASE-00340,ACC-00183,ACC-00866,3887,2026-01-15T01:54:00.000Z,UPI,0,Coimbatore,LOW,SYNTHETIC
TXN-0002894,CASE-00340,ACC-00184,ACC-00867,1815,2026-01-14T10:51:00.000Z,NEFT,0,Coimbatore,LOW,SYNTHETIC
TXN-0002895,CASE-00340,ACC-00185,ACC-00868,7894,2026-01-15T00:48:00.000Z,IMPS,0,Coimbatore,LOW,SYNTHETIC
TXN-0002896,CASE-00340,ACC-00186,ACC-00869,16012,2026-01-14T18:45:00.000Z,UPI,0,Coimbatore,LOW,SYNTHETIC
TXN-0002897,CASE-00340,ACC-00187,ACC-00870,14271,2026-01-14T22:42:00.000Z,TRANSFER,0,Coimbatore,LOW,SYNTHETIC
TXN-0002898,CASE-00341,ACC-00198,ACC-00883,16644,2026-01-14T21:00:00.000Z,UPI,0,Pune,LOW,SYNTHETIC
TXN-0002899,CASE-00341,ACC-00199,ACC-00884,9348,2026-01-14T21:57:00.000Z,UPI,0,Pune,LOW,SYNTHETIC
TXN-0002900,CASE-00341,ACC-00200,ACC-00885,15952,2026-01-14T22:54:00.000Z,UPI,0,Pune,LOW,SYNTHETIC
TXN-0002901,CASE-00341,ACC-00201,ACC-00886,21766,2026-01-14T10:51:00.000Z,IMPS,0,Pune,LOW,SYNTHETIC
TXN-0002902,CASE-00341,ACC-00202,ACC-00887,10794,2026-01-15T01:48:00.000Z,IMPS,0,Pune,LOW,SYNTHETIC
TXN-0002903,CASE-00341,ACC-00203,ACC-00888,4358,2026-01-14T17:45:00.000Z,NEFT,0,Pune,LOW,SYNTHETIC
TXN-0002904,CASE-00342,ACC-00215,ACC-00902,5816,2026-01-14T22:00:00.000Z,UPI,0,Vijayawada,LOW,SYNTHETIC
TXN-0002905,CASE-00342,ACC-00216,ACC-00903,14186,2026-01-14T11:57:00.000Z,NEFT,0,Vijayawada,LOW,SYNTHETIC
TXN-0002906,CASE-00342,ACC-00217,ACC-00904,14057,2026-01-14T09:54:00.000Z,NEFT,0,Vijayawada,LOW,SYNTHETIC
TXN-0002907,CASE-00342,ACC-00218,ACC-00905,2965,2026-01-14T13:51:00.000Z,NEFT,0,Vijayawada,LOW,SYNTHETIC
TXN-0002908,CASE-00342,ACC-00219,ACC-00906,9170,2026-01-14T13:48:00.000Z,IMPS,0,Vijayawada,LOW,SYNTHETIC
TXN-0002909,CASE-00342,ACC-00220,ACC-00907,2923,2026-01-14T09:45:00.000Z,UPI,0,Vijayawada,LOW,SYNTHETIC
TXN-0002910,CASE-00342,ACC-00221,ACC-00908,11209,2026-01-14T16:42:00.000Z,UPI,0,Vijayawada,LOW,SYNTHETIC
TXN-0002911,CASE-00343,ACC-00232,ACC-00921,21134,2026-01-14T21:00:00.000Z,TRANSFER,0,Chennai,LOW,SYNTHETIC
TXN-0002912,CASE-00343,ACC-00233,ACC-00922,20553,2026-01-14T13:57:00.000Z,TRANSFER,0,Chennai,LOW,SYNTHETIC
TXN-0002913,CASE-00343,ACC-00234,ACC-00923,5872,2026-01-14T19:54:00.000Z,IMPS,0,Chennai,LOW,SYNTHETIC
TXN-0002914,CASE-00343,ACC-00235,ACC-00924,16464,2026-01-14T19:51:00.000Z,TRANSFER,0,Chennai,LOW,SYNTHETIC
TXN-0002915,CASE-00343,ACC-00236,ACC-00925,9505,2026-01-14T15:48:00.000Z,IMPS,0,Chennai,LOW,SYNTHETIC
TXN-0002916,CASE-00343,ACC-00237,ACC-00926,4460,2026-01-14T13:45:00.000Z,UPI,0,Chennai,LOW,SYNTHETIC
TXN-0002917,CASE-00343,ACC-00238,ACC-00927,9906,2026-01-14T10:42:00.000Z,NEFT,0,Chennai,LOW,SYNTHETIC
TXN-0002918,CASE-00344,ACC-00249,ACC-00940,16615,2026-01-15T02:00:00.000Z,UPI,0,Bengaluru,LOW,SYNTHETIC
TXN-0002919,CASE-00344,ACC-00250,ACC-00941,3846,2026-01-14T21:57:00.000Z,IMPS,0,Bengaluru,LOW,SYNTHETIC
TXN-0002920,CASE-00344,ACC-00251,ACC-00942,2576,2026-01-14T21:54:00.000Z,UPI,0,Bengaluru,LOW,SYNTHETIC
TXN-0002921,CASE-00344,ACC-00252,ACC-00943,19156,2026-01-15T06:51:00.000Z,IMPS,0,Bengaluru,LOW,SYNTHETIC
TXN-0002922,CASE-00344,ACC-00253,ACC-00944,7802,2026-01-14T13:48:00.000Z,IMPS,0,Bengaluru,LOW,SYNTHETIC
TXN-0002923,CASE-00344,ACC-00254,ACC-00945,2405,2026-01-14T11:45:00.000Z,UPI,0,Bengaluru,LOW,SYNTHETIC
TXN-0002924,CASE-00344,ACC-00255,ACC-00946,3625,2026-01-15T05:42:00.000Z,NEFT,0,Bengaluru,LOW,SYNTHETIC
TXN-0002925,CASE-00344,ACC-00256,ACC-00947,14106,2026-01-14T16:39:00.000Z,TRANSFER,0,Bengaluru,LOW,SYNTHETIC
TXN-0002926,CASE-00344,ACC-00257,ACC-00948,15612,2026-01-15T04:36:00.000Z,TRANSFER,0,Bengaluru,LOW,SYNTHETIC
TXN-0002927,CASE-00344,ACC-00258,ACC-00949,8256,2026-01-14T16:33:00.000Z,UPI,0,Bengaluru,LOW,SYNTHETIC
TXN-0002928,CASE-00345,ACC-00266,ACC-00959,12778,2026-01-15T04:00:00.000Z,NEFT,0,Hyderabad,LOW,SYNTHETIC
TXN-0002929,CASE-00345,ACC-00267,ACC-00960,20368,2026-01-15T01:57:00.000Z,UPI,0,Hyderabad,LOW,SYNTHETIC
TXN-0002930,CASE-00345,ACC-00268,ACC-00961,6829,2026-01-14T12:54:00.000Z,NEFT,0,Hyderabad,LOW,SYNTHETIC
TXN-0002931,CASE-00345,ACC-00269,ACC-00962,11899,2026-01-14T12:51:00.000Z,IMPS,0,Hyderabad,LOW,SYNTHETIC
TXN-0002932,CASE-00345,ACC-00270,ACC-00963,21532,2026-01-14T16:48:00.000Z,NEFT,0,Hyderabad,LOW,SYNTHETIC
TXN-0002933,CASE-00345,ACC-00271,ACC-00964,3218,2026-01-14T19:45:00.000Z,IMPS,0,Hyderabad,LOW,SYNTHETIC
TXN-0002934,CASE-00346,ACC-00283,ACC-00978,2867,2026-01-14T16:00:00.000Z,UPI,0,Coimbatore,LOW,SYNTHETIC
TXN-0002935,CASE-00346,ACC-00284,ACC-00979,8637,2026-01-14T21:57:00.000Z,TRANSFER,0,Coimbatore,LOW,SYNTHETIC
TXN-0002936,CASE-00346,ACC-00285,ACC-00980,12272,2026-01-14T18:54:00.000Z,UPI,0,Coimbatore,LOW,SYNTHETIC
TXN-0002937,CASE-00346,ACC-00286,ACC-00981,954,2026-01-14T22:51:00.000Z,NEFT,0,Coimbatore,LOW,SYNTHETIC
TXN-0002938,CASE-00346,ACC-00287,ACC-00982,6449,2026-01-14T14:48:00.000Z,NEFT,0,Coimbatore,LOW,SYNTHETIC
TXN-0002939,CASE-00346,ACC-00288,ACC-00983,11884,2026-01-14T14:45:00.000Z,IMPS,0,Coimbatore,LOW,SYNTHETIC
TXN-0002940,CASE-00346,ACC-00289,ACC-00984,1723,2026-01-14T17:42:00.000Z,IMPS,0,Coimbatore,LOW,SYNTHETIC
TXN-0002941,CASE-00346,ACC-00290,ACC-00985,8709,2026-01-15T00:39:00.000Z,IMPS,0,Coimbatore,LOW,SYNTHETIC
TXN-0002942,CASE-00347,ACC-00300,ACC-00997,20166,2026-01-15T03:00:00.000Z,TRANSFER,0,Pune,LOW,SYNTHETIC
TXN-0002943,CASE-00347,ACC-00301,ACC-00998,10757,2026-01-14T23:57:00.000Z,IMPS,0,Pune,LOW,SYNTHETIC
TXN-0002944,CASE-00347,ACC-00302,ACC-00999,6771,2026-01-14T23:54:00.000Z,UPI,0,Pune,LOW,SYNTHETIC
TXN-0002945,CASE-00347,ACC-00303,ACC-01000,19264,2026-01-14T18:51:00.000Z,IMPS,0,Pune,LOW,SYNTHETIC
TXN-0002946,CASE-00347,ACC-00304,ACC-01001,10173,2026-01-15T09:48:00.000Z,TRANSFER,0,Pune,LOW,SYNTHETIC
TXN-0002947,CASE-00347,ACC-00305,ACC-01002,7832,2026-01-14T22:45:00.000Z,NEFT,0,Pune,LOW,SYNTHETIC
TXN-0002948,CASE-00347,ACC-00306,ACC-01003,15336,2026-01-15T00:42:00.000Z,NEFT,0,Pune,LOW,SYNTHETIC
TXN-0002949,CASE-00347,ACC-00307,ACC-01004,7559,2026-01-15T09:39:00.000Z,NEFT,0,Pune,LOW,SYNTHETIC
TXN-0002950,CASE-00347,ACC-00308,ACC-01005,16186,2026-01-14T18:36:00.000Z,TRANSFER,0,Pune,LOW,SYNTHETIC
TXN-0002951,CASE-00348,ACC-00317,ACC-01016,4965,2026-01-14T21:00:00.000Z,NEFT,0,Vijayawada,LOW,SYNTHETIC
TXN-0002952,CASE-00348,ACC-00318,ACC-01017,2599,2026-01-15T08:57:00.000Z,NEFT,0,Vijayawada,LOW,SYNTHETIC
TXN-0002953,CASE-00348,ACC-00319,ACC-01018,4265,2026-01-15T00:54:00.000Z,TRANSFER,0,Vijayawada,LOW,SYNTHETIC
TXN-0002954,CASE-00348,ACC-00320,ACC-01019,20688,2026-01-15T10:51:00.000Z,TRANSFER,0,Vijayawada,LOW,SYNTHETIC
TXN-0002955,CASE-00348,ACC-00321,ACC-01020,10220,2026-01-15T06:48:00.000Z,IMPS,0,Vijayawada,LOW,SYNTHETIC
TXN-0002956,CASE-00348,ACC-00322,ACC-01021,10656,2026-01-14T15:45:00.000Z,TRANSFER,0,Vijayawada,LOW,SYNTHETIC
TXN-0002957,CASE-00348,ACC-00323,ACC-01022,15794,2026-01-15T00:42:00.000Z,IMPS,0,Vijayawada,LOW,SYNTHETIC
TXN-0002958,CASE-00348,ACC-00324,ACC-01023,4075,2026-01-15T05:39:00.000Z,NEFT,0,Vijayawada,LOW,SYNTHETIC
TXN-0002959,CASE-00349,ACC-00334,ACC-01035,17226,2026-01-15T04:00:00.000Z,TRANSFER,0,Chennai,LOW,SYNTHETIC
TXN-0002960,CASE-00349,ACC-00335,ACC-01036,20311,2026-01-14T16:57:00.000Z,NEFT,0,Chennai,LOW,SYNTHETIC
TXN-0002961,CASE-00349,ACC-00336,ACC-01037,14629,2026-01-14T21:54:00.000Z,IMPS,0,Chennai,LOW,SYNTHETIC
TXN-0002962,CASE-00349,ACC-00337,ACC-01038,19756,2026-01-14T21:51:00.000Z,TRANSFER,0,Chennai,LOW,SYNTHETIC
TXN-0002963,CASE-00349,ACC-00338,ACC-01039,20794,2026-01-15T01:48:00.000Z,IMPS,0,Chennai,LOW,SYNTHETIC
TXN-0002964,CASE-00349,ACC-00339,ACC-01040,12967,2026-01-15T05:45:00.000Z,TRANSFER,0,Chennai,LOW,SYNTHETIC
TXN-0002965,CASE-00349,ACC-00340,ACC-01041,16544,2026-01-15T04:42:00.000Z,NEFT,0,Chennai,LOW,SYNTHETIC
TXN-0002966,CASE-00349,ACC-00341,ACC-01042,8882,2026-01-15T03:39:00.000Z,TRANSFER,0,Chennai,LOW,SYNTHETIC
TXN-0002967,CASE-00350,ACC-00351,ACC-01054,13318,2026-01-15T00:00:00.000Z,TRANSFER,0,Bengaluru,LOW,SYNTHETIC
TXN-0002968,CASE-00350,ACC-00352,ACC-01055,11510,2026-01-15T12:57:00.000Z,IMPS,0,Bengaluru,LOW,SYNTHETIC
TXN-0002969,CASE-00350,ACC-00353,ACC-01056,13967,2026-01-15T03:54:00.000Z,IMPS,0,Bengaluru,LOW,SYNTHETIC
TXN-0002970,CASE-00350,ACC-00354,ACC-01057,1805,2026-01-15T04:51:00.000Z,TRANSFER,0,Bengaluru,LOW,SYNTHETIC
TXN-0002971,CASE-00350,ACC-00355,ACC-01058,19301,2026-01-15T02:48:00.000Z,UPI,0,Bengaluru,LOW,SYNTHETIC
TXN-0002972,CASE-00350,ACC-00356,ACC-01059,6267,2026-01-15T12:45:00.000Z,NEFT,0,Bengaluru,LOW,SYNTHETIC
TXN-0002973,CASE-00351,ACC-00368,ACC-01073,9959,2026-01-15T04:00:00.000Z,IMPS,0,Hyderabad,LOW,SYNTHETIC
TXN-0002974,CASE-00351,ACC-00369,ACC-01074,1763,2026-01-14T22:57:00.000Z,IMPS,0,Hyderabad,LOW,SYNTHETIC
TXN-0002975,CASE-00351,ACC-00370,ACC-01075,18942,2026-01-15T02:54:00.000Z,TRANSFER,0,Hyderabad,LOW,SYNTHETIC
TXN-0002976,CASE-00351,ACC-00371,ACC-01076,11265,2026-01-14T22:51:00.000Z,IMPS,0,Hyderabad,LOW,SYNTHETIC
TXN-0002977,CASE-00351,ACC-00372,ACC-01077,1786,2026-01-14T19:48:00.000Z,NEFT,0,Hyderabad,LOW,SYNTHETIC
TXN-0002978,CASE-00351,ACC-00373,ACC-01078,18324,2026-01-14T20:45:00.000Z,UPI,0,Hyderabad,LOW,SYNTHETIC
TXN-0002979,CASE-00351,ACC-00374,ACC-01079,13773,2026-01-14T22:42:00.000Z,NEFT,0,Hyderabad,LOW,SYNTHETIC
TXN-0002980,CASE-00351,ACC-00703,ACC-00371,96986,2026-01-15T15:20:00.000Z,NEFT,1,Hyderabad,HIGH,SYNTHETIC
TXN-0002981,CASE-00352,ACC-00385,ACC-01092,3581,2026-01-15T08:00:00.000Z,UPI,0,Coimbatore,LOW,SYNTHETIC
TXN-0002982,CASE-00352,ACC-00386,ACC-01093,6092,2026-01-15T11:57:00.000Z,TRANSFER,0,Coimbatore,LOW,SYNTHETIC
TXN-0002983,CASE-00352,ACC-00387,ACC-01094,18147,2026-01-15T06:54:00.000Z,TRANSFER,0,Coimbatore,LOW,SYNTHETIC
TXN-0002984,CASE-00352,ACC-00388,ACC-01095,4989,2026-01-15T05:51:00.000Z,IMPS,0,Coimbatore,LOW,SYNTHETIC
TXN-0002985,CASE-00352,ACC-00389,ACC-01096,16525,2026-01-15T10:48:00.000Z,UPI,0,Coimbatore,LOW,SYNTHETIC
TXN-0002986,CASE-00352,ACC-00390,ACC-01097,10919,2026-01-15T08:45:00.000Z,TRANSFER,0,Coimbatore,LOW,SYNTHETIC
TXN-0002987,CASE-00352,ACC-00705,ACC-00384,109877,2026-01-15T17:02:00.000Z,IMPS,1,Coimbatore,HIGH,SYNTHETIC
TXN-0002988,CASE-00352,ACC-00384,ACC-00385,98853,2026-01-15T19:12:00.000Z,TRANSFER,1,Coimbatore,HIGH,SYNTHETIC
TXN-0002989,CASE-00352,ACC-00385,ACC-00386,82279,2026-01-15T20:32:00.000Z,NEFT,1,Coimbatore,HIGH,SYNTHETIC
TXN-0002990,CASE-00353,ACC-00402,ACC-01111,1822,2026-01-15T02:00:00.000Z,NEFT,0,Pune,LOW,SYNTHETIC
TXN-0002991,CASE-00353,ACC-00403,ACC-01112,12694,2026-01-14T20:57:00.000Z,NEFT,0,Pune,LOW,SYNTHETIC
TXN-0002992,CASE-00353,ACC-00404,ACC-01113,9744,2026-01-15T00:54:00.000Z,TRANSFER,0,Pune,LOW,SYNTHETIC
TXN-0002993,CASE-00353,ACC-00405,ACC-01114,18545,2026-01-14T22:51:00.000Z,TRANSFER,0,Pune,LOW,SYNTHETIC
TXN-0002994,CASE-00353,ACC-00406,ACC-01115,6823,2026-01-15T11:48:00.000Z,IMPS,0,Pune,LOW,SYNTHETIC
TXN-0002995,CASE-00353,ACC-00407,ACC-01116,17656,2026-01-15T04:45:00.000Z,UPI,0,Pune,LOW,SYNTHETIC
TXN-0002996,CASE-00353,ACC-00707,ACC-00397,28537,2026-01-15T18:12:00.000Z,IMPS,1,Pune,MEDIUM,SYNTHETIC
TXN-0002997,CASE-00354,ACC-00419,ACC-01130,6630,2026-01-15T02:00:00.000Z,IMPS,0,Vijayawada,LOW,SYNTHETIC
TXN-0002998,CASE-00354,ACC-00420,ACC-01131,13357,2026-01-14T21:57:00.000Z,UPI,0,Vijayawada,LOW,SYNTHETIC
TXN-0002999,CASE-00354,ACC-00421,ACC-01132,3698,2026-01-15T00:54:00.000Z,TRANSFER,0,Vijayawada,LOW,SYNTHETIC
TXN-0003000,CASE-00354,ACC-00422,ACC-01133,15112,2026-01-15T13:51:00.000Z,TRANSFER,0,Vijayawada,LOW,SYNTHETIC
TXN-0003001,CASE-00354,ACC-00423,ACC-01134,11411,2026-01-14T21:48:00.000Z,UPI,0,Vijayawada,LOW,SYNTHETIC
TXN-0003002,CASE-00354,ACC-00424,ACC-01135,20180,2026-01-15T09:45:00.000Z,UPI,0,Vijayawada,LOW,SYNTHETIC
TXN-0003003,CASE-00354,ACC-00425,ACC-01136,5748,2026-01-15T07:42:00.000Z,IMPS,0,Vijayawada,LOW,SYNTHETIC
TXN-0003004,CASE-00354,ACC-00426,ACC-01137,16228,2026-01-14T21:39:00.000Z,NEFT,0,Vijayawada,LOW,SYNTHETIC
TXN-0003005,CASE-00354,ACC-00427,ACC-01138,17567,2026-01-15T14:36:00.000Z,NEFT,0,Vijayawada,LOW,SYNTHETIC
TXN-0003006,CASE-00354,ACC-00428,ACC-01139,9636,2026-01-15T02:33:00.000Z,UPI,0,Vijayawada,LOW,SYNTHETIC
TXN-0003007,CASE-00355,ACC-00436,ACC-01149,9529,2026-01-15T18:00:00.000Z,UPI,0,Chennai,LOW,SYNTHETIC
TXN-0003008,CASE-00355,ACC-00437,ACC-01150,9050,2026-01-15T07:57:00.000Z,TRANSFER,0,Chennai,LOW,SYNTHETIC
TXN-0003009,CASE-00355,ACC-00438,ACC-01151,11756,2026-01-15T03:54:00.000Z,UPI,0,Chennai,LOW,SYNTHETIC
TXN-0003010,CASE-00355,ACC-00439,ACC-01152,13974,2026-01-15T12:51:00.000Z,TRANSFER,0,Chennai,LOW,SYNTHETIC
TXN-0003011,CASE-00355,ACC-00440,ACC-01153,1783,2026-01-14T23:48:00.000Z,NEFT,0,Chennai,LOW,SYNTHETIC
TXN-0003012,CASE-00355,ACC-00441,ACC-01154,21049,2026-01-15T02:45:00.000Z,IMPS,0,Chennai,LOW,SYNTHETIC
TXN-0003013,CASE-00355,ACC-00442,ACC-01155,2877,2026-01-15T15:42:00.000Z,TRANSFER,0,Chennai,LOW,SYNTHETIC
TXN-0003014,CASE-00356,ACC-00453,ACC-01168,2054,2026-01-15T03:00:00.000Z,NEFT,0,Bengaluru,LOW,SYNTHETIC
TXN-0003015,CASE-00356,ACC-00454,ACC-01169,18957,2026-01-15T14:57:00.000Z,NEFT,0,Bengaluru,LOW,SYNTHETIC
TXN-0003016,CASE-00356,ACC-00455,ACC-01170,4808,2026-01-15T13:54:00.000Z,IMPS,0,Bengaluru,LOW,SYNTHETIC
TXN-0003017,CASE-00356,ACC-00456,ACC-01171,20777,2026-01-15T05:51:00.000Z,UPI,0,Bengaluru,LOW,SYNTHETIC
TXN-0003018,CASE-00356,ACC-00457,ACC-01172,21096,2026-01-15T16:48:00.000Z,UPI,0,Bengaluru,LOW,SYNTHETIC
TXN-0003019,CASE-00356,ACC-00458,ACC-01173,10894,2026-01-15T17:45:00.000Z,UPI,0,Bengaluru,LOW,SYNTHETIC
TXN-0003020,CASE-00356,ACC-00459,ACC-01174,14804,2026-01-15T17:42:00.000Z,IMPS,0,Bengaluru,LOW,SYNTHETIC
TXN-0003021,CASE-00357,ACC-00470,ACC-01187,18237,2026-01-15T16:00:00.000Z,TRANSFER,0,Hyderabad,LOW,SYNTHETIC
TXN-0003022,CASE-00357,ACC-00471,ACC-01188,21349,2026-01-15T06:57:00.000Z,NEFT,0,Hyderabad,LOW,SYNTHETIC
TXN-0003023,CASE-00357,ACC-00472,ACC-01189,10880,2026-01-15T11:54:00.000Z,TRANSFER,0,Hyderabad,LOW,SYNTHETIC
TXN-0003024,CASE-00357,ACC-00473,ACC-01190,18304,2026-01-15T15:51:00.000Z,IMPS,0,Hyderabad,LOW,SYNTHETIC
TXN-0003025,CASE-00357,ACC-00474,ACC-01191,13212,2026-01-15T04:48:00.000Z,NEFT,0,Hyderabad,LOW,SYNTHETIC
TXN-0003026,CASE-00357,ACC-00475,ACC-01192,13415,2026-01-15T08:45:00.000Z,IMPS,0,Hyderabad,LOW,SYNTHETIC
TXN-0003027,CASE-00357,ACC-00476,ACC-01193,10314,2026-01-15T11:42:00.000Z,UPI,0,Hyderabad,LOW,SYNTHETIC
TXN-0003028,CASE-00357,ACC-00477,ACC-01194,18942,2026-01-15T17:39:00.000Z,IMPS,0,Hyderabad,LOW,SYNTHETIC
TXN-0003029,CASE-00357,ACC-00478,ACC-01195,7331,2026-01-15T14:36:00.000Z,TRANSFER,0,Hyderabad,LOW,SYNTHETIC
TXN-0003030,CASE-00358,ACC-00487,ACC-01206,21807,2026-01-15T05:00:00.000Z,UPI,0,Coimbatore,LOW,SYNTHETIC
TXN-0003031,CASE-00358,ACC-00488,ACC-01207,19168,2026-01-15T07:57:00.000Z,IMPS,0,Coimbatore,LOW,SYNTHETIC
TXN-0003032,CASE-00358,ACC-00489,ACC-01208,1371,2026-01-15T19:54:00.000Z,TRANSFER,0,Coimbatore,LOW,SYNTHETIC
TXN-0003033,CASE-00358,ACC-00490,ACC-01209,14570,2026-01-15T10:51:00.000Z,UPI,0,Coimbatore,LOW,SYNTHETIC
TXN-0003034,CASE-00358,ACC-00491,ACC-01210,18705,2026-01-15T19:48:00.000Z,NEFT,0,Coimbatore,LOW,SYNTHETIC
TXN-0003035,CASE-00358,ACC-00492,ACC-01211,2665,2026-01-15T06:45:00.000Z,NEFT,0,Coimbatore,LOW,SYNTHETIC
TXN-0003036,CASE-00358,ACC-00493,ACC-01212,16129,2026-01-15T14:42:00.000Z,TRANSFER,0,Coimbatore,LOW,SYNTHETIC
TXN-0003037,CASE-00359,ACC-00504,ACC-01225,3542,2026-01-15T21:00:00.000Z,UPI,0,Pune,LOW,SYNTHETIC
TXN-0003038,CASE-00359,ACC-00505,ACC-01226,19817,2026-01-15T10:57:00.000Z,TRANSFER,0,Pune,LOW,SYNTHETIC
TXN-0003039,CASE-00359,ACC-00506,ACC-01227,21139,2026-01-15T09:54:00.000Z,NEFT,0,Pune,LOW,SYNTHETIC
TXN-0003040,CASE-00359,ACC-00507,ACC-01228,16262,2026-01-15T21:51:00.000Z,IMPS,0,Pune,LOW,SYNTHETIC
TXN-0003041,CASE-00359,ACC-00508,ACC-01229,2060,2026-01-15T06:48:00.000Z,UPI,0,Pune,LOW,SYNTHETIC
TXN-0003042,CASE-00359,ACC-00509,ACC-01230,7730,2026-01-15T10:45:00.000Z,IMPS,0,Pune,LOW,SYNTHETIC
TXN-0003043,CASE-00360,ACC-00521,ACC-01244,21861,2026-01-15T09:00:00.000Z,UPI,0,Vijayawada,LOW,SYNTHETIC
TXN-0003044,CASE-00360,ACC-00522,ACC-01245,18055,2026-01-15T11:57:00.000Z,UPI,0,Vijayawada,LOW,SYNTHETIC
TXN-0003045,CASE-00360,ACC-00523,ACC-01246,17445,2026-01-15T07:54:00.000Z,IMPS,0,Vijayawada,LOW,SYNTHETIC
TXN-0003046,CASE-00360,ACC-00524,ACC-01247,10346,2026-01-15T21:51:00.000Z,TRANSFER,0,Vijayawada,LOW,SYNTHETIC
TXN-0003047,CASE-00360,ACC-00525,ACC-01248,8076,2026-01-15T16:48:00.000Z,TRANSFER,0,Vijayawada,LOW,SYNTHETIC
TXN-0003048,CASE-00360,ACC-00526,ACC-01249,12078,2026-01-15T08:45:00.000Z,NEFT,0,Vijayawada,LOW,SYNTHETIC
TXN-0003049,CASE-00360,ACC-00527,ACC-01250,10612,2026-01-15T10:42:00.000Z,UPI,0,Vijayawada,LOW,SYNTHETIC
TXN-0003050,CASE-00360,ACC-00528,ACC-01251,20750,2026-01-15T09:39:00.000Z,IMPS,0,Vijayawada,LOW,SYNTHETIC
TXN-0003051,CASE-00360,ACC-00529,ACC-01252,13153,2026-01-15T07:36:00.000Z,UPI,0,Vijayawada,LOW,SYNTHETIC
TXN-0003052,CASE-00361,ACC-00538,ACC-01263,778,2026-01-15T05:00:00.000Z,UPI,0,Chennai,LOW,SYNTHETIC
TXN-0003053,CASE-00361,ACC-00539,ACC-01264,8269,2026-01-15T11:57:00.000Z,IMPS,0,Chennai,LOW,SYNTHETIC
TXN-0003054,CASE-00361,ACC-00540,ACC-01265,21903,2026-01-15T17:54:00.000Z,IMPS,0,Chennai,LOW,SYNTHETIC
TXN-0003055,CASE-00361,ACC-00541,ACC-01266,21263,2026-01-15T17:51:00.000Z,TRANSFER,0,Chennai,LOW,SYNTHETIC
TXN-0003056,CASE-00361,ACC-00542,ACC-01267,10695,2026-01-15T13:48:00.000Z,NEFT,0,Chennai,LOW,SYNTHETIC
TXN-0003057,CASE-00361,ACC-00543,ACC-01268,18574,2026-01-15T06:45:00.000Z,NEFT,0,Chennai,LOW,SYNTHETIC
TXN-0003058,CASE-00361,ACC-00544,ACC-01269,17214,2026-01-15T22:42:00.000Z,NEFT,0,Chennai,LOW,SYNTHETIC
TXN-0003059,CASE-00361,ACC-00545,ACC-01270,6947,2026-01-15T13:39:00.000Z,NEFT,0,Chennai,LOW,SYNTHETIC
TXN-0003060,CASE-00361,ACC-00546,ACC-01271,3229,2026-01-15T15:36:00.000Z,IMPS,0,Chennai,LOW,SYNTHETIC
TXN-0003061,CASE-00361,ACC-00723,ACC-00501,108184,2026-01-16T01:10:00.000Z,IMPS,1,Chennai,HIGH,SYNTHETIC
TXN-0003062,CASE-00362,ACC-00555,ACC-01282,20321,2026-01-15T23:00:00.000Z,TRANSFER,0,Bengaluru,LOW,SYNTHETIC
TXN-0003063,CASE-00362,ACC-00556,ACC-01283,4551,2026-01-15T16:57:00.000Z,UPI,0,Bengaluru,LOW,SYNTHETIC
TXN-0003064,CASE-00362,ACC-00557,ACC-01284,1925,2026-01-15T19:54:00.000Z,UPI,0,Bengaluru,LOW,SYNTHETIC
TXN-0003065,CASE-00362,ACC-00558,ACC-01285,9615,2026-01-15T23:51:00.000Z,IMPS,0,Bengaluru,LOW,SYNTHETIC
TXN-0003066,CASE-00362,ACC-00559,ACC-01286,11609,2026-01-15T21:48:00.000Z,IMPS,0,Bengaluru,LOW,SYNTHETIC
TXN-0003067,CASE-00362,ACC-00560,ACC-01287,7254,2026-01-15T15:45:00.000Z,UPI,0,Bengaluru,LOW,SYNTHETIC
TXN-0003068,CASE-00362,ACC-00561,ACC-01288,20840,2026-01-15T15:42:00.000Z,UPI,0,Bengaluru,LOW,SYNTHETIC
TXN-0003069,CASE-00362,ACC-00562,ACC-01289,13641,2026-01-15T16:39:00.000Z,NEFT,0,Bengaluru,LOW,SYNTHETIC
TXN-0003070,CASE-00362,ACC-00725,ACC-00514,66897,2026-01-16T02:56:00.000Z,IMPS,1,Bengaluru,MEDIUM,SYNTHETIC
TXN-0003071,CASE-00362,ACC-00514,ACC-00515,60520,2026-01-16T03:51:00.000Z,UPI,1,Bengaluru,MEDIUM,SYNTHETIC
TXN-0003072,CASE-00363,ACC-00572,ACC-01301,3741,2026-01-15T09:00:00.000Z,IMPS,0,Hyderabad,LOW,SYNTHETIC
TXN-0003073,CASE-00363,ACC-00573,ACC-01302,9272,2026-01-15T17:57:00.000Z,NEFT,0,Hyderabad,LOW,SYNTHETIC
TXN-0003074,CASE-00363,ACC-00574,ACC-01303,7614,2026-01-15T15:54:00.000Z,TRANSFER,0,Hyderabad,LOW,SYNTHETIC
TXN-0003075,CASE-00363,ACC-00575,ACC-01304,10471,2026-01-15T10:51:00.000Z,IMPS,0,Hyderabad,LOW,SYNTHETIC
TXN-0003076,CASE-00363,ACC-00576,ACC-01305,20720,2026-01-15T16:48:00.000Z,IMPS,0,Hyderabad,LOW,SYNTHETIC
TXN-0003077,CASE-00363,ACC-00577,ACC-01306,2553,2026-01-15T11:45:00.000Z,TRANSFER,0,Hyderabad,LOW,SYNTHETIC
TXN-0003078,CASE-00363,ACC-00727,ACC-00527,103499,2026-01-16T05:11:00.000Z,TRANSFER,1,Hyderabad,HIGH,SYNTHETIC
TXN-0003079,CASE-00364,ACC-00589,ACC-01320,10660,2026-01-16T00:00:00.000Z,TRANSFER,0,Coimbatore,LOW,SYNTHETIC
TXN-0003080,CASE-00364,ACC-00590,ACC-01321,10904,2026-01-15T09:57:00.000Z,UPI,0,Coimbatore,LOW,SYNTHETIC
TXN-0003081,CASE-00364,ACC-00591,ACC-01322,19520,2026-01-15T15:54:00.000Z,UPI,0,Coimbatore,LOW,SYNTHETIC
TXN-0003082,CASE-00364,ACC-00592,ACC-01323,9267,2026-01-15T07:51:00.000Z,UPI,0,Coimbatore,LOW,SYNTHETIC
TXN-0003083,CASE-00364,ACC-00593,ACC-01324,9706,2026-01-15T13:48:00.000Z,NEFT,0,Coimbatore,LOW,SYNTHETIC
TXN-0003084,CASE-00364,ACC-00594,ACC-01325,13616,2026-01-16T02:45:00.000Z,IMPS,0,Coimbatore,LOW,SYNTHETIC
TXN-0003085,CASE-00365,ACC-00606,ACC-01339,12011,2026-01-15T15:00:00.000Z,TRANSFER,0,Pune,LOW,SYNTHETIC
TXN-0003086,CASE-00365,ACC-00607,ACC-01340,9980,2026-01-15T20:57:00.000Z,NEFT,0,Pune,LOW,SYNTHETIC
TXN-0003087,CASE-00365,ACC-00608,ACC-01341,13750,2026-01-15T15:54:00.000Z,IMPS,0,Pune,LOW,SYNTHETIC
TXN-0003088,CASE-00365,ACC-00609,ACC-01342,3468,2026-01-16T03:51:00.000Z,UPI,0,Pune,LOW,SYNTHETIC
TXN-0003089,CASE-00365,ACC-00610,ACC-01343,6506,2026-01-15T19:48:00.000Z,IMPS,0,Pune,LOW,SYNTHETIC
TXN-0003090,CASE-00365,ACC-00611,ACC-01344,18926,2026-01-16T03:45:00.000Z,IMPS,0,Pune,LOW,SYNTHETIC
TXN-0003091,CASE-00365,ACC-00612,ACC-01345,20476,2026-01-16T01:42:00.000Z,UPI,0,Pune,LOW,SYNTHETIC
TXN-0003092,CASE-00365,ACC-00613,ACC-01346,17232,2026-01-15T09:39:00.000Z,IMPS,0,Pune,LOW,SYNTHETIC
TXN-0003093,CASE-00365,ACC-00614,ACC-01347,11055,2026-01-15T09:36:00.000Z,TRANSFER,0,Pune,LOW,SYNTHETIC
TXN-0003094,CASE-00365,ACC-00615,ACC-01348,8358,2026-01-15T10:33:00.000Z,IMPS,0,Pune,LOW,SYNTHETIC
TXN-0003095,CASE-00366,ACC-00623,ACC-01358,9610,2026-01-16T02:00:00.000Z,NEFT,0,Vijayawada,LOW,SYNTHETIC
TXN-0003096,CASE-00366,ACC-00624,ACC-01359,18463,2026-01-15T18:57:00.000Z,NEFT,0,Vijayawada,LOW,SYNTHETIC
TXN-0003097,CASE-00366,ACC-00625,ACC-01360,18612,2026-01-16T04:54:00.000Z,TRANSFER,0,Vijayawada,LOW,SYNTHETIC
TXN-0003098,CASE-00366,ACC-00626,ACC-01361,21311,2026-01-15T19:51:00.000Z,UPI,0,Vijayawada,LOW,SYNTHETIC
TXN-0003099,CASE-00366,ACC-00627,ACC-01362,19437,2026-01-15T15:48:00.000Z,IMPS,0,Vijayawada,LOW,SYNTHETIC
TXN-0003100,CASE-00366,ACC-00628,ACC-01363,14247,2026-01-15T10:45:00.000Z,TRANSFER,0,Vijayawada,LOW,SYNTHETIC
TXN-0003101,CASE-00366,ACC-00629,ACC-01364,5846,2026-01-16T00:42:00.000Z,IMPS,0,Vijayawada,LOW,SYNTHETIC
TXN-0003102,CASE-00366,ACC-00630,ACC-01365,13830,2026-01-15T15:39:00.000Z,IMPS,0,Vijayawada,LOW,SYNTHETIC
TXN-0003103,CASE-00367,ACC-00640,ACC-01377,15208,2026-01-15T16:00:00.000Z,IMPS,0,Chennai,LOW,SYNTHETIC
TXN-0003104,CASE-00367,ACC-00641,ACC-01378,3758,2026-01-15T23:57:00.000Z,IMPS,0,Chennai,LOW,SYNTHETIC
TXN-0003105,CASE-00367,ACC-00642,ACC-01379,11658,2026-01-16T05:54:00.000Z,NEFT,0,Chennai,LOW,SYNTHETIC
TXN-0003106,CASE-00367,ACC-00643,ACC-01380,13937,2026-01-16T05:51:00.000Z,UPI,0,Chennai,LOW,SYNTHETIC
TXN-0003107,CASE-00367,ACC-00644,ACC-01381,17596,2026-01-16T00:48:00.000Z,NEFT,0,Chennai,LOW,SYNTHETIC
TXN-0003108,CASE-00367,ACC-00645,ACC-01382,823,2026-01-16T05:45:00.000Z,NEFT,0,Chennai,LOW,SYNTHETIC
TXN-0003109,CASE-00367,ACC-00646,ACC-01383,7600,2026-01-15T11:42:00.000Z,TRANSFER,0,Chennai,LOW,SYNTHETIC
TXN-0003110,CASE-00367,ACC-00647,ACC-01384,13240,2026-01-16T03:39:00.000Z,NEFT,0,Chennai,LOW,SYNTHETIC
TXN-0003111,CASE-00367,ACC-00735,ACC-00579,15821,2026-01-16T07:40:00.000Z,IMPS,1,Chennai,MEDIUM,SYNTHETIC
TXN-0003112,CASE-00367,ACC-00579,ACC-00580,13084,2026-01-16T08:28:00.000Z,NEFT,1,Chennai,MEDIUM,SYNTHETIC
TXN-0003113,CASE-00368,ACC-00657,ACC-01396,5807,2026-01-16T02:00:00.000Z,NEFT,0,Bengaluru,LOW,SYNTHETIC
TXN-0003114,CASE-00368,ACC-00658,ACC-01397,8579,2026-01-16T02:57:00.000Z,UPI,0,Bengaluru,LOW,SYNTHETIC
TXN-0003115,CASE-00368,ACC-00659,ACC-01398,4973,2026-01-15T16:54:00.000Z,IMPS,0,Bengaluru,LOW,SYNTHETIC
TXN-0003116,CASE-00368,ACC-00660,ACC-01399,10038,2026-01-15T22:51:00.000Z,IMPS,0,Bengaluru,LOW,SYNTHETIC
TXN-0003117,CASE-00368,ACC-00661,ACC-01400,12646,2026-01-16T03:48:00.000Z,IMPS,0,Bengaluru,LOW,SYNTHETIC
TXN-0003118,CASE-00368,ACC-00662,ACC-00001,20660,2026-01-15T18:45:00.000Z,IMPS,0,Bengaluru,LOW,SYNTHETIC
TXN-0003119,CASE-00368,ACC-00663,ACC-00002,5055,2026-01-15T16:42:00.000Z,TRANSFER,0,Bengaluru,LOW,SYNTHETIC
TXN-0003120,CASE-00368,ACC-00664,ACC-00003,14354,2026-01-15T23:39:00.000Z,UPI,0,Bengaluru,LOW,SYNTHETIC
TXN-0003121,CASE-00368,ACC-00665,ACC-00004,18485,2026-01-16T00:36:00.000Z,TRANSFER,0,Bengaluru,LOW,SYNTHETIC
TXN-0003122,CASE-00368,ACC-00666,ACC-00005,17634,2026-01-16T04:33:00.000Z,NEFT,0,Bengaluru,LOW,SYNTHETIC
TXN-0003123,CASE-00368,ACC-00737,ACC-00592,110242,2026-01-16T10:45:00.000Z,NEFT,1,Bengaluru,HIGH,SYNTHETIC
TXN-0003124,CASE-00369,ACC-00674,ACC-00015,12069,2026-01-15T20:00:00.000Z,IMPS,0,Hyderabad,LOW,SYNTHETIC
TXN-0003125,CASE-00369,ACC-00675,ACC-00016,19009,2026-01-15T20:57:00.000Z,UPI,0,Hyderabad,LOW,SYNTHETIC
TXN-0003126,CASE-00369,ACC-00676,ACC-00017,5107,2026-01-15T18:54:00.000Z,TRANSFER,0,Hyderabad,LOW,SYNTHETIC
TXN-0003127,CASE-00369,ACC-00677,ACC-00018,11381,2026-01-16T05:51:00.000Z,TRANSFER,0,Hyderabad,LOW,SYNTHETIC
TXN-0003128,CASE-00369,ACC-00678,ACC-00019,4659,2026-01-16T03:48:00.000Z,IMPS,0,Hyderabad,LOW,SYNTHETIC
TXN-0003129,CASE-00369,ACC-00679,ACC-00020,12266,2026-01-16T07:45:00.000Z,UPI,0,Hyderabad,LOW,SYNTHETIC
TXN-0003130,CASE-00369,ACC-00680,ACC-00021,21333,2026-01-15T18:42:00.000Z,UPI,0,Hyderabad,LOW,SYNTHETIC
TXN-0003131,CASE-00369,ACC-00681,ACC-00022,13805,2026-01-15T13:39:00.000Z,IMPS,0,Hyderabad,LOW,SYNTHETIC
TXN-0003132,CASE-00369,ACC-00682,ACC-00023,17586,2026-01-15T13:36:00.000Z,NEFT,0,Hyderabad,LOW,SYNTHETIC
TXN-0003133,CASE-00370,ACC-00691,ACC-00034,3456,2026-01-16T09:00:00.000Z,IMPS,0,Coimbatore,LOW,SYNTHETIC
TXN-0003134,CASE-00370,ACC-00692,ACC-00035,3494,2026-01-15T22:57:00.000Z,IMPS,0,Coimbatore,LOW,SYNTHETIC
TXN-0003135,CASE-00370,ACC-00693,ACC-00036,15858,2026-01-16T08:54:00.000Z,TRANSFER,0,Coimbatore,LOW,SYNTHETIC
TXN-0003136,CASE-00370,ACC-00694,ACC-00037,12529,2026-01-16T05:51:00.000Z,UPI,0,Coimbatore,LOW,SYNTHETIC
TXN-0003137,CASE-00370,ACC-00695,ACC-00038,15809,2026-01-15T20:48:00.000Z,UPI,0,Coimbatore,LOW,SYNTHETIC
TXN-0003138,CASE-00370,ACC-00696,ACC-00039,6099,2026-01-16T08:45:00.000Z,UPI,0,Coimbatore,LOW,SYNTHETIC
TXN-0003139,CASE-00370,ACC-00697,ACC-00040,19785,2026-01-15T22:42:00.000Z,UPI,0,Coimbatore,LOW,SYNTHETIC
TXN-0003140,CASE-00371,ACC-00708,ACC-00053,18802,2026-01-15T20:00:00.000Z,UPI,0,Pune,LOW,SYNTHETIC
TXN-0003141,CASE-00371,ACC-00709,ACC-00054,18993,2026-01-15T16:57:00.000Z,NEFT,0,Pune,LOW,SYNTHETIC
TXN-0003142,CASE-00371,ACC-00710,ACC-00055,12093,2026-01-16T00:54:00.000Z,TRANSFER,0,Pune,LOW,SYNTHETIC
TXN-0003143,CASE-00371,ACC-00711,ACC-00056,11713,2026-01-16T00:51:00.000Z,TRANSFER,0,Pune,LOW,SYNTHETIC
TXN-0003144,CASE-00371,ACC-00712,ACC-00057,17745,2026-01-16T00:48:00.000Z,IMPS,0,Pune,LOW,SYNTHETIC
TXN-0003145,CASE-00371,ACC-00713,ACC-00058,5121,2026-01-15T17:45:00.000Z,IMPS,0,Pune,LOW,SYNTHETIC
TXN-0003146,CASE-00371,ACC-00714,ACC-00059,19295,2026-01-16T04:42:00.000Z,TRANSFER,0,Pune,LOW,SYNTHETIC
TXN-0003147,CASE-00371,ACC-00743,ACC-00631,65975,2026-01-16T11:10:00.000Z,TRANSFER,1,Pune,MEDIUM,SYNTHETIC
TXN-0003148,CASE-00372,ACC-00725,ACC-00072,3262,2026-01-15T22:00:00.000Z,UPI,0,Vijayawada,LOW,SYNTHETIC
TXN-0003149,CASE-00372,ACC-00726,ACC-00073,5173,2026-01-15T22:57:00.000Z,UPI,0,Vijayawada,LOW,SYNTHETIC
TXN-0003150,CASE-00372,ACC-00727,ACC-00074,14532,2026-01-15T19:54:00.000Z,TRANSFER,0,Vijayawada,LOW,SYNTHETIC
TXN-0003151,CASE-00372,ACC-00728,ACC-00075,21514,2026-01-16T09:51:00.000Z,IMPS,0,Vijayawada,LOW,SYNTHETIC
TXN-0003152,CASE-00372,ACC-00729,ACC-00076,4939,2026-01-16T06:48:00.000Z,NEFT,0,Vijayawada,LOW,SYNTHETIC
TXN-0003153,CASE-00372,ACC-00730,ACC-00077,7680,2026-01-16T07:45:00.000Z,UPI,0,Vijayawada,LOW,SYNTHETIC
TXN-0003154,CASE-00372,ACC-00731,ACC-00078,19655,2026-01-15T23:42:00.000Z,IMPS,0,Vijayawada,LOW,SYNTHETIC
TXN-0003155,CASE-00372,ACC-00732,ACC-00079,21066,2026-01-15T16:39:00.000Z,TRANSFER,0,Vijayawada,LOW,SYNTHETIC
TXN-0003156,CASE-00372,ACC-00733,ACC-00080,18660,2026-01-15T20:36:00.000Z,TRANSFER,0,Vijayawada,LOW,SYNTHETIC
TXN-0003157,CASE-00373,ACC-00742,ACC-00091,4914,2026-01-16T09:00:00.000Z,NEFT,0,Chennai,LOW,SYNTHETIC
TXN-0003158,CASE-00373,ACC-00743,ACC-00092,21370,2026-01-15T22:57:00.000Z,TRANSFER,0,Chennai,LOW,SYNTHETIC
TXN-0003159,CASE-00373,ACC-00744,ACC-00093,20862,2026-01-16T11:54:00.000Z,NEFT,0,Chennai,LOW,SYNTHETIC
TXN-0003160,CASE-00373,ACC-00745,ACC-00094,9806,2026-01-15T21:51:00.000Z,NEFT,0,Chennai,LOW,SYNTHETIC
TXN-0003161,CASE-00373,ACC-00746,ACC-00095,12286,2026-01-16T10:48:00.000Z,TRANSFER,0,Chennai,LOW,SYNTHETIC
TXN-0003162,CASE-00373,ACC-00747,ACC-00096,4717,2026-01-15T18:45:00.000Z,NEFT,0,Chennai,LOW,SYNTHETIC
TXN-0003163,CASE-00373,ACC-00748,ACC-00097,13642,2026-01-16T07:42:00.000Z,IMPS,0,Chennai,LOW,SYNTHETIC
TXN-0003164,CASE-00373,ACC-00749,ACC-00098,783,2026-01-15T17:39:00.000Z,IMPS,0,Chennai,LOW,SYNTHETIC
TXN-0003165,CASE-00373,ACC-00750,ACC-00099,6675,2026-01-16T09:36:00.000Z,TRANSFER,0,Chennai,LOW,SYNTHETIC
TXN-0003166,CASE-00373,ACC-00751,ACC-00100,17115,2026-01-15T17:33:00.000Z,NEFT,0,Chennai,LOW,SYNTHETIC
TXN-0003167,CASE-00373,ACC-00747,ACC-00657,84634,2026-01-16T14:32:00.000Z,NEFT,1,Chennai,HIGH,SYNTHETIC
TXN-0003168,CASE-00374,ACC-00759,ACC-00110,21909,2026-01-16T01:00:00.000Z,IMPS,0,Bengaluru,LOW,SYNTHETIC
TXN-0003169,CASE-00374,ACC-00760,ACC-00111,2109,2026-01-15T19:57:00.000Z,TRANSFER,0,Bengaluru,LOW,SYNTHETIC
TXN-0003170,CASE-00374,ACC-00761,ACC-00112,17885,2026-01-15T17:54:00.000Z,NEFT,0,Bengaluru,LOW,SYNTHETIC
TXN-0003171,CASE-00374,ACC-00762,ACC-00113,17293,2026-01-16T01:51:00.000Z,TRANSFER,0,Bengaluru,LOW,SYNTHETIC
TXN-0003172,CASE-00374,ACC-00763,ACC-00114,19132,2026-01-16T03:48:00.000Z,UPI,0,Bengaluru,LOW,SYNTHETIC
TXN-0003173,CASE-00374,ACC-00764,ACC-00115,14954,2026-01-16T12:45:00.000Z,NEFT,0,Bengaluru,LOW,SYNTHETIC
TXN-0003174,CASE-00374,ACC-00765,ACC-00116,21624,2026-01-15T17:42:00.000Z,IMPS,0,Bengaluru,LOW,SYNTHETIC
TXN-0003175,CASE-00375,ACC-00776,ACC-00129,2531,2026-01-16T04:00:00.000Z,TRANSFER,0,Hyderabad,LOW,SYNTHETIC
TXN-0003176,CASE-00375,ACC-00777,ACC-00130,5907,2026-01-15T22:57:00.000Z,IMPS,0,Hyderabad,LOW,SYNTHETIC
TXN-0003177,CASE-00375,ACC-00778,ACC-00131,3609,2026-01-16T05:54:00.000Z,TRANSFER,0,Hyderabad,LOW,SYNTHETIC
TXN-0003178,CASE-00375,ACC-00779,ACC-00132,12910,2026-01-16T13:51:00.000Z,IMPS,0,Hyderabad,LOW,SYNTHETIC
TXN-0003179,CASE-00375,ACC-00780,ACC-00133,6469,2026-01-16T10:48:00.000Z,IMPS,0,Hyderabad,LOW,SYNTHETIC
TXN-0003180,CASE-00375,ACC-00781,ACC-00134,20235,2026-01-16T03:45:00.000Z,IMPS,0,Hyderabad,LOW,SYNTHETIC
TXN-0003181,CASE-00375,ACC-00782,ACC-00135,19683,2026-01-16T13:42:00.000Z,TRANSFER,0,Hyderabad,LOW,SYNTHETIC
TXN-0003182,CASE-00375,ACC-00783,ACC-00136,4599,2026-01-15T22:39:00.000Z,UPI,0,Hyderabad,LOW,SYNTHETIC
TXN-0003183,CASE-00375,ACC-00784,ACC-00137,11992,2026-01-16T03:36:00.000Z,UPI,0,Hyderabad,LOW,SYNTHETIC
TXN-0003184,CASE-00375,ACC-00785,ACC-00138,9977,2026-01-16T02:33:00.000Z,TRANSFER,0,Hyderabad,LOW,SYNTHETIC
TXN-0003185,CASE-00376,ACC-00793,ACC-00148,8655,2026-01-16T06:00:00.000Z,TRANSFER,0,Coimbatore,LOW,SYNTHETIC
TXN-0003186,CASE-00376,ACC-00794,ACC-00149,13003,2026-01-16T08:57:00.000Z,IMPS,0,Coimbatore,LOW,SYNTHETIC
TXN-0003187,CASE-00376,ACC-00795,ACC-00150,8255,2026-01-16T00:54:00.000Z,TRANSFER,0,Coimbatore,LOW,SYNTHETIC
TXN-0003188,CASE-00376,ACC-00796,ACC-00151,7061,2026-01-16T05:51:00.000Z,UPI,0,Coimbatore,LOW,SYNTHETIC
TXN-0003189,CASE-00376,ACC-00797,ACC-00152,18707,2026-01-16T02:48:00.000Z,NEFT,0,Coimbatore,LOW,SYNTHETIC
TXN-0003190,CASE-00376,ACC-00798,ACC-00153,12409,2026-01-16T12:45:00.000Z,IMPS,0,Coimbatore,LOW,SYNTHETIC
TXN-0003191,CASE-00376,ACC-00799,ACC-00154,9867,2026-01-16T04:42:00.000Z,IMPS,0,Coimbatore,LOW,SYNTHETIC
TXN-0003192,CASE-00376,ACC-00800,ACC-00155,19200,2026-01-15T21:39:00.000Z,UPI,0,Coimbatore,LOW,SYNTHETIC
TXN-0003193,CASE-00376,ACC-00801,ACC-00156,11042,2026-01-16T13:36:00.000Z,TRANSFER,0,Coimbatore,LOW,SYNTHETIC
TXN-0003194,CASE-00376,ACC-00753,ACC-00696,22649,2026-01-16T16:02:00.000Z,UPI,1,Coimbatore,MEDIUM,SYNTHETIC
TXN-0003195,CASE-00377,ACC-00810,ACC-00167,18571,2026-01-16T01:00:00.000Z,TRANSFER,0,Pune,LOW,SYNTHETIC
TXN-0003196,CASE-00377,ACC-00811,ACC-00168,3127,2026-01-16T09:57:00.000Z,TRANSFER,0,Pune,LOW,SYNTHETIC
TXN-0003197,CASE-00377,ACC-00812,ACC-00169,20904,2026-01-16T04:54:00.000Z,TRANSFER,0,Pune,LOW,SYNTHETIC
TXN-0003198,CASE-00377,ACC-00813,ACC-00170,6410,2026-01-16T07:51:00.000Z,TRANSFER,0,Pune,LOW,SYNTHETIC
TXN-0003199,CASE-00377,ACC-00814,ACC-00171,11246,2026-01-16T00:48:00.000Z,NEFT,0,Pune,LOW,SYNTHETIC
TXN-0003200,CASE-00377,ACC-00815,ACC-00172,20324,2026-01-16T06:45:00.000Z,TRANSFER,0,Pune,LOW,SYNTHETIC
TXN-0003201,CASE-00377,ACC-00816,ACC-00173,17515,2026-01-15T20:42:00.000Z,NEFT,0,Pune,LOW,SYNTHETIC
TXN-0003202,CASE-00377,ACC-00817,ACC-00174,15081,2026-01-16T09:39:00.000Z,IMPS,0,Pune,LOW,SYNTHETIC
TXN-0003203,CASE-00377,ACC-00818,ACC-00175,8349,2026-01-15T23:36:00.000Z,UPI,0,Pune,LOW,SYNTHETIC
TXN-0003204,CASE-00378,ACC-00827,ACC-00186,1991,2026-01-16T00:00:00.000Z,NEFT,0,Vijayawada,LOW,SYNTHETIC
TXN-0003205,CASE-00378,ACC-00828,ACC-00187,7535,2026-01-16T06:57:00.000Z,TRANSFER,0,Vijayawada,LOW,SYNTHETIC
TXN-0003206,CASE-00378,ACC-00829,ACC-00188,20676,2026-01-15T21:54:00.000Z,IMPS,0,Vijayawada,LOW,SYNTHETIC
TXN-0003207,CASE-00378,ACC-00830,ACC-00189,10802,2026-01-15T21:51:00.000Z,IMPS,0,Vijayawada,LOW,SYNTHETIC
TXN-0003208,CASE-00378,ACC-00831,ACC-00190,5488,2026-01-16T03:48:00.000Z,NEFT,0,Vijayawada,LOW,SYNTHETIC
TXN-0003209,CASE-00378,ACC-00832,ACC-00191,14708,2026-01-16T13:45:00.000Z,NEFT,0,Vijayawada,LOW,SYNTHETIC
TXN-0003210,CASE-00378,ACC-00833,ACC-00192,7908,2026-01-16T08:42:00.000Z,IMPS,0,Vijayawada,LOW,SYNTHETIC
TXN-0003211,CASE-00378,ACC-00834,ACC-00193,10500,2026-01-16T07:39:00.000Z,UPI,0,Vijayawada,LOW,SYNTHETIC
TXN-0003212,CASE-00379,ACC-00844,ACC-00205,10050,2026-01-15T23:00:00.000Z,TRANSFER,0,Chennai,LOW,SYNTHETIC
TXN-0003213,CASE-00379,ACC-00845,ACC-00206,12177,2026-01-16T01:57:00.000Z,NEFT,0,Chennai,LOW,SYNTHETIC
TXN-0003214,CASE-00379,ACC-00846,ACC-00207,18521,2026-01-16T14:54:00.000Z,UPI,0,Chennai,LOW,SYNTHETIC
TXN-0003215,CASE-00379,ACC-00847,ACC-00208,18571,2026-01-16T16:51:00.000Z,IMPS,0,Chennai,LOW,SYNTHETIC
TXN-0003216,CASE-00379,ACC-00848,ACC-00209,11296,2026-01-16T13:48:00.000Z,IMPS,0,Chennai,LOW,SYNTHETIC
TXN-0003217,CASE-00379,ACC-00849,ACC-00210,8753,2026-01-16T02:45:00.000Z,TRANSFER,0,Chennai,LOW,SYNTHETIC
TXN-0003218,CASE-00379,ACC-00850,ACC-00211,15534,2026-01-16T10:42:00.000Z,UPI,0,Chennai,LOW,SYNTHETIC
TXN-0003219,CASE-00379,ACC-00851,ACC-00212,9855,2026-01-16T10:39:00.000Z,TRANSFER,0,Chennai,LOW,SYNTHETIC
TXN-0003220,CASE-00379,ACC-00852,ACC-00213,16594,2026-01-16T03:36:00.000Z,UPI,0,Chennai,LOW,SYNTHETIC
TXN-0003221,CASE-00379,ACC-00853,ACC-00214,6884,2026-01-16T02:33:00.000Z,NEFT,0,Chennai,LOW,SYNTHETIC
TXN-0003222,CASE-00380,ACC-00861,ACC-00224,7992,2026-01-16T13:00:00.000Z,TRANSFER,0,Bengaluru,LOW,SYNTHETIC
TXN-0003223,CASE-00380,ACC-00862,ACC-00225,17901,2026-01-16T05:57:00.000Z,NEFT,0,Bengaluru,LOW,SYNTHETIC
TXN-0003224,CASE-00380,ACC-00863,ACC-00226,1163,2026-01-16T11:54:00.000Z,TRANSFER,0,Bengaluru,LOW,SYNTHETIC
TXN-0003225,CASE-00380,ACC-00864,ACC-00227,1230,2026-01-16T04:51:00.000Z,UPI,0,Bengaluru,LOW,SYNTHETIC
TXN-0003226,CASE-00380,ACC-00865,ACC-00228,13150,2026-01-16T09:48:00.000Z,UPI,0,Bengaluru,LOW,SYNTHETIC
TXN-0003227,CASE-00380,ACC-00866,ACC-00229,16066,2026-01-16T15:45:00.000Z,TRANSFER,0,Bengaluru,LOW,SYNTHETIC
TXN-0003228,CASE-00380,ACC-00867,ACC-00230,11402,2026-01-16T06:42:00.000Z,IMPS,0,Bengaluru,LOW,SYNTHETIC
TXN-0003229,CASE-00381,ACC-00878,ACC-00243,9484,2026-01-16T05:00:00.000Z,NEFT,0,Hyderabad,LOW,SYNTHETIC
TXN-0003230,CASE-00381,ACC-00879,ACC-00244,20996,2026-01-16T10:57:00.000Z,UPI,0,Hyderabad,LOW,SYNTHETIC
TXN-0003231,CASE-00381,ACC-00880,ACC-00245,15991,2026-01-16T15:54:00.000Z,UPI,0,Hyderabad,LOW,SYNTHETIC
TXN-0003232,CASE-00381,ACC-00881,ACC-00246,19541,2026-01-16T13:51:00.000Z,TRANSFER,0,Hyderabad,LOW,SYNTHETIC
TXN-0003233,CASE-00381,ACC-00882,ACC-00247,18457,2026-01-16T19:48:00.000Z,IMPS,0,Hyderabad,LOW,SYNTHETIC
TXN-0003234,CASE-00381,ACC-00883,ACC-00248,17344,2026-01-16T11:45:00.000Z,UPI,0,Hyderabad,LOW,SYNTHETIC
TXN-0003235,CASE-00381,ACC-00884,ACC-00249,12764,2026-01-16T07:42:00.000Z,IMPS,0,Hyderabad,LOW,SYNTHETIC
TXN-0003236,CASE-00381,ACC-00885,ACC-00250,20780,2026-01-16T07:39:00.000Z,NEFT,0,Hyderabad,LOW,SYNTHETIC
TXN-0003237,CASE-00381,ACC-00886,ACC-00251,2351,2026-01-16T08:36:00.000Z,NEFT,0,Hyderabad,LOW,SYNTHETIC
TXN-0003238,CASE-00382,ACC-00895,ACC-00262,2168,2026-01-16T09:00:00.000Z,IMPS,0,Coimbatore,LOW,SYNTHETIC
TXN-0003239,CASE-00382,ACC-00896,ACC-00263,2046,2026-01-16T06:57:00.000Z,NEFT,0,Coimbatore,LOW,SYNTHETIC
TXN-0003240,CASE-00382,ACC-00897,ACC-00264,20818,2026-01-16T09:54:00.000Z,NEFT,0,Coimbatore,LOW,SYNTHETIC
TXN-0003241,CASE-00382,ACC-00898,ACC-00265,6734,2026-01-16T09:51:00.000Z,TRANSFER,0,Coimbatore,LOW,SYNTHETIC
TXN-0003242,CASE-00382,ACC-00899,ACC-00266,4157,2026-01-16T13:48:00.000Z,UPI,0,Coimbatore,LOW,SYNTHETIC
TXN-0003243,CASE-00382,ACC-00900,ACC-00267,13087,2026-01-16T11:45:00.000Z,TRANSFER,0,Coimbatore,LOW,SYNTHETIC
TXN-0003244,CASE-00382,ACC-00901,ACC-00268,2541,2026-01-16T02:42:00.000Z,TRANSFER,0,Coimbatore,LOW,SYNTHETIC
TXN-0003245,CASE-00382,ACC-00902,ACC-00269,9770,2026-01-16T14:39:00.000Z,NEFT,0,Coimbatore,LOW,SYNTHETIC
TXN-0003246,CASE-00382,ACC-00903,ACC-00270,8695,2026-01-16T16:36:00.000Z,TRANSFER,0,Coimbatore,LOW,SYNTHETIC
TXN-0003247,CASE-00383,ACC-00912,ACC-00281,11210,2026-01-16T15:00:00.000Z,TRANSFER,0,Pune,LOW,SYNTHETIC
TXN-0003248,CASE-00383,ACC-00913,ACC-00282,9083,2026-01-16T07:57:00.000Z,NEFT,0,Pune,LOW,SYNTHETIC
TXN-0003249,CASE-00383,ACC-00914,ACC-00283,16915,2026-01-16T16:54:00.000Z,NEFT,0,Pune,LOW,SYNTHETIC
TXN-0003250,CASE-00383,ACC-00915,ACC-00284,20195,2026-01-16T10:51:00.000Z,TRANSFER,0,Pune,LOW,SYNTHETIC
TXN-0003251,CASE-00383,ACC-00916,ACC-00285,14178,2026-01-16T21:48:00.000Z,IMPS,0,Pune,LOW,SYNTHETIC
TXN-0003252,CASE-00383,ACC-00917,ACC-00286,18429,2026-01-16T10:45:00.000Z,UPI,0,Pune,LOW,SYNTHETIC
TXN-0003253,CASE-00383,ACC-00918,ACC-00287,6677,2026-01-16T06:42:00.000Z,NEFT,0,Pune,LOW,SYNTHETIC
TXN-0003254,CASE-00383,ACC-00919,ACC-00288,11948,2026-01-16T06:39:00.000Z,NEFT,0,Pune,LOW,SYNTHETIC
TXN-0003255,CASE-00384,ACC-00929,ACC-00300,13524,2026-01-16T14:00:00.000Z,IMPS,0,Vijayawada,LOW,SYNTHETIC
TXN-0003256,CASE-00384,ACC-00930,ACC-00301,11792,2026-01-16T06:57:00.000Z,TRANSFER,0,Vijayawada,LOW,SYNTHETIC
TXN-0003257,CASE-00384,ACC-00931,ACC-00302,2333,2026-01-16T09:54:00.000Z,IMPS,0,Vijayawada,LOW,SYNTHETIC
TXN-0003258,CASE-00384,ACC-00932,ACC-00303,13525,2026-01-16T10:51:00.000Z,UPI,0,Vijayawada,LOW,SYNTHETIC
TXN-0003259,CASE-00384,ACC-00933,ACC-00304,20750,2026-01-16T03:48:00.000Z,NEFT,0,Vijayawada,LOW,SYNTHETIC
TXN-0003260,CASE-00384,ACC-00934,ACC-00305,2503,2026-01-16T20:45:00.000Z,TRANSFER,0,Vijayawada,LOW,SYNTHETIC
TXN-0003261,CASE-00384,ACC-00935,ACC-00306,9201,2026-01-16T06:42:00.000Z,UPI,0,Vijayawada,LOW,SYNTHETIC
TXN-0003262,CASE-00384,ACC-00936,ACC-00307,19021,2026-01-16T06:39:00.000Z,UPI,0,Vijayawada,LOW,SYNTHETIC
TXN-0003263,CASE-00385,ACC-00946,ACC-00319,14108,2026-01-16T11:00:00.000Z,TRANSFER,0,Chennai,LOW,SYNTHETIC
TXN-0003264,CASE-00385,ACC-00947,ACC-00320,10585,2026-01-16T10:57:00.000Z,TRANSFER,0,Chennai,LOW,SYNTHETIC
TXN-0003265,CASE-00385,ACC-00948,ACC-00321,14600,2026-01-16T14:54:00.000Z,IMPS,0,Chennai,LOW,SYNTHETIC
TXN-0003266,CASE-00385,ACC-00949,ACC-00322,6315,2026-01-16T20:51:00.000Z,UPI,0,Chennai,LOW,SYNTHETIC
TXN-0003267,CASE-00385,ACC-00950,ACC-00323,11572,2026-01-16T08:48:00.000Z,IMPS,0,Chennai,LOW,SYNTHETIC
TXN-0003268,CASE-00385,ACC-00951,ACC-00324,13788,2026-01-16T23:45:00.000Z,NEFT,0,Chennai,LOW,SYNTHETIC
TXN-0003269,CASE-00386,ACC-00963,ACC-00338,2325,2026-01-16T23:00:00.000Z,TRANSFER,0,Bengaluru,LOW,SYNTHETIC
TXN-0003270,CASE-00386,ACC-00964,ACC-00339,21408,2026-01-16T09:57:00.000Z,TRANSFER,0,Bengaluru,LOW,SYNTHETIC
TXN-0003271,CASE-00386,ACC-00965,ACC-00340,6893,2026-01-16T15:54:00.000Z,NEFT,0,Bengaluru,LOW,SYNTHETIC
TXN-0003272,CASE-00386,ACC-00966,ACC-00341,13417,2026-01-16T05:51:00.000Z,IMPS,0,Bengaluru,LOW,SYNTHETIC
TXN-0003273,CASE-00386,ACC-00967,ACC-00342,16884,2026-01-16T12:48:00.000Z,TRANSFER,0,Bengaluru,LOW,SYNTHETIC
TXN-0003274,CASE-00386,ACC-00968,ACC-00343,15751,2026-01-17T00:45:00.000Z,NEFT,0,Bengaluru,LOW,SYNTHETIC
TXN-0003275,CASE-00386,ACC-00969,ACC-00344,2729,2026-01-16T20:42:00.000Z,NEFT,0,Bengaluru,LOW,SYNTHETIC
TXN-0003276,CASE-00386,ACC-00970,ACC-00345,19595,2026-01-16T06:39:00.000Z,UPI,0,Bengaluru,LOW,SYNTHETIC
TXN-0003277,CASE-00386,ACC-00773,ACC-00826,47617,2026-01-17T02:14:00.000Z,TRANSFER,1,Bengaluru,MEDIUM,SYNTHETIC
TXN-0003278,CASE-00387,ACC-00980,ACC-00357,1208,2026-01-16T15:00:00.000Z,IMPS,0,Hyderabad,LOW,SYNTHETIC
TXN-0003279,CASE-00387,ACC-00981,ACC-00358,15212,2026-01-17T01:57:00.000Z,IMPS,0,Hyderabad,LOW,SYNTHETIC
TXN-0003280,CASE-00387,ACC-00982,ACC-00359,5399,2026-01-16T22:54:00.000Z,TRANSFER,0,Hyderabad,LOW,SYNTHETIC
TXN-0003281,CASE-00387,ACC-00983,ACC-00360,4626,2026-01-16T11:51:00.000Z,UPI,0,Hyderabad,LOW,SYNTHETIC
TXN-0003282,CASE-00387,ACC-00984,ACC-00361,15634,2026-01-16T19:48:00.000Z,TRANSFER,0,Hyderabad,LOW,SYNTHETIC
TXN-0003283,CASE-00387,ACC-00985,ACC-00362,16361,2026-01-16T13:45:00.000Z,TRANSFER,0,Hyderabad,LOW,SYNTHETIC
TXN-0003284,CASE-00387,ACC-00986,ACC-00363,5742,2026-01-16T12:42:00.000Z,TRANSFER,0,Hyderabad,LOW,SYNTHETIC
TXN-0003285,CASE-00387,ACC-00987,ACC-00364,15611,2026-01-17T01:39:00.000Z,NEFT,0,Hyderabad,LOW,SYNTHETIC
TXN-0003286,CASE-00388,ACC-00997,ACC-00376,12114,2026-01-16T20:00:00.000Z,TRANSFER,0,Coimbatore,LOW,SYNTHETIC
TXN-0003287,CASE-00388,ACC-00998,ACC-00377,7331,2026-01-17T01:57:00.000Z,TRANSFER,0,Coimbatore,LOW,SYNTHETIC
TXN-0003288,CASE-00388,ACC-00999,ACC-00378,5769,2026-01-16T13:54:00.000Z,NEFT,0,Coimbatore,LOW,SYNTHETIC
TXN-0003289,CASE-00388,ACC-01000,ACC-00379,1185,2026-01-17T01:51:00.000Z,TRANSFER,0,Coimbatore,LOW,SYNTHETIC
TXN-0003290,CASE-00388,ACC-01001,ACC-00380,14018,2026-01-16T19:48:00.000Z,UPI,0,Coimbatore,LOW,SYNTHETIC
TXN-0003291,CASE-00388,ACC-01002,ACC-00381,8843,2026-01-17T02:45:00.000Z,IMPS,0,Coimbatore,LOW,SYNTHETIC
TXN-0003292,CASE-00388,ACC-01003,ACC-00382,10387,2026-01-17T01:42:00.000Z,UPI,0,Coimbatore,LOW,SYNTHETIC
TXN-0003293,CASE-00388,ACC-01004,ACC-00383,4690,2026-01-16T16:39:00.000Z,NEFT,0,Coimbatore,LOW,SYNTHETIC
TXN-0003294,CASE-00388,ACC-01005,ACC-00384,18249,2026-01-16T14:36:00.000Z,NEFT,0,Coimbatore,LOW,SYNTHETIC
TXN-0003295,CASE-00388,ACC-01006,ACC-00385,10299,2026-01-17T02:33:00.000Z,IMPS,0,Coimbatore,LOW,SYNTHETIC
TXN-0003296,CASE-00389,ACC-01014,ACC-00395,5214,2026-01-17T02:00:00.000Z,TRANSFER,0,Pune,LOW,SYNTHETIC
TXN-0003297,CASE-00389,ACC-01015,ACC-00396,3759,2026-01-16T20:57:00.000Z,TRANSFER,0,Pune,LOW,SYNTHETIC
TXN-0003298,CASE-00389,ACC-01016,ACC-00397,2534,2026-01-16T18:54:00.000Z,IMPS,0,Pune,LOW,SYNTHETIC
TXN-0003299,CASE-00389,ACC-01017,ACC-00398,20264,2026-01-16T10:51:00.000Z,NEFT,0,Pune,LOW,SYNTHETIC
TXN-0003300,CASE-00389,ACC-01018,ACC-00399,3389,2026-01-16T17:48:00.000Z,IMPS,0,Pune,LOW,SYNTHETIC
TXN-0003301,CASE-00389,ACC-01019,ACC-00400,18318,2026-01-16T12:45:00.000Z,NEFT,0,Pune,LOW,SYNTHETIC
TXN-0003302,CASE-00389,ACC-01020,ACC-00401,6593,2026-01-16T23:42:00.000Z,IMPS,0,Pune,LOW,SYNTHETIC
TXN-0003303,CASE-00389,ACC-01021,ACC-00402,3652,2026-01-16T10:39:00.000Z,IMPS,0,Pune,LOW,SYNTHETIC
TXN-0003304,CASE-00390,ACC-01031,ACC-00414,4192,2026-01-16T11:00:00.000Z,TRANSFER,0,Vijayawada,LOW,SYNTHETIC
TXN-0003305,CASE-00390,ACC-01032,ACC-00415,7393,2026-01-16T20:57:00.000Z,IMPS,0,Vijayawada,LOW,SYNTHETIC
TXN-0003306,CASE-00390,ACC-01033,ACC-00416,17565,2026-01-16T21:54:00.000Z,IMPS,0,Vijayawada,LOW,SYNTHETIC
TXN-0003307,CASE-00390,ACC-01034,ACC-00417,4977,2026-01-16T12:51:00.000Z,UPI,0,Vijayawada,LOW,SYNTHETIC
TXN-0003308,CASE-00390,ACC-01035,ACC-00418,21209,2026-01-17T03:48:00.000Z,IMPS,0,Vijayawada,LOW,SYNTHETIC
TXN-0003309,CASE-00390,ACC-01036,ACC-00419,7586,2026-01-17T00:45:00.000Z,IMPS,0,Vijayawada,LOW,SYNTHETIC
TXN-0003310,CASE-00391,ACC-01048,ACC-00433,20042,2026-01-16T13:00:00.000Z,IMPS,0,Chennai,LOW,SYNTHETIC
TXN-0003311,CASE-00391,ACC-01049,ACC-00434,21391,2026-01-16T19:57:00.000Z,UPI,0,Chennai,LOW,SYNTHETIC
TXN-0003312,CASE-00391,ACC-01050,ACC-00435,3243,2026-01-16T11:54:00.000Z,IMPS,0,Chennai,LOW,SYNTHETIC
TXN-0003313,CASE-00391,ACC-01051,ACC-00436,20761,2026-01-16T21:51:00.000Z,UPI,0,Chennai,LOW,SYNTHETIC
TXN-0003314,CASE-00391,ACC-01052,ACC-00437,4517,2026-01-16T19:48:00.000Z,UPI,0,Chennai,LOW,SYNTHETIC
TXN-0003315,CASE-00391,ACC-01053,ACC-00438,3195,2026-01-16T18:45:00.000Z,TRANSFER,0,Chennai,LOW,SYNTHETIC
TXN-0003316,CASE-00392,ACC-01065,ACC-00452,20859,2026-01-16T12:00:00.000Z,IMPS,0,Bengaluru,LOW,SYNTHETIC
TXN-0003317,CASE-00392,ACC-01066,ACC-00453,18329,2026-01-17T03:57:00.000Z,TRANSFER,0,Bengaluru,LOW,SYNTHETIC
TXN-0003318,CASE-00392,ACC-01067,ACC-00454,3192,2026-01-16T19:54:00.000Z,UPI,0,Bengaluru,LOW,SYNTHETIC
TXN-0003319,CASE-00392,ACC-01068,ACC-00455,18301,2026-01-16T18:51:00.000Z,UPI,0,Bengaluru,LOW,SYNTHETIC
TXN-0003320,CASE-00392,ACC-01069,ACC-00456,5315,2026-01-16T19:48:00.000Z,UPI,0,Bengaluru,LOW,SYNTHETIC
TXN-0003321,CASE-00392,ACC-01070,ACC-00457,10898,2026-01-16T14:45:00.000Z,NEFT,0,Bengaluru,LOW,SYNTHETIC
TXN-0003322,CASE-00392,ACC-01071,ACC-00458,19237,2026-01-16T14:42:00.000Z,IMPS,0,Bengaluru,LOW,SYNTHETIC
TXN-0003323,CASE-00392,ACC-01072,ACC-00459,519,2026-01-16T20:39:00.000Z,IMPS,0,Bengaluru,LOW,SYNTHETIC
TXN-0003324,CASE-00392,ACC-01073,ACC-00460,11334,2026-01-17T04:36:00.000Z,TRANSFER,0,Bengaluru,LOW,SYNTHETIC
TXN-0003325,CASE-00392,ACC-01074,ACC-00461,17221,2026-01-16T20:33:00.000Z,UPI,0,Bengaluru,LOW,SYNTHETIC
TXN-0003326,CASE-00392,ACC-00785,ACC-00904,112244,2026-01-17T09:42:00.000Z,NEFT,1,Bengaluru,HIGH,SYNTHETIC
TXN-0003327,CASE-00392,ACC-00904,ACC-00905,94966,2026-01-17T10:20:00.000Z,UPI,1,Bengaluru,HIGH,SYNTHETIC
TXN-0003328,CASE-00392,ACC-00905,ACC-00906,79309,2026-01-17T10:50:00.000Z,IMPS,1,Bengaluru,HIGH,SYNTHETIC
TXN-0003329,CASE-00393,ACC-01082,ACC-00471,8847,2026-01-17T06:00:00.000Z,TRANSFER,0,Hyderabad,LOW,SYNTHETIC
TXN-0003330,CASE-00393,ACC-01083,ACC-00472,14684,2026-01-17T01:57:00.000Z,IMPS,0,Hyderabad,LOW,SYNTHETIC
TXN-0003331,CASE-00393,ACC-01084,ACC-00473,21731,2026-01-16T15:54:00.000Z,UPI,0,Hyderabad,LOW,SYNTHETIC
TXN-0003332,CASE-00393,ACC-01085,ACC-00474,12945,2026-01-16T23:51:00.000Z,TRANSFER,0,Hyderabad,LOW,SYNTHETIC
TXN-0003333,CASE-00393,ACC-01086,ACC-00475,17730,2026-01-16T16:48:00.000Z,IMPS,0,Hyderabad,LOW,SYNTHETIC
TXN-0003334,CASE-00393,ACC-01087,ACC-00476,4609,2026-01-17T02:45:00.000Z,IMPS,0,Hyderabad,LOW,SYNTHETIC
TXN-0003335,CASE-00393,ACC-01088,ACC-00477,20335,2026-01-17T02:42:00.000Z,IMPS,0,Hyderabad,LOW,SYNTHETIC
TXN-0003336,CASE-00393,ACC-01089,ACC-00478,19905,2026-01-16T12:39:00.000Z,TRANSFER,0,Hyderabad,LOW,SYNTHETIC
TXN-0003337,CASE-00393,ACC-01090,ACC-00479,905,2026-01-16T13:36:00.000Z,UPI,0,Hyderabad,LOW,SYNTHETIC
TXN-0003338,CASE-00394,ACC-01099,ACC-00490,2572,2026-01-16T14:00:00.000Z,TRANSFER,0,Coimbatore,LOW,SYNTHETIC
TXN-0003339,CASE-00394,ACC-01100,ACC-00491,5272,2026-01-17T07:57:00.000Z,TRANSFER,0,Coimbatore,LOW,SYNTHETIC
TXN-0003340,CASE-00394,ACC-01101,ACC-00492,1072,2026-01-17T01:54:00.000Z,IMPS,0,Coimbatore,LOW,SYNTHETIC
TXN-0003341,CASE-00394,ACC-01102,ACC-00493,12244,2026-01-17T08:51:00.000Z,NEFT,0,Coimbatore,LOW,SYNTHETIC
TXN-0003342,CASE-00394,ACC-01103,ACC-00494,5025,2026-01-17T03:48:00.000Z,IMPS,0,Coimbatore,LOW,SYNTHETIC
TXN-0003343,CASE-00394,ACC-01104,ACC-00495,8661,2026-01-16T23:45:00.000Z,IMPS,0,Coimbatore,LOW,SYNTHETIC
TXN-0003344,CASE-00394,ACC-01105,ACC-00496,13368,2026-01-16T18:42:00.000Z,IMPS,0,Coimbatore,LOW,SYNTHETIC
TXN-0003345,CASE-00394,ACC-01106,ACC-00497,4808,2026-01-16T14:39:00.000Z,NEFT,0,Coimbatore,LOW,SYNTHETIC
TXN-0003346,CASE-00394,ACC-01107,ACC-00498,16420,2026-01-17T00:36:00.000Z,UPI,0,Coimbatore,LOW,SYNTHETIC
TXN-0003347,CASE-00394,ACC-01108,ACC-00499,10200,2026-01-16T16:33:00.000Z,UPI,0,Coimbatore,LOW,SYNTHETIC
TXN-0003348,CASE-00395,ACC-01116,ACC-00509,1202,2026-01-16T17:00:00.000Z,TRANSFER,0,Pune,LOW,SYNTHETIC
TXN-0003349,CASE-00395,ACC-01117,ACC-00510,2932,2026-01-17T08:57:00.000Z,UPI,0,Pune,LOW,SYNTHETIC
TXN-0003350,CASE-00395,ACC-01118,ACC-00511,11771,2026-01-17T09:54:00.000Z,IMPS,0,Pune,LOW,SYNTHETIC
TXN-0003351,CASE-00395,ACC-01119,ACC-00512,6915,2026-01-17T00:51:00.000Z,TRANSFER,0,Pune,LOW,SYNTHETIC
TXN-0003352,CASE-00395,ACC-01120,ACC-00513,18098,2026-01-17T02:48:00.000Z,NEFT,0,Pune,LOW,SYNTHETIC
TXN-0003353,CASE-00395,ACC-01121,ACC-00514,12232,2026-01-17T02:45:00.000Z,TRANSFER,0,Pune,LOW,SYNTHETIC
TXN-0003354,CASE-00395,ACC-01122,ACC-00515,18884,2026-01-17T04:42:00.000Z,TRANSFER,0,Pune,LOW,SYNTHETIC
TXN-0003355,CASE-00395,ACC-01123,ACC-00516,20574,2026-01-16T20:39:00.000Z,NEFT,0,Pune,LOW,SYNTHETIC
TXN-0003356,CASE-00395,ACC-01124,ACC-00517,7180,2026-01-16T16:36:00.000Z,NEFT,0,Pune,LOW,SYNTHETIC
TXN-0003357,CASE-00396,ACC-01133,ACC-00528,4463,2026-01-17T00:00:00.000Z,NEFT,0,Vijayawada,LOW,SYNTHETIC
TXN-0003358,CASE-00396,ACC-01134,ACC-00529,10496,2026-01-16T22:57:00.000Z,NEFT,0,Vijayawada,LOW,SYNTHETIC
TXN-0003359,CASE-00396,ACC-01135,ACC-00530,11956,2026-01-17T08:54:00.000Z,UPI,0,Vijayawada,LOW,SYNTHETIC
TXN-0003360,CASE-00396,ACC-01136,ACC-00531,10941,2026-01-17T09:51:00.000Z,UPI,0,Vijayawada,LOW,SYNTHETIC
TXN-0003361,CASE-00396,ACC-01137,ACC-00532,8411,2026-01-16T19:48:00.000Z,TRANSFER,0,Vijayawada,LOW,SYNTHETIC
TXN-0003362,CASE-00396,ACC-01138,ACC-00533,21759,2026-01-17T02:45:00.000Z,NEFT,0,Vijayawada,LOW,SYNTHETIC
TXN-0003363,CASE-00396,ACC-01139,ACC-00534,13457,2026-01-17T02:42:00.000Z,UPI,0,Vijayawada,LOW,SYNTHETIC
TXN-0003364,CASE-00396,ACC-01140,ACC-00535,21938,2026-01-17T05:39:00.000Z,UPI,0,Vijayawada,LOW,SYNTHETIC
TXN-0003365,CASE-00396,ACC-01141,ACC-00536,2185,2026-01-16T21:36:00.000Z,UPI,0,Vijayawada,LOW,SYNTHETIC
TXN-0003366,CASE-00396,ACC-01142,ACC-00537,1813,2026-01-17T10:33:00.000Z,TRANSFER,0,Vijayawada,LOW,SYNTHETIC
TXN-0003367,CASE-00397,ACC-01150,ACC-00547,12670,2026-01-17T11:00:00.000Z,UPI,0,Chennai,LOW,SYNTHETIC
TXN-0003368,CASE-00397,ACC-01151,ACC-00548,4699,2026-01-17T11:57:00.000Z,NEFT,0,Chennai,LOW,SYNTHETIC
TXN-0003369,CASE-00397,ACC-01152,ACC-00549,2362,2026-01-16T16:54:00.000Z,UPI,0,Chennai,LOW,SYNTHETIC
TXN-0003370,CASE-00397,ACC-01153,ACC-00550,13230,2026-01-16T17:51:00.000Z,NEFT,0,Chennai,LOW,SYNTHETIC
TXN-0003371,CASE-00397,ACC-01154,ACC-00551,19658,2026-01-16T17:48:00.000Z,TRANSFER,0,Chennai,LOW,SYNTHETIC
TXN-0003372,CASE-00397,ACC-01155,ACC-00552,4795,2026-01-16T16:45:00.000Z,NEFT,0,Chennai,LOW,SYNTHETIC
TXN-0003373,CASE-00397,ACC-01156,ACC-00553,13538,2026-01-17T07:42:00.000Z,UPI,0,Chennai,LOW,SYNTHETIC
TXN-0003374,CASE-00397,ACC-01157,ACC-00554,2363,2026-01-17T10:39:00.000Z,NEFT,0,Chennai,LOW,SYNTHETIC
TXN-0003375,CASE-00397,ACC-01158,ACC-00555,14661,2026-01-16T23:36:00.000Z,TRANSFER,0,Chennai,LOW,SYNTHETIC
TXN-0003376,CASE-00397,ACC-00795,ACC-00969,94843,2026-01-17T14:03:00.000Z,NEFT,1,Chennai,HIGH,SYNTHETIC
TXN-0003377,CASE-00397,ACC-00969,ACC-00970,81080,2026-01-17T15:29:00.000Z,IMPS,1,Chennai,HIGH,SYNTHETIC
TXN-0003378,CASE-00397,ACC-00970,ACC-00971,70418,2026-01-17T16:38:00.000Z,NEFT,1,Chennai,HIGH,SYNTHETIC
TXN-0003379,CASE-00398,ACC-01167,ACC-00566,12104,2026-01-17T00:00:00.000Z,TRANSFER,0,Bengaluru,LOW,SYNTHETIC
TXN-0003380,CASE-00398,ACC-01168,ACC-00567,10490,2026-01-17T08:57:00.000Z,UPI,0,Bengaluru,LOW,SYNTHETIC
TXN-0003381,CASE-00398,ACC-01169,ACC-00568,17015,2026-01-17T09:54:00.000Z,TRANSFER,0,Bengaluru,LOW,SYNTHETIC
TXN-0003382,CASE-00398,ACC-01170,ACC-00569,18531,2026-01-16T18:51:00.000Z,TRANSFER,0,Bengaluru,LOW,SYNTHETIC
TXN-0003383,CASE-00398,ACC-01171,ACC-00570,3808,2026-01-17T08:48:00.000Z,UPI,0,Bengaluru,LOW,SYNTHETIC
TXN-0003384,CASE-00398,ACC-01172,ACC-00571,16391,2026-01-17T11:45:00.000Z,NEFT,0,Bengaluru,LOW,SYNTHETIC
TXN-0003385,CASE-00398,ACC-01173,ACC-00572,16663,2026-01-16T20:42:00.000Z,UPI,0,Bengaluru,LOW,SYNTHETIC
TXN-0003386,CASE-00398,ACC-01174,ACC-00573,15557,2026-01-16T17:39:00.000Z,IMPS,0,Bengaluru,LOW,SYNTHETIC
TXN-0003387,CASE-00398,ACC-01175,ACC-00574,15008,2026-01-16T22:36:00.000Z,TRANSFER,0,Bengaluru,LOW,SYNTHETIC
TXN-0003388,CASE-00398,ACC-01176,ACC-00575,2756,2026-01-17T02:33:00.000Z,NEFT,0,Bengaluru,LOW,SYNTHETIC
TXN-0003389,CASE-00398,ACC-00797,ACC-00982,99589,2026-01-17T14:43:00.000Z,NEFT,1,Bengaluru,HIGH,SYNTHETIC
TXN-0003390,CASE-00399,ACC-01184,ACC-00585,12248,2026-01-17T09:00:00.000Z,IMPS,0,Hyderabad,LOW,SYNTHETIC
TXN-0003391,CASE-00399,ACC-01185,ACC-00586,1500,2026-01-17T03:57:00.000Z,IMPS,0,Hyderabad,LOW,SYNTHETIC
TXN-0003392,CASE-00399,ACC-01186,ACC-00587,21171,2026-01-17T10:54:00.000Z,IMPS,0,Hyderabad,LOW,SYNTHETIC
TXN-0003393,CASE-00399,ACC-01187,ACC-00588,16577,2026-01-17T12:51:00.000Z,UPI,0,Hyderabad,LOW,SYNTHETIC
TXN-0003394,CASE-00399,ACC-01188,ACC-00589,13443,2026-01-17T02:48:00.000Z,IMPS,0,Hyderabad,LOW,SYNTHETIC
TXN-0003395,CASE-00399,ACC-01189,ACC-00590,4587,2026-01-16T21:45:00.000Z,IMPS,0,Hyderabad,LOW,SYNTHETIC
TXN-0003396,CASE-00399,ACC-01190,ACC-00591,20500,2026-01-17T01:42:00.000Z,UPI,0,Hyderabad,LOW,SYNTHETIC
TXN-0003397,CASE-00399,ACC-01191,ACC-00592,5113,2026-01-17T09:39:00.000Z,UPI,0,Hyderabad,LOW,SYNTHETIC
TXN-0003398,CASE-00399,ACC-01192,ACC-00593,14232,2026-01-17T03:36:00.000Z,TRANSFER,0,Hyderabad,LOW,SYNTHETIC
TXN-0003399,CASE-00400,ACC-01201,ACC-00604,15191,2026-01-17T02:00:00.000Z,TRANSFER,0,Coimbatore,LOW,SYNTHETIC
TXN-0003400,CASE-00400,ACC-01202,ACC-00605,13308,2026-01-17T03:57:00.000Z,TRANSFER,0,Coimbatore,LOW,SYNTHETIC
TXN-0003401,CASE-00400,ACC-01203,ACC-00606,1032,2026-01-17T05:54:00.000Z,NEFT,0,Coimbatore,LOW,SYNTHETIC
TXN-0003402,CASE-00400,ACC-01204,ACC-00607,4639,2026-01-17T12:51:00.000Z,NEFT,0,Coimbatore,LOW,SYNTHETIC
TXN-0003403,CASE-00400,ACC-01205,ACC-00608,9979,2026-01-17T12:48:00.000Z,UPI,0,Coimbatore,LOW,SYNTHETIC
TXN-0003404,CASE-00400,ACC-01206,ACC-00609,8918,2026-01-17T08:45:00.000Z,IMPS,0,Coimbatore,LOW,SYNTHETIC
TXN-0003405,CASE-00400,ACC-01207,ACC-00610,9742,2026-01-17T13:42:00.000Z,NEFT,0,Coimbatore,LOW,SYNTHETIC
TXN-0003406,CASE-00400,ACC-01208,ACC-00611,15191,2026-01-17T07:39:00.000Z,UPI,0,Coimbatore,LOW,SYNTHETIC
TXN-0003407,CASE-00400,ACC-01209,ACC-00612,7371,2026-01-17T03:36:00.000Z,NEFT,0,Coimbatore,LOW,SYNTHETIC
TXN-0003408,CASE-00400,ACC-01210,ACC-00613,17999,2026-01-17T11:33:00.000Z,UPI,0,Coimbatore,LOW,SYNTHETIC
TXN-0003409,CASE-00401,ACC-01218,ACC-00623,20128,2026-01-17T06:00:00.000Z,UPI,0,Pune,LOW,SYNTHETIC
TXN-0003410,CASE-00401,ACC-01219,ACC-00624,6656,2026-01-17T08:57:00.000Z,NEFT,0,Pune,LOW,SYNTHETIC
TXN-0003411,CASE-00401,ACC-01220,ACC-00625,20063,2026-01-17T13:54:00.000Z,IMPS,0,Pune,LOW,SYNTHETIC
TXN-0003412,CASE-00401,ACC-01221,ACC-00626,15620,2026-01-17T15:51:00.000Z,NEFT,0,Pune,LOW,SYNTHETIC
TXN-0003413,CASE-00401,ACC-01222,ACC-00627,21198,2026-01-17T03:48:00.000Z,UPI,0,Pune,LOW,SYNTHETIC
TXN-0003414,CASE-00401,ACC-01223,ACC-00628,8978,2026-01-17T14:45:00.000Z,UPI,0,Pune,LOW,SYNTHETIC
TXN-0003415,CASE-00401,ACC-01224,ACC-00629,13286,2026-01-17T06:42:00.000Z,NEFT,0,Pune,LOW,SYNTHETIC
TXN-0003416,CASE-00401,ACC-01225,ACC-00630,5341,2026-01-17T13:39:00.000Z,TRANSFER,0,Pune,LOW,SYNTHETIC
TXN-0003417,CASE-00401,ACC-01226,ACC-00631,20589,2026-01-17T05:36:00.000Z,IMPS,0,Pune,LOW,SYNTHETIC
TXN-0003418,CASE-00401,ACC-01227,ACC-00632,6782,2026-01-17T10:33:00.000Z,IMPS,0,Pune,LOW,SYNTHETIC
TXN-0003419,CASE-00401,ACC-00803,ACC-01021,111657,2026-01-17T17:11:00.000Z,TRANSFER,1,Pune,HIGH,SYNTHETIC
TXN-0003420,CASE-00402,ACC-01235,ACC-00642,3544,2026-01-17T06:00:00.000Z,UPI,0,Vijayawada,LOW,SYNTHETIC
TXN-0003421,CASE-00402,ACC-01236,ACC-00643,14840,2026-01-17T08:57:00.000Z,NEFT,0,Vijayawada,LOW,SYNTHETIC
TXN-0003422,CASE-00402,ACC-01237,ACC-00644,9211,2026-01-17T07:54:00.000Z,TRANSFER,0,Vijayawada,LOW,SYNTHETIC
TXN-0003423,CASE-00402,ACC-01238,ACC-00645,20064,2026-01-17T10:51:00.000Z,UPI,0,Vijayawada,LOW,SYNTHETIC
TXN-0003424,CASE-00402,ACC-01239,ACC-00646,11388,2026-01-17T16:48:00.000Z,UPI,0,Vijayawada,LOW,SYNTHETIC
TXN-0003425,CASE-00402,ACC-01240,ACC-00647,1727,2026-01-17T00:45:00.000Z,UPI,0,Vijayawada,LOW,SYNTHETIC
TXN-0003426,CASE-00402,ACC-01241,ACC-00648,19556,2026-01-17T04:42:00.000Z,TRANSFER,0,Vijayawada,LOW,SYNTHETIC
TXN-0003427,CASE-00403,ACC-01252,ACC-00661,3333,2026-01-17T05:00:00.000Z,UPI,0,Chennai,LOW,SYNTHETIC
TXN-0003428,CASE-00403,ACC-01253,ACC-00662,13644,2026-01-17T16:57:00.000Z,TRANSFER,0,Chennai,LOW,SYNTHETIC
TXN-0003429,CASE-00403,ACC-01254,ACC-00663,9567,2026-01-17T10:54:00.000Z,TRANSFER,0,Chennai,LOW,SYNTHETIC
TXN-0003430,CASE-00403,ACC-01255,ACC-00664,11434,2026-01-17T17:51:00.000Z,UPI,0,Chennai,LOW,SYNTHETIC
TXN-0003431,CASE-00403,ACC-01256,ACC-00665,13599,2026-01-17T02:48:00.000Z,UPI,0,Chennai,LOW,SYNTHETIC
TXN-0003432,CASE-00403,ACC-01257,ACC-00666,20878,2026-01-17T05:45:00.000Z,UPI,0,Chennai,LOW,SYNTHETIC
TXN-0003433,CASE-00403,ACC-01258,ACC-00667,19585,2026-01-17T11:42:00.000Z,NEFT,0,Chennai,LOW,SYNTHETIC
TXN-0003434,CASE-00403,ACC-00807,ACC-01047,71762,2026-01-17T20:45:00.000Z,IMPS,1,Chennai,HIGH,SYNTHETIC
TXN-0003435,CASE-00404,ACC-01269,ACC-00680,21082,2026-01-17T03:00:00.000Z,UPI,0,Bengaluru,LOW,SYNTHETIC
TXN-0003436,CASE-00404,ACC-01270,ACC-00681,19381,2026-01-17T15:57:00.000Z,IMPS,0,Bengaluru,LOW,SYNTHETIC
TXN-0003437,CASE-00404,ACC-01271,ACC-00682,9967,2026-01-17T15:54:00.000Z,NEFT,0,Bengaluru,LOW,SYNTHETIC
TXN-0003438,CASE-00404,ACC-01272,ACC-00683,1855,2026-01-17T13:51:00.000Z,NEFT,0,Bengaluru,LOW,SYNTHETIC
TXN-0003439,CASE-00404,ACC-01273,ACC-00684,11781,2026-01-16T23:48:00.000Z,UPI,0,Bengaluru,LOW,SYNTHETIC
TXN-0003440,CASE-00404,ACC-01274,ACC-00685,9086,2026-01-17T17:45:00.000Z,UPI,0,Bengaluru,LOW,SYNTHETIC
TXN-0003441,CASE-00404,ACC-01275,ACC-00686,6326,2026-01-17T04:42:00.000Z,TRANSFER,0,Bengaluru,LOW,SYNTHETIC
TXN-0003442,CASE-00404,ACC-01276,ACC-00687,9863,2026-01-17T08:39:00.000Z,UPI,0,Bengaluru,LOW,SYNTHETIC
TXN-0003443,CASE-00404,ACC-01277,ACC-00688,20298,2026-01-17T02:36:00.000Z,TRANSFER,0,Bengaluru,LOW,SYNTHETIC
TXN-0003444,CASE-00405,ACC-01286,ACC-00699,11112,2026-01-17T09:00:00.000Z,UPI,0,Hyderabad,LOW,SYNTHETIC
TXN-0003445,CASE-00405,ACC-01287,ACC-00700,12860,2026-01-17T10:57:00.000Z,TRANSFER,0,Hyderabad,LOW,SYNTHETIC
TXN-0003446,CASE-00405,ACC-01288,ACC-00701,12068,2026-01-17T12:54:00.000Z,TRANSFER,0,Hyderabad,LOW,SYNTHETIC
TXN-0003447,CASE-00405,ACC-01289,ACC-00702,16974,2026-01-17T05:51:00.000Z,TRANSFER,0,Hyderabad,LOW,SYNTHETIC
TXN-0003448,CASE-00405,ACC-01290,ACC-00703,18073,2026-01-17T11:48:00.000Z,NEFT,0,Hyderabad,LOW,SYNTHETIC
TXN-0003449,CASE-00405,ACC-01291,ACC-00704,1270,2026-01-17T17:45:00.000Z,TRANSFER,0,Hyderabad,LOW,SYNTHETIC
TXN-0003450,CASE-00405,ACC-01292,ACC-00705,4483,2026-01-17T05:42:00.000Z,IMPS,0,Hyderabad,LOW,SYNTHETIC
TXN-0003451,CASE-00405,ACC-01293,ACC-00706,7371,2026-01-17T03:39:00.000Z,UPI,0,Hyderabad,LOW,SYNTHETIC
TXN-0003452,CASE-00405,ACC-01294,ACC-00707,21453,2026-01-17T00:36:00.000Z,NEFT,0,Hyderabad,LOW,SYNTHETIC
TXN-0003453,CASE-00405,ACC-01295,ACC-00708,9435,2026-01-17T00:33:00.000Z,IMPS,0,Hyderabad,LOW,SYNTHETIC
TXN-0003454,CASE-00406,ACC-01303,ACC-00718,8940,2026-01-17T20:00:00.000Z,TRANSFER,0,Coimbatore,LOW,SYNTHETIC
TXN-0003455,CASE-00406,ACC-01304,ACC-00719,3416,2026-01-17T07:57:00.000Z,IMPS,0,Coimbatore,LOW,SYNTHETIC
TXN-0003456,CASE-00406,ACC-01305,ACC-00720,1779,2026-01-17T05:54:00.000Z,UPI,0,Coimbatore,LOW,SYNTHETIC
TXN-0003457,CASE-00406,ACC-01306,ACC-00721,12076,2026-01-17T04:51:00.000Z,NEFT,0,Coimbatore,LOW,SYNTHETIC
TXN-0003458,CASE-00406,ACC-01307,ACC-00722,19228,2026-01-17T19:48:00.000Z,NEFT,0,Coimbatore,LOW,SYNTHETIC
TXN-0003459,CASE-00406,ACC-01308,ACC-00723,18837,2026-01-17T11:45:00.000Z,TRANSFER,0,Coimbatore,LOW,SYNTHETIC
TXN-0003460,CASE-00406,ACC-01309,ACC-00724,3738,2026-01-17T12:42:00.000Z,TRANSFER,0,Coimbatore,LOW,SYNTHETIC
TXN-0003461,CASE-00406,ACC-01310,ACC-00725,525,2026-01-17T02:39:00.000Z,UPI,0,Coimbatore,LOW,SYNTHETIC
TXN-0003462,CASE-00406,ACC-00813,ACC-01086,56934,2026-01-17T22:06:00.000Z,TRANSFER,1,Coimbatore,MEDIUM,SYNTHETIC
TXN-0003463,CASE-00407,ACC-01320,ACC-00737,12032,2026-01-17T17:00:00.000Z,NEFT,0,Pune,LOW,SYNTHETIC
TXN-0003464,CASE-00407,ACC-01321,ACC-00738,16470,2026-01-17T13:57:00.000Z,IMPS,0,Pune,LOW,SYNTHETIC
TXN-0003465,CASE-00407,ACC-01322,ACC-00739,21967,2026-01-17T03:54:00.000Z,TRANSFER,0,Pune,LOW,SYNTHETIC
TXN-0003466,CASE-00407,ACC-01323,ACC-00740,21161,2026-01-17T11:51:00.000Z,UPI,0,Pune,LOW,SYNTHETIC
TXN-0003467,CASE-00407,ACC-01324,ACC-00741,11387,2026-01-17T20:48:00.000Z,UPI,0,Pune,LOW,SYNTHETIC
TXN-0003468,CASE-00407,ACC-01325,ACC-00742,744,2026-01-17T10:45:00.000Z,IMPS,0,Pune,LOW,SYNTHETIC
TXN-0003469,CASE-00407,ACC-01326,ACC-00743,18173,2026-01-17T14:42:00.000Z,UPI,0,Pune,LOW,SYNTHETIC
TXN-0003470,CASE-00407,ACC-01327,ACC-00744,13832,2026-01-17T04:39:00.000Z,TRANSFER,0,Pune,LOW,SYNTHETIC
TXN-0003471,CASE-00408,ACC-01337,ACC-00756,21947,2026-01-17T14:00:00.000Z,IMPS,0,Vijayawada,LOW,SYNTHETIC
TXN-0003472,CASE-00408,ACC-01338,ACC-00757,6202,2026-01-17T18:57:00.000Z,UPI,0,Vijayawada,LOW,SYNTHETIC
TXN-0003473,CASE-00408,ACC-01339,ACC-00758,18433,2026-01-17T22:54:00.000Z,IMPS,0,Vijayawada,LOW,SYNTHETIC
TXN-0003474,CASE-00408,ACC-01340,ACC-00759,20594,2026-01-17T11:51:00.000Z,UPI,0,Vijayawada,LOW,SYNTHETIC
TXN-0003475,CASE-00408,ACC-01341,ACC-00760,21676,2026-01-17T21:48:00.000Z,TRANSFER,0,Vijayawada,LOW,SYNTHETIC
TXN-0003476,CASE-00408,ACC-01342,ACC-00761,4480,2026-01-17T22:45:00.000Z,NEFT,0,Vijayawada,LOW,SYNTHETIC
TXN-0003477,CASE-00408,ACC-01343,ACC-00762,21039,2026-01-17T03:42:00.000Z,IMPS,0,Vijayawada,LOW,SYNTHETIC
TXN-0003478,CASE-00409,ACC-01354,ACC-00775,15739,2026-01-17T22:00:00.000Z,IMPS,0,Chennai,LOW,SYNTHETIC
TXN-0003479,CASE-00409,ACC-01355,ACC-00776,14704,2026-01-17T13:57:00.000Z,UPI,0,Chennai,LOW,SYNTHETIC
TXN-0003480,CASE-00409,ACC-01356,ACC-00777,12140,2026-01-17T13:54:00.000Z,TRANSFER,0,Chennai,LOW,SYNTHETIC
TXN-0003481,CASE-00409,ACC-01357,ACC-00778,14458,2026-01-17T06:51:00.000Z,TRANSFER,0,Chennai,LOW,SYNTHETIC
TXN-0003482,CASE-00409,ACC-01358,ACC-00779,21604,2026-01-17T06:48:00.000Z,UPI,0,Chennai,LOW,SYNTHETIC
TXN-0003483,CASE-00409,ACC-01359,ACC-00780,15715,2026-01-17T08:45:00.000Z,TRANSFER,0,Chennai,LOW,SYNTHETIC
TXN-0003484,CASE-00409,ACC-01360,ACC-00781,18541,2026-01-17T22:42:00.000Z,IMPS,0,Chennai,LOW,SYNTHETIC
TXN-0003485,CASE-00409,ACC-01361,ACC-00782,16382,2026-01-17T08:39:00.000Z,IMPS,0,Chennai,LOW,SYNTHETIC
TXN-0003486,CASE-00409,ACC-00819,ACC-01125,96169,2026-01-19T01:00:00.000Z,NEFT,1,Chennai,HIGH,SYNTHETIC
TXN-0003487,CASE-00410,ACC-01371,ACC-00794,20181,2026-01-17T16:00:00.000Z,NEFT,0,Bengaluru,LOW,SYNTHETIC
TXN-0003488,CASE-00410,ACC-01372,ACC-00795,15780,2026-01-17T18:57:00.000Z,UPI,0,Bengaluru,LOW,SYNTHETIC
TXN-0003489,CASE-00410,ACC-01373,ACC-00796,2591,2026-01-17T08:54:00.000Z,UPI,0,Bengaluru,LOW,SYNTHETIC
TXN-0003490,CASE-00410,ACC-01374,ACC-00797,7749,2026-01-17T10:51:00.000Z,UPI,0,Bengaluru,LOW,SYNTHETIC
TXN-0003491,CASE-00410,ACC-01375,ACC-00798,18358,2026-01-17T16:48:00.000Z,IMPS,0,Bengaluru,LOW,SYNTHETIC
TXN-0003492,CASE-00410,ACC-01376,ACC-00799,4741,2026-01-17T17:45:00.000Z,TRANSFER,0,Bengaluru,LOW,SYNTHETIC
TXN-0003493,CASE-00410,ACC-01377,ACC-00800,13769,2026-01-17T05:42:00.000Z,NEFT,0,Bengaluru,LOW,SYNTHETIC
TXN-0003494,CASE-00410,ACC-01378,ACC-00801,4084,2026-01-17T14:39:00.000Z,UPI,0,Bengaluru,LOW,SYNTHETIC
TXN-0003495,CASE-00410,ACC-01379,ACC-00802,14637,2026-01-18T00:36:00.000Z,IMPS,0,Bengaluru,LOW,SYNTHETIC
TXN-0003496,CASE-00411,ACC-01388,ACC-00813,18513,2026-01-18T00:00:00.000Z,UPI,0,Hyderabad,LOW,SYNTHETIC
TXN-0003497,CASE-00411,ACC-01389,ACC-00814,9103,2026-01-17T10:57:00.000Z,TRANSFER,0,Hyderabad,LOW,SYNTHETIC
TXN-0003498,CASE-00411,ACC-01390,ACC-00815,4848,2026-01-17T23:54:00.000Z,TRANSFER,0,Hyderabad,LOW,SYNTHETIC
TXN-0003499,CASE-00411,ACC-01391,ACC-00816,7920,2026-01-17T21:51:00.000Z,TRANSFER,0,Hyderabad,LOW,SYNTHETIC
TXN-0003500,CASE-00411,ACC-01392,ACC-00817,3529,2026-01-17T23:48:00.000Z,UPI,0,Hyderabad,LOW,SYNTHETIC
TXN-0003501,CASE-00411,ACC-01393,ACC-00818,5056,2026-01-17T12:45:00.000Z,TRANSFER,0,Hyderabad,LOW,SYNTHETIC
TXN-0003502,CASE-00411,ACC-00823,ACC-01151,49852,2026-01-18T03:07:00.000Z,NEFT,1,Hyderabad,MEDIUM,SYNTHETIC
TXN-0003503,CASE-00412,ACC-00005,ACC-00832,4292,2026-01-17T10:00:00.000Z,TRANSFER,0,Coimbatore,LOW,SYNTHETIC
TXN-0003504,CASE-00412,ACC-00006,ACC-00833,5952,2026-01-17T15:57:00.000Z,NEFT,0,Coimbatore,LOW,SYNTHETIC
TXN-0003505,CASE-00412,ACC-00007,ACC-00834,17011,2026-01-17T08:54:00.000Z,TRANSFER,0,Coimbatore,LOW,SYNTHETIC
TXN-0003506,CASE-00412,ACC-00008,ACC-00835,20856,2026-01-17T23:51:00.000Z,NEFT,0,Coimbatore,LOW,SYNTHETIC
TXN-0003507,CASE-00412,ACC-00009,ACC-00836,21660,2026-01-17T17:48:00.000Z,IMPS,0,Coimbatore,LOW,SYNTHETIC
TXN-0003508,CASE-00412,ACC-00010,ACC-00837,18576,2026-01-17T09:45:00.000Z,TRANSFER,0,Coimbatore,LOW,SYNTHETIC
TXN-0003509,CASE-00412,ACC-00825,ACC-01164,54797,2026-01-18T05:50:00.000Z,TRANSFER,1,Coimbatore,MEDIUM,SYNTHETIC
TXN-0003510,CASE-00412,ACC-01164,ACC-01165,45807,2026-01-18T07:11:00.000Z,TRANSFER,1,Coimbatore,MEDIUM,SYNTHETIC
TXN-0003511,CASE-00412,ACC-01165,ACC-01166,38681,2026-01-18T09:41:00.000Z,UPI,1,Coimbatore,MEDIUM,SYNTHETIC
TXN-0003512,CASE-00413,ACC-00022,ACC-00851,1881,2026-01-18T01:00:00.000Z,IMPS,0,Pune,LOW,SYNTHETIC
TXN-0003513,CASE-00413,ACC-00023,ACC-00852,12134,2026-01-17T21:57:00.000Z,UPI,0,Pune,LOW,SYNTHETIC
TXN-0003514,CASE-00413,ACC-00024,ACC-00853,21637,2026-01-18T03:54:00.000Z,UPI,0,Pune,LOW,SYNTHETIC
TXN-0003515,CASE-00413,ACC-00025,ACC-00854,704,2026-01-18T02:51:00.000Z,NEFT,0,Pune,LOW,SYNTHETIC
TXN-0003516,CASE-00413,ACC-00026,ACC-00855,11383,2026-01-17T16:48:00.000Z,UPI,0,Pune,LOW,SYNTHETIC
TXN-0003517,CASE-00413,ACC-00027,ACC-00856,6353,2026-01-17T10:45:00.000Z,IMPS,0,Pune,LOW,SYNTHETIC
TXN-0003518,CASE-00413,ACC-00028,ACC-00857,3735,2026-01-17T18:42:00.000Z,IMPS,0,Pune,LOW,SYNTHETIC
TXN-0003519,CASE-00413,ACC-00029,ACC-00858,4637,2026-01-17T10:39:00.000Z,NEFT,0,Pune,LOW,SYNTHETIC
TXN-0003520,CASE-00413,ACC-00030,ACC-00859,4677,2026-01-17T09:36:00.000Z,UPI,0,Pune,LOW,SYNTHETIC
TXN-0003521,CASE-00413,ACC-00031,ACC-00860,2844,2026-01-17T15:33:00.000Z,TRANSFER,0,Pune,LOW,SYNTHETIC
TXN-0003522,CASE-00414,ACC-00039,ACC-00870,17533,2026-01-17T18:00:00.000Z,TRANSFER,0,Vijayawada,LOW,SYNTHETIC
TXN-0003523,CASE-00414,ACC-00040,ACC-00871,10410,2026-01-17T20:57:00.000Z,TRANSFER,0,Vijayawada,LOW,SYNTHETIC
TXN-0003524,CASE-00414,ACC-00041,ACC-00872,7470,2026-01-18T00:54:00.000Z,TRANSFER,0,Vijayawada,LOW,SYNTHETIC
TXN-0003525,CASE-00414,ACC-00042,ACC-00873,10972,2026-01-18T03:51:00.000Z,NEFT,0,Vijayawada,LOW,SYNTHETIC
TXN-0003526,CASE-00414,ACC-00043,ACC-00874,7086,2026-01-17T14:48:00.000Z,IMPS,0,Vijayawada,LOW,SYNTHETIC
TXN-0003527,CASE-00414,ACC-00044,ACC-00875,18577,2026-01-17T23:45:00.000Z,TRANSFER,0,Vijayawada,LOW,SYNTHETIC
TXN-0003528,CASE-00414,ACC-00045,ACC-00876,21952,2026-01-17T16:42:00.000Z,NEFT,0,Vijayawada,LOW,SYNTHETIC
TXN-0003529,CASE-00414,ACC-00046,ACC-00877,21824,2026-01-17T12:39:00.000Z,IMPS,0,Vijayawada,LOW,SYNTHETIC
TXN-0003530,CASE-00414,ACC-00047,ACC-00878,6257,2026-01-18T02:36:00.000Z,IMPS,0,Vijayawada,LOW,SYNTHETIC
TXN-0003531,CASE-00415,ACC-00056,ACC-00889,2912,2026-01-17T18:00:00.000Z,TRANSFER,0,Chennai,LOW,SYNTHETIC
TXN-0003532,CASE-00415,ACC-00057,ACC-00890,16262,2026-01-17T21:57:00.000Z,UPI,0,Chennai,LOW,SYNTHETIC
TXN-0003533,CASE-00415,ACC-00058,ACC-00891,20518,2026-01-17T15:54:00.000Z,IMPS,0,Chennai,LOW,SYNTHETIC
TXN-0003534,CASE-00415,ACC-00059,ACC-00892,19495,2026-01-17T21:51:00.000Z,IMPS,0,Chennai,LOW,SYNTHETIC
TXN-0003535,CASE-00415,ACC-00060,ACC-00893,11415,2026-01-17T22:48:00.000Z,UPI,0,Chennai,LOW,SYNTHETIC
TXN-0003536,CASE-00415,ACC-00061,ACC-00894,6270,2026-01-17T10:45:00.000Z,TRANSFER,0,Chennai,LOW,SYNTHETIC
TXN-0003537,CASE-00415,ACC-00062,ACC-00895,7929,2026-01-17T11:42:00.000Z,NEFT,0,Chennai,LOW,SYNTHETIC
TXN-0003538,CASE-00415,ACC-00063,ACC-00896,9727,2026-01-18T04:39:00.000Z,NEFT,0,Chennai,LOW,SYNTHETIC
TXN-0003539,CASE-00415,ACC-00064,ACC-00897,7123,2026-01-17T17:36:00.000Z,UPI,0,Chennai,LOW,SYNTHETIC
TXN-0003540,CASE-00416,ACC-00073,ACC-00908,13598,2026-01-17T23:00:00.000Z,IMPS,0,Bengaluru,LOW,SYNTHETIC
TXN-0003541,CASE-00416,ACC-00074,ACC-00909,3853,2026-01-18T00:57:00.000Z,NEFT,0,Bengaluru,LOW,SYNTHETIC
TXN-0003542,CASE-00416,ACC-00075,ACC-00910,16709,2026-01-18T00:54:00.000Z,NEFT,0,Bengaluru,LOW,SYNTHETIC
TXN-0003543,CASE-00416,ACC-00076,ACC-00911,5798,2026-01-17T13:51:00.000Z,IMPS,0,Bengaluru,LOW,SYNTHETIC
TXN-0003544,CASE-00416,ACC-00077,ACC-00912,20947,2026-01-18T06:48:00.000Z,UPI,0,Bengaluru,LOW,SYNTHETIC
TXN-0003545,CASE-00416,ACC-00078,ACC-00913,15416,2026-01-18T01:45:00.000Z,NEFT,0,Bengaluru,LOW,SYNTHETIC
TXN-0003546,CASE-00416,ACC-00079,ACC-00914,3450,2026-01-17T19:42:00.000Z,UPI,0,Bengaluru,LOW,SYNTHETIC
TXN-0003547,CASE-00416,ACC-00080,ACC-00915,14044,2026-01-17T13:39:00.000Z,NEFT,0,Bengaluru,LOW,SYNTHETIC
TXN-0003548,CASE-00416,ACC-00081,ACC-00916,7188,2026-01-17T21:36:00.000Z,NEFT,0,Bengaluru,LOW,SYNTHETIC
TXN-0003549,CASE-00416,ACC-00082,ACC-00917,2411,2026-01-17T20:33:00.000Z,IMPS,0,Bengaluru,LOW,SYNTHETIC
TXN-0003550,CASE-00417,ACC-00090,ACC-00927,3347,2026-01-17T16:00:00.000Z,TRANSFER,0,Hyderabad,LOW,SYNTHETIC
TXN-0003551,CASE-00417,ACC-00091,ACC-00928,8867,2026-01-17T14:57:00.000Z,NEFT,0,Hyderabad,LOW,SYNTHETIC
TXN-0003552,CASE-00417,ACC-00092,ACC-00929,16797,2026-01-17T18:54:00.000Z,TRANSFER,0,Hyderabad,LOW,SYNTHETIC
TXN-0003553,CASE-00417,ACC-00093,ACC-00930,13022,2026-01-17T16:51:00.000Z,UPI,0,Hyderabad,LOW,SYNTHETIC
TXN-0003554,CASE-00417,ACC-00094,ACC-00931,14427,2026-01-17T22:48:00.000Z,IMPS,0,Hyderabad,LOW,SYNTHETIC
TXN-0003555,CASE-00417,ACC-00095,ACC-00932,14248,2026-01-17T19:45:00.000Z,UPI,0,Hyderabad,LOW,SYNTHETIC
TXN-0003556,CASE-00417,ACC-00096,ACC-00933,21883,2026-01-17T18:42:00.000Z,UPI,0,Hyderabad,LOW,SYNTHETIC
TXN-0003557,CASE-00417,ACC-00835,ACC-01229,48380,2026-01-18T11:24:00.000Z,UPI,1,Hyderabad,MEDIUM,SYNTHETIC
TXN-0003558,CASE-00417,ACC-01229,ACC-01230,42820,2026-01-18T12:50:00.000Z,TRANSFER,1,Hyderabad,MEDIUM,SYNTHETIC
TXN-0003559,CASE-00417,ACC-01230,ACC-01231,40143,2026-01-18T15:19:00.000Z,NEFT,1,Hyderabad,MEDIUM,SYNTHETIC
TXN-0003560,CASE-00418,ACC-00107,ACC-00946,5830,2026-01-17T23:00:00.000Z,UPI,0,Coimbatore,LOW,SYNTHETIC
TXN-0003561,CASE-00418,ACC-00108,ACC-00947,11999,2026-01-17T13:57:00.000Z,IMPS,0,Coimbatore,LOW,SYNTHETIC
TXN-0003562,CASE-00418,ACC-00109,ACC-00948,8285,2026-01-18T02:54:00.000Z,TRANSFER,0,Coimbatore,LOW,SYNTHETIC
TXN-0003563,CASE-00418,ACC-00110,ACC-00949,14362,2026-01-17T17:51:00.000Z,UPI,0,Coimbatore,LOW,SYNTHETIC
TXN-0003564,CASE-00418,ACC-00111,ACC-00950,11735,2026-01-17T14:48:00.000Z,TRANSFER,0,Coimbatore,LOW,SYNTHETIC
TXN-0003565,CASE-00418,ACC-00112,ACC-00951,13104,2026-01-18T01:45:00.000Z,UPI,0,Coimbatore,LOW,SYNTHETIC
TXN-0003566,CASE-00418,ACC-00113,ACC-00952,20278,2026-01-18T05:42:00.000Z,IMPS,0,Coimbatore,LOW,SYNTHETIC
TXN-0003567,CASE-00418,ACC-00114,ACC-00953,7779,2026-01-18T04:39:00.000Z,NEFT,0,Coimbatore,LOW,SYNTHETIC
TXN-0003568,CASE-00418,ACC-00115,ACC-00954,2765,2026-01-17T15:36:00.000Z,NEFT,0,Coimbatore,LOW,SYNTHETIC
TXN-0003569,CASE-00418,ACC-00116,ACC-00955,4113,2026-01-18T07:33:00.000Z,IMPS,0,Coimbatore,LOW,SYNTHETIC
TXN-0003570,CASE-00418,ACC-00837,ACC-01242,17099,2026-01-18T12:20:00.000Z,IMPS,1,Coimbatore,MEDIUM,SYNTHETIC
TXN-0003571,CASE-00419,ACC-00124,ACC-00965,9048,2026-01-18T08:00:00.000Z,NEFT,0,Pune,LOW,SYNTHETIC
TXN-0003572,CASE-00419,ACC-00125,ACC-00966,12935,2026-01-18T03:57:00.000Z,TRANSFER,0,Pune,LOW,SYNTHETIC
TXN-0003573,CASE-00419,ACC-00126,ACC-00967,13675,2026-01-17T19:54:00.000Z,NEFT,0,Pune,LOW,SYNTHETIC
TXN-0003574,CASE-00419,ACC-00127,ACC-00968,8456,2026-01-18T07:51:00.000Z,NEFT,0,Pune,LOW,SYNTHETIC
TXN-0003575,CASE-00419,ACC-00128,ACC-00969,9325,2026-01-18T03:48:00.000Z,IMPS,0,Pune,LOW,SYNTHETIC
TXN-0003576,CASE-00419,ACC-00129,ACC-00970,9018,2026-01-18T09:45:00.000Z,NEFT,0,Pune,LOW,SYNTHETIC
TXN-0003577,CASE-00419,ACC-00130,ACC-00971,8763,2026-01-18T06:42:00.000Z,IMPS,0,Pune,LOW,SYNTHETIC
TXN-0003578,CASE-00420,ACC-00141,ACC-00984,560,2026-01-18T08:00:00.000Z,IMPS,0,Vijayawada,LOW,SYNTHETIC
TXN-0003579,CASE-00420,ACC-00142,ACC-00985,15032,2026-01-17T20:57:00.000Z,NEFT,0,Vijayawada,LOW,SYNTHETIC
TXN-0003580,CASE-00420,ACC-00143,ACC-00986,19866,2026-01-17T19:54:00.000Z,NEFT,0,Vijayawada,LOW,SYNTHETIC
TXN-0003581,CASE-00420,ACC-00144,ACC-00987,18656,2026-01-18T02:51:00.000Z,TRANSFER,0,Vijayawada,LOW,SYNTHETIC
TXN-0003582,CASE-00420,ACC-00145,ACC-00988,4758,2026-01-18T02:48:00.000Z,IMPS,0,Vijayawada,LOW,SYNTHETIC
TXN-0003583,CASE-00420,ACC-00146,ACC-00989,20337,2026-01-18T03:45:00.000Z,IMPS,0,Vijayawada,LOW,SYNTHETIC
TXN-0003584,CASE-00420,ACC-00147,ACC-00990,11199,2026-01-17T20:42:00.000Z,UPI,0,Vijayawada,LOW,SYNTHETIC
TXN-0003585,CASE-00420,ACC-00148,ACC-00991,7910,2026-01-18T09:39:00.000Z,UPI,0,Vijayawada,LOW,SYNTHETIC
TXN-0003586,CASE-00420,ACC-00149,ACC-00992,7418,2026-01-18T05:36:00.000Z,TRANSFER,0,Vijayawada,LOW,SYNTHETIC
TXN-0003587,CASE-00421,ACC-00158,ACC-01003,19864,2026-01-17T23:00:00.000Z,UPI,0,Chennai,LOW,SYNTHETIC
TXN-0003588,CASE-00421,ACC-00159,ACC-01004,10165,2026-01-17T23:57:00.000Z,TRANSFER,0,Chennai,LOW,SYNTHETIC
TXN-0003589,CASE-00421,ACC-00160,ACC-01005,21120,2026-01-18T00:54:00.000Z,TRANSFER,0,Chennai,LOW,SYNTHETIC
TXN-0003590,CASE-00421,ACC-00161,ACC-01006,5156,2026-01-18T11:51:00.000Z,TRANSFER,0,Chennai,LOW,SYNTHETIC
TXN-0003591,CASE-00421,ACC-00162,ACC-01007,8756,2026-01-18T04:48:00.000Z,NEFT,0,Chennai,LOW,SYNTHETIC
TXN-0003592,CASE-00421,ACC-00163,ACC-01008,6270,2026-01-17T23:45:00.000Z,IMPS,0,Chennai,LOW,SYNTHETIC
TXN-0003593,CASE-00421,ACC-00164,ACC-01009,5975,2026-01-17T17:42:00.000Z,IMPS,0,Chennai,LOW,SYNTHETIC
TXN-0003594,CASE-00421,ACC-00165,ACC-01010,3966,2026-01-17T22:39:00.000Z,TRANSFER,0,Chennai,LOW,SYNTHETIC
TXN-0003595,CASE-00421,ACC-00166,ACC-01011,9158,2026-01-18T02:36:00.000Z,NEFT,0,Chennai,LOW,SYNTHETIC
TXN-0003596,CASE-00422,ACC-00175,ACC-01022,5081,2026-01-18T11:00:00.000Z,NEFT,0,Bengaluru,LOW,SYNTHETIC
TXN-0003597,CASE-00422,ACC-00176,ACC-01023,9542,2026-01-18T04:57:00.000Z,UPI,0,Bengaluru,LOW,SYNTHETIC
TXN-0003598,CASE-00422,ACC-00177,ACC-01024,7872,2026-01-18T12:54:00.000Z,IMPS,0,Bengaluru,LOW,SYNTHETIC
TXN-0003599,CASE-00422,ACC-00178,ACC-01025,12020,2026-01-18T04:51:00.000Z,IMPS,0,Bengaluru,LOW,SYNTHETIC
TXN-0003600,CASE-00422,ACC-00179,ACC-01026,7387,2026-01-18T06:48:00.000Z,NEFT,0,Bengaluru,LOW,SYNTHETIC
TXN-0003601,CASE-00422,ACC-00180,ACC-01027,524,2026-01-17T20:45:00.000Z,TRANSFER,0,Bengaluru,LOW,SYNTHETIC
TXN-0003602,CASE-00422,ACC-00181,ACC-01028,7148,2026-01-17T21:42:00.000Z,TRANSFER,0,Bengaluru,LOW,SYNTHETIC
TXN-0003603,CASE-00422,ACC-00182,ACC-01029,13116,2026-01-17T20:39:00.000Z,IMPS,0,Bengaluru,LOW,SYNTHETIC
TXN-0003604,CASE-00423,ACC-00192,ACC-01041,4695,2026-01-17T23:00:00.000Z,IMPS,0,Hyderabad,LOW,SYNTHETIC
TXN-0003605,CASE-00423,ACC-00193,ACC-01042,2956,2026-01-17T21:57:00.000Z,UPI,0,Hyderabad,LOW,SYNTHETIC
TXN-0003606,CASE-00423,ACC-00194,ACC-01043,16618,2026-01-18T08:54:00.000Z,IMPS,0,Hyderabad,LOW,SYNTHETIC
TXN-0003607,CASE-00423,ACC-00195,ACC-01044,1674,2026-01-17T22:51:00.000Z,UPI,0,Hyderabad,LOW,SYNTHETIC
TXN-0003608,CASE-00423,ACC-00196,ACC-01045,11519,2026-01-17T23:48:00.000Z,UPI,0,Hyderabad,LOW,SYNTHETIC
TXN-0003609,CASE-00423,ACC-00197,ACC-01046,7231,2026-01-18T06:45:00.000Z,NEFT,0,Hyderabad,LOW,SYNTHETIC
TXN-0003610,CASE-00423,ACC-00198,ACC-01047,8205,2026-01-17T20:42:00.000Z,UPI,0,Hyderabad,LOW,SYNTHETIC
TXN-0003611,CASE-00423,ACC-00199,ACC-01048,19522,2026-01-17T23:39:00.000Z,TRANSFER,0,Hyderabad,LOW,SYNTHETIC
TXN-0003612,CASE-00423,ACC-00200,ACC-01049,5938,2026-01-18T13:36:00.000Z,UPI,0,Hyderabad,LOW,SYNTHETIC
TXN-0003613,CASE-00424,ACC-00209,ACC-01060,17186,2026-01-18T04:00:00.000Z,UPI,0,Coimbatore,LOW,SYNTHETIC
TXN-0003614,CASE-00424,ACC-00210,ACC-01061,9592,2026-01-17T21:57:00.000Z,TRANSFER,0,Coimbatore,LOW,SYNTHETIC
TXN-0003615,CASE-00424,ACC-00211,ACC-01062,18940,2026-01-18T11:54:00.000Z,TRANSFER,0,Coimbatore,LOW,SYNTHETIC
TXN-0003616,CASE-00424,ACC-00212,ACC-01063,12998,2026-01-18T12:51:00.000Z,TRANSFER,0,Coimbatore,LOW,SYNTHETIC
TXN-0003617,CASE-00424,ACC-00213,ACC-01064,14156,2026-01-18T13:48:00.000Z,NEFT,0,Coimbatore,LOW,SYNTHETIC
TXN-0003618,CASE-00424,ACC-00214,ACC-01065,20361,2026-01-18T06:45:00.000Z,TRANSFER,0,Coimbatore,LOW,SYNTHETIC
TXN-0003619,CASE-00424,ACC-00215,ACC-01066,10101,2026-01-18T06:42:00.000Z,NEFT,0,Coimbatore,LOW,SYNTHETIC
TXN-0003620,CASE-00424,ACC-00216,ACC-01067,20632,2026-01-17T19:39:00.000Z,UPI,0,Coimbatore,LOW,SYNTHETIC
TXN-0003621,CASE-00424,ACC-00217,ACC-01068,12385,2026-01-18T02:36:00.000Z,NEFT,0,Coimbatore,LOW,SYNTHETIC
TXN-0003622,CASE-00425,ACC-00226,ACC-01079,14875,2026-01-18T14:00:00.000Z,UPI,0,Pune,LOW,SYNTHETIC
TXN-0003623,CASE-00425,ACC-00227,ACC-01080,19342,2026-01-18T12:57:00.000Z,NEFT,0,Pune,LOW,SYNTHETIC
TXN-0003624,CASE-00425,ACC-00228,ACC-01081,17678,2026-01-18T01:54:00.000Z,IMPS,0,Pune,LOW,SYNTHETIC
TXN-0003625,CASE-00425,ACC-00229,ACC-01082,16527,2026-01-17T22:51:00.000Z,UPI,0,Pune,LOW,SYNTHETIC
TXN-0003626,CASE-00425,ACC-00230,ACC-01083,1917,2026-01-18T13:48:00.000Z,TRANSFER,0,Pune,LOW,SYNTHETIC
TXN-0003627,CASE-00425,ACC-00231,ACC-01084,8790,2026-01-17T20:45:00.000Z,IMPS,0,Pune,LOW,SYNTHETIC
TXN-0003628,CASE-00426,ACC-00243,ACC-01098,15583,2026-01-18T08:00:00.000Z,UPI,0,Vijayawada,LOW,SYNTHETIC
TXN-0003629,CASE-00426,ACC-00244,ACC-01099,14308,2026-01-18T07:57:00.000Z,UPI,0,Vijayawada,LOW,SYNTHETIC
TXN-0003630,CASE-00426,ACC-00245,ACC-01100,21900,2026-01-18T06:54:00.000Z,TRANSFER,0,Vijayawada,LOW,SYNTHETIC
TXN-0003631,CASE-00426,ACC-00246,ACC-01101,12939,2026-01-17T23:51:00.000Z,TRANSFER,0,Vijayawada,LOW,SYNTHETIC
TXN-0003632,CASE-00426,ACC-00247,ACC-01102,13918,2026-01-18T04:48:00.000Z,IMPS,0,Vijayawada,LOW,SYNTHETIC
TXN-0003633,CASE-00426,ACC-00248,ACC-01103,554,2026-01-18T10:45:00.000Z,IMPS,0,Vijayawada,LOW,SYNTHETIC
TXN-0003634,CASE-00426,ACC-00249,ACC-01104,17486,2026-01-18T06:42:00.000Z,NEFT,0,Vijayawada,LOW,SYNTHETIC
TXN-0003635,CASE-00427,ACC-00260,ACC-01117,18339,2026-01-18T18:00:00.000Z,NEFT,0,Chennai,LOW,SYNTHETIC
TXN-0003636,CASE-00427,ACC-00261,ACC-01118,15239,2026-01-17T22:57:00.000Z,IMPS,0,Chennai,LOW,SYNTHETIC
TXN-0003637,CASE-00427,ACC-00262,ACC-01119,4380,2026-01-18T17:54:00.000Z,UPI,0,Chennai,LOW,SYNTHETIC
TXN-0003638,CASE-00427,ACC-00263,ACC-01120,21379,2026-01-18T11:51:00.000Z,NEFT,0,Chennai,LOW,SYNTHETIC
TXN-0003639,CASE-00427,ACC-00264,ACC-01121,21843,2026-01-18T08:48:00.000Z,UPI,0,Chennai,LOW,SYNTHETIC
TXN-0003640,CASE-00427,ACC-00265,ACC-01122,16333,2026-01-18T13:45:00.000Z,IMPS,0,Chennai,LOW,SYNTHETIC
TXN-0003641,CASE-00427,ACC-00266,ACC-01123,10275,2026-01-18T13:42:00.000Z,UPI,0,Chennai,LOW,SYNTHETIC
TXN-0003642,CASE-00427,ACC-00855,ACC-01359,15837,2026-01-18T19:31:00.000Z,TRANSFER,1,Chennai,MEDIUM,SYNTHETIC
TXN-0003643,CASE-00427,ACC-01359,ACC-01360,14577,2026-01-18T21:32:00.000Z,IMPS,1,Chennai,MEDIUM,SYNTHETIC
TXN-0003644,CASE-00427,ACC-01360,ACC-01361,12655,2026-01-19T00:10:00.000Z,TRANSFER,1,Chennai,MEDIUM,SYNTHETIC
TXN-0003645,CASE-00428,ACC-00277,ACC-01136,19149,2026-01-18T04:00:00.000Z,UPI,0,Bengaluru,LOW,SYNTHETIC
TXN-0003646,CASE-00428,ACC-00278,ACC-01137,4506,2026-01-18T05:57:00.000Z,TRANSFER,0,Bengaluru,LOW,SYNTHETIC
TXN-0003647,CASE-00428,ACC-00279,ACC-01138,8972,2026-01-18T11:54:00.000Z,NEFT,0,Bengaluru,LOW,SYNTHETIC
TXN-0003648,CASE-00428,ACC-00280,ACC-01139,16846,2026-01-18T04:51:00.000Z,UPI,0,Bengaluru,LOW,SYNTHETIC
TXN-0003649,CASE-00428,ACC-00281,ACC-01140,4293,2026-01-18T14:48:00.000Z,TRANSFER,0,Bengaluru,LOW,SYNTHETIC
TXN-0003650,CASE-00428,ACC-00282,ACC-01141,9569,2026-01-18T01:45:00.000Z,IMPS,0,Bengaluru,LOW,SYNTHETIC
TXN-0003651,CASE-00428,ACC-00283,ACC-01142,6435,2026-01-17T23:42:00.000Z,IMPS,0,Bengaluru,LOW,SYNTHETIC
TXN-0003652,CASE-00429,ACC-00294,ACC-01155,13355,2026-01-18T13:00:00.000Z,IMPS,0,Hyderabad,LOW,SYNTHETIC
TXN-0003653,CASE-00429,ACC-00295,ACC-01156,17768,2026-01-18T14:57:00.000Z,NEFT,0,Hyderabad,LOW,SYNTHETIC
TXN-0003654,CASE-00429,ACC-00296,ACC-01157,9970,2026-01-18T18:54:00.000Z,UPI,0,Hyderabad,LOW,SYNTHETIC
TXN-0003655,CASE-00429,ACC-00297,ACC-01158,18293,2026-01-18T17:51:00.000Z,UPI,0,Hyderabad,LOW,SYNTHETIC
TXN-0003656,CASE-00429,ACC-00298,ACC-01159,6121,2026-01-18T10:48:00.000Z,TRANSFER,0,Hyderabad,LOW,SYNTHETIC
TXN-0003657,CASE-00429,ACC-00299,ACC-01160,19128,2026-01-18T00:45:00.000Z,UPI,0,Hyderabad,LOW,SYNTHETIC
TXN-0003658,CASE-00430,ACC-00311,ACC-01174,18780,2026-01-18T16:00:00.000Z,UPI,0,Coimbatore,LOW,SYNTHETIC
TXN-0003659,CASE-00430,ACC-00312,ACC-01175,9374,2026-01-18T09:57:00.000Z,UPI,0,Coimbatore,LOW,SYNTHETIC
TXN-0003660,CASE-00430,ACC-00313,ACC-01176,6783,2026-01-18T14:54:00.000Z,NEFT,0,Coimbatore,LOW,SYNTHETIC
TXN-0003661,CASE-00430,ACC-00314,ACC-01177,9467,2026-01-18T04:51:00.000Z,NEFT,0,Coimbatore,LOW,SYNTHETIC
TXN-0003662,CASE-00430,ACC-00315,ACC-01178,21508,2026-01-18T17:48:00.000Z,IMPS,0,Coimbatore,LOW,SYNTHETIC
TXN-0003663,CASE-00430,ACC-00316,ACC-01179,11523,2026-01-18T19:45:00.000Z,UPI,0,Coimbatore,LOW,SYNTHETIC
TXN-0003664,CASE-00431,ACC-00328,ACC-01193,8308,2026-01-18T10:00:00.000Z,NEFT,0,Pune,LOW,SYNTHETIC
TXN-0003665,CASE-00431,ACC-00329,ACC-01194,5663,2026-01-18T17:57:00.000Z,UPI,0,Pune,LOW,SYNTHETIC
TXN-0003666,CASE-00431,ACC-00330,ACC-01195,14626,2026-01-18T19:54:00.000Z,UPI,0,Pune,LOW,SYNTHETIC
TXN-0003667,CASE-00431,ACC-00331,ACC-01196,18868,2026-01-18T08:51:00.000Z,IMPS,0,Pune,LOW,SYNTHETIC
TXN-0003668,CASE-00431,ACC-00332,ACC-01197,13400,2026-01-18T03:48:00.000Z,IMPS,0,Pune,LOW,SYNTHETIC
TXN-0003669,CASE-00431,ACC-00333,ACC-01198,21991,2026-01-18T13:45:00.000Z,UPI,0,Pune,LOW,SYNTHETIC
TXN-0003670,CASE-00431,ACC-00334,ACC-01199,8973,2026-01-18T16:42:00.000Z,NEFT,0,Pune,LOW,SYNTHETIC
TXN-0003671,CASE-00431,ACC-00335,ACC-01200,19658,2026-01-18T02:39:00.000Z,UPI,0,Pune,LOW,SYNTHETIC
TXN-0003672,CASE-00431,ACC-00336,ACC-01201,13966,2026-01-18T14:36:00.000Z,NEFT,0,Pune,LOW,SYNTHETIC
TXN-0003673,CASE-00431,ACC-00863,ACC-00011,66799,2026-01-18T23:05:00.000Z,NEFT,1,Pune,MEDIUM,SYNTHETIC
TXN-0003674,CASE-00432,ACC-00345,ACC-01212,18303,2026-01-18T14:00:00.000Z,UPI,0,Vijayawada,LOW,SYNTHETIC
TXN-0003675,CASE-00432,ACC-00346,ACC-01213,977,2026-01-18T05:57:00.000Z,IMPS,0,Vijayawada,LOW,SYNTHETIC
TXN-0003676,CASE-00432,ACC-00347,ACC-01214,18488,2026-01-18T18:54:00.000Z,TRANSFER,0,Vijayawada,LOW,SYNTHETIC
TXN-0003677,CASE-00432,ACC-00348,ACC-01215,20708,2026-01-18T14:51:00.000Z,UPI,0,Vijayawada,LOW,SYNTHETIC
TXN-0003678,CASE-00432,ACC-00349,ACC-01216,6704,2026-01-18T22:48:00.000Z,IMPS,0,Vijayawada,LOW,SYNTHETIC
TXN-0003679,CASE-00432,ACC-00350,ACC-01217,13142,2026-01-18T14:45:00.000Z,UPI,0,Vijayawada,LOW,SYNTHETIC
TXN-0003680,CASE-00432,ACC-00865,ACC-00024,88059,2026-01-19T02:13:00.000Z,NEFT,1,Vijayawada,HIGH,SYNTHETIC
TXN-0003681,CASE-00432,ACC-00024,ACC-00025,72845,2026-01-19T03:56:00.000Z,TRANSFER,1,Vijayawada,HIGH,SYNTHETIC
TXN-0003682,CASE-00432,ACC-00025,ACC-00026,66870,2026-01-19T05:17:00.000Z,TRANSFER,1,Vijayawada,MEDIUM,SYNTHETIC
TXN-0003683,CASE-00433,ACC-00362,ACC-01231,17395,2026-01-18T05:00:00.000Z,NEFT,0,Chennai,LOW,SYNTHETIC
TXN-0003684,CASE-00433,ACC-00363,ACC-01232,20567,2026-01-18T21:57:00.000Z,TRANSFER,0,Chennai,LOW,SYNTHETIC
TXN-0003685,CASE-00433,ACC-00364,ACC-01233,20997,2026-01-18T17:54:00.000Z,TRANSFER,0,Chennai,LOW,SYNTHETIC
TXN-0003686,CASE-00433,ACC-00365,ACC-01234,16768,2026-01-18T14:51:00.000Z,IMPS,0,Chennai,LOW,SYNTHETIC
TXN-0003687,CASE-00433,ACC-00366,ACC-01235,15441,2026-01-18T17:48:00.000Z,UPI,0,Chennai,LOW,SYNTHETIC
TXN-0003688,CASE-00433,ACC-00367,ACC-01236,16827,2026-01-18T21:45:00.000Z,UPI,0,Chennai,LOW,SYNTHETIC
TXN-0003689,CASE-00433,ACC-00368,ACC-01237,21325,2026-01-18T06:42:00.000Z,IMPS,0,Chennai,LOW,SYNTHETIC
TXN-0003690,CASE-00433,ACC-00369,ACC-01238,16474,2026-01-18T16:39:00.000Z,TRANSFER,0,Chennai,LOW,SYNTHETIC
TXN-0003691,CASE-00433,ACC-00370,ACC-01239,7991,2026-01-18T21:36:00.000Z,NEFT,0,Chennai,LOW,SYNTHETIC
TXN-0003692,CASE-00433,ACC-00371,ACC-01240,8803,2026-01-18T05:33:00.000Z,TRANSFER,0,Chennai,LOW,SYNTHETIC
TXN-0003693,CASE-00433,ACC-00867,ACC-00037,37505,2026-01-19T02:21:00.000Z,IMPS,1,Chennai,MEDIUM,SYNTHETIC
TXN-0003694,CASE-00434,ACC-00379,ACC-01250,15941,2026-01-18T13:00:00.000Z,NEFT,0,Bengaluru,LOW,SYNTHETIC
TXN-0003695,CASE-00434,ACC-00380,ACC-01251,8303,2026-01-19T00:57:00.000Z,IMPS,0,Bengaluru,LOW,SYNTHETIC
TXN-0003696,CASE-00434,ACC-00381,ACC-01252,12766,2026-01-18T16:54:00.000Z,NEFT,0,Bengaluru,LOW,SYNTHETIC
TXN-0003697,CASE-00434,ACC-00382,ACC-01253,9227,2026-01-19T00:51:00.000Z,TRANSFER,0,Bengaluru,LOW,SYNTHETIC
TXN-0003698,CASE-00434,ACC-00383,ACC-01254,7302,2026-01-18T07:48:00.000Z,IMPS,0,Bengaluru,LOW,SYNTHETIC
TXN-0003699,CASE-00434,ACC-00384,ACC-01255,12474,2026-01-18T05:45:00.000Z,UPI,0,Bengaluru,LOW,SYNTHETIC
TXN-0003700,CASE-00434,ACC-00385,ACC-01256,17823,2026-01-18T21:42:00.000Z,TRANSFER,0,Bengaluru,LOW,SYNTHETIC
TXN-0003701,CASE-00435,ACC-00396,ACC-01269,10384,2026-01-18T16:00:00.000Z,IMPS,0,Hyderabad,LOW,SYNTHETIC
TXN-0003702,CASE-00435,ACC-00397,ACC-01270,21405,2026-01-19T00:57:00.000Z,TRANSFER,0,Hyderabad,LOW,SYNTHETIC
TXN-0003703,CASE-00435,ACC-00398,ACC-01271,8389,2026-01-18T08:54:00.000Z,TRANSFER,0,Hyderabad,LOW,SYNTHETIC
TXN-0003704,CASE-00435,ACC-00399,ACC-01272,12330,2026-01-18T20:51:00.000Z,UPI,0,Hyderabad,LOW,SYNTHETIC
TXN-0003705,CASE-00435,ACC-00400,ACC-01273,15308,2026-01-18T22:48:00.000Z,UPI,0,Hyderabad,LOW,SYNTHETIC
TXN-0003706,CASE-00435,ACC-00401,ACC-01274,3261,2026-01-18T08:45:00.000Z,UPI,0,Hyderabad,LOW,SYNTHETIC
TXN-0003707,CASE-00435,ACC-00402,ACC-01275,14201,2026-01-18T18:42:00.000Z,UPI,0,Hyderabad,LOW,SYNTHETIC
TXN-0003708,CASE-00435,ACC-00403,ACC-01276,16357,2026-01-18T13:39:00.000Z,TRANSFER,0,Hyderabad,LOW,SYNTHETIC
TXN-0003709,CASE-00435,ACC-00404,ACC-01277,14371,2026-01-18T19:36:00.000Z,NEFT,0,Hyderabad,LOW,SYNTHETIC
TXN-0003710,CASE-00435,ACC-00871,ACC-00063,91708,2026-01-19T03:55:00.000Z,UPI,1,Hyderabad,HIGH,SYNTHETIC
TXN-0003711,CASE-00436,ACC-00413,ACC-01288,14455,2026-01-19T00:00:00.000Z,TRANSFER,0,Coimbatore,LOW,SYNTHETIC
TXN-0003712,CASE-00436,ACC-00414,ACC-01289,20112,2026-01-18T18:57:00.000Z,TRANSFER,0,Coimbatore,LOW,SYNTHETIC
TXN-0003713,CASE-00436,ACC-00415,ACC-01290,4709,2026-01-18T07:54:00.000Z,IMPS,0,Coimbatore,LOW,SYNTHETIC
TXN-0003714,CASE-00436,ACC-00416,ACC-01291,16399,2026-01-18T09:51:00.000Z,NEFT,0,Coimbatore,LOW,SYNTHETIC
TXN-0003715,CASE-00436,ACC-00417,ACC-01292,12391,2026-01-19T01:48:00.000Z,IMPS,0,Coimbatore,LOW,SYNTHETIC
TXN-0003716,CASE-00436,ACC-00418,ACC-01293,12693,2026-01-18T19:45:00.000Z,IMPS,0,Coimbatore,LOW,SYNTHETIC
TXN-0003717,CASE-00436,ACC-00419,ACC-01294,16249,2026-01-18T08:42:00.000Z,TRANSFER,0,Coimbatore,LOW,SYNTHETIC
TXN-0003718,CASE-00436,ACC-00873,ACC-00076,16472,2026-01-19T04:12:00.000Z,IMPS,1,Coimbatore,MEDIUM,SYNTHETIC
TXN-0003719,CASE-00437,ACC-00430,ACC-01307,15161,2026-01-18T20:00:00.000Z,UPI,0,Pune,LOW,SYNTHETIC
TXN-0003720,CASE-00437,ACC-00431,ACC-01308,3642,2026-01-19T01:57:00.000Z,NEFT,0,Pune,LOW,SYNTHETIC
TXN-0003721,CASE-00437,ACC-00432,ACC-01309,2103,2026-01-18T21:54:00.000Z,TRANSFER,0,Pune,LOW,SYNTHETIC
TXN-0003722,CASE-00437,ACC-00433,ACC-01310,15894,2026-01-18T19:51:00.000Z,IMPS,0,Pune,LOW,SYNTHETIC
TXN-0003723,CASE-00437,ACC-00434,ACC-01311,8770,2026-01-18T17:48:00.000Z,IMPS,0,Pune,LOW,SYNTHETIC
TXN-0003724,CASE-00437,ACC-00435,ACC-01312,13067,2026-01-18T20:45:00.000Z,TRANSFER,0,Pune,LOW,SYNTHETIC
TXN-0003725,CASE-00438,ACC-00447,ACC-01326,527,2026-01-18T14:00:00.000Z,UPI,0,Vijayawada,LOW,SYNTHETIC
TXN-0003726,CASE-00438,ACC-00448,ACC-01327,2984,2026-01-18T19:57:00.000Z,IMPS,0,Vijayawada,LOW,SYNTHETIC
TXN-0003727,CASE-00438,ACC-00449,ACC-01328,3278,2026-01-18T11:54:00.000Z,NEFT,0,Vijayawada,LOW,SYNTHETIC
TXN-0003728,CASE-00438,ACC-00450,ACC-01329,18866,2026-01-18T23:51:00.000Z,IMPS,0,Vijayawada,LOW,SYNTHETIC
TXN-0003729,CASE-00438,ACC-00451,ACC-01330,11380,2026-01-18T10:48:00.000Z,IMPS,0,Vijayawada,LOW,SYNTHETIC
TXN-0003730,CASE-00438,ACC-00452,ACC-01331,7907,2026-01-19T00:45:00.000Z,IMPS,0,Vijayawada,LOW,SYNTHETIC
TXN-0003731,CASE-00438,ACC-00453,ACC-01332,18341,2026-01-18T10:42:00.000Z,UPI,0,Vijayawada,LOW,SYNTHETIC
TXN-0003732,CASE-00438,ACC-00454,ACC-01333,9644,2026-01-18T22:39:00.000Z,TRANSFER,0,Vijayawada,LOW,SYNTHETIC
TXN-0003733,CASE-00438,ACC-00455,ACC-01334,13396,2026-01-18T09:36:00.000Z,UPI,0,Vijayawada,LOW,SYNTHETIC
TXN-0003734,CASE-00438,ACC-00456,ACC-01335,18169,2026-01-18T17:33:00.000Z,IMPS,0,Vijayawada,LOW,SYNTHETIC
TXN-0003735,CASE-00439,ACC-00464,ACC-01345,18409,2026-01-18T15:00:00.000Z,IMPS,0,Chennai,LOW,SYNTHETIC
TXN-0003736,CASE-00439,ACC-00465,ACC-01346,12529,2026-01-18T21:57:00.000Z,TRANSFER,0,Chennai,LOW,SYNTHETIC
TXN-0003737,CASE-00439,ACC-00466,ACC-01347,3937,2026-01-19T03:54:00.000Z,UPI,0,Chennai,LOW,SYNTHETIC
TXN-0003738,CASE-00439,ACC-00467,ACC-01348,7932,2026-01-19T04:51:00.000Z,NEFT,0,Chennai,LOW,SYNTHETIC
TXN-0003739,CASE-00439,ACC-00468,ACC-01349,18566,2026-01-18T21:48:00.000Z,IMPS,0,Chennai,LOW,SYNTHETIC
TXN-0003740,CASE-00439,ACC-00469,ACC-01350,4518,2026-01-18T16:45:00.000Z,UPI,0,Chennai,LOW,SYNTHETIC
TXN-0003741,CASE-00439,ACC-00470,ACC-01351,12630,2026-01-18T11:42:00.000Z,TRANSFER,0,Chennai,LOW,SYNTHETIC
TXN-0003742,CASE-00439,ACC-00471,ACC-01352,3945,2026-01-18T18:39:00.000Z,UPI,0,Chennai,LOW,SYNTHETIC
TXN-0003743,CASE-00439,ACC-00472,ACC-01353,5466,2026-01-18T14:36:00.000Z,TRANSFER,0,Chennai,LOW,SYNTHETIC
TXN-0003744,CASE-00440,ACC-00481,ACC-01364,4651,2026-01-19T02:00:00.000Z,TRANSFER,0,Bengaluru,LOW,SYNTHETIC
TXN-0003745,CASE-00440,ACC-00482,ACC-01365,10162,2026-01-18T13:57:00.000Z,UPI,0,Bengaluru,LOW,SYNTHETIC
TXN-0003746,CASE-00440,ACC-00483,ACC-01366,6655,2026-01-19T00:54:00.000Z,IMPS,0,Bengaluru,LOW,SYNTHETIC
TXN-0003747,CASE-00440,ACC-00484,ACC-01367,9669,2026-01-18T17:51:00.000Z,UPI,0,Bengaluru,LOW,SYNTHETIC
TXN-0003748,CASE-00440,ACC-00485,ACC-01368,17789,2026-01-18T16:48:00.000Z,UPI,0,Bengaluru,LOW,SYNTHETIC
TXN-0003749,CASE-00440,ACC-00486,ACC-01369,14255,2026-01-18T22:45:00.000Z,TRANSFER,0,Bengaluru,LOW,SYNTHETIC
TXN-0003750,CASE-00440,ACC-00487,ACC-01370,14551,2026-01-19T03:42:00.000Z,IMPS,0,Bengaluru,LOW,SYNTHETIC
TXN-0003751,CASE-00440,ACC-00488,ACC-01371,6449,2026-01-18T22:39:00.000Z,UPI,0,Bengaluru,LOW,SYNTHETIC
TXN-0003752,CASE-00440,ACC-00881,ACC-00128,69500,2026-01-19T09:59:00.000Z,NEFT,1,Bengaluru,MEDIUM,SYNTHETIC
TXN-0003753,CASE-00441,ACC-00498,ACC-01383,17251,2026-01-18T13:00:00.000Z,IMPS,0,Hyderabad,LOW,SYNTHETIC
TXN-0003754,CASE-00441,ACC-00499,ACC-01384,3033,2026-01-18T21:57:00.000Z,UPI,0,Hyderabad,LOW,SYNTHETIC
TXN-0003755,CASE-00441,ACC-00500,ACC-01385,3953,2026-01-19T02:54:00.000Z,NEFT,0,Hyderabad,LOW,SYNTHETIC
TXN-0003756,CASE-00441,ACC-00501,ACC-01386,19935,2026-01-18T17:51:00.000Z,UPI,0,Hyderabad,LOW,SYNTHETIC
TXN-0003757,CASE-00441,ACC-00502,ACC-01387,11165,2026-01-19T05:48:00.000Z,IMPS,0,Hyderabad,LOW,SYNTHETIC
TXN-0003758,CASE-00441,ACC-00503,ACC-01388,4892,2026-01-18T20:45:00.000Z,IMPS,0,Hyderabad,LOW,SYNTHETIC
TXN-0003759,CASE-00441,ACC-00504,ACC-01389,6890,2026-01-18T13:42:00.000Z,UPI,0,Hyderabad,LOW,SYNTHETIC
TXN-0003760,CASE-00441,ACC-00505,ACC-01390,14117,2026-01-18T20:39:00.000Z,IMPS,0,Hyderabad,LOW,SYNTHETIC
TXN-0003761,CASE-00441,ACC-00506,ACC-01391,16152,2026-01-18T22:36:00.000Z,NEFT,0,Hyderabad,LOW,SYNTHETIC
TXN-0003762,CASE-00442,ACC-00515,ACC-00002,8086,2026-01-18T16:00:00.000Z,TRANSFER,0,Coimbatore,LOW,SYNTHETIC
TXN-0003763,CASE-00442,ACC-00516,ACC-00003,14094,2026-01-18T15:57:00.000Z,UPI,0,Coimbatore,LOW,SYNTHETIC
TXN-0003764,CASE-00442,ACC-00517,ACC-00004,13594,2026-01-19T05:54:00.000Z,UPI,0,Coimbatore,LOW,SYNTHETIC
TXN-0003765,CASE-00442,ACC-00518,ACC-00005,21885,2026-01-19T00:51:00.000Z,NEFT,0,Coimbatore,LOW,SYNTHETIC
TXN-0003766,CASE-00442,ACC-00519,ACC-00006,17362,2026-01-19T06:48:00.000Z,NEFT,0,Coimbatore,LOW,SYNTHETIC
TXN-0003767,CASE-00442,ACC-00520,ACC-00007,6361,2026-01-18T19:45:00.000Z,IMPS,0,Coimbatore,LOW,SYNTHETIC
TXN-0003768,CASE-00442,ACC-00521,ACC-00008,8939,2026-01-19T08:42:00.000Z,IMPS,0,Coimbatore,LOW,SYNTHETIC
TXN-0003769,CASE-00442,ACC-00522,ACC-00009,19102,2026-01-19T00:39:00.000Z,UPI,0,Coimbatore,LOW,SYNTHETIC
TXN-0003770,CASE-00442,ACC-00523,ACC-00010,19418,2026-01-18T15:36:00.000Z,NEFT,0,Coimbatore,LOW,SYNTHETIC
TXN-0003771,CASE-00442,ACC-00885,ACC-00154,25692,2026-01-19T10:59:00.000Z,IMPS,1,Coimbatore,MEDIUM,SYNTHETIC
TXN-0003772,CASE-00442,ACC-00154,ACC-00155,23372,2026-01-19T11:23:00.000Z,TRANSFER,1,Coimbatore,MEDIUM,SYNTHETIC
TXN-0003773,CASE-00442,ACC-00155,ACC-00156,19911,2026-01-19T14:03:00.000Z,IMPS,1,Coimbatore,MEDIUM,SYNTHETIC
TXN-0003774,CASE-00443,ACC-00532,ACC-00021,6076,2026-01-18T15:00:00.000Z,NEFT,0,Pune,LOW,SYNTHETIC
TXN-0003775,CASE-00443,ACC-00533,ACC-00022,8792,2026-01-18T22:57:00.000Z,UPI,0,Pune,LOW,SYNTHETIC
TXN-0003776,CASE-00443,ACC-00534,ACC-00023,13389,2026-01-19T02:54:00.000Z,NEFT,0,Pune,LOW,SYNTHETIC
TXN-0003777,CASE-00443,ACC-00535,ACC-00024,13974,2026-01-18T14:51:00.000Z,IMPS,0,Pune,LOW,SYNTHETIC
TXN-0003778,CASE-00443,ACC-00536,ACC-00025,15603,2026-01-18T18:48:00.000Z,UPI,0,Pune,LOW,SYNTHETIC
TXN-0003779,CASE-00443,ACC-00537,ACC-00026,8121,2026-01-19T09:45:00.000Z,TRANSFER,0,Pune,LOW,SYNTHETIC
TXN-0003780,CASE-00443,ACC-00538,ACC-00027,10116,2026-01-19T03:42:00.000Z,IMPS,0,Pune,LOW,SYNTHETIC
TXN-0003781,CASE-00443,ACC-00539,ACC-00028,21302,2026-01-18T19:39:00.000Z,UPI,0,Pune,LOW,SYNTHETIC
TXN-0003782,CASE-00443,ACC-00540,ACC-00029,17077,2026-01-18T19:36:00.000Z,IMPS,0,Pune,LOW,SYNTHETIC
TXN-0003783,CASE-00443,ACC-00541,ACC-00030,9197,2026-01-18T23:33:00.000Z,IMPS,0,Pune,LOW,SYNTHETIC
TXN-0003784,CASE-00443,ACC-00887,ACC-00167,34515,2026-01-19T13:14:00.000Z,UPI,1,Pune,MEDIUM,SYNTHETIC
TXN-0003785,CASE-00444,ACC-00549,ACC-00040,15938,2026-01-19T06:00:00.000Z,TRANSFER,0,Vijayawada,LOW,SYNTHETIC
TXN-0003786,CASE-00444,ACC-00550,ACC-00041,20840,2026-01-19T05:57:00.000Z,NEFT,0,Vijayawada,LOW,SYNTHETIC
TXN-0003787,CASE-00444,ACC-00551,ACC-00042,20831,2026-01-18T19:54:00.000Z,IMPS,0,Vijayawada,LOW,SYNTHETIC
TXN-0003788,CASE-00444,ACC-00552,ACC-00043,17447,2026-01-19T01:51:00.000Z,NEFT,0,Vijayawada,LOW,SYNTHETIC
TXN-0003789,CASE-00444,ACC-00553,ACC-00044,13567,2026-01-19T09:48:00.000Z,UPI,0,Vijayawada,LOW,SYNTHETIC
TXN-0003790,CASE-00444,ACC-00554,ACC-00045,17153,2026-01-19T08:45:00.000Z,TRANSFER,0,Vijayawada,LOW,SYNTHETIC
TXN-0003791,CASE-00444,ACC-00555,ACC-00046,13767,2026-01-19T05:42:00.000Z,NEFT,0,Vijayawada,LOW,SYNTHETIC
TXN-0003792,CASE-00444,ACC-00556,ACC-00047,20620,2026-01-18T20:39:00.000Z,IMPS,0,Vijayawada,LOW,SYNTHETIC
TXN-0003793,CASE-00444,ACC-00557,ACC-00048,13675,2026-01-19T00:36:00.000Z,IMPS,0,Vijayawada,LOW,SYNTHETIC
TXN-0003794,CASE-00444,ACC-00889,ACC-00180,25207,2026-01-19T22:00:00.000Z,IMPS,1,Vijayawada,MEDIUM,SYNTHETIC
TXN-0003795,CASE-00445,ACC-00566,ACC-00059,9783,2026-01-19T00:00:00.000Z,IMPS,0,Chennai,LOW,SYNTHETIC
TXN-0003796,CASE-00445,ACC-00567,ACC-00060,3035,2026-01-18T22:57:00.000Z,IMPS,0,Chennai,LOW,SYNTHETIC
TXN-0003797,CASE-00445,ACC-00568,ACC-00061,17774,2026-01-19T06:54:00.000Z,TRANSFER,0,Chennai,LOW,SYNTHETIC
TXN-0003798,CASE-00445,ACC-00569,ACC-00062,8615,2026-01-19T05:51:00.000Z,IMPS,0,Chennai,LOW,SYNTHETIC
TXN-0003799,CASE-00445,ACC-00570,ACC-00063,16949,2026-01-19T10:48:00.000Z,IMPS,0,Chennai,LOW,SYNTHETIC
TXN-0003800,CASE-00445,ACC-00571,ACC-00064,2710,2026-01-19T10:45:00.000Z,IMPS,0,Chennai,LOW,SYNTHETIC
TXN-0003801,CASE-00445,ACC-00572,ACC-00065,17797,2026-01-18T16:42:00.000Z,IMPS,0,Chennai,LOW,SYNTHETIC
TXN-0003802,CASE-00445,ACC-00573,ACC-00066,14429,2026-01-18T16:39:00.000Z,IMPS,0,Chennai,LOW,SYNTHETIC
TXN-0003803,CASE-00445,ACC-00574,ACC-00067,11177,2026-01-19T01:36:00.000Z,IMPS,0,Chennai,LOW,SYNTHETIC
TXN-0003804,CASE-00445,ACC-00575,ACC-00068,9863,2026-01-18T18:33:00.000Z,NEFT,0,Chennai,LOW,SYNTHETIC
TXN-0003805,CASE-00445,ACC-00891,ACC-00193,93033,2026-01-19T15:10:00.000Z,IMPS,1,Chennai,HIGH,SYNTHETIC
TXN-0003806,CASE-00446,ACC-00583,ACC-00078,15160,2026-01-19T08:00:00.000Z,UPI,0,Bengaluru,LOW,SYNTHETIC
TXN-0003807,CASE-00446,ACC-00584,ACC-00079,18506,2026-01-18T21:57:00.000Z,IMPS,0,Bengaluru,LOW,SYNTHETIC
TXN-0003808,CASE-00446,ACC-00585,ACC-00080,21657,2026-01-19T04:54:00.000Z,IMPS,0,Bengaluru,LOW,SYNTHETIC
TXN-0003809,CASE-00446,ACC-00586,ACC-00081,12028,2026-01-19T09:51:00.000Z,TRANSFER,0,Bengaluru,LOW,SYNTHETIC
TXN-0003810,CASE-00446,ACC-00587,ACC-00082,1035,2026-01-18T17:48:00.000Z,TRANSFER,0,Bengaluru,LOW,SYNTHETIC
TXN-0003811,CASE-00446,ACC-00588,ACC-00083,21032,2026-01-18T21:45:00.000Z,TRANSFER,0,Bengaluru,LOW,SYNTHETIC
TXN-0003812,CASE-00446,ACC-00589,ACC-00084,17006,2026-01-18T18:42:00.000Z,UPI,0,Bengaluru,LOW,SYNTHETIC
TXN-0003813,CASE-00446,ACC-00893,ACC-00206,99089,2026-01-19T14:03:00.000Z,UPI,1,Bengaluru,HIGH,SYNTHETIC
TXN-0003814,CASE-00447,ACC-00600,ACC-00097,3203,2026-01-19T06:00:00.000Z,NEFT,0,Hyderabad,LOW,SYNTHETIC
TXN-0003815,CASE-00447,ACC-00601,ACC-00098,9537,2026-01-19T10:57:00.000Z,TRANSFER,0,Hyderabad,LOW,SYNTHETIC
TXN-0003816,CASE-00447,ACC-00602,ACC-00099,19725,2026-01-19T12:54:00.000Z,IMPS,0,Hyderabad,LOW,SYNTHETIC
TXN-0003817,CASE-00447,ACC-00603,ACC-00100,9876,2026-01-19T00:51:00.000Z,TRANSFER,0,Hyderabad,LOW,SYNTHETIC
TXN-0003818,CASE-00447,ACC-00604,ACC-00101,19217,2026-01-19T09:48:00.000Z,IMPS,0,Hyderabad,LOW,SYNTHETIC
TXN-0003819,CASE-00447,ACC-00605,ACC-00102,12164,2026-01-18T18:45:00.000Z,UPI,0,Hyderabad,LOW,SYNTHETIC
TXN-0003820,CASE-00447,ACC-00606,ACC-00103,3859,2026-01-18T23:42:00.000Z,IMPS,0,Hyderabad,LOW,SYNTHETIC
TXN-0003821,CASE-00447,ACC-00607,ACC-00104,4094,2026-01-18T19:39:00.000Z,TRANSFER,0,Hyderabad,LOW,SYNTHETIC
TXN-0003822,CASE-00448,ACC-00617,ACC-00116,5938,2026-01-18T20:00:00.000Z,TRANSFER,0,Coimbatore,LOW,SYNTHETIC
TXN-0003823,CASE-00448,ACC-00618,ACC-00117,1113,2026-01-19T14:57:00.000Z,UPI,0,Coimbatore,LOW,SYNTHETIC
TXN-0003824,CASE-00448,ACC-00619,ACC-00118,15041,2026-01-18T21:54:00.000Z,UPI,0,Coimbatore,LOW,SYNTHETIC
TXN-0003825,CASE-00448,ACC-00620,ACC-00119,13275,2026-01-19T07:51:00.000Z,NEFT,0,Coimbatore,LOW,SYNTHETIC
TXN-0003826,CASE-00448,ACC-00621,ACC-00120,2165,2026-01-19T01:48:00.000Z,TRANSFER,0,Coimbatore,LOW,SYNTHETIC
TXN-0003827,CASE-00448,ACC-00622,ACC-00121,18249,2026-01-19T06:45:00.000Z,IMPS,0,Coimbatore,LOW,SYNTHETIC
TXN-0003828,CASE-00448,ACC-00623,ACC-00122,11428,2026-01-19T13:42:00.000Z,NEFT,0,Coimbatore,LOW,SYNTHETIC
TXN-0003829,CASE-00448,ACC-00624,ACC-00123,11497,2026-01-19T12:39:00.000Z,TRANSFER,0,Coimbatore,LOW,SYNTHETIC
TXN-0003830,CASE-00448,ACC-00897,ACC-00232,100260,2026-01-19T18:46:00.000Z,IMPS,1,Coimbatore,HIGH,SYNTHETIC
TXN-0003831,CASE-00449,ACC-00634,ACC-00135,21733,2026-01-19T04:00:00.000Z,TRANSFER,0,Pune,LOW,SYNTHETIC
TXN-0003832,CASE-00449,ACC-00635,ACC-00136,15053,2026-01-19T12:57:00.000Z,IMPS,0,Pune,LOW,SYNTHETIC
TXN-0003833,CASE-00449,ACC-00636,ACC-00137,18338,2026-01-19T05:54:00.000Z,UPI,0,Pune,LOW,SYNTHETIC
TXN-0003834,CASE-00449,ACC-00637,ACC-00138,16531,2026-01-18T23:51:00.000Z,NEFT,0,Pune,LOW,SYNTHETIC
TXN-0003835,CASE-00449,ACC-00638,ACC-00139,19223,2026-01-19T14:48:00.000Z,NEFT,0,Pune,LOW,SYNTHETIC
TXN-0003836,CASE-00449,ACC-00639,ACC-00140,1485,2026-01-19T14:45:00.000Z,IMPS,0,Pune,LOW,SYNTHETIC
TXN-0003837,CASE-00449,ACC-00640,ACC-00141,16026,2026-01-19T08:42:00.000Z,NEFT,0,Pune,LOW,SYNTHETIC
TXN-0003838,CASE-00449,ACC-00641,ACC-00142,15293,2026-01-19T08:39:00.000Z,NEFT,0,Pune,LOW,SYNTHETIC
TXN-0003839,CASE-00449,ACC-00642,ACC-00143,6723,2026-01-19T09:36:00.000Z,NEFT,0,Pune,LOW,SYNTHETIC
TXN-0003840,CASE-00449,ACC-00899,ACC-00245,40869,2026-01-20T15:00:00.000Z,NEFT,1,Pune,MEDIUM,SYNTHETIC
TXN-0003841,CASE-00450,ACC-00651,ACC-00154,19754,2026-01-19T05:00:00.000Z,NEFT,0,Vijayawada,LOW,SYNTHETIC
TXN-0003842,CASE-00450,ACC-00652,ACC-00155,10902,2026-01-19T12:57:00.000Z,TRANSFER,0,Vijayawada,LOW,SYNTHETIC
TXN-0003843,CASE-00450,ACC-00653,ACC-00156,13405,2026-01-19T15:54:00.000Z,UPI,0,Vijayawada,LOW,SYNTHETIC
TXN-0003844,CASE-00450,ACC-00654,ACC-00157,21322,2026-01-19T10:51:00.000Z,NEFT,0,Vijayawada,LOW,SYNTHETIC
TXN-0003845,CASE-00450,ACC-00655,ACC-00158,9128,2026-01-19T09:48:00.000Z,TRANSFER,0,Vijayawada,LOW,SYNTHETIC
TXN-0003846,CASE-00450,ACC-00656,ACC-00159,4931,2026-01-19T11:45:00.000Z,TRANSFER,0,Vijayawada,LOW,SYNTHETIC
TXN-0003847,CASE-00450,ACC-00657,ACC-00160,15600,2026-01-19T13:42:00.000Z,NEFT,0,Vijayawada,LOW,SYNTHETIC
TXN-0003848,CASE-00451,ACC-00668,ACC-00173,5909,2026-01-19T03:00:00.000Z,TRANSFER,0,Chennai,LOW,SYNTHETIC
TXN-0003849,CASE-00451,ACC-00669,ACC-00174,19759,2026-01-18T23:57:00.000Z,IMPS,0,Chennai,LOW,SYNTHETIC
TXN-0003850,CASE-00451,ACC-00670,ACC-00175,12677,2026-01-19T08:54:00.000Z,NEFT,0,Chennai,LOW,SYNTHETIC
TXN-0003851,CASE-00451,ACC-00671,ACC-00176,15729,2026-01-19T02:51:00.000Z,TRANSFER,0,Chennai,LOW,SYNTHETIC
TXN-0003852,CASE-00451,ACC-00672,ACC-00177,19624,2026-01-18T22:48:00.000Z,UPI,0,Chennai,LOW,SYNTHETIC
TXN-0003853,CASE-00451,ACC-00673,ACC-00178,3876,2026-01-19T02:45:00.000Z,UPI,0,Chennai,LOW,SYNTHETIC
TXN-0003854,CASE-00451,ACC-00674,ACC-00179,751,2026-01-18T23:42:00.000Z,TRANSFER,0,Chennai,LOW,SYNTHETIC
TXN-0003855,CASE-00451,ACC-00675,ACC-00180,12813,2026-01-19T08:39:00.000Z,UPI,0,Chennai,LOW,SYNTHETIC
TXN-0003856,CASE-00451,ACC-00676,ACC-00181,7476,2026-01-19T14:36:00.000Z,UPI,0,Chennai,LOW,SYNTHETIC
TXN-0003857,CASE-00451,ACC-00903,ACC-00271,26841,2026-01-19T19:18:00.000Z,NEFT,1,Chennai,MEDIUM,SYNTHETIC
TXN-0003858,CASE-00452,ACC-00685,ACC-00192,4551,2026-01-19T06:00:00.000Z,UPI,0,Bengaluru,LOW,SYNTHETIC
TXN-0003859,CASE-00452,ACC-00686,ACC-00193,1512,2026-01-19T05:57:00.000Z,TRANSFER,0,Bengaluru,LOW,SYNTHETIC
TXN-0003860,CASE-00452,ACC-00687,ACC-00194,17390,2026-01-19T04:54:00.000Z,TRANSFER,0,Bengaluru,LOW,SYNTHETIC
TXN-0003861,CASE-00452,ACC-00688,ACC-00195,7948,2026-01-19T10:51:00.000Z,TRANSFER,0,Bengaluru,LOW,SYNTHETIC
TXN-0003862,CASE-00452,ACC-00689,ACC-00196,11607,2026-01-19T10:48:00.000Z,TRANSFER,0,Bengaluru,LOW,SYNTHETIC
TXN-0003863,CASE-00452,ACC-00690,ACC-00197,13994,2026-01-19T18:45:00.000Z,TRANSFER,0,Bengaluru,LOW,SYNTHETIC
TXN-0003864,CASE-00452,ACC-00691,ACC-00198,20858,2026-01-19T12:42:00.000Z,UPI,0,Bengaluru,LOW,SYNTHETIC
TXN-0003865,CASE-00452,ACC-00692,ACC-00199,16147,2026-01-18T23:39:00.000Z,IMPS,0,Bengaluru,LOW,SYNTHETIC
TXN-0003866,CASE-00452,ACC-00693,ACC-00200,20594,2026-01-19T04:36:00.000Z,NEFT,0,Bengaluru,LOW,SYNTHETIC
TXN-0003867,CASE-00452,ACC-00905,ACC-00284,24703,2026-01-19T22:56:00.000Z,NEFT,1,Bengaluru,MEDIUM,SYNTHETIC
TXN-0003868,CASE-00452,ACC-00284,ACC-00285,22674,2026-01-20T00:04:00.000Z,TRANSFER,1,Bengaluru,MEDIUM,SYNTHETIC
TXN-0003869,CASE-00452,ACC-00285,ACC-00286,19842,2026-01-20T01:37:00.000Z,TRANSFER,1,Bengaluru,MEDIUM,SYNTHETIC
TXN-0003870,CASE-00453,ACC-00702,ACC-00211,7775,2026-01-19T09:00:00.000Z,TRANSFER,0,Hyderabad,LOW,SYNTHETIC
TXN-0003871,CASE-00453,ACC-00703,ACC-00212,7052,2026-01-19T10:57:00.000Z,TRANSFER,0,Hyderabad,LOW,SYNTHETIC
TXN-0003872,CASE-00453,ACC-00704,ACC-00213,18227,2026-01-19T09:54:00.000Z,IMPS,0,Hyderabad,LOW,SYNTHETIC
TXN-0003873,CASE-00453,ACC-00705,ACC-00214,12257,2026-01-19T02:51:00.000Z,UPI,0,Hyderabad,LOW,SYNTHETIC
TXN-0003874,CASE-00453,ACC-00706,ACC-00215,13550,2026-01-19T14:48:00.000Z,TRANSFER,0,Hyderabad,LOW,SYNTHETIC
TXN-0003875,CASE-00453,ACC-00707,ACC-00216,16060,2026-01-19T01:45:00.000Z,NEFT,0,Hyderabad,LOW,SYNTHETIC
TXN-0003876,CASE-00453,ACC-00708,ACC-00217,15981,2026-01-19T04:42:00.000Z,TRANSFER,0,Hyderabad,LOW,SYNTHETIC
TXN-0003877,CASE-00453,ACC-00709,ACC-00218,13053,2026-01-19T18:39:00.000Z,TRANSFER,0,Hyderabad,LOW,SYNTHETIC
TXN-0003878,CASE-00453,ACC-00710,ACC-00219,4457,2026-01-19T12:36:00.000Z,TRANSFER,0,Hyderabad,LOW,SYNTHETIC
TXN-0003879,CASE-00454,ACC-00719,ACC-00230,10059,2026-01-19T08:00:00.000Z,UPI,0,Coimbatore,LOW,SYNTHETIC
TXN-0003880,CASE-00454,ACC-00720,ACC-00231,13139,2026-01-19T19:57:00.000Z,IMPS,0,Coimbatore,LOW,SYNTHETIC
TXN-0003881,CASE-00454,ACC-00721,ACC-00232,18860,2026-01-19T10:54:00.000Z,NEFT,0,Coimbatore,LOW,SYNTHETIC
TXN-0003882,CASE-00454,ACC-00722,ACC-00233,16571,2026-01-19T19:51:00.000Z,UPI,0,Coimbatore,LOW,SYNTHETIC
TXN-0003883,CASE-00454,ACC-00723,ACC-00234,16030,2026-01-19T15:48:00.000Z,NEFT,0,Coimbatore,LOW,SYNTHETIC
TXN-0003884,CASE-00454,ACC-00724,ACC-00235,14999,2026-01-19T06:45:00.000Z,TRANSFER,0,Coimbatore,LOW,SYNTHETIC
TXN-0003885,CASE-00454,ACC-00725,ACC-00236,6285,2026-01-19T17:42:00.000Z,NEFT,0,Coimbatore,LOW,SYNTHETIC
TXN-0003886,CASE-00454,ACC-00726,ACC-00237,14198,2026-01-19T18:39:00.000Z,UPI,0,Coimbatore,LOW,SYNTHETIC
TXN-0003887,CASE-00455,ACC-00736,ACC-00249,20817,2026-01-19T13:00:00.000Z,NEFT,0,Pune,LOW,SYNTHETIC
TXN-0003888,CASE-00455,ACC-00737,ACC-00250,10535,2026-01-19T06:57:00.000Z,TRANSFER,0,Pune,LOW,SYNTHETIC
TXN-0003889,CASE-00455,ACC-00738,ACC-00251,2461,2026-01-19T21:54:00.000Z,NEFT,0,Pune,LOW,SYNTHETIC
TXN-0003890,CASE-00455,ACC-00739,ACC-00252,6625,2026-01-19T05:51:00.000Z,TRANSFER,0,Pune,LOW,SYNTHETIC
TXN-0003891,CASE-00455,ACC-00740,ACC-00253,18693,2026-01-19T12:48:00.000Z,NEFT,0,Pune,LOW,SYNTHETIC
TXN-0003892,CASE-00455,ACC-00741,ACC-00254,15989,2026-01-19T17:45:00.000Z,UPI,0,Pune,LOW,SYNTHETIC
TXN-0003893,CASE-00455,ACC-00742,ACC-00255,6703,2026-01-19T20:42:00.000Z,NEFT,0,Pune,LOW,SYNTHETIC
TXN-0003894,CASE-00455,ACC-00743,ACC-00256,12666,2026-01-19T19:39:00.000Z,TRANSFER,0,Pune,LOW,SYNTHETIC
TXN-0003895,CASE-00455,ACC-00744,ACC-00257,18258,2026-01-19T15:36:00.000Z,NEFT,0,Pune,LOW,SYNTHETIC
TXN-0003896,CASE-00455,ACC-00745,ACC-00258,18047,2026-01-19T04:33:00.000Z,TRANSFER,0,Pune,LOW,SYNTHETIC
TXN-0003897,CASE-00456,ACC-00753,ACC-00268,5545,2026-01-19T07:00:00.000Z,UPI,0,Vijayawada,LOW,SYNTHETIC
TXN-0003898,CASE-00456,ACC-00754,ACC-00269,20650,2026-01-19T13:57:00.000Z,NEFT,0,Vijayawada,LOW,SYNTHETIC
TXN-0003899,CASE-00456,ACC-00755,ACC-00270,20852,2026-01-19T07:54:00.000Z,UPI,0,Vijayawada,LOW,SYNTHETIC
TXN-0003900,CASE-00456,ACC-00756,ACC-00271,14711,2026-01-19T06:51:00.000Z,TRANSFER,0,Vijayawada,LOW,SYNTHETIC
TXN-0003901,CASE-00456,ACC-00757,ACC-00272,1369,2026-01-19T09:48:00.000Z,TRANSFER,0,Vijayawada,LOW,SYNTHETIC
TXN-0003902,CASE-00456,ACC-00758,ACC-00273,1436,2026-01-19T04:45:00.000Z,NEFT,0,Vijayawada,LOW,SYNTHETIC
TXN-0003903,CASE-00456,ACC-00759,ACC-00274,15338,2026-01-19T12:42:00.000Z,TRANSFER,0,Vijayawada,LOW,SYNTHETIC
TXN-0003904,CASE-00456,ACC-00760,ACC-00275,14227,2026-01-19T08:39:00.000Z,UPI,0,Vijayawada,LOW,SYNTHETIC
TXN-0003905,CASE-00457,ACC-00770,ACC-00287,5031,2026-01-19T09:00:00.000Z,UPI,0,Chennai,LOW,SYNTHETIC
TXN-0003906,CASE-00457,ACC-00771,ACC-00288,2764,2026-01-19T07:57:00.000Z,IMPS,0,Chennai,LOW,SYNTHETIC
TXN-0003907,CASE-00457,ACC-00772,ACC-00289,18773,2026-01-19T21:54:00.000Z,IMPS,0,Chennai,LOW,SYNTHETIC
TXN-0003908,CASE-00457,ACC-00773,ACC-00290,3322,2026-01-19T07:51:00.000Z,IMPS,0,Chennai,LOW,SYNTHETIC
TXN-0003909,CASE-00457,ACC-00774,ACC-00291,10681,2026-01-19T06:48:00.000Z,IMPS,0,Chennai,LOW,SYNTHETIC
TXN-0003910,CASE-00457,ACC-00775,ACC-00292,20158,2026-01-19T07:45:00.000Z,NEFT,0,Chennai,LOW,SYNTHETIC
TXN-0003911,CASE-00457,ACC-00776,ACC-00293,12254,2026-01-19T19:42:00.000Z,IMPS,0,Chennai,LOW,SYNTHETIC
TXN-0003912,CASE-00458,ACC-00787,ACC-00306,7332,2026-01-19T10:00:00.000Z,IMPS,0,Bengaluru,LOW,SYNTHETIC
TXN-0003913,CASE-00458,ACC-00788,ACC-00307,1469,2026-01-19T17:57:00.000Z,NEFT,0,Bengaluru,LOW,SYNTHETIC
TXN-0003914,CASE-00458,ACC-00789,ACC-00308,2684,2026-01-19T07:54:00.000Z,IMPS,0,Bengaluru,LOW,SYNTHETIC
TXN-0003915,CASE-00458,ACC-00790,ACC-00309,2654,2026-01-19T07:51:00.000Z,IMPS,0,Bengaluru,LOW,SYNTHETIC
TXN-0003916,CASE-00458,ACC-00791,ACC-00310,7815,2026-01-19T14:48:00.000Z,NEFT,0,Bengaluru,LOW,SYNTHETIC
TXN-0003917,CASE-00458,ACC-00792,ACC-00311,11679,2026-01-19T18:45:00.000Z,UPI,0,Bengaluru,LOW,SYNTHETIC
TXN-0003918,CASE-00458,ACC-00793,ACC-00312,11478,2026-01-19T11:42:00.000Z,NEFT,0,Bengaluru,LOW,SYNTHETIC
TXN-0003919,CASE-00458,ACC-00794,ACC-00313,1724,2026-01-19T21:39:00.000Z,TRANSFER,0,Bengaluru,LOW,SYNTHETIC
TXN-0003920,CASE-00458,ACC-00795,ACC-00314,3323,2026-01-19T08:36:00.000Z,TRANSFER,0,Bengaluru,LOW,SYNTHETIC
TXN-0003921,CASE-00459,ACC-00804,ACC-00325,7304,2026-01-19T18:00:00.000Z,NEFT,0,Hyderabad,LOW,SYNTHETIC
TXN-0003922,CASE-00459,ACC-00805,ACC-00326,11967,2026-01-19T12:57:00.000Z,TRANSFER,0,Hyderabad,LOW,SYNTHETIC
TXN-0003923,CASE-00459,ACC-00806,ACC-00327,4948,2026-01-20T01:54:00.000Z,NEFT,0,Hyderabad,LOW,SYNTHETIC
TXN-0003924,CASE-00459,ACC-00807,ACC-00328,12350,2026-01-19T10:51:00.000Z,UPI,0,Hyderabad,LOW,SYNTHETIC
TXN-0003925,CASE-00459,ACC-00808,ACC-00329,3755,2026-01-19T12:48:00.000Z,NEFT,0,Hyderabad,LOW,SYNTHETIC
TXN-0003926,CASE-00459,ACC-00809,ACC-00330,10699,2026-01-19T11:45:00.000Z,UPI,0,Hyderabad,LOW,SYNTHETIC
TXN-0003927,CASE-00459,ACC-00919,ACC-00375,22146,2026-01-20T16:00:00.000Z,UPI,1,Hyderabad,MEDIUM,SYNTHETIC
TXN-0003928,CASE-00460,ACC-00821,ACC-00344,4371,2026-01-19T19:00:00.000Z,NEFT,0,Coimbatore,LOW,SYNTHETIC
TXN-0003929,CASE-00460,ACC-00822,ACC-00345,8143,2026-01-19T12:57:00.000Z,UPI,0,Coimbatore,LOW,SYNTHETIC
TXN-0003930,CASE-00460,ACC-00823,ACC-00346,14163,2026-01-19T17:54:00.000Z,NEFT,0,Coimbatore,LOW,SYNTHETIC
TXN-0003931,CASE-00460,ACC-00824,ACC-00347,10539,2026-01-19T20:51:00.000Z,TRANSFER,0,Coimbatore,LOW,SYNTHETIC
TXN-0003932,CASE-00460,ACC-00825,ACC-00348,14664,2026-01-19T10:48:00.000Z,UPI,0,Coimbatore,LOW,SYNTHETIC
TXN-0003933,CASE-00460,ACC-00826,ACC-00349,1732,2026-01-19T15:45:00.000Z,NEFT,0,Coimbatore,LOW,SYNTHETIC
TXN-0003934,CASE-00460,ACC-00827,ACC-00350,7056,2026-01-19T18:42:00.000Z,TRANSFER,0,Coimbatore,LOW,SYNTHETIC
TXN-0003935,CASE-00461,ACC-00838,ACC-00363,8340,2026-01-19T09:00:00.000Z,UPI,0,Pune,LOW,SYNTHETIC
TXN-0003936,CASE-00461,ACC-00839,ACC-00364,7056,2026-01-19T14:57:00.000Z,UPI,0,Pune,LOW,SYNTHETIC
TXN-0003937,CASE-00461,ACC-00840,ACC-00365,19683,2026-01-19T13:54:00.000Z,NEFT,0,Pune,LOW,SYNTHETIC
TXN-0003938,CASE-00461,ACC-00841,ACC-00366,16496,2026-01-20T00:51:00.000Z,UPI,0,Pune,LOW,SYNTHETIC
TXN-0003939,CASE-00461,ACC-00842,ACC-00367,5411,2026-01-20T02:48:00.000Z,NEFT,0,Pune,LOW,SYNTHETIC
TXN-0003940,CASE-00461,ACC-00843,ACC-00368,12204,2026-01-19T08:45:00.000Z,NEFT,0,Pune,LOW,SYNTHETIC
TXN-0003941,CASE-00461,ACC-00844,ACC-00369,9619,2026-01-19T16:42:00.000Z,IMPS,0,Pune,LOW,SYNTHETIC
TXN-0003942,CASE-00461,ACC-00923,ACC-00401,40403,2026-01-20T05:17:00.000Z,NEFT,1,Pune,MEDIUM,SYNTHETIC
TXN-0003943,CASE-00462,ACC-00855,ACC-00382,6439,2026-01-20T05:00:00.000Z,NEFT,0,Vijayawada,LOW,SYNTHETIC
TXN-0003944,CASE-00462,ACC-00856,ACC-00383,14209,2026-01-19T18:57:00.000Z,TRANSFER,0,Vijayawada,LOW,SYNTHETIC
TXN-0003945,CASE-00462,ACC-00857,ACC-00384,17753,2026-01-19T18:54:00.000Z,UPI,0,Vijayawada,LOW,SYNTHETIC
TXN-0003946,CASE-00462,ACC-00858,ACC-00385,6361,2026-01-20T02:51:00.000Z,TRANSFER,0,Vijayawada,LOW,SYNTHETIC
TXN-0003947,CASE-00462,ACC-00859,ACC-00386,4183,2026-01-19T15:48:00.000Z,NEFT,0,Vijayawada,LOW,SYNTHETIC
TXN-0003948,CASE-00462,ACC-00860,ACC-00387,4365,2026-01-19T19:45:00.000Z,NEFT,0,Vijayawada,LOW,SYNTHETIC
TXN-0003949,CASE-00462,ACC-00861,ACC-00388,18775,2026-01-19T19:42:00.000Z,TRANSFER,0,Vijayawada,LOW,SYNTHETIC
TXN-0003950,CASE-00463,ACC-00872,ACC-00401,19295,2026-01-19T21:00:00.000Z,UPI,0,Chennai,LOW,SYNTHETIC
TXN-0003951,CASE-00463,ACC-00873,ACC-00402,17070,2026-01-19T16:57:00.000Z,TRANSFER,0,Chennai,LOW,SYNTHETIC
TXN-0003952,CASE-00463,ACC-00874,ACC-00403,5190,2026-01-19T23:54:00.000Z,IMPS,0,Chennai,LOW,SYNTHETIC
TXN-0003953,CASE-00463,ACC-00875,ACC-00404,543,2026-01-19T21:51:00.000Z,UPI,0,Chennai,LOW,SYNTHETIC
TXN-0003954,CASE-00463,ACC-00876,ACC-00405,4859,2026-01-19T16:48:00.000Z,IMPS,0,Chennai,LOW,SYNTHETIC
TXN-0003955,CASE-00463,ACC-00877,ACC-00406,16817,2026-01-19T10:45:00.000Z,TRANSFER,0,Chennai,LOW,SYNTHETIC
TXN-0003956,CASE-00463,ACC-00878,ACC-00407,21193,2026-01-19T15:42:00.000Z,UPI,0,Chennai,LOW,SYNTHETIC
TXN-0003957,CASE-00463,ACC-00879,ACC-00408,3795,2026-01-20T00:39:00.000Z,TRANSFER,0,Chennai,LOW,SYNTHETIC
TXN-0003958,CASE-00463,ACC-00927,ACC-00427,95924,2026-01-20T09:01:00.000Z,UPI,1,Chennai,HIGH,SYNTHETIC
TXN-0003959,CASE-00464,ACC-00889,ACC-00420,2951,2026-01-19T23:00:00.000Z,UPI,0,Bengaluru,LOW,SYNTHETIC
TXN-0003960,CASE-00464,ACC-00890,ACC-00421,9967,2026-01-19T19:57:00.000Z,NEFT,0,Bengaluru,LOW,SYNTHETIC
TXN-0003961,CASE-00464,ACC-00891,ACC-00422,8853,2026-01-20T06:54:00.000Z,NEFT,0,Bengaluru,LOW,SYNTHETIC
TXN-0003962,CASE-00464,ACC-00892,ACC-00423,5433,2026-01-20T05:51:00.000Z,IMPS,0,Bengaluru,LOW,SYNTHETIC
TXN-0003963,CASE-00464,ACC-00893,ACC-00424,5798,2026-01-20T06:48:00.000Z,UPI,0,Bengaluru,LOW,SYNTHETIC
TXN-0003964,CASE-00464,ACC-00894,ACC-00425,1107,2026-01-19T15:45:00.000Z,UPI,0,Bengaluru,LOW,SYNTHETIC
TXN-0003965,CASE-00465,ACC-00906,ACC-00439,1127,2026-01-20T00:00:00.000Z,TRANSFER,0,Hyderabad,LOW,SYNTHETIC
TXN-0003966,CASE-00465,ACC-00907,ACC-00440,13726,2026-01-19T12:57:00.000Z,UPI,0,Hyderabad,LOW,SYNTHETIC
TXN-0003967,CASE-00465,ACC-00908,ACC-00441,2397,2026-01-20T03:54:00.000Z,IMPS,0,Hyderabad,LOW,SYNTHETIC
TXN-0003968,CASE-00465,ACC-00909,ACC-00442,16333,2026-01-20T05:51:00.000Z,TRANSFER,0,Hyderabad,LOW,SYNTHETIC
TXN-0003969,CASE-00465,ACC-00910,ACC-00443,4387,2026-01-20T07:48:00.000Z,NEFT,0,Hyderabad,LOW,SYNTHETIC
TXN-0003970,CASE-00465,ACC-00911,ACC-00444,11918,2026-01-20T07:45:00.000Z,UPI,0,Hyderabad,LOW,SYNTHETIC
TXN-0003971,CASE-00465,ACC-00912,ACC-00445,13457,2026-01-19T18:42:00.000Z,IMPS,0,Hyderabad,LOW,SYNTHETIC
TXN-0003972,CASE-00465,ACC-00913,ACC-00446,6846,2026-01-20T01:39:00.000Z,UPI,0,Hyderabad,LOW,SYNTHETIC
TXN-0003973,CASE-00465,ACC-00931,ACC-00453,26246,2026-01-20T11:40:00.000Z,UPI,1,Hyderabad,MEDIUM,SYNTHETIC
TXN-0003974,CASE-00466,ACC-00923,ACC-00458,11899,2026-01-20T08:00:00.000Z,IMPS,0,Coimbatore,LOW,SYNTHETIC
TXN-0003975,CASE-00466,ACC-00924,ACC-00459,9433,2026-01-19T14:57:00.000Z,TRANSFER,0,Coimbatore,LOW,SYNTHETIC
TXN-0003976,CASE-00466,ACC-00925,ACC-00460,4388,2026-01-19T13:54:00.000Z,TRANSFER,0,Coimbatore,LOW,SYNTHETIC
TXN-0003977,CASE-00466,ACC-00926,ACC-00461,1211,2026-01-19T17:51:00.000Z,IMPS,0,Coimbatore,LOW,SYNTHETIC
TXN-0003978,CASE-00466,ACC-00927,ACC-00462,4792,2026-01-20T03:48:00.000Z,IMPS,0,Coimbatore,LOW,SYNTHETIC
TXN-0003979,CASE-00466,ACC-00928,ACC-00463,10116,2026-01-20T03:45:00.000Z,IMPS,0,Coimbatore,LOW,SYNTHETIC
TXN-0003980,CASE-00466,ACC-00929,ACC-00464,1582,2026-01-19T13:42:00.000Z,TRANSFER,0,Coimbatore,LOW,SYNTHETIC
TXN-0003981,CASE-00466,ACC-00930,ACC-00465,6055,2026-01-19T15:39:00.000Z,TRANSFER,0,Coimbatore,LOW,SYNTHETIC
TXN-0003982,CASE-00466,ACC-00931,ACC-00466,15800,2026-01-20T05:36:00.000Z,NEFT,0,Coimbatore,LOW,SYNTHETIC
TXN-0003983,CASE-00466,ACC-00932,ACC-00467,1350,2026-01-20T00:33:00.000Z,UPI,0,Coimbatore,LOW,SYNTHETIC
TXN-0003984,CASE-00466,ACC-00933,ACC-00466,38899,2026-01-20T10:11:00.000Z,TRANSFER,1,Coimbatore,MEDIUM,SYNTHETIC
TXN-0003985,CASE-00467,ACC-00940,ACC-00477,3039,2026-01-19T16:00:00.000Z,TRANSFER,0,Pune,LOW,SYNTHETIC
TXN-0003986,CASE-00467,ACC-00941,ACC-00478,11078,2026-01-20T03:57:00.000Z,UPI,0,Pune,LOW,SYNTHETIC
TXN-0003987,CASE-00467,ACC-00942,ACC-00479,7864,2026-01-19T20:54:00.000Z,IMPS,0,Pune,LOW,SYNTHETIC
TXN-0003988,CASE-00467,ACC-00943,ACC-00480,11725,2026-01-20T07:51:00.000Z,NEFT,0,Pune,LOW,SYNTHETIC
TXN-0003989,CASE-00467,ACC-00944,ACC-00481,15227,2026-01-20T06:48:00.000Z,IMPS,0,Pune,LOW,SYNTHETIC
TXN-0003990,CASE-00467,ACC-00945,ACC-00482,15597,2026-01-19T14:45:00.000Z,UPI,0,Pune,LOW,SYNTHETIC
TXN-0003991,CASE-00467,ACC-00946,ACC-00483,9621,2026-01-19T20:42:00.000Z,IMPS,0,Pune,LOW,SYNTHETIC
TXN-0003992,CASE-00467,ACC-00947,ACC-00484,17276,2026-01-19T20:39:00.000Z,UPI,0,Pune,LOW,SYNTHETIC
TXN-0003993,CASE-00467,ACC-00935,ACC-00479,73428,2026-01-20T12:27:00.000Z,TRANSFER,1,Pune,HIGH,SYNTHETIC
TXN-0003994,CASE-00467,ACC-00479,ACC-00480,62451,2026-01-20T12:50:00.000Z,IMPS,1,Pune,MEDIUM,SYNTHETIC
TXN-0003995,CASE-00467,ACC-00480,ACC-00481,53498,2026-01-20T15:10:00.000Z,UPI,1,Pune,MEDIUM,SYNTHETIC
TXN-0003996,CASE-00468,ACC-00957,ACC-00496,11171,2026-01-20T03:00:00.000Z,UPI,0,Vijayawada,LOW,SYNTHETIC
TXN-0003997,CASE-00468,ACC-00958,ACC-00497,10540,2026-01-19T21:57:00.000Z,IMPS,0,Vijayawada,LOW,SYNTHETIC
TXN-0003998,CASE-00468,ACC-00959,ACC-00498,21454,2026-01-19T18:54:00.000Z,NEFT,0,Vijayawada,LOW,SYNTHETIC
TXN-0003999,CASE-00468,ACC-00960,ACC-00499,5897,2026-01-20T05:51:00.000Z,IMPS,0,Vijayawada,LOW,SYNTHETIC
TXN-0004000,CASE-00468,ACC-00961,ACC-00500,11018,2026-01-19T22:48:00.000Z,IMPS,0,Vijayawada,LOW,SYNTHETIC
TXN-0004001,CASE-00468,ACC-00962,ACC-00501,6715,2026-01-20T00:45:00.000Z,IMPS,0,Vijayawada,LOW,SYNTHETIC
TXN-0004002,CASE-00468,ACC-00963,ACC-00502,14783,2026-01-19T16:42:00.000Z,IMPS,0,Vijayawada,LOW,SYNTHETIC
TXN-0004003,CASE-00468,ACC-00937,ACC-00492,28226,2026-01-20T14:55:00.000Z,TRANSFER,1,Vijayawada,MEDIUM,SYNTHETIC
TXN-0004004,CASE-00469,ACC-00974,ACC-00515,17225,2026-01-19T23:00:00.000Z,NEFT,0,Chennai,LOW,SYNTHETIC
TXN-0004005,CASE-00469,ACC-00975,ACC-00516,21434,2026-01-19T21:57:00.000Z,UPI,0,Chennai,LOW,SYNTHETIC
TXN-0004006,CASE-00469,ACC-00976,ACC-00517,7182,2026-01-19T19:54:00.000Z,NEFT,0,Chennai,LOW,SYNTHETIC
TXN-0004007,CASE-00469,ACC-00977,ACC-00518,13852,2026-01-19T23:51:00.000Z,UPI,0,Chennai,LOW,SYNTHETIC
TXN-0004008,CASE-00469,ACC-00978,ACC-00519,18258,2026-01-20T05:48:00.000Z,NEFT,0,Chennai,LOW,SYNTHETIC
TXN-0004009,CASE-00469,ACC-00979,ACC-00520,12638,2026-01-20T00:45:00.000Z,TRANSFER,0,Chennai,LOW,SYNTHETIC
TXN-0004010,CASE-00469,ACC-00980,ACC-00521,12025,2026-01-19T22:42:00.000Z,UPI,0,Chennai,LOW,SYNTHETIC
TXN-0004011,CASE-00469,ACC-00981,ACC-00522,15308,2026-01-19T22:39:00.000Z,TRANSFER,0,Chennai,LOW,SYNTHETIC
TXN-0004012,CASE-00470,ACC-00991,ACC-00534,21333,2026-01-20T06:00:00.000Z,TRANSFER,0,Bengaluru,LOW,SYNTHETIC
TXN-0004013,CASE-00470,ACC-00992,ACC-00535,16646,2026-01-19T19:57:00.000Z,IMPS,0,Bengaluru,LOW,SYNTHETIC
TXN-0004014,CASE-00470,ACC-00993,ACC-00536,21512,2026-01-20T04:54:00.000Z,UPI,0,Bengaluru,LOW,SYNTHETIC
TXN-0004015,CASE-00470,ACC-00994,ACC-00537,18314,2026-01-20T03:51:00.000Z,IMPS,0,Bengaluru,LOW,SYNTHETIC
TXN-0004016,CASE-00470,ACC-00995,ACC-00538,3524,2026-01-20T08:48:00.000Z,TRANSFER,0,Bengaluru,LOW,SYNTHETIC
TXN-0004017,CASE-00470,ACC-00996,ACC-00539,6607,2026-01-20T06:45:00.000Z,TRANSFER,0,Bengaluru,LOW,SYNTHETIC
TXN-0004018,CASE-00470,ACC-00997,ACC-00540,14069,2026-01-20T05:42:00.000Z,IMPS,0,Bengaluru,LOW,SYNTHETIC
TXN-0004019,CASE-00471,ACC-01008,ACC-00553,18473,2026-01-20T03:00:00.000Z,UPI,0,Hyderabad,LOW,SYNTHETIC
TXN-0004020,CASE-00471,ACC-01009,ACC-00554,14526,2026-01-19T18:57:00.000Z,TRANSFER,0,Hyderabad,LOW,SYNTHETIC
TXN-0004021,CASE-00471,ACC-01010,ACC-00555,8879,2026-01-20T09:54:00.000Z,TRANSFER,0,Hyderabad,LOW,SYNTHETIC
TXN-0004022,CASE-00471,ACC-01011,ACC-00556,8717,2026-01-20T02:51:00.000Z,UPI,0,Hyderabad,LOW,SYNTHETIC
TXN-0004023,CASE-00471,ACC-01012,ACC-00557,11132,2026-01-19T22:48:00.000Z,IMPS,0,Hyderabad,LOW,SYNTHETIC
TXN-0004024,CASE-00471,ACC-01013,ACC-00558,1401,2026-01-19T21:45:00.000Z,UPI,0,Hyderabad,LOW,SYNTHETIC
TXN-0004025,CASE-00471,ACC-01014,ACC-00559,3764,2026-01-20T02:42:00.000Z,IMPS,0,Hyderabad,LOW,SYNTHETIC
TXN-0004026,CASE-00471,ACC-00943,ACC-00531,76293,2026-01-20T15:02:00.000Z,TRANSFER,1,Hyderabad,HIGH,SYNTHETIC
TXN-0004027,CASE-00472,ACC-01025,ACC-00572,13960,2026-01-20T00:00:00.000Z,NEFT,0,Coimbatore,LOW,SYNTHETIC
TXN-0004028,CASE-00472,ACC-01026,ACC-00573,6738,2026-01-20T04:57:00.000Z,IMPS,0,Coimbatore,LOW,SYNTHETIC
TXN-0004029,CASE-00472,ACC-01027,ACC-00574,17058,2026-01-20T14:54:00.000Z,NEFT,0,Coimbatore,LOW,SYNTHETIC
TXN-0004030,CASE-00472,ACC-01028,ACC-00575,18354,2026-01-20T05:51:00.000Z,TRANSFER,0,Coimbatore,LOW,SYNTHETIC
TXN-0004031,CASE-00472,ACC-01029,ACC-00576,14536,2026-01-20T14:48:00.000Z,UPI,0,Coimbatore,LOW,SYNTHETIC
TXN-0004032,CASE-00472,ACC-01030,ACC-00577,8820,2026-01-20T06:45:00.000Z,NEFT,0,Coimbatore,LOW,SYNTHETIC
TXN-0004033,CASE-00472,ACC-01031,ACC-00578,13040,2026-01-20T12:42:00.000Z,IMPS,0,Coimbatore,LOW,SYNTHETIC
TXN-0004034,CASE-00472,ACC-01032,ACC-00579,13663,2026-01-19T20:39:00.000Z,TRANSFER,0,Coimbatore,LOW,SYNTHETIC
TXN-0004035,CASE-00472,ACC-01033,ACC-00580,5027,2026-01-20T12:36:00.000Z,TRANSFER,0,Coimbatore,LOW,SYNTHETIC
TXN-0004036,CASE-00472,ACC-01034,ACC-00581,19566,2026-01-20T10:33:00.000Z,NEFT,0,Coimbatore,LOW,SYNTHETIC
TXN-0004037,CASE-00472,ACC-00945,ACC-00544,88610,2026-01-20T17:19:00.000Z,UPI,1,Coimbatore,HIGH,SYNTHETIC
TXN-0004038,CASE-00472,ACC-00544,ACC-00545,80864,2026-01-20T18:57:00.000Z,IMPS,1,Coimbatore,HIGH,SYNTHETIC
TXN-0004039,CASE-00473,ACC-01042,ACC-00591,10857,2026-01-20T07:00:00.000Z,NEFT,0,Pune,LOW,SYNTHETIC
TXN-0004040,CASE-00473,ACC-01043,ACC-00592,16275,2026-01-20T03:57:00.000Z,TRANSFER,0,Pune,LOW,SYNTHETIC
TXN-0004041,CASE-00473,ACC-01044,ACC-00593,16382,2026-01-20T07:54:00.000Z,TRANSFER,0,Pune,LOW,SYNTHETIC
TXN-0004042,CASE-00473,ACC-01045,ACC-00594,2386,2026-01-20T11:51:00.000Z,NEFT,0,Pune,LOW,SYNTHETIC
TXN-0004043,CASE-00473,ACC-01046,ACC-00595,2788,2026-01-20T02:48:00.000Z,IMPS,0,Pune,LOW,SYNTHETIC
TXN-0004044,CASE-00473,ACC-01047,ACC-00596,18411,2026-01-20T03:45:00.000Z,UPI,0,Pune,LOW,SYNTHETIC
TXN-0004045,CASE-00474,ACC-01059,ACC-00610,21534,2026-01-20T05:00:00.000Z,IMPS,0,Vijayawada,LOW,SYNTHETIC
TXN-0004046,CASE-00474,ACC-01060,ACC-00611,13320,2026-01-20T14:57:00.000Z,UPI,0,Vijayawada,LOW,SYNTHETIC
TXN-0004047,CASE-00474,ACC-01061,ACC-00612,11691,2026-01-20T04:54:00.000Z,IMPS,0,Vijayawada,LOW,SYNTHETIC
TXN-0004048,CASE-00474,ACC-01062,ACC-00613,6850,2026-01-20T04:51:00.000Z,IMPS,0,Vijayawada,LOW,SYNTHETIC
TXN-0004049,CASE-00474,ACC-01063,ACC-00614,12591,2026-01-19T22:48:00.000Z,NEFT,0,Vijayawada,LOW,SYNTHETIC
TXN-0004050,CASE-00474,ACC-01064,ACC-00615,15235,2026-01-20T09:45:00.000Z,TRANSFER,0,Vijayawada,LOW,SYNTHETIC
TXN-0004051,CASE-00475,ACC-01076,ACC-00629,7451,2026-01-20T03:00:00.000Z,UPI,0,Chennai,LOW,SYNTHETIC
TXN-0004052,CASE-00475,ACC-01077,ACC-00630,10602,2026-01-20T14:57:00.000Z,TRANSFER,0,Chennai,LOW,SYNTHETIC
TXN-0004053,CASE-00475,ACC-01078,ACC-00631,9149,2026-01-20T16:54:00.000Z,NEFT,0,Chennai,LOW,SYNTHETIC
TXN-0004054,CASE-00475,ACC-01079,ACC-00632,4512,2026-01-20T15:51:00.000Z,UPI,0,Chennai,LOW,SYNTHETIC
TXN-0004055,CASE-00475,ACC-01080,ACC-00633,5800,2026-01-20T01:48:00.000Z,NEFT,0,Chennai,LOW,SYNTHETIC
TXN-0004056,CASE-00475,ACC-01081,ACC-00634,2910,2026-01-19T23:45:00.000Z,NEFT,0,Chennai,LOW,SYNTHETIC
TXN-0004057,CASE-00476,ACC-01093,ACC-00648,11829,2026-01-20T17:00:00.000Z,TRANSFER,0,Bengaluru,LOW,SYNTHETIC
TXN-0004058,CASE-00476,ACC-01094,ACC-00649,12428,2026-01-20T15:57:00.000Z,UPI,0,Bengaluru,LOW,SYNTHETIC
TXN-0004059,CASE-00476,ACC-01095,ACC-00650,19750,2026-01-20T11:54:00.000Z,TRANSFER,0,Bengaluru,LOW,SYNTHETIC
TXN-0004060,CASE-00476,ACC-01096,ACC-00651,17485,2026-01-20T02:51:00.000Z,UPI,0,Bengaluru,LOW,SYNTHETIC
TXN-0004061,CASE-00476,ACC-01097,ACC-00652,11296,2026-01-20T17:48:00.000Z,IMPS,0,Bengaluru,LOW,SYNTHETIC
TXN-0004062,CASE-00476,ACC-01098,ACC-00653,20369,2026-01-20T00:45:00.000Z,UPI,0,Bengaluru,LOW,SYNTHETIC
TXN-0004063,CASE-00477,ACC-01110,ACC-00667,15834,2026-01-20T20:00:00.000Z,TRANSFER,0,Hyderabad,LOW,SYNTHETIC
TXN-0004064,CASE-00477,ACC-01111,ACC-00668,4626,2026-01-20T09:57:00.000Z,NEFT,0,Hyderabad,LOW,SYNTHETIC
TXN-0004065,CASE-00477,ACC-01112,ACC-00669,2281,2026-01-20T02:54:00.000Z,UPI,0,Hyderabad,LOW,SYNTHETIC
TXN-0004066,CASE-00477,ACC-01113,ACC-00670,18718,2026-01-20T18:51:00.000Z,UPI,0,Hyderabad,LOW,SYNTHETIC
TXN-0004067,CASE-00477,ACC-01114,ACC-00671,21563,2026-01-20T06:48:00.000Z,IMPS,0,Hyderabad,LOW,SYNTHETIC
TXN-0004068,CASE-00477,ACC-01115,ACC-00672,2588,2026-01-20T19:45:00.000Z,UPI,0,Hyderabad,LOW,SYNTHETIC
TXN-0004069,CASE-00477,ACC-01116,ACC-00673,21101,2026-01-20T11:42:00.000Z,NEFT,0,Hyderabad,LOW,SYNTHETIC
TXN-0004070,CASE-00477,ACC-01117,ACC-00674,8843,2026-01-20T00:39:00.000Z,NEFT,0,Hyderabad,LOW,SYNTHETIC
TXN-0004071,CASE-00478,ACC-01127,ACC-00686,17132,2026-01-20T06:00:00.000Z,TRANSFER,0,Coimbatore,LOW,SYNTHETIC
TXN-0004072,CASE-00478,ACC-01128,ACC-00687,2828,2026-01-20T10:57:00.000Z,NEFT,0,Coimbatore,LOW,SYNTHETIC
TXN-0004073,CASE-00478,ACC-01129,ACC-00688,12536,2026-01-20T18:54:00.000Z,NEFT,0,Coimbatore,LOW,SYNTHETIC
TXN-0004074,CASE-00478,ACC-01130,ACC-00689,15735,2026-01-20T20:51:00.000Z,NEFT,0,Coimbatore,LOW,SYNTHETIC
TXN-0004075,CASE-00478,ACC-01131,ACC-00690,10356,2026-01-20T09:48:00.000Z,NEFT,0,Coimbatore,LOW,SYNTHETIC
TXN-0004076,CASE-00478,ACC-01132,ACC-00691,16397,2026-01-20T19:45:00.000Z,IMPS,0,Coimbatore,LOW,SYNTHETIC
TXN-0004077,CASE-00479,ACC-01144,ACC-00705,10307,2026-01-20T15:00:00.000Z,IMPS,0,Pune,LOW,SYNTHETIC
TXN-0004078,CASE-00479,ACC-01145,ACC-00706,19802,2026-01-20T18:57:00.000Z,IMPS,0,Pune,LOW,SYNTHETIC
TXN-0004079,CASE-00479,ACC-01146,ACC-00707,5973,2026-01-20T14:54:00.000Z,TRANSFER,0,Pune,LOW,SYNTHETIC
TXN-0004080,CASE-00479,ACC-01147,ACC-00708,3374,2026-01-20T21:51:00.000Z,TRANSFER,0,Pune,LOW,SYNTHETIC
TXN-0004081,CASE-00479,ACC-01148,ACC-00709,5450,2026-01-20T10:48:00.000Z,NEFT,0,Pune,LOW,SYNTHETIC
TXN-0004082,CASE-00479,ACC-01149,ACC-00710,7794,2026-01-20T18:45:00.000Z,NEFT,0,Pune,LOW,SYNTHETIC
TXN-0004083,CASE-00479,ACC-01150,ACC-00711,3325,2026-01-20T08:42:00.000Z,NEFT,0,Pune,LOW,SYNTHETIC
TXN-0004084,CASE-00479,ACC-01151,ACC-00712,21656,2026-01-20T05:39:00.000Z,TRANSFER,0,Pune,LOW,SYNTHETIC
TXN-0004085,CASE-00479,ACC-01152,ACC-00713,13282,2026-01-20T17:36:00.000Z,UPI,0,Pune,LOW,SYNTHETIC
TXN-0004086,CASE-00480,ACC-01161,ACC-00724,17201,2026-01-20T18:00:00.000Z,UPI,0,Vijayawada,LOW,SYNTHETIC
TXN-0004087,CASE-00480,ACC-01162,ACC-00725,21650,2026-01-20T14:57:00.000Z,IMPS,0,Vijayawada,LOW,SYNTHETIC
TXN-0004088,CASE-00480,ACC-01163,ACC-00726,16644,2026-01-20T14:54:00.000Z,UPI,0,Vijayawada,LOW,SYNTHETIC
TXN-0004089,CASE-00480,ACC-01164,ACC-00727,8445,2026-01-20T21:51:00.000Z,TRANSFER,0,Vijayawada,LOW,SYNTHETIC
TXN-0004090,CASE-00480,ACC-01165,ACC-00728,21323,2026-01-20T20:48:00.000Z,UPI,0,Vijayawada,LOW,SYNTHETIC
TXN-0004091,CASE-00480,ACC-01166,ACC-00729,5934,2026-01-20T05:45:00.000Z,NEFT,0,Vijayawada,LOW,SYNTHETIC
TXN-0004092,CASE-00480,ACC-01167,ACC-00730,7230,2026-01-20T03:42:00.000Z,IMPS,0,Vijayawada,LOW,SYNTHETIC
TXN-0004093,CASE-00480,ACC-01168,ACC-00731,8058,2026-01-20T21:39:00.000Z,NEFT,0,Vijayawada,LOW,SYNTHETIC
TXN-0004094,CASE-00480,ACC-01169,ACC-00732,4185,2026-01-20T11:36:00.000Z,IMPS,0,Vijayawada,LOW,SYNTHETIC
TXN-0004095,CASE-00481,ACC-01178,ACC-00743,10094,2026-01-20T18:00:00.000Z,NEFT,0,Chennai,LOW,SYNTHETIC
TXN-0004096,CASE-00481,ACC-01179,ACC-00744,18520,2026-01-20T23:57:00.000Z,NEFT,0,Chennai,LOW,SYNTHETIC
TXN-0004097,CASE-00481,ACC-01180,ACC-00745,21904,2026-01-20T18:54:00.000Z,UPI,0,Chennai,LOW,SYNTHETIC
TXN-0004098,CASE-00481,ACC-01181,ACC-00746,16867,2026-01-20T06:51:00.000Z,TRANSFER,0,Chennai,LOW,SYNTHETIC
TXN-0004099,CASE-00481,ACC-01182,ACC-00747,1095,2026-01-20T15:48:00.000Z,NEFT,0,Chennai,LOW,SYNTHETIC
TXN-0004100,CASE-00481,ACC-01183,ACC-00748,6557,2026-01-20T05:45:00.000Z,IMPS,0,Chennai,LOW,SYNTHETIC
TXN-0004101,CASE-00482,ACC-01195,ACC-00762,10334,2026-01-20T06:00:00.000Z,UPI,0,Bengaluru,LOW,SYNTHETIC
TXN-0004102,CASE-00482,ACC-01196,ACC-00763,21253,2026-01-20T17:57:00.000Z,TRANSFER,0,Bengaluru,LOW,SYNTHETIC
TXN-0004103,CASE-00482,ACC-01197,ACC-00764,6655,2026-01-20T22:54:00.000Z,TRANSFER,0,Bengaluru,LOW,SYNTHETIC
TXN-0004104,CASE-00482,ACC-01198,ACC-00765,4499,2026-01-20T13:51:00.000Z,IMPS,0,Bengaluru,LOW,SYNTHETIC
TXN-0004105,CASE-00482,ACC-01199,ACC-00766,14729,2026-01-20T08:48:00.000Z,UPI,0,Bengaluru,LOW,SYNTHETIC
TXN-0004106,CASE-00482,ACC-01200,ACC-00767,3308,2026-01-20T14:45:00.000Z,NEFT,0,Bengaluru,LOW,SYNTHETIC
TXN-0004107,CASE-00482,ACC-01201,ACC-00768,2227,2026-01-20T22:42:00.000Z,NEFT,0,Bengaluru,LOW,SYNTHETIC
TXN-0004108,CASE-00482,ACC-01202,ACC-00769,4737,2026-01-21T00:39:00.000Z,IMPS,0,Bengaluru,LOW,SYNTHETIC
TXN-0004109,CASE-00482,ACC-01203,ACC-00770,3636,2026-01-20T22:36:00.000Z,NEFT,0,Bengaluru,LOW,SYNTHETIC
TXN-0004110,CASE-00482,ACC-01204,ACC-00771,18864,2026-01-20T22:33:00.000Z,IMPS,0,Bengaluru,LOW,SYNTHETIC
TXN-0004111,CASE-00483,ACC-01212,ACC-00781,21670,2026-01-20T15:00:00.000Z,NEFT,0,Hyderabad,LOW,SYNTHETIC
TXN-0004112,CASE-00483,ACC-01213,ACC-00782,14854,2026-01-20T20:57:00.000Z,IMPS,0,Hyderabad,LOW,SYNTHETIC
TXN-0004113,CASE-00483,ACC-01214,ACC-00783,5775,2026-01-20T14:54:00.000Z,TRANSFER,0,Hyderabad,LOW,SYNTHETIC
TXN-0004114,CASE-00483,ACC-01215,ACC-00784,14328,2026-01-20T07:51:00.000Z,IMPS,0,Hyderabad,LOW,SYNTHETIC
TXN-0004115,CASE-00483,ACC-01216,ACC-00785,16367,2026-01-20T13:48:00.000Z,TRANSFER,0,Hyderabad,LOW,SYNTHETIC
TXN-0004116,CASE-00483,ACC-01217,ACC-00786,6010,2026-01-20T12:45:00.000Z,NEFT,0,Hyderabad,LOW,SYNTHETIC
TXN-0004117,CASE-00483,ACC-01218,ACC-00787,19455,2026-01-20T15:42:00.000Z,NEFT,0,Hyderabad,LOW,SYNTHETIC
TXN-0004118,CASE-00484,ACC-01229,ACC-00800,21745,2026-01-20T16:00:00.000Z,IMPS,0,Coimbatore,LOW,SYNTHETIC
TXN-0004119,CASE-00484,ACC-01230,ACC-00801,15625,2026-01-20T13:57:00.000Z,NEFT,0,Coimbatore,LOW,SYNTHETIC
TXN-0004120,CASE-00484,ACC-01231,ACC-00802,14464,2026-01-20T21:54:00.000Z,NEFT,0,Coimbatore,LOW,SYNTHETIC
TXN-0004121,CASE-00484,ACC-01232,ACC-00803,9232,2026-01-20T16:51:00.000Z,NEFT,0,Coimbatore,LOW,SYNTHETIC
TXN-0004122,CASE-00484,ACC-01233,ACC-00804,1865,2026-01-20T09:48:00.000Z,NEFT,0,Coimbatore,LOW,SYNTHETIC
TXN-0004123,CASE-00484,ACC-01234,ACC-00805,10442,2026-01-20T18:45:00.000Z,IMPS,0,Coimbatore,LOW,SYNTHETIC
TXN-0004124,CASE-00484,ACC-01235,ACC-00806,17143,2026-01-20T21:42:00.000Z,NEFT,0,Coimbatore,LOW,SYNTHETIC
TXN-0004125,CASE-00485,ACC-01246,ACC-00819,647,2026-01-21T02:00:00.000Z,TRANSFER,0,Pune,LOW,SYNTHETIC
TXN-0004126,CASE-00485,ACC-01247,ACC-00820,10644,2026-01-21T03:57:00.000Z,NEFT,0,Pune,LOW,SYNTHETIC
TXN-0004127,CASE-00485,ACC-01248,ACC-00821,19323,2026-01-20T22:54:00.000Z,IMPS,0,Pune,LOW,SYNTHETIC
TXN-0004128,CASE-00485,ACC-01249,ACC-00822,1370,2026-01-20T09:51:00.000Z,IMPS,0,Pune,LOW,SYNTHETIC
TXN-0004129,CASE-00485,ACC-01250,ACC-00823,4798,2026-01-20T13:48:00.000Z,IMPS,0,Pune,LOW,SYNTHETIC
TXN-0004130,CASE-00485,ACC-01251,ACC-00824,7958,2026-01-20T16:45:00.000Z,TRANSFER,0,Pune,LOW,SYNTHETIC
TXN-0004131,CASE-00485,ACC-00971,ACC-00713,82230,2026-01-21T05:38:00.000Z,NEFT,1,Pune,HIGH,SYNTHETIC
TXN-0004132,CASE-00486,ACC-01263,ACC-00838,9357,2026-01-20T19:00:00.000Z,IMPS,0,Vijayawada,LOW,SYNTHETIC
TXN-0004133,CASE-00486,ACC-01264,ACC-00839,17760,2026-01-20T14:57:00.000Z,NEFT,0,Vijayawada,LOW,SYNTHETIC
TXN-0004134,CASE-00486,ACC-01265,ACC-00840,8425,2026-01-21T02:54:00.000Z,IMPS,0,Vijayawada,LOW,SYNTHETIC
TXN-0004135,CASE-00486,ACC-01266,ACC-00841,11229,2026-01-20T16:51:00.000Z,IMPS,0,Vijayawada,LOW,SYNTHETIC
TXN-0004136,CASE-00486,ACC-01267,ACC-00842,21295,2026-01-20T23:48:00.000Z,UPI,0,Vijayawada,LOW,SYNTHETIC
TXN-0004137,CASE-00486,ACC-01268,ACC-00843,8971,2026-01-21T01:45:00.000Z,TRANSFER,0,Vijayawada,LOW,SYNTHETIC
TXN-0004138,CASE-00486,ACC-01269,ACC-00844,15053,2026-01-20T18:42:00.000Z,NEFT,0,Vijayawada,LOW,SYNTHETIC
TXN-0004139,CASE-00486,ACC-01270,ACC-00845,18555,2026-01-21T02:39:00.000Z,IMPS,0,Vijayawada,LOW,SYNTHETIC
TXN-0004140,CASE-00487,ACC-01280,ACC-00857,15971,2026-01-20T23:00:00.000Z,UPI,0,Chennai,LOW,SYNTHETIC
TXN-0004141,CASE-00487,ACC-01281,ACC-00858,4401,2026-01-20T13:57:00.000Z,TRANSFER,0,Chennai,LOW,SYNTHETIC
TXN-0004142,CASE-00487,ACC-01282,ACC-00859,10928,2026-01-20T13:54:00.000Z,UPI,0,Chennai,LOW,SYNTHETIC
TXN-0004143,CASE-00487,ACC-01283,ACC-00860,21663,2026-01-21T01:51:00.000Z,UPI,0,Chennai,LOW,SYNTHETIC
TXN-0004144,CASE-00487,ACC-01284,ACC-00861,16582,2026-01-20T19:48:00.000Z,NEFT,0,Chennai,LOW,SYNTHETIC
TXN-0004145,CASE-00487,ACC-01285,ACC-00862,6478,2026-01-20T16:45:00.000Z,NEFT,0,Chennai,LOW,SYNTHETIC
TXN-0004146,CASE-00487,ACC-00975,ACC-00739,14745,2026-01-21T09:30:00.000Z,TRANSFER,1,Chennai,MEDIUM,SYNTHETIC
TXN-0004147,CASE-00487,ACC-00739,ACC-00740,12511,2026-01-21T11:20:00.000Z,NEFT,1,Chennai,MEDIUM,SYNTHETIC
TXN-0004148,CASE-00487,ACC-00740,ACC-00741,10889,2026-01-21T12:01:00.000Z,UPI,1,Chennai,MEDIUM,SYNTHETIC
TXN-0004149,CASE-00488,ACC-01297,ACC-00876,13042,2026-01-20T20:00:00.000Z,IMPS,0,Bengaluru,LOW,SYNTHETIC
TXN-0004150,CASE-00488,ACC-01298,ACC-00877,19834,2026-01-20T17:57:00.000Z,IMPS,0,Bengaluru,LOW,SYNTHETIC
TXN-0004151,CASE-00488,ACC-01299,ACC-00878,4766,2026-01-20T11:54:00.000Z,NEFT,0,Bengaluru,LOW,SYNTHETIC
TXN-0004152,CASE-00488,ACC-01300,ACC-00879,4565,2026-01-21T02:51:00.000Z,UPI,0,Bengaluru,LOW,SYNTHETIC
TXN-0004153,CASE-00488,ACC-01301,ACC-00880,16553,2026-01-20T13:48:00.000Z,TRANSFER,0,Bengaluru,LOW,SYNTHETIC
TXN-0004154,CASE-00488,ACC-01302,ACC-00881,20600,2026-01-20T20:45:00.000Z,NEFT,0,Bengaluru,LOW,SYNTHETIC
TXN-0004155,CASE-00488,ACC-01303,ACC-00882,11707,2026-01-20T16:42:00.000Z,TRANSFER,0,Bengaluru,LOW,SYNTHETIC
TXN-0004156,CASE-00488,ACC-01304,ACC-00883,12662,2026-01-21T06:39:00.000Z,NEFT,0,Bengaluru,LOW,SYNTHETIC
TXN-0004157,CASE-00488,ACC-00977,ACC-00752,98403,2026-01-21T09:34:00.000Z,TRANSFER,1,Bengaluru,HIGH,SYNTHETIC
TXN-0004158,CASE-00489,ACC-01314,ACC-00895,3877,2026-01-20T22:00:00.000Z,NEFT,0,Hyderabad,LOW,SYNTHETIC
TXN-0004159,CASE-00489,ACC-01315,ACC-00896,19101,2026-01-20T13:57:00.000Z,NEFT,0,Hyderabad,LOW,SYNTHETIC
TXN-0004160,CASE-00489,ACC-01316,ACC-00897,4633,2026-01-21T05:54:00.000Z,UPI,0,Hyderabad,LOW,SYNTHETIC
TXN-0004161,CASE-00489,ACC-01317,ACC-00898,10614,2026-01-20T16:51:00.000Z,TRANSFER,0,Hyderabad,LOW,SYNTHETIC
TXN-0004162,CASE-00489,ACC-01318,ACC-00899,16886,2026-01-20T15:48:00.000Z,UPI,0,Hyderabad,LOW,SYNTHETIC
TXN-0004163,CASE-00489,ACC-01319,ACC-00900,18671,2026-01-21T02:45:00.000Z,UPI,0,Hyderabad,LOW,SYNTHETIC
TXN-0004164,CASE-00489,ACC-01320,ACC-00901,16821,2026-01-20T20:42:00.000Z,NEFT,0,Hyderabad,LOW,SYNTHETIC
TXN-0004165,CASE-00490,ACC-01331,ACC-00914,21152,2026-01-21T06:00:00.000Z,IMPS,0,Coimbatore,LOW,SYNTHETIC
TXN-0004166,CASE-00490,ACC-01332,ACC-00915,4418,2026-01-21T05:57:00.000Z,IMPS,0,Coimbatore,LOW,SYNTHETIC
TXN-0004167,CASE-00490,ACC-01333,ACC-00916,7535,2026-01-20T13:54:00.000Z,NEFT,0,Coimbatore,LOW,SYNTHETIC
TXN-0004168,CASE-00490,ACC-01334,ACC-00917,12001,2026-01-20T19:51:00.000Z,NEFT,0,Coimbatore,LOW,SYNTHETIC
TXN-0004169,CASE-00490,ACC-01335,ACC-00918,3715,2026-01-20T14:48:00.000Z,IMPS,0,Coimbatore,LOW,SYNTHETIC
TXN-0004170,CASE-00490,ACC-01336,ACC-00919,11702,2026-01-21T01:45:00.000Z,IMPS,0,Coimbatore,LOW,SYNTHETIC
TXN-0004171,CASE-00490,ACC-01337,ACC-00920,8421,2026-01-20T21:42:00.000Z,IMPS,0,Coimbatore,LOW,SYNTHETIC
TXN-0004172,CASE-00490,ACC-01338,ACC-00921,16701,2026-01-20T15:39:00.000Z,NEFT,0,Coimbatore,LOW,SYNTHETIC
TXN-0004173,CASE-00490,ACC-01339,ACC-00922,2140,2026-01-20T17:36:00.000Z,UPI,0,Coimbatore,LOW,SYNTHETIC
TXN-0004174,CASE-00491,ACC-01348,ACC-00933,1457,2026-01-21T05:00:00.000Z,UPI,0,Pune,LOW,SYNTHETIC
TXN-0004175,CASE-00491,ACC-01349,ACC-00934,1728,2026-01-21T09:57:00.000Z,UPI,0,Pune,LOW,SYNTHETIC
TXN-0004176,CASE-00491,ACC-01350,ACC-00935,9848,2026-01-21T04:54:00.000Z,IMPS,0,Pune,LOW,SYNTHETIC
TXN-0004177,CASE-00491,ACC-01351,ACC-00936,1808,2026-01-21T07:51:00.000Z,NEFT,0,Pune,LOW,SYNTHETIC
TXN-0004178,CASE-00491,ACC-01352,ACC-00937,9378,2026-01-20T16:48:00.000Z,UPI,0,Pune,LOW,SYNTHETIC
TXN-0004179,CASE-00491,ACC-01353,ACC-00938,14576,2026-01-20T20:45:00.000Z,UPI,0,Pune,LOW,SYNTHETIC
TXN-0004180,CASE-00491,ACC-01354,ACC-00939,4219,2026-01-21T09:42:00.000Z,IMPS,0,Pune,LOW,SYNTHETIC
TXN-0004181,CASE-00491,ACC-01355,ACC-00940,15869,2026-01-21T07:39:00.000Z,NEFT,0,Pune,LOW,SYNTHETIC
TXN-0004182,CASE-00491,ACC-01356,ACC-00941,13063,2026-01-20T20:36:00.000Z,UPI,0,Pune,LOW,SYNTHETIC
TXN-0004183,CASE-00491,ACC-01357,ACC-00942,20935,2026-01-20T21:33:00.000Z,NEFT,0,Pune,LOW,SYNTHETIC
TXN-0004184,CASE-00492,ACC-01365,ACC-00952,1433,2026-01-20T22:00:00.000Z,UPI,0,Vijayawada,LOW,SYNTHETIC
TXN-0004185,CASE-00492,ACC-01366,ACC-00953,10760,2026-01-20T16:57:00.000Z,IMPS,0,Vijayawada,LOW,SYNTHETIC
TXN-0004186,CASE-00492,ACC-01367,ACC-00954,9580,2026-01-21T04:54:00.000Z,IMPS,0,Vijayawada,LOW,SYNTHETIC
TXN-0004187,CASE-00492,ACC-01368,ACC-00955,8326,2026-01-21T06:51:00.000Z,UPI,0,Vijayawada,LOW,SYNTHETIC
TXN-0004188,CASE-00492,ACC-01369,ACC-00956,17259,2026-01-20T19:48:00.000Z,UPI,0,Vijayawada,LOW,SYNTHETIC
TXN-0004189,CASE-00492,ACC-01370,ACC-00957,19896,2026-01-21T05:45:00.000Z,IMPS,0,Vijayawada,LOW,SYNTHETIC
TXN-0004190,CASE-00492,ACC-01371,ACC-00958,19846,2026-01-21T03:42:00.000Z,IMPS,0,Vijayawada,LOW,SYNTHETIC
TXN-0004191,CASE-00492,ACC-01372,ACC-00959,14463,2026-01-20T16:39:00.000Z,IMPS,0,Vijayawada,LOW,SYNTHETIC
TXN-0004192,CASE-00493,ACC-01382,ACC-00971,18438,2026-01-21T01:00:00.000Z,TRANSFER,0,Chennai,LOW,SYNTHETIC
TXN-0004193,CASE-00493,ACC-01383,ACC-00972,4283,2026-01-21T00:57:00.000Z,IMPS,0,Chennai,LOW,SYNTHETIC
TXN-0004194,CASE-00493,ACC-01384,ACC-00973,7121,2026-01-20T23:54:00.000Z,NEFT,0,Chennai,LOW,SYNTHETIC
TXN-0004195,CASE-00493,ACC-01385,ACC-00974,13912,2026-01-21T00:51:00.000Z,TRANSFER,0,Chennai,LOW,SYNTHETIC
TXN-0004196,CASE-00493,ACC-01386,ACC-00975,6178,2026-01-20T21:48:00.000Z,TRANSFER,0,Chennai,LOW,SYNTHETIC
TXN-0004197,CASE-00493,ACC-01387,ACC-00976,8807,2026-01-21T11:45:00.000Z,UPI,0,Chennai,LOW,SYNTHETIC
TXN-0004198,CASE-00493,ACC-01388,ACC-00977,9058,2026-01-21T01:42:00.000Z,TRANSFER,0,Chennai,LOW,SYNTHETIC
TXN-0004199,CASE-00493,ACC-01389,ACC-00978,18025,2026-01-20T19:39:00.000Z,NEFT,0,Chennai,LOW,SYNTHETIC
TXN-0004200,CASE-00493,ACC-01390,ACC-00979,17509,2026-01-20T16:36:00.000Z,TRANSFER,0,Chennai,LOW,SYNTHETIC
TXN-0004201,CASE-00493,ACC-00987,ACC-00817,37061,2026-01-21T15:00:00.000Z,IMPS,1,Chennai,MEDIUM,SYNTHETIC
TXN-0004202,CASE-00494,ACC-01399,ACC-00990,4920,2026-01-21T00:00:00.000Z,TRANSFER,0,Bengaluru,LOW,SYNTHETIC
TXN-0004203,CASE-00494,ACC-01400,ACC-00991,15122,2026-01-21T05:57:00.000Z,TRANSFER,0,Bengaluru,LOW,SYNTHETIC
TXN-0004204,CASE-00494,ACC-00001,ACC-00992,11839,2026-01-21T02:54:00.000Z,IMPS,0,Bengaluru,LOW,SYNTHETIC
TXN-0004205,CASE-00494,ACC-00002,ACC-00993,6768,2026-01-20T18:51:00.000Z,TRANSFER,0,Bengaluru,LOW,SYNTHETIC
TXN-0004206,CASE-00494,ACC-00003,ACC-00994,3283,2026-01-21T11:48:00.000Z,UPI,0,Bengaluru,LOW,SYNTHETIC
TXN-0004207,CASE-00494,ACC-00004,ACC-00995,15836,2026-01-21T03:45:00.000Z,UPI,0,Bengaluru,LOW,SYNTHETIC
TXN-0004208,CASE-00494,ACC-00989,ACC-00830,81527,2026-01-22T13:00:00.000Z,NEFT,1,Bengaluru,HIGH,SYNTHETIC
TXN-0004209,CASE-00495,ACC-00016,ACC-01009,16304,2026-01-21T12:00:00.000Z,NEFT,0,Hyderabad,LOW,SYNTHETIC
TXN-0004210,CASE-00495,ACC-00017,ACC-01010,13710,2026-01-21T01:57:00.000Z,UPI,0,Hyderabad,LOW,SYNTHETIC
TXN-0004211,CASE-00495,ACC-00018,ACC-01011,14782,2026-01-21T02:54:00.000Z,UPI,0,Hyderabad,LOW,SYNTHETIC
TXN-0004212,CASE-00495,ACC-00019,ACC-01012,13628,2026-01-21T11:51:00.000Z,IMPS,0,Hyderabad,LOW,SYNTHETIC
TXN-0004213,CASE-00495,ACC-00020,ACC-01013,1152,2026-01-21T02:48:00.000Z,TRANSFER,0,Hyderabad,LOW,SYNTHETIC
TXN-0004214,CASE-00495,ACC-00021,ACC-01014,20545,2026-01-21T00:45:00.000Z,IMPS,0,Hyderabad,LOW,SYNTHETIC
TXN-0004215,CASE-00496,ACC-00033,ACC-01028,20980,2026-01-21T15:00:00.000Z,UPI,0,Coimbatore,LOW,SYNTHETIC
TXN-0004216,CASE-00496,ACC-00034,ACC-01029,9407,2026-01-21T05:57:00.000Z,IMPS,0,Coimbatore,LOW,SYNTHETIC
TXN-0004217,CASE-00496,ACC-00035,ACC-01030,9450,2026-01-20T21:54:00.000Z,UPI,0,Coimbatore,LOW,SYNTHETIC
TXN-0004218,CASE-00496,ACC-00036,ACC-01031,6965,2026-01-20T19:51:00.000Z,NEFT,0,Coimbatore,LOW,SYNTHETIC
TXN-0004219,CASE-00496,ACC-00037,ACC-01032,7694,2026-01-21T03:48:00.000Z,UPI,0,Coimbatore,LOW,SYNTHETIC
TXN-0004220,CASE-00496,ACC-00038,ACC-01033,1300,2026-01-21T06:45:00.000Z,TRANSFER,0,Coimbatore,LOW,SYNTHETIC
TXN-0004221,CASE-00496,ACC-00039,ACC-01034,2117,2026-01-21T07:42:00.000Z,IMPS,0,Coimbatore,LOW,SYNTHETIC
TXN-0004222,CASE-00496,ACC-00040,ACC-01035,13418,2026-01-21T14:39:00.000Z,NEFT,0,Coimbatore,LOW,SYNTHETIC
TXN-0004223,CASE-00497,ACC-00050,ACC-01047,15041,2026-01-20T21:00:00.000Z,IMPS,0,Pune,LOW,SYNTHETIC
TXN-0004224,CASE-00497,ACC-00051,ACC-01048,17318,2026-01-20T20:57:00.000Z,UPI,0,Pune,LOW,SYNTHETIC
TXN-0004225,CASE-00497,ACC-00052,ACC-01049,11959,2026-01-21T11:54:00.000Z,IMPS,0,Pune,LOW,SYNTHETIC
TXN-0004226,CASE-00497,ACC-00053,ACC-01050,11643,2026-01-21T10:51:00.000Z,TRANSFER,0,Pune,LOW,SYNTHETIC
TXN-0004227,CASE-00497,ACC-00054,ACC-01051,12234,2026-01-21T09:48:00.000Z,NEFT,0,Pune,LOW,SYNTHETIC
TXN-0004228,CASE-00497,ACC-00055,ACC-01052,2075,2026-01-21T10:45:00.000Z,TRANSFER,0,Pune,LOW,SYNTHETIC
TXN-0004229,CASE-00497,ACC-00056,ACC-01053,8123,2026-01-21T03:42:00.000Z,TRANSFER,0,Pune,LOW,SYNTHETIC
TXN-0004230,CASE-00497,ACC-00057,ACC-01054,14230,2026-01-21T12:39:00.000Z,UPI,0,Pune,LOW,SYNTHETIC
TXN-0004231,CASE-00497,ACC-00058,ACC-01055,2352,2026-01-21T15:36:00.000Z,TRANSFER,0,Pune,LOW,SYNTHETIC
TXN-0004232,CASE-00497,ACC-00995,ACC-00869,89471,2026-01-21T19:21:00.000Z,TRANSFER,1,Pune,HIGH,SYNTHETIC
TXN-0004233,CASE-00497,ACC-00869,ACC-00870,75838,2026-01-21T20:48:00.000Z,TRANSFER,1,Pune,HIGH,SYNTHETIC
TXN-0004234,CASE-00497,ACC-00870,ACC-00871,68344,2026-01-21T22:12:00.000Z,IMPS,1,Pune,MEDIUM,SYNTHETIC
TXN-0004235,CASE-00498,ACC-00067,ACC-01066,7601,2026-01-21T04:00:00.000Z,TRANSFER,0,Vijayawada,LOW,SYNTHETIC
TXN-0004236,CASE-00498,ACC-00068,ACC-01067,11500,2026-01-21T09:57:00.000Z,NEFT,0,Vijayawada,LOW,SYNTHETIC
TXN-0004237,CASE-00498,ACC-00069,ACC-01068,20245,2026-01-21T10:54:00.000Z,NEFT,0,Vijayawada,LOW,SYNTHETIC
TXN-0004238,CASE-00498,ACC-00070,ACC-01069,7170,2026-01-21T12:51:00.000Z,NEFT,0,Vijayawada,LOW,SYNTHETIC
TXN-0004239,CASE-00498,ACC-00071,ACC-01070,19329,2026-01-20T23:48:00.000Z,NEFT,0,Vijayawada,LOW,SYNTHETIC
TXN-0004240,CASE-00498,ACC-00072,ACC-01071,15265,2026-01-21T02:45:00.000Z,TRANSFER,0,Vijayawada,LOW,SYNTHETIC
TXN-0004241,CASE-00498,ACC-00073,ACC-01072,12345,2026-01-21T00:42:00.000Z,TRANSFER,0,Vijayawada,LOW,SYNTHETIC
TXN-0004242,CASE-00498,ACC-00074,ACC-01073,15899,2026-01-21T10:39:00.000Z,IMPS,0,Vijayawada,LOW,SYNTHETIC
TXN-0004243,CASE-00498,ACC-00075,ACC-01074,16904,2026-01-20T22:36:00.000Z,NEFT,0,Vijayawada,LOW,SYNTHETIC
TXN-0004244,CASE-00498,ACC-00076,ACC-01075,21899,2026-01-21T15:33:00.000Z,IMPS,0,Vijayawada,LOW,SYNTHETIC
TXN-0004245,CASE-00498,ACC-00997,ACC-00882,28187,2026-01-21T20:52:00.000Z,NEFT,1,Vijayawada,MEDIUM,SYNTHETIC
TXN-0004246,CASE-00499,ACC-00084,ACC-01085,5564,2026-01-21T09:00:00.000Z,UPI,0,Chennai,LOW,SYNTHETIC
TXN-0004247,CASE-00499,ACC-00085,ACC-01086,20554,2026-01-21T14:57:00.000Z,IMPS,0,Chennai,LOW,SYNTHETIC
TXN-0004248,CASE-00499,ACC-00086,ACC-01087,20502,2026-01-21T03:54:00.000Z,NEFT,0,Chennai,LOW,SYNTHETIC
TXN-0004249,CASE-00499,ACC-00087,ACC-01088,19396,2026-01-21T15:51:00.000Z,TRANSFER,0,Chennai,LOW,SYNTHETIC
TXN-0004250,CASE-00499,ACC-00088,ACC-01089,4110,2026-01-21T09:48:00.000Z,IMPS,0,Chennai,LOW,SYNTHETIC
TXN-0004251,CASE-00499,ACC-00089,ACC-01090,15754,2026-01-21T11:45:00.000Z,NEFT,0,Chennai,LOW,SYNTHETIC
TXN-0004252,CASE-00500,ACC-00101,ACC-01104,7312,2026-01-21T19:00:00.000Z,NEFT,0,Bengaluru,LOW,SYNTHETIC
TXN-0004253,CASE-00500,ACC-00102,ACC-01105,4582,2026-01-21T11:57:00.000Z,NEFT,0,Bengaluru,LOW,SYNTHETIC
TXN-0004254,CASE-00500,ACC-00103,ACC-01106,13087,2026-01-20T23:54:00.000Z,TRANSFER,0,Bengaluru,LOW,SYNTHETIC
TXN-0004255,CASE-00500,ACC-00104,ACC-01107,7534,2026-01-21T14:51:00.000Z,IMPS,0,Bengaluru,LOW,SYNTHETIC
TXN-0004256,CASE-00500,ACC-00105,ACC-01108,14861,2026-01-21T10:48:00.000Z,UPI,0,Bengaluru,LOW,SYNTHETIC
TXN-0004257,CASE-00500,ACC-00106,ACC-01109,3741,2026-01-21T13:45:00.000Z,NEFT,0,Bengaluru,LOW,SYNTHETIC
TXN-0004258,CASE-00500,ACC-00107,ACC-01110,13873,2026-01-21T17:42:00.000Z,UPI,0,Bengaluru,LOW,SYNTHETIC
TXN-0004259,CASE-00500,ACC-00108,ACC-01111,1570,2026-01-21T18:39:00.000Z,UPI,0,Bengaluru,LOW,SYNTHETIC
TXN-0004260,CASE-00501,ACC-00118,ACC-01123,1173,2026-01-21T13:00:00.000Z,TRANSFER,0,Hyderabad,LOW,SYNTHETIC
TXN-0004261,CASE-00501,ACC-00119,ACC-01124,20192,2026-01-21T16:57:00.000Z,TRANSFER,0,Hyderabad,LOW,SYNTHETIC
TXN-0004262,CASE-00501,ACC-00120,ACC-01125,2359,2026-01-21T07:54:00.000Z,IMPS,0,Hyderabad,LOW,SYNTHETIC
TXN-0004263,CASE-00501,ACC-00121,ACC-01126,20424,2026-01-21T17:51:00.000Z,TRANSFER,0,Hyderabad,LOW,SYNTHETIC
TXN-0004264,CASE-00501,ACC-00122,ACC-01127,13129,2026-01-21T09:48:00.000Z,TRANSFER,0,Hyderabad,LOW,SYNTHETIC
TXN-0004265,CASE-00501,ACC-00123,ACC-01128,1540,2026-01-21T02:45:00.000Z,NEFT,0,Hyderabad,LOW,SYNTHETIC
TXN-0004266,CASE-00501,ACC-01003,ACC-00921,59925,2026-01-21T21:06:00.000Z,TRANSFER,1,Hyderabad,MEDIUM,SYNTHETIC
TXN-0004267,CASE-00502,ACC-00135,ACC-01142,4520,2026-01-21T12:00:00.000Z,NEFT,0,Coimbatore,LOW,SYNTHETIC
TXN-0004268,CASE-00502,ACC-00136,ACC-01143,15945,2026-01-21T11:57:00.000Z,IMPS,0,Coimbatore,LOW,SYNTHETIC
TXN-0004269,CASE-00502,ACC-00137,ACC-01144,4474,2026-01-21T06:54:00.000Z,TRANSFER,0,Coimbatore,LOW,SYNTHETIC
TXN-0004270,CASE-00502,ACC-00138,ACC-01145,8426,2026-01-21T06:51:00.000Z,NEFT,0,Coimbatore,LOW,SYNTHETIC
TXN-0004271,CASE-00502,ACC-00139,ACC-01146,21709,2026-01-21T14:48:00.000Z,NEFT,0,Coimbatore,LOW,SYNTHETIC
TXN-0004272,CASE-00502,ACC-00140,ACC-01147,8445,2026-01-21T09:45:00.000Z,NEFT,0,Coimbatore,LOW,SYNTHETIC
TXN-0004273,CASE-00502,ACC-00141,ACC-01148,3256,2026-01-21T02:42:00.000Z,TRANSFER,0,Coimbatore,LOW,SYNTHETIC
TXN-0004274,CASE-00502,ACC-00142,ACC-01149,15433,2026-01-21T03:39:00.000Z,IMPS,0,Coimbatore,LOW,SYNTHETIC
TXN-0004275,CASE-00502,ACC-00143,ACC-01150,17037,2026-01-21T13:36:00.000Z,TRANSFER,0,Coimbatore,LOW,SYNTHETIC
TXN-0004276,CASE-00502,ACC-00144,ACC-01151,8643,2026-01-21T05:33:00.000Z,TRANSFER,0,Coimbatore,LOW,SYNTHETIC
TXN-0004277,CASE-00503,ACC-00152,ACC-01161,16787,2026-01-21T04:00:00.000Z,UPI,0,Pune,LOW,SYNTHETIC
TXN-0004278,CASE-00503,ACC-00153,ACC-01162,10144,2026-01-21T04:57:00.000Z,TRANSFER,0,Pune,LOW,SYNTHETIC
TXN-0004279,CASE-00503,ACC-00154,ACC-01163,20698,2026-01-21T12:54:00.000Z,TRANSFER,0,Pune,LOW,SYNTHETIC
TXN-0004280,CASE-00503,ACC-00155,ACC-01164,6713,2026-01-21T15:51:00.000Z,IMPS,0,Pune,LOW,SYNTHETIC
TXN-0004281,CASE-00503,ACC-00156,ACC-01165,13606,2026-01-21T12:48:00.000Z,NEFT,0,Pune,LOW,SYNTHETIC
TXN-0004282,CASE-00503,ACC-00157,ACC-01166,21659,2026-01-21T17:45:00.000Z,NEFT,0,Pune,LOW,SYNTHETIC
TXN-0004283,CASE-00503,ACC-00158,ACC-01167,7118,2026-01-21T08:42:00.000Z,NEFT,0,Pune,LOW,SYNTHETIC
TXN-0004284,CASE-00503,ACC-00159,ACC-01168,5765,2026-01-21T03:39:00.000Z,IMPS,0,Pune,LOW,SYNTHETIC
TXN-0004285,CASE-00503,ACC-01007,ACC-00947,21596,2026-01-22T01:40:00.000Z,NEFT,1,Pune,MEDIUM,SYNTHETIC
TXN-0004286,CASE-00504,ACC-00169,ACC-01180,4766,2026-01-21T21:00:00.000Z,UPI,0,Vijayawada,LOW,SYNTHETIC
TXN-0004287,CASE-00504,ACC-00170,ACC-01181,12237,2026-01-21T21:57:00.000Z,IMPS,0,Vijayawada,LOW,SYNTHETIC
TXN-0004288,CASE-00504,ACC-00171,ACC-01182,21074,2026-01-21T21:54:00.000Z,TRANSFER,0,Vijayawada,LOW,SYNTHETIC
TXN-0004289,CASE-00504,ACC-00172,ACC-01183,687,2026-01-21T03:51:00.000Z,UPI,0,Vijayawada,LOW,SYNTHETIC
TXN-0004290,CASE-00504,ACC-00173,ACC-01184,21336,2026-01-21T17:48:00.000Z,UPI,0,Vijayawada,LOW,SYNTHETIC
TXN-0004291,CASE-00504,ACC-00174,ACC-01185,9471,2026-01-21T12:45:00.000Z,UPI,0,Vijayawada,LOW,SYNTHETIC
TXN-0004292,CASE-00504,ACC-01009,ACC-00960,14563,2026-01-22T20:00:00.000Z,UPI,1,Vijayawada,MEDIUM,SYNTHETIC
TXN-0004293,CASE-00505,ACC-00186,ACC-01199,5804,2026-01-21T20:00:00.000Z,NEFT,0,Chennai,LOW,SYNTHETIC
TXN-0004294,CASE-00505,ACC-00187,ACC-01200,18671,2026-01-21T12:57:00.000Z,TRANSFER,0,Chennai,LOW,SYNTHETIC
TXN-0004295,CASE-00505,ACC-00188,ACC-01201,15856,2026-01-21T10:54:00.000Z,IMPS,0,Chennai,LOW,SYNTHETIC
TXN-0004296,CASE-00505,ACC-00189,ACC-01202,2875,2026-01-21T22:51:00.000Z,UPI,0,Chennai,LOW,SYNTHETIC
TXN-0004297,CASE-00505,ACC-00190,ACC-01203,11200,2026-01-21T18:48:00.000Z,TRANSFER,0,Chennai,LOW,SYNTHETIC
TXN-0004298,CASE-00505,ACC-00191,ACC-01204,11701,2026-01-21T06:45:00.000Z,TRANSFER,0,Chennai,LOW,SYNTHETIC
TXN-0004299,CASE-00505,ACC-00192,ACC-01205,18240,2026-01-21T17:42:00.000Z,IMPS,0,Chennai,LOW,SYNTHETIC
TXN-0004300,CASE-00505,ACC-00193,ACC-01206,18514,2026-01-21T04:39:00.000Z,NEFT,0,Chennai,LOW,SYNTHETIC
TXN-0004301,CASE-00506,ACC-00203,ACC-01218,19609,2026-01-21T06:00:00.000Z,TRANSFER,0,Bengaluru,LOW,SYNTHETIC
TXN-0004302,CASE-00506,ACC-00204,ACC-01219,15197,2026-01-21T19:57:00.000Z,TRANSFER,0,Bengaluru,LOW,SYNTHETIC
TXN-0004303,CASE-00506,ACC-00205,ACC-01220,17445,2026-01-21T11:54:00.000Z,TRANSFER,0,Bengaluru,LOW,SYNTHETIC
TXN-0004304,CASE-00506,ACC-00206,ACC-01221,14661,2026-01-21T08:51:00.000Z,UPI,0,Bengaluru,LOW,SYNTHETIC
TXN-0004305,CASE-00506,ACC-00207,ACC-01222,17536,2026-01-21T07:48:00.000Z,IMPS,0,Bengaluru,LOW,SYNTHETIC
TXN-0004306,CASE-00506,ACC-00208,ACC-01223,9406,2026-01-21T18:45:00.000Z,IMPS,0,Bengaluru,LOW,SYNTHETIC
TXN-0004307,CASE-00506,ACC-00209,ACC-01224,10611,2026-01-21T06:42:00.000Z,IMPS,0,Bengaluru,LOW,SYNTHETIC
TXN-0004308,CASE-00506,ACC-00210,ACC-01225,4857,2026-01-21T11:39:00.000Z,TRANSFER,0,Bengaluru,LOW,SYNTHETIC
TXN-0004309,CASE-00506,ACC-00211,ACC-01226,912,2026-01-21T09:36:00.000Z,UPI,0,Bengaluru,LOW,SYNTHETIC
TXN-0004310,CASE-00507,ACC-00220,ACC-01237,20276,2026-01-21T17:00:00.000Z,TRANSFER,0,Hyderabad,LOW,SYNTHETIC
TXN-0004311,CASE-00507,ACC-00221,ACC-01238,18859,2026-01-21T07:57:00.000Z,NEFT,0,Hyderabad,LOW,SYNTHETIC
TXN-0004312,CASE-00507,ACC-00222,ACC-01239,9416,2026-01-21T13:54:00.000Z,UPI,0,Hyderabad,LOW,SYNTHETIC
TXN-0004313,CASE-00507,ACC-00223,ACC-01240,2483,2026-01-21T12:51:00.000Z,IMPS,0,Hyderabad,LOW,SYNTHETIC
TXN-0004314,CASE-00507,ACC-00224,ACC-01241,20899,2026-01-21T21:48:00.000Z,NEFT,0,Hyderabad,LOW,SYNTHETIC
TXN-0004315,CASE-00507,ACC-00225,ACC-01242,5972,2026-01-21T07:45:00.000Z,TRANSFER,0,Hyderabad,LOW,SYNTHETIC
TXN-0004316,CASE-00507,ACC-01015,ACC-00999,93896,2026-01-22T05:57:00.000Z,IMPS,1,Hyderabad,HIGH,SYNTHETIC
TXN-0004317,CASE-00507,ACC-00999,ACC-01000,79086,2026-01-22T07:37:00.000Z,NEFT,1,Hyderabad,HIGH,SYNTHETIC
TXN-0004318,CASE-00507,ACC-01000,ACC-01001,68748,2026-01-22T08:04:00.000Z,TRANSFER,1,Hyderabad,MEDIUM,SYNTHETIC
TXN-0004319,CASE-00508,ACC-00237,ACC-01256,6742,2026-01-21T17:00:00.000Z,TRANSFER,0,Coimbatore,LOW,SYNTHETIC
TXN-0004320,CASE-00508,ACC-00238,ACC-01257,11443,2026-01-21T11:57:00.000Z,TRANSFER,0,Coimbatore,LOW,SYNTHETIC
TXN-0004321,CASE-00508,ACC-00239,ACC-01258,7720,2026-01-22T01:54:00.000Z,NEFT,0,Coimbatore,LOW,SYNTHETIC
TXN-0004322,CASE-00508,ACC-00240,ACC-01259,7198,2026-01-21T15:51:00.000Z,UPI,0,Coimbatore,LOW,SYNTHETIC
TXN-0004323,CASE-00508,ACC-00241,ACC-01260,14339,2026-01-21T09:48:00.000Z,IMPS,0,Coimbatore,LOW,SYNTHETIC
TXN-0004324,CASE-00508,ACC-00242,ACC-01261,12654,2026-01-21T07:45:00.000Z,UPI,0,Coimbatore,LOW,SYNTHETIC
TXN-0004325,CASE-00508,ACC-00243,ACC-01262,20781,2026-01-21T13:42:00.000Z,UPI,0,Coimbatore,LOW,SYNTHETIC
TXN-0004326,CASE-00508,ACC-00244,ACC-01263,10026,2026-01-21T15:39:00.000Z,UPI,0,Coimbatore,LOW,SYNTHETIC
TXN-0004327,CASE-00509,ACC-00254,ACC-01275,8388,2026-01-21T12:00:00.000Z,UPI,0,Pune,LOW,SYNTHETIC
TXN-0004328,CASE-00509,ACC-00255,ACC-01276,21376,2026-01-21T10:57:00.000Z,UPI,0,Pune,LOW,SYNTHETIC
TXN-0004329,CASE-00509,ACC-00256,ACC-01277,18814,2026-01-21T20:54:00.000Z,NEFT,0,Pune,LOW,SYNTHETIC
TXN-0004330,CASE-00509,ACC-00257,ACC-01278,5145,2026-01-21T17:51:00.000Z,TRANSFER,0,Pune,LOW,SYNTHETIC
TXN-0004331,CASE-00509,ACC-00258,ACC-01279,12959,2026-01-21T20:48:00.000Z,IMPS,0,Pune,LOW,SYNTHETIC
TXN-0004332,CASE-00509,ACC-00259,ACC-01280,10734,2026-01-22T01:45:00.000Z,TRANSFER,0,Pune,LOW,SYNTHETIC
TXN-0004333,CASE-00510,ACC-00271,ACC-01294,4517,2026-01-22T00:00:00.000Z,UPI,0,Vijayawada,LOW,SYNTHETIC
TXN-0004334,CASE-00510,ACC-00272,ACC-01295,6106,2026-01-22T03:57:00.000Z,IMPS,0,Vijayawada,LOW,SYNTHETIC
TXN-0004335,CASE-00510,ACC-00273,ACC-01296,14492,2026-01-21T15:54:00.000Z,UPI,0,Vijayawada,LOW,SYNTHETIC
TXN-0004336,CASE-00510,ACC-00274,ACC-01297,14553,2026-01-21T12:51:00.000Z,IMPS,0,Vijayawada,LOW,SYNTHETIC
TXN-0004337,CASE-00510,ACC-00275,ACC-01298,17695,2026-01-22T01:48:00.000Z,IMPS,0,Vijayawada,LOW,SYNTHETIC
TXN-0004338,CASE-00510,ACC-00276,ACC-01299,12771,2026-01-22T04:45:00.000Z,TRANSFER,0,Vijayawada,LOW,SYNTHETIC
TXN-0004339,CASE-00510,ACC-01021,ACC-01038,52297,2026-01-22T06:53:00.000Z,IMPS,1,Vijayawada,MEDIUM,SYNTHETIC
TXN-0004340,CASE-00511,ACC-00288,ACC-01313,12199,2026-01-21T18:00:00.000Z,UPI,0,Chennai,LOW,SYNTHETIC
TXN-0004341,CASE-00511,ACC-00289,ACC-01314,6433,2026-01-21T14:57:00.000Z,NEFT,0,Chennai,LOW,SYNTHETIC
TXN-0004342,CASE-00511,ACC-00290,ACC-01315,9104,2026-01-22T04:54:00.000Z,NEFT,0,Chennai,LOW,SYNTHETIC
TXN-0004343,CASE-00511,ACC-00291,ACC-01316,8062,2026-01-21T13:51:00.000Z,NEFT,0,Chennai,LOW,SYNTHETIC
TXN-0004344,CASE-00511,ACC-00292,ACC-01317,19013,2026-01-21T21:48:00.000Z,IMPS,0,Chennai,LOW,SYNTHETIC
TXN-0004345,CASE-00511,ACC-00293,ACC-01318,8275,2026-01-21T17:45:00.000Z,TRANSFER,0,Chennai,LOW,SYNTHETIC
TXN-0004346,CASE-00511,ACC-00294,ACC-01319,8131,2026-01-21T20:42:00.000Z,IMPS,0,Chennai,LOW,SYNTHETIC
TXN-0004347,CASE-00512,ACC-00305,ACC-01332,11920,2026-01-22T05:00:00.000Z,UPI,0,Bengaluru,LOW,SYNTHETIC
TXN-0004348,CASE-00512,ACC-00306,ACC-01333,17031,2026-01-21T23:57:00.000Z,TRANSFER,0,Bengaluru,LOW,SYNTHETIC
TXN-0004349,CASE-00512,ACC-00307,ACC-01334,19006,2026-01-22T02:54:00.000Z,UPI,0,Bengaluru,LOW,SYNTHETIC
TXN-0004350,CASE-00512,ACC-00308,ACC-01335,11213,2026-01-21T22:51:00.000Z,UPI,0,Bengaluru,LOW,SYNTHETIC
TXN-0004351,CASE-00512,ACC-00309,ACC-01336,9347,2026-01-22T03:48:00.000Z,UPI,0,Bengaluru,LOW,SYNTHETIC
TXN-0004352,CASE-00512,ACC-00310,ACC-01337,5453,2026-01-22T06:45:00.000Z,UPI,0,Bengaluru,LOW,SYNTHETIC
TXN-0004353,CASE-00512,ACC-00311,ACC-01338,11155,2026-01-21T21:42:00.000Z,NEFT,0,Bengaluru,LOW,SYNTHETIC
TXN-0004354,CASE-00512,ACC-00312,ACC-01339,18976,2026-01-22T05:39:00.000Z,TRANSFER,0,Bengaluru,LOW,SYNTHETIC
TXN-0004355,CASE-00513,ACC-00322,ACC-01351,20040,2026-01-21T13:00:00.000Z,NEFT,0,Hyderabad,LOW,SYNTHETIC
TXN-0004356,CASE-00513,ACC-00323,ACC-01352,19365,2026-01-22T06:57:00.000Z,NEFT,0,Hyderabad,LOW,SYNTHETIC
TXN-0004357,CASE-00513,ACC-00324,ACC-01353,21377,2026-01-21T17:54:00.000Z,NEFT,0,Hyderabad,LOW,SYNTHETIC
TXN-0004358,CASE-00513,ACC-00325,ACC-01354,1550,2026-01-22T03:51:00.000Z,NEFT,0,Hyderabad,LOW,SYNTHETIC
TXN-0004359,CASE-00513,ACC-00326,ACC-01355,4298,2026-01-22T01:48:00.000Z,IMPS,0,Hyderabad,LOW,SYNTHETIC
TXN-0004360,CASE-00513,ACC-00327,ACC-01356,3959,2026-01-21T15:45:00.000Z,TRANSFER,0,Hyderabad,LOW,SYNTHETIC
TXN-0004361,CASE-00513,ACC-00328,ACC-01357,10105,2026-01-22T05:42:00.000Z,NEFT,0,Hyderabad,LOW,SYNTHETIC
TXN-0004362,CASE-00513,ACC-00329,ACC-01358,4340,2026-01-21T13:39:00.000Z,IMPS,0,Hyderabad,LOW,SYNTHETIC
TXN-0004363,CASE-00513,ACC-00330,ACC-01359,13812,2026-01-21T13:36:00.000Z,TRANSFER,0,Hyderabad,LOW,SYNTHETIC
TXN-0004364,CASE-00514,ACC-00339,ACC-01370,5174,2026-01-22T03:00:00.000Z,TRANSFER,0,Coimbatore,LOW,SYNTHETIC
TXN-0004365,CASE-00514,ACC-00340,ACC-01371,20391,2026-01-21T20:57:00.000Z,UPI,0,Coimbatore,LOW,SYNTHETIC
TXN-0004366,CASE-00514,ACC-00341,ACC-01372,6582,2026-01-22T08:54:00.000Z,IMPS,0,Coimbatore,LOW,SYNTHETIC
TXN-0004367,CASE-00514,ACC-00342,ACC-01373,4560,2026-01-22T00:51:00.000Z,UPI,0,Coimbatore,LOW,SYNTHETIC
TXN-0004368,CASE-00514,ACC-00343,ACC-01374,14998,2026-01-21T15:48:00.000Z,IMPS,0,Coimbatore,LOW,SYNTHETIC
TXN-0004369,CASE-00514,ACC-00344,ACC-01375,11761,2026-01-22T01:45:00.000Z,UPI,0,Coimbatore,LOW,SYNTHETIC
TXN-0004370,CASE-00515,ACC-00356,ACC-01389,18325,2026-01-21T20:00:00.000Z,TRANSFER,0,Pune,LOW,SYNTHETIC
TXN-0004371,CASE-00515,ACC-00357,ACC-01390,4141,2026-01-22T07:57:00.000Z,UPI,0,Pune,LOW,SYNTHETIC
TXN-0004372,CASE-00515,ACC-00358,ACC-01391,7078,2026-01-22T04:54:00.000Z,UPI,0,Pune,LOW,SYNTHETIC
TXN-0004373,CASE-00515,ACC-00359,ACC-01392,16910,2026-01-22T04:51:00.000Z,TRANSFER,0,Pune,LOW,SYNTHETIC
TXN-0004374,CASE-00515,ACC-00360,ACC-01393,14977,2026-01-21T15:48:00.000Z,IMPS,0,Pune,LOW,SYNTHETIC
TXN-0004375,CASE-00515,ACC-00361,ACC-01394,11727,2026-01-21T22:45:00.000Z,UPI,0,Pune,LOW,SYNTHETIC
TXN-0004376,CASE-00515,ACC-00362,ACC-01395,4202,2026-01-22T08:42:00.000Z,IMPS,0,Pune,LOW,SYNTHETIC
TXN-0004377,CASE-00515,ACC-01031,ACC-01103,90632,2026-01-22T13:30:00.000Z,UPI,1,Pune,HIGH,SYNTHETIC
TXN-0004378,CASE-00516,ACC-00373,ACC-00008,21273,2026-01-22T11:00:00.000Z,NEFT,0,Vijayawada,LOW,SYNTHETIC
TXN-0004379,CASE-00516,ACC-00374,ACC-00009,18346,2026-01-22T08:57:00.000Z,IMPS,0,Vijayawada,LOW,SYNTHETIC
TXN-0004380,CASE-00516,ACC-00375,ACC-00010,8723,2026-01-21T18:54:00.000Z,NEFT,0,Vijayawada,LOW,SYNTHETIC
TXN-0004381,CASE-00516,ACC-00376,ACC-00011,18763,2026-01-22T02:51:00.000Z,UPI,0,Vijayawada,LOW,SYNTHETIC
TXN-0004382,CASE-00516,ACC-00377,ACC-00012,13446,2026-01-22T00:48:00.000Z,NEFT,0,Vijayawada,LOW,SYNTHETIC
TXN-0004383,CASE-00516,ACC-00378,ACC-00013,11687,2026-01-21T23:45:00.000Z,IMPS,0,Vijayawada,LOW,SYNTHETIC
TXN-0004384,CASE-00516,ACC-00379,ACC-00014,8052,2026-01-21T18:42:00.000Z,UPI,0,Vijayawada,LOW,SYNTHETIC
TXN-0004385,CASE-00516,ACC-00380,ACC-00015,10262,2026-01-22T03:39:00.000Z,IMPS,0,Vijayawada,LOW,SYNTHETIC
TXN-0004386,CASE-00516,ACC-01033,ACC-01116,48022,2026-01-22T12:18:00.000Z,TRANSFER,1,Vijayawada,MEDIUM,SYNTHETIC
TXN-0004387,CASE-00517,ACC-00390,ACC-00027,12504,2026-01-21T19:00:00.000Z,NEFT,0,Chennai,LOW,SYNTHETIC
TXN-0004388,CASE-00517,ACC-00391,ACC-00028,15326,2026-01-21T17:57:00.000Z,UPI,0,Chennai,LOW,SYNTHETIC
TXN-0004389,CASE-00517,ACC-00392,ACC-00029,6521,2026-01-22T05:54:00.000Z,TRANSFER,0,Chennai,LOW,SYNTHETIC
TXN-0004390,CASE-00517,ACC-00393,ACC-00030,12164,2026-01-22T03:51:00.000Z,IMPS,0,Chennai,LOW,SYNTHETIC
TXN-0004391,CASE-00517,ACC-00394,ACC-00031,750,2026-01-21T19:48:00.000Z,UPI,0,Chennai,LOW,SYNTHETIC
TXN-0004392,CASE-00517,ACC-00395,ACC-00032,9152,2026-01-22T11:45:00.000Z,IMPS,0,Chennai,LOW,SYNTHETIC
TXN-0004393,CASE-00517,ACC-01035,ACC-01129,72447,2026-01-22T14:45:00.000Z,NEFT,1,Chennai,HIGH,SYNTHETIC
TXN-0004394,CASE-00517,ACC-01129,ACC-01130,64295,2026-01-22T17:31:00.000Z,IMPS,1,Chennai,MEDIUM,SYNTHETIC
TXN-0004395,CASE-00518,ACC-00407,ACC-00046,3258,2026-01-22T10:00:00.000Z,IMPS,0,Bengaluru,LOW,SYNTHETIC
TXN-0004396,CASE-00518,ACC-00408,ACC-00047,6142,2026-01-22T09:57:00.000Z,UPI,0,Bengaluru,LOW,SYNTHETIC
TXN-0004397,CASE-00518,ACC-00409,ACC-00048,15923,2026-01-22T09:54:00.000Z,NEFT,0,Bengaluru,LOW,SYNTHETIC
TXN-0004398,CASE-00518,ACC-00410,ACC-00049,19267,2026-01-22T10:51:00.000Z,TRANSFER,0,Bengaluru,LOW,SYNTHETIC
TXN-0004399,CASE-00518,ACC-00411,ACC-00050,4905,2026-01-22T04:48:00.000Z,UPI,0,Bengaluru,LOW,SYNTHETIC
TXN-0004400,CASE-00518,ACC-00412,ACC-00051,15798,2026-01-22T05:45:00.000Z,UPI,0,Bengaluru,LOW,SYNTHETIC
TXN-0004401,CASE-00518,ACC-00413,ACC-00052,5777,2026-01-22T09:42:00.000Z,NEFT,0,Bengaluru,LOW,SYNTHETIC
TXN-0004402,CASE-00518,ACC-00414,ACC-00053,3199,2026-01-21T17:39:00.000Z,NEFT,0,Bengaluru,LOW,SYNTHETIC
TXN-0004403,CASE-00518,ACC-00415,ACC-00054,9726,2026-01-21T21:36:00.000Z,IMPS,0,Bengaluru,LOW,SYNTHETIC
TXN-0004404,CASE-00519,ACC-00424,ACC-00065,21930,2026-01-21T19:00:00.000Z,TRANSFER,0,Hyderabad,LOW,SYNTHETIC
TXN-0004405,CASE-00519,ACC-00425,ACC-00066,8784,2026-01-22T13:57:00.000Z,IMPS,0,Hyderabad,LOW,SYNTHETIC
TXN-0004406,CASE-00519,ACC-00426,ACC-00067,8894,2026-01-22T02:54:00.000Z,IMPS,0,Hyderabad,LOW,SYNTHETIC
TXN-0004407,CASE-00519,ACC-00427,ACC-00068,822,2026-01-22T12:51:00.000Z,IMPS,0,Hyderabad,LOW,SYNTHETIC
TXN-0004408,CASE-00519,ACC-00428,ACC-00069,6914,2026-01-22T11:48:00.000Z,NEFT,0,Hyderabad,LOW,SYNTHETIC
TXN-0004409,CASE-00519,ACC-00429,ACC-00070,7090,2026-01-21T19:45:00.000Z,NEFT,0,Hyderabad,LOW,SYNTHETIC
TXN-0004410,CASE-00520,ACC-00441,ACC-00084,13710,2026-01-22T06:00:00.000Z,IMPS,0,Coimbatore,LOW,SYNTHETIC
TXN-0004411,CASE-00520,ACC-00442,ACC-00085,10266,2026-01-22T07:57:00.000Z,UPI,0,Coimbatore,LOW,SYNTHETIC
TXN-0004412,CASE-00520,ACC-00443,ACC-00086,3853,2026-01-22T04:54:00.000Z,NEFT,0,Coimbatore,LOW,SYNTHETIC
TXN-0004413,CASE-00520,ACC-00444,ACC-00087,9299,2026-01-22T10:51:00.000Z,TRANSFER,0,Coimbatore,LOW,SYNTHETIC
TXN-0004414,CASE-00520,ACC-00445,ACC-00088,761,2026-01-22T07:48:00.000Z,TRANSFER,0,Coimbatore,LOW,SYNTHETIC
TXN-0004415,CASE-00520,ACC-00446,ACC-00089,12765,2026-01-22T06:45:00.000Z,IMPS,0,Coimbatore,LOW,SYNTHETIC
TXN-0004416,CASE-00520,ACC-00447,ACC-00090,21589,2026-01-22T01:42:00.000Z,UPI,0,Coimbatore,LOW,SYNTHETIC
TXN-0004417,CASE-00520,ACC-00448,ACC-00091,6646,2026-01-22T14:39:00.000Z,NEFT,0,Coimbatore,LOW,SYNTHETIC
TXN-0004418,CASE-00520,ACC-00449,ACC-00092,1167,2026-01-22T04:36:00.000Z,UPI,0,Coimbatore,LOW,SYNTHETIC
TXN-0004419,CASE-00521,ACC-00458,ACC-00103,10763,2026-01-22T01:00:00.000Z,TRANSFER,0,Pune,LOW,SYNTHETIC
TXN-0004420,CASE-00521,ACC-00459,ACC-00104,11245,2026-01-22T06:57:00.000Z,TRANSFER,0,Pune,LOW,SYNTHETIC
TXN-0004421,CASE-00521,ACC-00460,ACC-00105,14450,2026-01-22T03:54:00.000Z,TRANSFER,0,Pune,LOW,SYNTHETIC
TXN-0004422,CASE-00521,ACC-00461,ACC-00106,19912,2026-01-22T03:51:00.000Z,TRANSFER,0,Pune,LOW,SYNTHETIC
TXN-0004423,CASE-00521,ACC-00462,ACC-00107,2107,2026-01-22T12:48:00.000Z,IMPS,0,Pune,LOW,SYNTHETIC
TXN-0004424,CASE-00521,ACC-00463,ACC-00108,20788,2026-01-21T22:45:00.000Z,UPI,0,Pune,LOW,SYNTHETIC
TXN-0004425,CASE-00521,ACC-00464,ACC-00109,9652,2026-01-21T21:42:00.000Z,NEFT,0,Pune,LOW,SYNTHETIC
TXN-0004426,CASE-00521,ACC-01043,ACC-01181,37351,2026-01-22T17:02:00.000Z,TRANSFER,1,Pune,MEDIUM,SYNTHETIC
TXN-0004427,CASE-00522,ACC-00475,ACC-00122,10489,2026-01-22T17:00:00.000Z,TRANSFER,0,Vijayawada,LOW,SYNTHETIC
TXN-0004428,CASE-00522,ACC-00476,ACC-00123,20871,2026-01-22T13:57:00.000Z,NEFT,0,Vijayawada,LOW,SYNTHETIC
TXN-0004429,CASE-00522,ACC-00477,ACC-00124,14647,2026-01-22T05:54:00.000Z,TRANSFER,0,Vijayawada,LOW,SYNTHETIC
TXN-0004430,CASE-00522,ACC-00478,ACC-00125,6382,2026-01-22T09:51:00.000Z,NEFT,0,Vijayawada,LOW,SYNTHETIC
TXN-0004431,CASE-00522,ACC-00479,ACC-00126,6917,2026-01-22T09:48:00.000Z,UPI,0,Vijayawada,LOW,SYNTHETIC
TXN-0004432,CASE-00522,ACC-00480,ACC-00127,11611,2026-01-22T03:45:00.000Z,IMPS,0,Vijayawada,LOW,SYNTHETIC
TXN-0004433,CASE-00522,ACC-00481,ACC-00128,20024,2026-01-22T04:42:00.000Z,UPI,0,Vijayawada,LOW,SYNTHETIC
TXN-0004434,CASE-00522,ACC-00482,ACC-00129,14758,2026-01-22T04:39:00.000Z,TRANSFER,0,Vijayawada,LOW,SYNTHETIC
TXN-0004435,CASE-00522,ACC-00483,ACC-00130,2648,2026-01-22T03:36:00.000Z,TRANSFER,0,Vijayawada,LOW,SYNTHETIC
TXN-0004436,CASE-00523,ACC-00492,ACC-00141,14572,2026-01-22T05:00:00.000Z,TRANSFER,0,Chennai,LOW,SYNTHETIC
TXN-0004437,CASE-00523,ACC-00493,ACC-00142,3184,2026-01-21T23:57:00.000Z,NEFT,0,Chennai,LOW,SYNTHETIC
TXN-0004438,CASE-00523,ACC-00494,ACC-00143,3354,2026-01-22T07:54:00.000Z,UPI,0,Chennai,LOW,SYNTHETIC
TXN-0004439,CASE-00523,ACC-00495,ACC-00144,16318,2026-01-22T11:51:00.000Z,TRANSFER,0,Chennai,LOW,SYNTHETIC
TXN-0004440,CASE-00523,ACC-00496,ACC-00145,7475,2026-01-22T09:48:00.000Z,UPI,0,Chennai,LOW,SYNTHETIC
TXN-0004441,CASE-00523,ACC-00497,ACC-00146,18183,2026-01-22T01:45:00.000Z,TRANSFER,0,Chennai,LOW,SYNTHETIC
TXN-0004442,CASE-00523,ACC-00498,ACC-00147,16654,2026-01-22T15:42:00.000Z,UPI,0,Chennai,LOW,SYNTHETIC
TXN-0004443,CASE-00523,ACC-00499,ACC-00148,16926,2026-01-22T05:39:00.000Z,UPI,0,Chennai,LOW,SYNTHETIC
TXN-0004444,CASE-00523,ACC-00500,ACC-00149,8034,2026-01-22T09:36:00.000Z,NEFT,0,Chennai,LOW,SYNTHETIC
TXN-0004445,CASE-00523,ACC-01047,ACC-01207,107976,2026-01-22T20:27:00.000Z,UPI,1,Chennai,HIGH,SYNTHETIC
TXN-0004446,CASE-00524,ACC-00509,ACC-00160,21692,2026-01-22T09:00:00.000Z,UPI,0,Bengaluru,LOW,SYNTHETIC
TXN-0004447,CASE-00524,ACC-00510,ACC-00161,12506,2026-01-22T14:57:00.000Z,UPI,0,Bengaluru,LOW,SYNTHETIC
TXN-0004448,CASE-00524,ACC-00511,ACC-00162,13551,2026-01-22T07:54:00.000Z,TRANSFER,0,Bengaluru,LOW,SYNTHETIC
TXN-0004449,CASE-00524,ACC-00512,ACC-00163,9635,2026-01-22T10:51:00.000Z,UPI,0,Bengaluru,LOW,SYNTHETIC
TXN-0004450,CASE-00524,ACC-00513,ACC-00164,15159,2026-01-22T06:48:00.000Z,UPI,0,Bengaluru,LOW,SYNTHETIC
TXN-0004451,CASE-00524,ACC-00514,ACC-00165,2128,2026-01-22T00:45:00.000Z,UPI,0,Bengaluru,LOW,SYNTHETIC
TXN-0004452,CASE-00524,ACC-00515,ACC-00166,15961,2026-01-22T04:42:00.000Z,UPI,0,Bengaluru,LOW,SYNTHETIC
TXN-0004453,CASE-00524,ACC-00516,ACC-00167,1672,2026-01-22T14:39:00.000Z,TRANSFER,0,Bengaluru,LOW,SYNTHETIC
TXN-0004454,CASE-00525,ACC-00526,ACC-00179,2850,2026-01-22T04:00:00.000Z,IMPS,0,Hyderabad,LOW,SYNTHETIC
TXN-0004455,CASE-00525,ACC-00527,ACC-00180,841,2026-01-22T18:57:00.000Z,NEFT,0,Hyderabad,LOW,SYNTHETIC
TXN-0004456,CASE-00525,ACC-00528,ACC-00181,2307,2026-01-22T12:54:00.000Z,TRANSFER,0,Hyderabad,LOW,SYNTHETIC
TXN-0004457,CASE-00525,ACC-00529,ACC-00182,13346,2026-01-22T09:51:00.000Z,NEFT,0,Hyderabad,LOW,SYNTHETIC
TXN-0004458,CASE-00525,ACC-00530,ACC-00183,5126,2026-01-22T03:48:00.000Z,NEFT,0,Hyderabad,LOW,SYNTHETIC
TXN-0004459,CASE-00525,ACC-00531,ACC-00184,9424,2026-01-22T08:45:00.000Z,IMPS,0,Hyderabad,LOW,SYNTHETIC
TXN-0004460,CASE-00525,ACC-00532,ACC-00185,21683,2026-01-22T19:42:00.000Z,UPI,0,Hyderabad,LOW,SYNTHETIC
TXN-0004461,CASE-00526,ACC-00543,ACC-00198,4210,2026-01-22T03:00:00.000Z,NEFT,0,Coimbatore,LOW,SYNTHETIC
TXN-0004462,CASE-00526,ACC-00544,ACC-00199,762,2026-01-22T01:57:00.000Z,IMPS,0,Coimbatore,LOW,SYNTHETIC
TXN-0004463,CASE-00526,ACC-00545,ACC-00200,4696,2026-01-22T17:54:00.000Z,IMPS,0,Coimbatore,LOW,SYNTHETIC
TXN-0004464,CASE-00526,ACC-00546,ACC-00201,4574,2026-01-22T19:51:00.000Z,TRANSFER,0,Coimbatore,LOW,SYNTHETIC
TXN-0004465,CASE-00526,ACC-00547,ACC-00202,21566,2026-01-22T12:48:00.000Z,IMPS,0,Coimbatore,LOW,SYNTHETIC
TXN-0004466,CASE-00526,ACC-00548,ACC-00203,7267,2026-01-22T17:45:00.000Z,NEFT,0,Coimbatore,LOW,SYNTHETIC
TXN-0004467,CASE-00526,ACC-00549,ACC-00204,10644,2026-01-22T01:42:00.000Z,IMPS,0,Coimbatore,LOW,SYNTHETIC
TXN-0004468,CASE-00526,ACC-00550,ACC-00205,11897,2026-01-22T17:39:00.000Z,UPI,0,Coimbatore,LOW,SYNTHETIC
TXN-0004469,CASE-00526,ACC-00551,ACC-00206,9344,2026-01-22T08:36:00.000Z,UPI,0,Coimbatore,LOW,SYNTHETIC
TXN-0004470,CASE-00526,ACC-00552,ACC-00207,17991,2026-01-22T15:33:00.000Z,UPI,0,Coimbatore,LOW,SYNTHETIC
TXN-0004471,CASE-00527,ACC-00560,ACC-00217,20504,2026-01-22T19:00:00.000Z,IMPS,0,Pune,LOW,SYNTHETIC
TXN-0004472,CASE-00527,ACC-00561,ACC-00218,18181,2026-01-22T21:57:00.000Z,NEFT,0,Pune,LOW,SYNTHETIC
TXN-0004473,CASE-00527,ACC-00562,ACC-00219,6602,2026-01-22T11:54:00.000Z,IMPS,0,Pune,LOW,SYNTHETIC
TXN-0004474,CASE-00527,ACC-00563,ACC-00220,7485,2026-01-22T05:51:00.000Z,TRANSFER,0,Pune,LOW,SYNTHETIC
TXN-0004475,CASE-00527,ACC-00564,ACC-00221,2899,2026-01-22T15:48:00.000Z,UPI,0,Pune,LOW,SYNTHETIC
TXN-0004476,CASE-00527,ACC-00565,ACC-00222,12248,2026-01-22T05:45:00.000Z,UPI,0,Pune,LOW,SYNTHETIC
TXN-0004477,CASE-00527,ACC-00566,ACC-00223,5939,2026-01-22T20:42:00.000Z,NEFT,0,Pune,LOW,SYNTHETIC
TXN-0004478,CASE-00527,ACC-01055,ACC-01259,23640,2026-01-23T01:50:00.000Z,UPI,1,Pune,MEDIUM,SYNTHETIC
TXN-0004479,CASE-00527,ACC-01259,ACC-01260,20368,2026-01-23T02:21:00.000Z,NEFT,1,Pune,MEDIUM,SYNTHETIC
TXN-0004480,CASE-00527,ACC-01260,ACC-01261,18984,2026-01-23T04:13:00.000Z,UPI,1,Pune,MEDIUM,SYNTHETIC
TXN-0004481,CASE-00528,ACC-00577,ACC-00236,17900,2026-01-22T04:00:00.000Z,UPI,0,Vijayawada,LOW,SYNTHETIC
TXN-0004482,CASE-00528,ACC-00578,ACC-00237,6526,2026-01-22T21:57:00.000Z,TRANSFER,0,Vijayawada,LOW,SYNTHETIC
TXN-0004483,CASE-00528,ACC-00579,ACC-00238,14249,2026-01-22T12:54:00.000Z,IMPS,0,Vijayawada,LOW,SYNTHETIC
TXN-0004484,CASE-00528,ACC-00580,ACC-00239,4462,2026-01-22T04:51:00.000Z,UPI,0,Vijayawada,LOW,SYNTHETIC
TXN-0004485,CASE-00528,ACC-00581,ACC-00240,7500,2026-01-22T14:48:00.000Z,TRANSFER,0,Vijayawada,LOW,SYNTHETIC
TXN-0004486,CASE-00528,ACC-00582,ACC-00241,15292,2026-01-22T15:45:00.000Z,TRANSFER,0,Vijayawada,LOW,SYNTHETIC
TXN-0004487,CASE-00528,ACC-00583,ACC-00242,17692,2026-01-22T05:42:00.000Z,TRANSFER,0,Vijayawada,LOW,SYNTHETIC
TXN-0004488,CASE-00529,ACC-00594,ACC-00255,20456,2026-01-22T19:00:00.000Z,TRANSFER,0,Chennai,LOW,SYNTHETIC
TXN-0004489,CASE-00529,ACC-00595,ACC-00256,11878,2026-01-22T13:57:00.000Z,NEFT,0,Chennai,LOW,SYNTHETIC
TXN-0004490,CASE-00529,ACC-00596,ACC-00257,10326,2026-01-22T21:54:00.000Z,IMPS,0,Chennai,LOW,SYNTHETIC
TXN-0004491,CASE-00529,ACC-00597,ACC-00258,10474,2026-01-22T04:51:00.000Z,NEFT,0,Chennai,LOW,SYNTHETIC
TXN-0004492,CASE-00529,ACC-00598,ACC-00259,6196,2026-01-22T06:48:00.000Z,TRANSFER,0,Chennai,LOW,SYNTHETIC
TXN-0004493,CASE-00529,ACC-00599,ACC-00260,13937,2026-01-22T06:45:00.000Z,IMPS,0,Chennai,LOW,SYNTHETIC
TXN-0004494,CASE-00529,ACC-00600,ACC-00261,19242,2026-01-22T07:42:00.000Z,NEFT,0,Chennai,LOW,SYNTHETIC
TXN-0004495,CASE-00529,ACC-00601,ACC-00262,20070,2026-01-22T07:39:00.000Z,NEFT,0,Chennai,LOW,SYNTHETIC
TXN-0004496,CASE-00529,ACC-00602,ACC-00263,12715,2026-01-22T06:36:00.000Z,TRANSFER,0,Chennai,LOW,SYNTHETIC
TXN-0004497,CASE-00530,ACC-00611,ACC-00274,16528,2026-01-23T01:00:00.000Z,IMPS,0,Bengaluru,LOW,SYNTHETIC
TXN-0004498,CASE-00530,ACC-00612,ACC-00275,19236,2026-01-22T13:57:00.000Z,TRANSFER,0,Bengaluru,LOW,SYNTHETIC
TXN-0004499,CASE-00530,ACC-00613,ACC-00276,12926,2026-01-22T15:54:00.000Z,UPI,0,Bengaluru,LOW,SYNTHETIC
TXN-0004500,CASE-00530,ACC-00614,ACC-00277,15250,2026-01-23T00:51:00.000Z,IMPS,0,Bengaluru,LOW,SYNTHETIC
TXN-0004501,CASE-00530,ACC-00615,ACC-00278,5075,2026-01-22T08:48:00.000Z,UPI,0,Bengaluru,LOW,SYNTHETIC
TXN-0004502,CASE-00530,ACC-00616,ACC-00279,2580,2026-01-22T13:45:00.000Z,UPI,0,Bengaluru,LOW,SYNTHETIC
TXN-0004503,CASE-00530,ACC-00617,ACC-00280,6625,2026-01-22T09:42:00.000Z,UPI,0,Bengaluru,LOW,SYNTHETIC
TXN-0004504,CASE-00531,ACC-00628,ACC-00293,4064,2026-01-22T07:00:00.000Z,TRANSFER,0,Hyderabad,LOW,SYNTHETIC
TXN-0004505,CASE-00531,ACC-00629,ACC-00294,16597,2026-01-22T21:57:00.000Z,UPI,0,Hyderabad,LOW,SYNTHETIC
TXN-0004506,CASE-00531,ACC-00630,ACC-00295,7128,2026-01-22T11:54:00.000Z,TRANSFER,0,Hyderabad,LOW,SYNTHETIC
TXN-0004507,CASE-00531,ACC-00631,ACC-00296,10370,2026-01-22T16:51:00.000Z,UPI,0,Hyderabad,LOW,SYNTHETIC
TXN-0004508,CASE-00531,ACC-00632,ACC-00297,10975,2026-01-23T00:48:00.000Z,TRANSFER,0,Hyderabad,LOW,SYNTHETIC
TXN-0004509,CASE-00531,ACC-00633,ACC-00298,20614,2026-01-22T18:45:00.000Z,TRANSFER,0,Hyderabad,LOW,SYNTHETIC
TXN-0004510,CASE-00531,ACC-00634,ACC-00299,18433,2026-01-22T08:42:00.000Z,NEFT,0,Hyderabad,LOW,SYNTHETIC
TXN-0004511,CASE-00531,ACC-00635,ACC-00300,21066,2026-01-22T18:39:00.000Z,NEFT,0,Hyderabad,LOW,SYNTHETIC
TXN-0004512,CASE-00531,ACC-01063,ACC-01311,26784,2026-01-23T03:16:00.000Z,NEFT,1,Hyderabad,MEDIUM,SYNTHETIC
TXN-0004513,CASE-00532,ACC-00645,ACC-00312,5202,2026-01-22T17:00:00.000Z,UPI,0,Coimbatore,LOW,SYNTHETIC
TXN-0004514,CASE-00532,ACC-00646,ACC-00313,13822,2026-01-23T01:57:00.000Z,NEFT,0,Coimbatore,LOW,SYNTHETIC
TXN-0004515,CASE-00532,ACC-00647,ACC-00314,2951,2026-01-22T13:54:00.000Z,UPI,0,Coimbatore,LOW,SYNTHETIC
TXN-0004516,CASE-00532,ACC-00648,ACC-00315,19908,2026-01-22T19:51:00.000Z,IMPS,0,Coimbatore,LOW,SYNTHETIC
TXN-0004517,CASE-00532,ACC-00649,ACC-00316,13759,2026-01-23T02:48:00.000Z,TRANSFER,0,Coimbatore,LOW,SYNTHETIC
TXN-0004518,CASE-00532,ACC-00650,ACC-00317,2913,2026-01-22T17:45:00.000Z,NEFT,0,Coimbatore,LOW,SYNTHETIC
TXN-0004519,CASE-00532,ACC-00651,ACC-00318,1502,2026-01-22T15:42:00.000Z,IMPS,0,Coimbatore,LOW,SYNTHETIC
TXN-0004520,CASE-00532,ACC-00652,ACC-00319,14755,2026-01-22T19:39:00.000Z,TRANSFER,0,Coimbatore,LOW,SYNTHETIC
TXN-0004521,CASE-00532,ACC-00653,ACC-00320,2407,2026-01-23T01:36:00.000Z,UPI,0,Coimbatore,LOW,SYNTHETIC
TXN-0004522,CASE-00532,ACC-00654,ACC-00321,6441,2026-01-22T20:33:00.000Z,IMPS,0,Coimbatore,LOW,SYNTHETIC
TXN-0004523,CASE-00533,ACC-00662,ACC-00331,734,2026-01-22T09:00:00.000Z,IMPS,0,Pune,LOW,SYNTHETIC
TXN-0004524,CASE-00533,ACC-00663,ACC-00332,4362,2026-01-23T03:57:00.000Z,IMPS,0,Pune,LOW,SYNTHETIC
TXN-0004525,CASE-00533,ACC-00664,ACC-00333,7729,2026-01-22T23:54:00.000Z,UPI,0,Pune,LOW,SYNTHETIC
TXN-0004526,CASE-00533,ACC-00665,ACC-00334,11019,2026-01-22T16:51:00.000Z,UPI,0,Pune,LOW,SYNTHETIC
TXN-0004527,CASE-00533,ACC-00666,ACC-00335,5609,2026-01-22T16:48:00.000Z,IMPS,0,Pune,LOW,SYNTHETIC
TXN-0004528,CASE-00533,ACC-00667,ACC-00336,7336,2026-01-22T08:45:00.000Z,TRANSFER,0,Pune,LOW,SYNTHETIC
TXN-0004529,CASE-00533,ACC-01067,ACC-01337,48076,2026-01-23T06:24:00.000Z,IMPS,1,Pune,MEDIUM,SYNTHETIC
TXN-0004530,CASE-00534,ACC-00679,ACC-00350,12042,2026-01-22T15:00:00.000Z,NEFT,0,Vijayawada,LOW,SYNTHETIC
TXN-0004531,CASE-00534,ACC-00680,ACC-00351,6906,2026-01-22T15:57:00.000Z,TRANSFER,0,Vijayawada,LOW,SYNTHETIC
TXN-0004532,CASE-00534,ACC-00681,ACC-00352,11077,2026-01-22T16:54:00.000Z,UPI,0,Vijayawada,LOW,SYNTHETIC
TXN-0004533,CASE-00534,ACC-00682,ACC-00353,12792,2026-01-22T20:51:00.000Z,NEFT,0,Vijayawada,LOW,SYNTHETIC
TXN-0004534,CASE-00534,ACC-00683,ACC-00354,6709,2026-01-22T22:48:00.000Z,UPI,0,Vijayawada,LOW,SYNTHETIC
TXN-0004535,CASE-00534,ACC-00684,ACC-00355,7912,2026-01-23T01:45:00.000Z,UPI,0,Vijayawada,LOW,SYNTHETIC
TXN-0004536,CASE-00534,ACC-00685,ACC-00356,19603,2026-01-22T15:42:00.000Z,UPI,0,Vijayawada,LOW,SYNTHETIC
TXN-0004537,CASE-00534,ACC-00686,ACC-00357,11015,2026-01-23T02:39:00.000Z,IMPS,0,Vijayawada,LOW,SYNTHETIC
TXN-0004538,CASE-00534,ACC-01069,ACC-01350,76927,2026-01-24T10:00:00.000Z,IMPS,1,Vijayawada,HIGH,SYNTHETIC
TXN-0004539,CASE-00535,ACC-00696,ACC-00369,21022,2026-01-22T13:00:00.000Z,NEFT,0,Chennai,LOW,SYNTHETIC
TXN-0004540,CASE-00535,ACC-00697,ACC-00370,16034,2026-01-22T13:57:00.000Z,TRANSFER,0,Chennai,LOW,SYNTHETIC
TXN-0004541,CASE-00535,ACC-00698,ACC-00371,18169,2026-01-22T13:54:00.000Z,IMPS,0,Chennai,LOW,SYNTHETIC
TXN-0004542,CASE-00535,ACC-00699,ACC-00372,7882,2026-01-22T14:51:00.000Z,TRANSFER,0,Chennai,LOW,SYNTHETIC
TXN-0004543,CASE-00535,ACC-00700,ACC-00373,13901,2026-01-22T18:48:00.000Z,IMPS,0,Chennai,LOW,SYNTHETIC
TXN-0004544,CASE-00535,ACC-00701,ACC-00374,952,2026-01-22T15:45:00.000Z,UPI,0,Chennai,LOW,SYNTHETIC
TXN-0004545,CASE-00535,ACC-00702,ACC-00375,17980,2026-01-22T11:42:00.000Z,IMPS,0,Chennai,LOW,SYNTHETIC
TXN-0004546,CASE-00535,ACC-00703,ACC-00376,9982,2026-01-22T21:39:00.000Z,TRANSFER,0,Chennai,LOW,SYNTHETIC
TXN-0004547,CASE-00536,ACC-00713,ACC-00388,4039,2026-01-23T00:00:00.000Z,TRANSFER,0,Bengaluru,LOW,SYNTHETIC
TXN-0004548,CASE-00536,ACC-00714,ACC-00389,15836,2026-01-23T01:57:00.000Z,NEFT,0,Bengaluru,LOW,SYNTHETIC
TXN-0004549,CASE-00536,ACC-00715,ACC-00390,9032,2026-01-22T14:54:00.000Z,NEFT,0,Bengaluru,LOW,SYNTHETIC
TXN-0004550,CASE-00536,ACC-00716,ACC-00391,20029,2026-01-22T20:51:00.000Z,NEFT,0,Bengaluru,LOW,SYNTHETIC
TXN-0004551,CASE-00536,ACC-00717,ACC-00392,1122,2026-01-23T06:48:00.000Z,NEFT,0,Bengaluru,LOW,SYNTHETIC
TXN-0004552,CASE-00536,ACC-00718,ACC-00393,10777,2026-01-22T17:45:00.000Z,TRANSFER,0,Bengaluru,LOW,SYNTHETIC
TXN-0004553,CASE-00536,ACC-00719,ACC-00394,4486,2026-01-22T15:42:00.000Z,TRANSFER,0,Bengaluru,LOW,SYNTHETIC
TXN-0004554,CASE-00536,ACC-00720,ACC-00395,9417,2026-01-22T13:39:00.000Z,NEFT,0,Bengaluru,LOW,SYNTHETIC
TXN-0004555,CASE-00536,ACC-00721,ACC-00396,5737,2026-01-22T13:36:00.000Z,UPI,0,Bengaluru,LOW,SYNTHETIC
TXN-0004556,CASE-00536,ACC-00722,ACC-00397,18424,2026-01-22T16:33:00.000Z,UPI,0,Bengaluru,LOW,SYNTHETIC
TXN-0004557,CASE-00537,ACC-00730,ACC-00407,4951,2026-01-23T01:00:00.000Z,TRANSFER,0,Hyderabad,LOW,SYNTHETIC
TXN-0004558,CASE-00537,ACC-00731,ACC-00408,12981,2026-01-22T14:57:00.000Z,TRANSFER,0,Hyderabad,LOW,SYNTHETIC
TXN-0004559,CASE-00537,ACC-00732,ACC-00409,17462,2026-01-23T06:54:00.000Z,NEFT,0,Hyderabad,LOW,SYNTHETIC
TXN-0004560,CASE-00537,ACC-00733,ACC-00410,8983,2026-01-23T02:51:00.000Z,NEFT,0,Hyderabad,LOW,SYNTHETIC
TXN-0004561,CASE-00537,ACC-00734,ACC-00411,3799,2026-01-22T21:48:00.000Z,UPI,0,Hyderabad,LOW,SYNTHETIC
TXN-0004562,CASE-00537,ACC-00735,ACC-00412,6370,2026-01-23T02:45:00.000Z,TRANSFER,0,Hyderabad,LOW,SYNTHETIC
TXN-0004563,CASE-00537,ACC-00736,ACC-00413,5860,2026-01-23T01:42:00.000Z,IMPS,0,Hyderabad,LOW,SYNTHETIC
TXN-0004564,CASE-00538,ACC-00747,ACC-00426,16359,2026-01-22T18:00:00.000Z,TRANSFER,0,Coimbatore,LOW,SYNTHETIC
TXN-0004565,CASE-00538,ACC-00748,ACC-00427,2764,2026-01-23T00:57:00.000Z,TRANSFER,0,Coimbatore,LOW,SYNTHETIC
TXN-0004566,CASE-00538,ACC-00749,ACC-00428,18477,2026-01-23T00:54:00.000Z,IMPS,0,Coimbatore,LOW,SYNTHETIC
TXN-0004567,CASE-00538,ACC-00750,ACC-00429,675,2026-01-22T21:51:00.000Z,IMPS,0,Coimbatore,LOW,SYNTHETIC
TXN-0004568,CASE-00538,ACC-00751,ACC-00430,4222,2026-01-22T23:48:00.000Z,UPI,0,Coimbatore,LOW,SYNTHETIC
TXN-0004569,CASE-00538,ACC-00752,ACC-00431,7255,2026-01-22T14:45:00.000Z,NEFT,0,Coimbatore,LOW,SYNTHETIC
TXN-0004570,CASE-00538,ACC-00753,ACC-00432,4466,2026-01-22T18:42:00.000Z,IMPS,0,Coimbatore,LOW,SYNTHETIC
TXN-0004571,CASE-00538,ACC-00754,ACC-00433,19084,2026-01-23T06:39:00.000Z,IMPS,0,Coimbatore,LOW,SYNTHETIC
TXN-0004572,CASE-00539,ACC-00764,ACC-00445,6942,2026-01-22T19:00:00.000Z,UPI,0,Pune,LOW,SYNTHETIC
TXN-0004573,CASE-00539,ACC-00765,ACC-00446,12959,2026-01-23T01:57:00.000Z,UPI,0,Pune,LOW,SYNTHETIC
TXN-0004574,CASE-00539,ACC-00766,ACC-00447,19416,2026-01-23T05:54:00.000Z,IMPS,0,Pune,LOW,SYNTHETIC
TXN-0004575,CASE-00539,ACC-00767,ACC-00448,12666,2026-01-22T14:51:00.000Z,NEFT,0,Pune,LOW,SYNTHETIC
TXN-0004576,CASE-00539,ACC-00768,ACC-00449,16493,2026-01-22T19:48:00.000Z,UPI,0,Pune,LOW,SYNTHETIC
TXN-0004577,CASE-00539,ACC-00769,ACC-00450,2100,2026-01-23T03:45:00.000Z,NEFT,0,Pune,LOW,SYNTHETIC
TXN-0004578,CASE-00539,ACC-00770,ACC-00451,12136,2026-01-22T16:42:00.000Z,IMPS,0,Pune,LOW,SYNTHETIC
TXN-0004579,CASE-00539,ACC-00771,ACC-00452,16152,2026-01-22T20:39:00.000Z,NEFT,0,Pune,LOW,SYNTHETIC
TXN-0004580,CASE-00539,ACC-00772,ACC-00453,21274,2026-01-23T06:36:00.000Z,IMPS,0,Pune,LOW,SYNTHETIC
TXN-0004581,CASE-00540,ACC-00781,ACC-00464,1908,2026-01-23T03:00:00.000Z,UPI,0,Vijayawada,LOW,SYNTHETIC
TXN-0004582,CASE-00540,ACC-00782,ACC-00465,10067,2026-01-23T09:57:00.000Z,IMPS,0,Vijayawada,LOW,SYNTHETIC
TXN-0004583,CASE-00540,ACC-00783,ACC-00466,3349,2026-01-22T18:54:00.000Z,NEFT,0,Vijayawada,LOW,SYNTHETIC
TXN-0004584,CASE-00540,ACC-00784,ACC-00467,16942,2026-01-23T03:51:00.000Z,NEFT,0,Vijayawada,LOW,SYNTHETIC
TXN-0004585,CASE-00540,ACC-00785,ACC-00468,1619,2026-01-22T15:48:00.000Z,NEFT,0,Vijayawada,LOW,SYNTHETIC
TXN-0004586,CASE-00540,ACC-00786,ACC-00469,7614,2026-01-22T20:45:00.000Z,NEFT,0,Vijayawada,LOW,SYNTHETIC
TXN-0004587,CASE-00541,ACC-00798,ACC-00483,10470,2026-01-23T11:00:00.000Z,IMPS,0,Chennai,LOW,SYNTHETIC
TXN-0004588,CASE-00541,ACC-00799,ACC-00484,10024,2026-01-23T08:57:00.000Z,IMPS,0,Chennai,LOW,SYNTHETIC
TXN-0004589,CASE-00541,ACC-00800,ACC-00485,5452,2026-01-23T05:54:00.000Z,UPI,0,Chennai,LOW,SYNTHETIC
TXN-0004590,CASE-00541,ACC-00801,ACC-00486,10707,2026-01-23T00:51:00.000Z,NEFT,0,Chennai,LOW,SYNTHETIC
TXN-0004591,CASE-00541,ACC-00802,ACC-00487,14958,2026-01-22T17:48:00.000Z,NEFT,0,Chennai,LOW,SYNTHETIC
TXN-0004592,CASE-00541,ACC-00803,ACC-00488,5668,2026-01-23T11:45:00.000Z,IMPS,0,Chennai,LOW,SYNTHETIC
TXN-0004593,CASE-00542,ACC-00815,ACC-00502,16175,2026-01-23T12:00:00.000Z,NEFT,0,Bengaluru,LOW,SYNTHETIC
TXN-0004594,CASE-00542,ACC-00816,ACC-00503,2110,2026-01-23T02:57:00.000Z,NEFT,0,Bengaluru,LOW,SYNTHETIC
TXN-0004595,CASE-00542,ACC-00817,ACC-00504,2365,2026-01-22T17:54:00.000Z,IMPS,0,Bengaluru,LOW,SYNTHETIC
TXN-0004596,CASE-00542,ACC-00818,ACC-00505,20810,2026-01-22T19:51:00.000Z,NEFT,0,Bengaluru,LOW,SYNTHETIC
TXN-0004597,CASE-00542,ACC-00819,ACC-00506,18076,2026-01-23T10:48:00.000Z,NEFT,0,Bengaluru,LOW,SYNTHETIC
TXN-0004598,CASE-00542,ACC-00820,ACC-00507,17341,2026-01-22T21:45:00.000Z,IMPS,0,Bengaluru,LOW,SYNTHETIC
TXN-0004599,CASE-00543,ACC-00832,ACC-00521,7131,2026-01-23T11:00:00.000Z,TRANSFER,0,Hyderabad,LOW,SYNTHETIC
TXN-0004600,CASE-00543,ACC-00833,ACC-00522,16083,2026-01-23T11:57:00.000Z,NEFT,0,Hyderabad,LOW,SYNTHETIC
TXN-0004601,CASE-00543,ACC-00834,ACC-00523,7097,2026-01-23T07:54:00.000Z,TRANSFER,0,Hyderabad,LOW,SYNTHETIC
TXN-0004602,CASE-00543,ACC-00835,ACC-00524,4777,2026-01-23T02:51:00.000Z,NEFT,0,Hyderabad,LOW,SYNTHETIC
TXN-0004603,CASE-00543,ACC-00836,ACC-00525,14863,2026-01-22T18:48:00.000Z,IMPS,0,Hyderabad,LOW,SYNTHETIC
TXN-0004604,CASE-00543,ACC-00837,ACC-00526,4148,2026-01-23T06:45:00.000Z,UPI,0,Hyderabad,LOW,SYNTHETIC
TXN-0004605,CASE-00543,ACC-00838,ACC-00527,9147,2026-01-23T13:42:00.000Z,IMPS,0,Hyderabad,LOW,SYNTHETIC
TXN-0004606,CASE-00544,ACC-00849,ACC-00540,2704,2026-01-22T21:00:00.000Z,NEFT,0,Coimbatore,LOW,SYNTHETIC
TXN-0004607,CASE-00544,ACC-00850,ACC-00541,20175,2026-01-23T00:57:00.000Z,NEFT,0,Coimbatore,LOW,SYNTHETIC
TXN-0004608,CASE-00544,ACC-00851,ACC-00542,2065,2026-01-23T01:54:00.000Z,TRANSFER,0,Coimbatore,LOW,SYNTHETIC
TXN-0004609,CASE-00544,ACC-00852,ACC-00543,733,2026-01-23T09:51:00.000Z,TRANSFER,0,Coimbatore,LOW,SYNTHETIC
TXN-0004610,CASE-00544,ACC-00853,ACC-00544,19227,2026-01-23T13:48:00.000Z,TRANSFER,0,Coimbatore,LOW,SYNTHETIC
TXN-0004611,CASE-00544,ACC-00854,ACC-00545,15152,2026-01-23T11:45:00.000Z,TRANSFER,0,Coimbatore,LOW,SYNTHETIC
TXN-0004612,CASE-00544,ACC-00855,ACC-00546,18617,2026-01-23T09:42:00.000Z,UPI,0,Coimbatore,LOW,SYNTHETIC
TXN-0004613,CASE-00544,ACC-00856,ACC-00547,935,2026-01-22T21:39:00.000Z,IMPS,0,Coimbatore,LOW,SYNTHETIC
TXN-0004614,CASE-00545,ACC-00866,ACC-00559,12903,2026-01-22T21:00:00.000Z,TRANSFER,0,Pune,LOW,SYNTHETIC
TXN-0004615,CASE-00545,ACC-00867,ACC-00560,21027,2026-01-23T12:57:00.000Z,NEFT,0,Pune,LOW,SYNTHETIC
TXN-0004616,CASE-00545,ACC-00868,ACC-00561,2236,2026-01-23T13:54:00.000Z,NEFT,0,Pune,LOW,SYNTHETIC
TXN-0004617,CASE-00545,ACC-00869,ACC-00562,1069,2026-01-23T07:51:00.000Z,UPI,0,Pune,LOW,SYNTHETIC
TXN-0004618,CASE-00545,ACC-00870,ACC-00563,6418,2026-01-23T13:48:00.000Z,IMPS,0,Pune,LOW,SYNTHETIC
TXN-0004619,CASE-00545,ACC-00871,ACC-00564,15644,2026-01-23T06:45:00.000Z,TRANSFER,0,Pune,LOW,SYNTHETIC
TXN-0004620,CASE-00545,ACC-00872,ACC-00565,15141,2026-01-22T23:42:00.000Z,TRANSFER,0,Pune,LOW,SYNTHETIC
TXN-0004621,CASE-00545,ACC-00873,ACC-00566,3285,2026-01-23T11:39:00.000Z,NEFT,0,Pune,LOW,SYNTHETIC
TXN-0004622,CASE-00545,ACC-00874,ACC-00567,2706,2026-01-23T03:36:00.000Z,TRANSFER,0,Pune,LOW,SYNTHETIC
TXN-0004623,CASE-00546,ACC-00883,ACC-00578,8191,2026-01-23T07:00:00.000Z,UPI,0,Vijayawada,LOW,SYNTHETIC
TXN-0004624,CASE-00546,ACC-00884,ACC-00579,21842,2026-01-23T09:57:00.000Z,UPI,0,Vijayawada,LOW,SYNTHETIC
TXN-0004625,CASE-00546,ACC-00885,ACC-00580,6178,2026-01-22T23:54:00.000Z,IMPS,0,Vijayawada,LOW,SYNTHETIC
TXN-0004626,CASE-00546,ACC-00886,ACC-00581,10874,2026-01-23T16:51:00.000Z,UPI,0,Vijayawada,LOW,SYNTHETIC
TXN-0004627,CASE-00546,ACC-00887,ACC-00582,16820,2026-01-23T07:48:00.000Z,IMPS,0,Vijayawada,LOW,SYNTHETIC
TXN-0004628,CASE-00546,ACC-00888,ACC-00583,525,2026-01-23T04:45:00.000Z,UPI,0,Vijayawada,LOW,SYNTHETIC
TXN-0004629,CASE-00546,ACC-00889,ACC-00584,2878,2026-01-23T14:42:00.000Z,IMPS,0,Vijayawada,LOW,SYNTHETIC
TXN-0004630,CASE-00546,ACC-00890,ACC-00585,20768,2026-01-23T06:39:00.000Z,UPI,0,Vijayawada,LOW,SYNTHETIC
TXN-0004631,CASE-00547,ACC-00900,ACC-00597,11174,2026-01-23T14:00:00.000Z,NEFT,0,Chennai,LOW,SYNTHETIC
TXN-0004632,CASE-00547,ACC-00901,ACC-00598,12000,2026-01-23T12:57:00.000Z,IMPS,0,Chennai,LOW,SYNTHETIC
TXN-0004633,CASE-00547,ACC-00902,ACC-00599,15324,2026-01-23T15:54:00.000Z,TRANSFER,0,Chennai,LOW,SYNTHETIC
TXN-0004634,CASE-00547,ACC-00903,ACC-00600,15679,2026-01-23T00:51:00.000Z,IMPS,0,Chennai,LOW,SYNTHETIC
TXN-0004635,CASE-00547,ACC-00904,ACC-00601,5924,2026-01-23T04:48:00.000Z,TRANSFER,0,Chennai,LOW,SYNTHETIC
TXN-0004636,CASE-00547,ACC-00905,ACC-00602,19936,2026-01-23T13:45:00.000Z,TRANSFER,0,Chennai,LOW,SYNTHETIC
TXN-0004637,CASE-00547,ACC-01095,ACC-00119,106462,2026-01-23T21:18:00.000Z,IMPS,1,Chennai,HIGH,SYNTHETIC
TXN-0004638,CASE-00547,ACC-00119,ACC-00120,92034,2026-01-23T23:54:00.000Z,IMPS,1,Chennai,HIGH,SYNTHETIC
TXN-0004639,CASE-00547,ACC-00120,ACC-00121,82730,2026-01-24T02:12:00.000Z,IMPS,1,Chennai,HIGH,SYNTHETIC
TXN-0004640,CASE-00548,ACC-00917,ACC-00616,14262,2026-01-23T08:00:00.000Z,UPI,0,Bengaluru,LOW,SYNTHETIC
TXN-0004641,CASE-00548,ACC-00918,ACC-00617,11512,2026-01-23T14:57:00.000Z,TRANSFER,0,Bengaluru,LOW,SYNTHETIC
TXN-0004642,CASE-00548,ACC-00919,ACC-00618,18275,2026-01-23T03:54:00.000Z,TRANSFER,0,Bengaluru,LOW,SYNTHETIC
TXN-0004643,CASE-00548,ACC-00920,ACC-00619,11297,2026-01-23T11:51:00.000Z,NEFT,0,Bengaluru,LOW,SYNTHETIC
TXN-0004644,CASE-00548,ACC-00921,ACC-00620,14746,2026-01-23T05:48:00.000Z,TRANSFER,0,Bengaluru,LOW,SYNTHETIC
TXN-0004645,CASE-00548,ACC-00922,ACC-00621,15177,2026-01-23T14:45:00.000Z,UPI,0,Bengaluru,LOW,SYNTHETIC
TXN-0004646,CASE-00548,ACC-00923,ACC-00622,7620,2026-01-23T08:42:00.000Z,NEFT,0,Bengaluru,LOW,SYNTHETIC
TXN-0004647,CASE-00548,ACC-00924,ACC-00623,5175,2026-01-23T08:39:00.000Z,IMPS,0,Bengaluru,LOW,SYNTHETIC
TXN-0004648,CASE-00549,ACC-00934,ACC-00635,2267,2026-01-23T06:00:00.000Z,NEFT,0,Hyderabad,LOW,SYNTHETIC
TXN-0004649,CASE-00549,ACC-00935,ACC-00636,7318,2026-01-23T14:57:00.000Z,TRANSFER,0,Hyderabad,LOW,SYNTHETIC
TXN-0004650,CASE-00549,ACC-00936,ACC-00637,541,2026-01-23T07:54:00.000Z,TRANSFER,0,Hyderabad,LOW,SYNTHETIC
TXN-0004651,CASE-00549,ACC-00937,ACC-00638,2139,2026-01-23T07:51:00.000Z,NEFT,0,Hyderabad,LOW,SYNTHETIC
TXN-0004652,CASE-00549,ACC-00938,ACC-00639,9839,2026-01-23T05:48:00.000Z,TRANSFER,0,Hyderabad,LOW,SYNTHETIC
TXN-0004653,CASE-00549,ACC-00939,ACC-00640,12615,2026-01-23T13:45:00.000Z,IMPS,0,Hyderabad,LOW,SYNTHETIC
TXN-0004654,CASE-00549,ACC-00940,ACC-00641,3955,2026-01-23T13:42:00.000Z,NEFT,0,Hyderabad,LOW,SYNTHETIC
TXN-0004655,CASE-00549,ACC-00941,ACC-00642,781,2026-01-23T04:39:00.000Z,UPI,0,Hyderabad,LOW,SYNTHETIC
TXN-0004656,CASE-00549,ACC-00942,ACC-00643,2186,2026-01-23T17:36:00.000Z,IMPS,0,Hyderabad,LOW,SYNTHETIC
TXN-0004657,CASE-00550,ACC-00951,ACC-00654,5512,2026-01-23T06:00:00.000Z,TRANSFER,0,Coimbatore,LOW,SYNTHETIC
TXN-0004658,CASE-00550,ACC-00952,ACC-00655,9668,2026-01-23T04:57:00.000Z,UPI,0,Coimbatore,LOW,SYNTHETIC
TXN-0004659,CASE-00550,ACC-00953,ACC-00656,16840,2026-01-23T02:54:00.000Z,UPI,0,Coimbatore,LOW,SYNTHETIC
TXN-0004660,CASE-00550,ACC-00954,ACC-00657,3247,2026-01-23T20:51:00.000Z,UPI,0,Coimbatore,LOW,SYNTHETIC
TXN-0004661,CASE-00550,ACC-00955,ACC-00658,5558,2026-01-23T18:48:00.000Z,TRANSFER,0,Coimbatore,LOW,SYNTHETIC
TXN-0004662,CASE-00550,ACC-00956,ACC-00659,8285,2026-01-23T12:45:00.000Z,TRANSFER,0,Coimbatore,LOW,SYNTHETIC
TXN-0004663,CASE-00550,ACC-00957,ACC-00660,17859,2026-01-23T08:42:00.000Z,IMPS,0,Coimbatore,LOW,SYNTHETIC
TXN-0004664,CASE-00550,ACC-00958,ACC-00661,1310,2026-01-23T09:39:00.000Z,TRANSFER,0,Coimbatore,LOW,SYNTHETIC
TXN-0004665,CASE-00551,ACC-00968,ACC-00673,1594,2026-01-23T20:00:00.000Z,UPI,0,Pune,LOW,SYNTHETIC
TXN-0004666,CASE-00551,ACC-00969,ACC-00674,8018,2026-01-23T06:57:00.000Z,TRANSFER,0,Pune,LOW,SYNTHETIC
TXN-0004667,CASE-00551,ACC-00970,ACC-00675,14216,2026-01-23T07:54:00.000Z,TRANSFER,0,Pune,LOW,SYNTHETIC
TXN-0004668,CASE-00551,ACC-00971,ACC-00676,2860,2026-01-23T14:51:00.000Z,TRANSFER,0,Pune,LOW,SYNTHETIC
TXN-0004669,CASE-00551,ACC-00972,ACC-00677,17798,2026-01-23T18:48:00.000Z,TRANSFER,0,Pune,LOW,SYNTHETIC
TXN-0004670,CASE-00551,ACC-00973,ACC-00678,13196,2026-01-23T16:45:00.000Z,TRANSFER,0,Pune,LOW,SYNTHETIC
TXN-0004671,CASE-00551,ACC-00974,ACC-00679,18526,2026-01-23T07:42:00.000Z,TRANSFER,0,Pune,LOW,SYNTHETIC
TXN-0004672,CASE-00551,ACC-00975,ACC-00680,9060,2026-01-23T14:39:00.000Z,NEFT,0,Pune,LOW,SYNTHETIC
TXN-0004673,CASE-00551,ACC-00976,ACC-00681,20137,2026-01-23T17:36:00.000Z,TRANSFER,0,Pune,LOW,SYNTHETIC
TXN-0004674,CASE-00552,ACC-00985,ACC-00692,5485,2026-01-23T16:00:00.000Z,NEFT,0,Vijayawada,LOW,SYNTHETIC
TXN-0004675,CASE-00552,ACC-00986,ACC-00693,19181,2026-01-23T17:57:00.000Z,NEFT,0,Vijayawada,LOW,SYNTHETIC
TXN-0004676,CASE-00552,ACC-00987,ACC-00694,11099,2026-01-23T18:54:00.000Z,IMPS,0,Vijayawada,LOW,SYNTHETIC
TXN-0004677,CASE-00552,ACC-00988,ACC-00695,3462,2026-01-23T16:51:00.000Z,NEFT,0,Vijayawada,LOW,SYNTHETIC
TXN-0004678,CASE-00552,ACC-00989,ACC-00696,1736,2026-01-23T07:48:00.000Z,UPI,0,Vijayawada,LOW,SYNTHETIC
TXN-0004679,CASE-00552,ACC-00990,ACC-00697,20774,2026-01-23T10:45:00.000Z,IMPS,0,Vijayawada,LOW,SYNTHETIC
TXN-0004680,CASE-00552,ACC-00991,ACC-00698,17597,2026-01-23T10:42:00.000Z,IMPS,0,Vijayawada,LOW,SYNTHETIC
TXN-0004681,CASE-00552,ACC-00992,ACC-00699,7359,2026-01-23T07:39:00.000Z,IMPS,0,Vijayawada,LOW,SYNTHETIC
TXN-0004682,CASE-00552,ACC-00993,ACC-00700,1886,2026-01-23T17:36:00.000Z,UPI,0,Vijayawada,LOW,SYNTHETIC
TXN-0004683,CASE-00552,ACC-00994,ACC-00701,11396,2026-01-23T07:33:00.000Z,NEFT,0,Vijayawada,LOW,SYNTHETIC
TXN-0004684,CASE-00552,ACC-01105,ACC-00184,58327,2026-01-24T01:13:00.000Z,IMPS,1,Vijayawada,MEDIUM,SYNTHETIC
TXN-0004685,CASE-00552,ACC-00184,ACC-00185,51872,2026-01-24T03:52:00.000Z,TRANSFER,1,Vijayawada,MEDIUM,SYNTHETIC
TXN-0004686,CASE-00553,ACC-01002,ACC-00711,21242,2026-01-23T08:00:00.000Z,IMPS,0,Chennai,LOW,SYNTHETIC
TXN-0004687,CASE-00553,ACC-01003,ACC-00712,13684,2026-01-23T08:57:00.000Z,TRANSFER,0,Chennai,LOW,SYNTHETIC
TXN-0004688,CASE-00553,ACC-01004,ACC-00713,6028,2026-01-23T15:54:00.000Z,NEFT,0,Chennai,LOW,SYNTHETIC
TXN-0004689,CASE-00553,ACC-01005,ACC-00714,706,2026-01-23T15:51:00.000Z,UPI,0,Chennai,LOW,SYNTHETIC
TXN-0004690,CASE-00553,ACC-01006,ACC-00715,12559,2026-01-23T05:48:00.000Z,NEFT,0,Chennai,LOW,SYNTHETIC
TXN-0004691,CASE-00553,ACC-01007,ACC-00716,15872,2026-01-23T07:45:00.000Z,IMPS,0,Chennai,LOW,SYNTHETIC
TXN-0004692,CASE-00553,ACC-01107,ACC-00197,38335,2026-01-24T03:48:00.000Z,NEFT,1,Chennai,MEDIUM,SYNTHETIC
TXN-0004693,CASE-00554,ACC-01019,ACC-00730,2352,2026-01-23T14:00:00.000Z,TRANSFER,0,Bengaluru,LOW,SYNTHETIC
TXN-0004694,CASE-00554,ACC-01020,ACC-00731,21640,2026-01-23T13:57:00.000Z,NEFT,0,Bengaluru,LOW,SYNTHETIC
TXN-0004695,CASE-00554,ACC-01021,ACC-00732,4892,2026-01-23T21:54:00.000Z,UPI,0,Bengaluru,LOW,SYNTHETIC
TXN-0004696,CASE-00554,ACC-01022,ACC-00733,3422,2026-01-23T18:51:00.000Z,TRANSFER,0,Bengaluru,LOW,SYNTHETIC
TXN-0004697,CASE-00554,ACC-01023,ACC-00734,15276,2026-01-24T00:48:00.000Z,TRANSFER,0,Bengaluru,LOW,SYNTHETIC
TXN-0004698,CASE-00554,ACC-01024,ACC-00735,9851,2026-01-23T19:45:00.000Z,TRANSFER,0,Bengaluru,LOW,SYNTHETIC
TXN-0004699,CASE-00554,ACC-01025,ACC-00736,9262,2026-01-23T08:42:00.000Z,NEFT,0,Bengaluru,LOW,SYNTHETIC
TXN-0004700,CASE-00554,ACC-01026,ACC-00737,20807,2026-01-23T22:39:00.000Z,TRANSFER,0,Bengaluru,LOW,SYNTHETIC
TXN-0004701,CASE-00554,ACC-01027,ACC-00738,1595,2026-01-23T17:36:00.000Z,IMPS,0,Bengaluru,LOW,SYNTHETIC
TXN-0004702,CASE-00554,ACC-01028,ACC-00739,19237,2026-01-23T14:33:00.000Z,UPI,0,Bengaluru,LOW,SYNTHETIC
TXN-0004703,CASE-00554,ACC-01109,ACC-00210,59167,2026-01-24T19:00:00.000Z,IMPS,1,Bengaluru,MEDIUM,SYNTHETIC
TXN-0004704,CASE-00555,ACC-01036,ACC-00749,3036,2026-01-23T23:00:00.000Z,NEFT,0,Hyderabad,LOW,SYNTHETIC
TXN-0004705,CASE-00555,ACC-01037,ACC-00750,3170,2026-01-23T06:57:00.000Z,UPI,0,Hyderabad,LOW,SYNTHETIC
TXN-0004706,CASE-00555,ACC-01038,ACC-00751,1460,2026-01-23T08:54:00.000Z,NEFT,0,Hyderabad,LOW,SYNTHETIC
TXN-0004707,CASE-00555,ACC-01039,ACC-00752,12723,2026-01-23T09:51:00.000Z,UPI,0,Hyderabad,LOW,SYNTHETIC
TXN-0004708,CASE-00555,ACC-01040,ACC-00753,12030,2026-01-23T16:48:00.000Z,TRANSFER,0,Hyderabad,LOW,SYNTHETIC
TXN-0004709,CASE-00555,ACC-01041,ACC-00754,10114,2026-01-23T06:45:00.000Z,TRANSFER,0,Hyderabad,LOW,SYNTHETIC
TXN-0004710,CASE-00555,ACC-01042,ACC-00755,990,2026-01-23T10:42:00.000Z,IMPS,0,Hyderabad,LOW,SYNTHETIC
TXN-0004711,CASE-00555,ACC-01043,ACC-00756,21939,2026-01-23T22:39:00.000Z,IMPS,0,Hyderabad,LOW,SYNTHETIC
TXN-0004712,CASE-00555,ACC-01044,ACC-00757,3210,2026-01-23T09:36:00.000Z,NEFT,0,Hyderabad,LOW,SYNTHETIC
TXN-0004713,CASE-00555,ACC-01045,ACC-00758,21155,2026-01-24T01:33:00.000Z,NEFT,0,Hyderabad,LOW,SYNTHETIC
TXN-0004714,CASE-00555,ACC-01111,ACC-00223,53393,2026-01-24T05:25:00.000Z,NEFT,1,Hyderabad,MEDIUM,SYNTHETIC
TXN-0004715,CASE-00556,ACC-01053,ACC-00768,9567,2026-01-23T18:00:00.000Z,IMPS,0,Coimbatore,LOW,SYNTHETIC
TXN-0004716,CASE-00556,ACC-01054,ACC-00769,19955,2026-01-23T10:57:00.000Z,IMPS,0,Coimbatore,LOW,SYNTHETIC
TXN-0004717,CASE-00556,ACC-01055,ACC-00770,15597,2026-01-23T14:54:00.000Z,IMPS,0,Coimbatore,LOW,SYNTHETIC
TXN-0004718,CASE-00556,ACC-01056,ACC-00771,1332,2026-01-23T07:51:00.000Z,IMPS,0,Coimbatore,LOW,SYNTHETIC
TXN-0004719,CASE-00556,ACC-01057,ACC-00772,21577,2026-01-23T12:48:00.000Z,NEFT,0,Coimbatore,LOW,SYNTHETIC
TXN-0004720,CASE-00556,ACC-01058,ACC-00773,10734,2026-01-23T13:45:00.000Z,IMPS,0,Coimbatore,LOW,SYNTHETIC
TXN-0004721,CASE-00556,ACC-01059,ACC-00774,13145,2026-01-23T15:42:00.000Z,IMPS,0,Coimbatore,LOW,SYNTHETIC
TXN-0004722,CASE-00557,ACC-01070,ACC-00787,21313,2026-01-23T13:00:00.000Z,UPI,0,Pune,LOW,SYNTHETIC
TXN-0004723,CASE-00557,ACC-01071,ACC-00788,1508,2026-01-24T02:57:00.000Z,UPI,0,Pune,LOW,SYNTHETIC
TXN-0004724,CASE-00557,ACC-01072,ACC-00789,2664,2026-01-24T00:54:00.000Z,TRANSFER,0,Pune,LOW,SYNTHETIC
TXN-0004725,CASE-00557,ACC-01073,ACC-00790,2925,2026-01-23T23:51:00.000Z,TRANSFER,0,Pune,LOW,SYNTHETIC
TXN-0004726,CASE-00557,ACC-01074,ACC-00791,19997,2026-01-23T16:48:00.000Z,IMPS,0,Pune,LOW,SYNTHETIC
TXN-0004727,CASE-00557,ACC-01075,ACC-00792,10688,2026-01-23T22:45:00.000Z,IMPS,0,Pune,LOW,SYNTHETIC
TXN-0004728,CASE-00557,ACC-01115,ACC-00249,82914,2026-01-24T06:51:00.000Z,TRANSFER,1,Pune,HIGH,SYNTHETIC
TXN-0004729,CASE-00557,ACC-00249,ACC-00250,71300,2026-01-24T09:01:00.000Z,UPI,1,Pune,HIGH,SYNTHETIC
TXN-0004730,CASE-00557,ACC-00250,ACC-00251,64774,2026-01-24T09:35:00.000Z,UPI,1,Pune,MEDIUM,SYNTHETIC
TXN-0004731,CASE-00558,ACC-01087,ACC-00806,16527,2026-01-24T00:00:00.000Z,TRANSFER,0,Vijayawada,LOW,SYNTHETIC
TXN-0004732,CASE-00558,ACC-01088,ACC-00807,19113,2026-01-23T09:57:00.000Z,NEFT,0,Vijayawada,LOW,SYNTHETIC
TXN-0004733,CASE-00558,ACC-01089,ACC-00808,15389,2026-01-23T18:54:00.000Z,UPI,0,Vijayawada,LOW,SYNTHETIC
TXN-0004734,CASE-00558,ACC-01090,ACC-00809,13057,2026-01-23T14:51:00.000Z,TRANSFER,0,Vijayawada,LOW,SYNTHETIC
TXN-0004735,CASE-00558,ACC-01091,ACC-00810,12182,2026-01-23T23:48:00.000Z,NEFT,0,Vijayawada,LOW,SYNTHETIC
TXN-0004736,CASE-00558,ACC-01092,ACC-00811,11539,2026-01-23T23:45:00.000Z,TRANSFER,0,Vijayawada,LOW,SYNTHETIC
TXN-0004737,CASE-00559,ACC-01104,ACC-00825,4607,2026-01-23T20:00:00.000Z,IMPS,0,Chennai,LOW,SYNTHETIC
TXN-0004738,CASE-00559,ACC-01105,ACC-00826,4739,2026-01-24T01:57:00.000Z,TRANSFER,0,Chennai,LOW,SYNTHETIC
TXN-0004739,CASE-00559,ACC-01106,ACC-00827,21693,2026-01-23T20:54:00.000Z,UPI,0,Chennai,LOW,SYNTHETIC
TXN-0004740,CASE-00559,ACC-01107,ACC-00828,3638,2026-01-23T18:51:00.000Z,IMPS,0,Chennai,LOW,SYNTHETIC
TXN-0004741,CASE-00559,ACC-01108,ACC-00829,7322,2026-01-24T05:48:00.000Z,TRANSFER,0,Chennai,LOW,SYNTHETIC
TXN-0004742,CASE-00559,ACC-01109,ACC-00830,4445,2026-01-23T19:45:00.000Z,IMPS,0,Chennai,LOW,SYNTHETIC
TXN-0004743,CASE-00559,ACC-01110,ACC-00831,4126,2026-01-23T19:42:00.000Z,TRANSFER,0,Chennai,LOW,SYNTHETIC
TXN-0004744,CASE-00560,ACC-01121,ACC-00844,6829,2026-01-24T07:00:00.000Z,IMPS,0,Bengaluru,LOW,SYNTHETIC
TXN-0004745,CASE-00560,ACC-01122,ACC-00845,7198,2026-01-23T18:57:00.000Z,NEFT,0,Bengaluru,LOW,SYNTHETIC
TXN-0004746,CASE-00560,ACC-01123,ACC-00846,12418,2026-01-23T20:54:00.000Z,UPI,0,Bengaluru,LOW,SYNTHETIC
TXN-0004747,CASE-00560,ACC-01124,ACC-00847,4503,2026-01-23T23:51:00.000Z,IMPS,0,Bengaluru,LOW,SYNTHETIC
TXN-0004748,CASE-00560,ACC-01125,ACC-00848,13136,2026-01-23T21:48:00.000Z,IMPS,0,Bengaluru,LOW,SYNTHETIC
TXN-0004749,CASE-00560,ACC-01126,ACC-00849,4463,2026-01-23T23:45:00.000Z,UPI,0,Bengaluru,LOW,SYNTHETIC
TXN-0004750,CASE-00561,ACC-01138,ACC-00863,15915,2026-01-24T06:00:00.000Z,TRANSFER,0,Hyderabad,LOW,SYNTHETIC
TXN-0004751,CASE-00561,ACC-01139,ACC-00864,9774,2026-01-24T01:57:00.000Z,TRANSFER,0,Hyderabad,LOW,SYNTHETIC
TXN-0004752,CASE-00561,ACC-01140,ACC-00865,10195,2026-01-24T04:54:00.000Z,IMPS,0,Hyderabad,LOW,SYNTHETIC
TXN-0004753,CASE-00561,ACC-01141,ACC-00866,18341,2026-01-24T01:51:00.000Z,NEFT,0,Hyderabad,LOW,SYNTHETIC
TXN-0004754,CASE-00561,ACC-01142,ACC-00867,20007,2026-01-23T12:48:00.000Z,NEFT,0,Hyderabad,LOW,SYNTHETIC
TXN-0004755,CASE-00561,ACC-01143,ACC-00868,12424,2026-01-23T12:45:00.000Z,NEFT,0,Hyderabad,LOW,SYNTHETIC
TXN-0004756,CASE-00561,ACC-01144,ACC-00869,11114,2026-01-24T00:42:00.000Z,NEFT,0,Hyderabad,LOW,SYNTHETIC
TXN-0004757,CASE-00561,ACC-01145,ACC-00870,4003,2026-01-23T16:39:00.000Z,IMPS,0,Hyderabad,LOW,SYNTHETIC
TXN-0004758,CASE-00561,ACC-01123,ACC-00301,69887,2026-01-24T09:15:00.000Z,IMPS,1,Hyderabad,MEDIUM,SYNTHETIC
TXN-0004759,CASE-00562,ACC-01155,ACC-00882,19835,2026-01-23T20:00:00.000Z,IMPS,0,Coimbatore,LOW,SYNTHETIC
TXN-0004760,CASE-00562,ACC-01156,ACC-00883,4658,2026-01-23T17:57:00.000Z,IMPS,0,Coimbatore,LOW,SYNTHETIC
TXN-0004761,CASE-00562,ACC-01157,ACC-00884,17375,2026-01-23T19:54:00.000Z,UPI,0,Coimbatore,LOW,SYNTHETIC
TXN-0004762,CASE-00562,ACC-01158,ACC-00885,16736,2026-01-23T23:51:00.000Z,UPI,0,Coimbatore,LOW,SYNTHETIC
TXN-0004763,CASE-00562,ACC-01159,ACC-00886,2585,2026-01-23T22:48:00.000Z,TRANSFER,0,Coimbatore,LOW,SYNTHETIC
TXN-0004764,CASE-00562,ACC-01160,ACC-00887,15979,2026-01-24T08:45:00.000Z,IMPS,0,Coimbatore,LOW,SYNTHETIC
TXN-0004765,CASE-00562,ACC-01161,ACC-00888,14474,2026-01-24T07:42:00.000Z,NEFT,0,Coimbatore,LOW,SYNTHETIC
TXN-0004766,CASE-00562,ACC-01162,ACC-00889,5080,2026-01-24T01:39:00.000Z,TRANSFER,0,Coimbatore,LOW,SYNTHETIC
TXN-0004767,CASE-00563,ACC-01172,ACC-00901,10612,2026-01-23T15:00:00.000Z,NEFT,0,Pune,LOW,SYNTHETIC
TXN-0004768,CASE-00563,ACC-01173,ACC-00902,7759,2026-01-24T05:57:00.000Z,NEFT,0,Pune,LOW,SYNTHETIC
TXN-0004769,CASE-00563,ACC-01174,ACC-00903,14870,2026-01-24T06:54:00.000Z,TRANSFER,0,Pune,LOW,SYNTHETIC
TXN-0004770,CASE-00563,ACC-01175,ACC-00904,19455,2026-01-23T22:51:00.000Z,NEFT,0,Pune,LOW,SYNTHETIC
TXN-0004771,CASE-00563,ACC-01176,ACC-00905,1891,2026-01-23T21:48:00.000Z,NEFT,0,Pune,LOW,SYNTHETIC
TXN-0004772,CASE-00563,ACC-01177,ACC-00906,4480,2026-01-24T02:45:00.000Z,NEFT,0,Pune,LOW,SYNTHETIC
TXN-0004773,CASE-00563,ACC-01127,ACC-00327,38831,2026-01-24T12:49:00.000Z,TRANSFER,1,Pune,MEDIUM,SYNTHETIC
TXN-0004774,CASE-00564,ACC-01189,ACC-00920,2226,2026-01-24T09:00:00.000Z,UPI,0,Vijayawada,LOW,SYNTHETIC
TXN-0004775,CASE-00564,ACC-01190,ACC-00921,2628,2026-01-23T23:57:00.000Z,TRANSFER,0,Vijayawada,LOW,SYNTHETIC
TXN-0004776,CASE-00564,ACC-01191,ACC-00922,18049,2026-01-23T19:54:00.000Z,UPI,0,Vijayawada,LOW,SYNTHETIC
TXN-0004777,CASE-00564,ACC-01192,ACC-00923,6367,2026-01-24T02:51:00.000Z,UPI,0,Vijayawada,LOW,SYNTHETIC
TXN-0004778,CASE-00564,ACC-01193,ACC-00924,1058,2026-01-24T06:48:00.000Z,TRANSFER,0,Vijayawada,LOW,SYNTHETIC
TXN-0004779,CASE-00564,ACC-01194,ACC-00925,12179,2026-01-23T18:45:00.000Z,NEFT,0,Vijayawada,LOW,SYNTHETIC
TXN-0004780,CASE-00564,ACC-01195,ACC-00926,1219,2026-01-24T05:42:00.000Z,IMPS,0,Vijayawada,LOW,SYNTHETIC
TXN-0004781,CASE-00564,ACC-01196,ACC-00927,21253,2026-01-24T02:39:00.000Z,TRANSFER,0,Vijayawada,LOW,SYNTHETIC
TXN-0004782,CASE-00564,ACC-01197,ACC-00928,15660,2026-01-23T21:36:00.000Z,IMPS,0,Vijayawada,LOW,SYNTHETIC
TXN-0004783,CASE-00564,ACC-01198,ACC-00929,11987,2026-01-24T03:33:00.000Z,TRANSFER,0,Vijayawada,LOW,SYNTHETIC
TXN-0004784,CASE-00565,ACC-01206,ACC-00939,21740,2026-01-23T20:00:00.000Z,IMPS,0,Chennai,LOW,SYNTHETIC
TXN-0004785,CASE-00565,ACC-01207,ACC-00940,20894,2026-01-24T09:57:00.000Z,UPI,0,Chennai,LOW,SYNTHETIC
TXN-0004786,CASE-00565,ACC-01208,ACC-00941,2902,2026-01-23T20:54:00.000Z,TRANSFER,0,Chennai,LOW,SYNTHETIC
TXN-0004787,CASE-00565,ACC-01209,ACC-00942,10975,2026-01-24T01:51:00.000Z,UPI,0,Chennai,LOW,SYNTHETIC
TXN-0004788,CASE-00565,ACC-01210,ACC-00943,10391,2026-01-23T22:48:00.000Z,TRANSFER,0,Chennai,LOW,SYNTHETIC
TXN-0004789,CASE-00565,ACC-01211,ACC-00944,13626,2026-01-23T17:45:00.000Z,TRANSFER,0,Chennai,LOW,SYNTHETIC
TXN-0004790,CASE-00565,ACC-01212,ACC-00945,18111,2026-01-24T08:42:00.000Z,UPI,0,Chennai,LOW,SYNTHETIC
TXN-0004791,CASE-00565,ACC-01213,ACC-00946,7735,2026-01-24T06:39:00.000Z,UPI,0,Chennai,LOW,SYNTHETIC
TXN-0004792,CASE-00565,ACC-01131,ACC-00353,20665,2026-01-24T15:03:00.000Z,TRANSFER,1,Chennai,MEDIUM,SYNTHETIC
TXN-0004793,CASE-00566,ACC-01223,ACC-00958,4572,2026-01-24T08:00:00.000Z,NEFT,0,Bengaluru,LOW,SYNTHETIC
TXN-0004794,CASE-00566,ACC-01224,ACC-00959,12964,2026-01-24T06:57:00.000Z,NEFT,0,Bengaluru,LOW,SYNTHETIC
TXN-0004795,CASE-00566,ACC-01225,ACC-00960,21592,2026-01-23T23:54:00.000Z,TRANSFER,0,Bengaluru,LOW,SYNTHETIC
TXN-0004796,CASE-00566,ACC-01226,ACC-00961,18679,2026-01-24T07:51:00.000Z,TRANSFER,0,Bengaluru,LOW,SYNTHETIC
TXN-0004797,CASE-00566,ACC-01227,ACC-00962,9188,2026-01-24T08:48:00.000Z,TRANSFER,0,Bengaluru,LOW,SYNTHETIC
TXN-0004798,CASE-00566,ACC-01228,ACC-00963,10306,2026-01-23T21:45:00.000Z,NEFT,0,Bengaluru,LOW,SYNTHETIC
TXN-0004799,CASE-00566,ACC-01229,ACC-00964,11958,2026-01-23T21:42:00.000Z,UPI,0,Bengaluru,LOW,SYNTHETIC
TXN-0004800,CASE-00567,ACC-01240,ACC-00977,4815,2026-01-23T23:00:00.000Z,UPI,0,Hyderabad,LOW,SYNTHETIC
TXN-0004801,CASE-00567,ACC-01241,ACC-00978,6293,2026-01-24T09:57:00.000Z,NEFT,0,Hyderabad,LOW,SYNTHETIC
TXN-0004802,CASE-00567,ACC-01242,ACC-00979,16355,2026-01-24T08:54:00.000Z,TRANSFER,0,Hyderabad,LOW,SYNTHETIC
TXN-0004803,CASE-00567,ACC-01243,ACC-00980,19645,2026-01-23T20:51:00.000Z,TRANSFER,0,Hyderabad,LOW,SYNTHETIC
TXN-0004804,CASE-00567,ACC-01244,ACC-00981,14205,2026-01-23T18:48:00.000Z,UPI,0,Hyderabad,LOW,SYNTHETIC
TXN-0004805,CASE-00567,ACC-01245,ACC-00982,9768,2026-01-24T12:45:00.000Z,TRANSFER,0,Hyderabad,LOW,SYNTHETIC
TXN-0004806,CASE-00568,ACC-01257,ACC-00996,9869,2026-01-24T13:00:00.000Z,NEFT,0,Coimbatore,LOW,SYNTHETIC
TXN-0004807,CASE-00568,ACC-01258,ACC-00997,15420,2026-01-24T01:57:00.000Z,NEFT,0,Coimbatore,LOW,SYNTHETIC
TXN-0004808,CASE-00568,ACC-01259,ACC-00998,1985,2026-01-23T21:54:00.000Z,NEFT,0,Coimbatore,LOW,SYNTHETIC
TXN-0004809,CASE-00568,ACC-01260,ACC-00999,1616,2026-01-23T19:51:00.000Z,IMPS,0,Coimbatore,LOW,SYNTHETIC
TXN-0004810,CASE-00568,ACC-01261,ACC-01000,16166,2026-01-24T10:48:00.000Z,TRANSFER,0,Coimbatore,LOW,SYNTHETIC
TXN-0004811,CASE-00568,ACC-01262,ACC-01001,16808,2026-01-23T23:45:00.000Z,IMPS,0,Coimbatore,LOW,SYNTHETIC
TXN-0004812,CASE-00568,ACC-01263,ACC-01002,10834,2026-01-24T07:42:00.000Z,UPI,0,Coimbatore,LOW,SYNTHETIC
TXN-0004813,CASE-00568,ACC-01137,ACC-00392,100836,2026-01-24T18:24:00.000Z,UPI,1,Coimbatore,HIGH,SYNTHETIC
TXN-0004814,CASE-00569,ACC-01274,ACC-01015,14187,2026-01-24T12:00:00.000Z,IMPS,0,Pune,LOW,SYNTHETIC
TXN-0004815,CASE-00569,ACC-01275,ACC-01016,8992,2026-01-24T06:57:00.000Z,IMPS,0,Pune,LOW,SYNTHETIC
TXN-0004816,CASE-00569,ACC-01276,ACC-01017,2964,2026-01-24T03:54:00.000Z,UPI,0,Pune,LOW,SYNTHETIC
TXN-0004817,CASE-00569,ACC-01277,ACC-01018,17719,2026-01-23T22:51:00.000Z,NEFT,0,Pune,LOW,SYNTHETIC
TXN-0004818,CASE-00569,ACC-01278,ACC-01019,5883,2026-01-24T12:48:00.000Z,NEFT,0,Pune,LOW,SYNTHETIC
TXN-0004819,CASE-00569,ACC-01279,ACC-01020,5704,2026-01-24T12:45:00.000Z,NEFT,0,Pune,LOW,SYNTHETIC
TXN-0004820,CASE-00569,ACC-01280,ACC-01021,17362,2026-01-24T10:42:00.000Z,UPI,0,Pune,LOW,SYNTHETIC
TXN-0004821,CASE-00569,ACC-01281,ACC-01022,8484,2026-01-24T14:39:00.000Z,TRANSFER,0,Pune,LOW,SYNTHETIC
TXN-0004822,CASE-00569,ACC-01139,ACC-00405,45658,2026-01-25T07:00:00.000Z,UPI,1,Pune,MEDIUM,SYNTHETIC
TXN-0004823,CASE-00570,ACC-01291,ACC-01034,2428,2026-01-24T12:00:00.000Z,NEFT,0,Vijayawada,LOW,SYNTHETIC
TXN-0004824,CASE-00570,ACC-01292,ACC-01035,4051,2026-01-23T22:57:00.000Z,TRANSFER,0,Vijayawada,LOW,SYNTHETIC
TXN-0004825,CASE-00570,ACC-01293,ACC-01036,17600,2026-01-24T16:54:00.000Z,IMPS,0,Vijayawada,LOW,SYNTHETIC
TXN-0004826,CASE-00570,ACC-01294,ACC-01037,3776,2026-01-24T03:51:00.000Z,NEFT,0,Vijayawada,LOW,SYNTHETIC
TXN-0004827,CASE-00570,ACC-01295,ACC-01038,11640,2026-01-23T22:48:00.000Z,IMPS,0,Vijayawada,LOW,SYNTHETIC
TXN-0004828,CASE-00570,ACC-01296,ACC-01039,20090,2026-01-23T22:45:00.000Z,NEFT,0,Vijayawada,LOW,SYNTHETIC
TXN-0004829,CASE-00570,ACC-01297,ACC-01040,996,2026-01-24T11:42:00.000Z,IMPS,0,Vijayawada,LOW,SYNTHETIC
TXN-0004830,CASE-00570,ACC-01298,ACC-01041,21028,2026-01-24T04:39:00.000Z,UPI,0,Vijayawada,LOW,SYNTHETIC
TXN-0004831,CASE-00571,ACC-01308,ACC-01053,10630,2026-01-24T18:00:00.000Z,TRANSFER,0,Chennai,LOW,SYNTHETIC
TXN-0004832,CASE-00571,ACC-01309,ACC-01054,1707,2026-01-24T16:57:00.000Z,NEFT,0,Chennai,LOW,SYNTHETIC
TXN-0004833,CASE-00571,ACC-01310,ACC-01055,21499,2026-01-24T12:54:00.000Z,UPI,0,Chennai,LOW,SYNTHETIC
TXN-0004834,CASE-00571,ACC-01311,ACC-01056,1566,2026-01-24T08:51:00.000Z,UPI,0,Chennai,LOW,SYNTHETIC
TXN-0004835,CASE-00571,ACC-01312,ACC-01057,12080,2026-01-24T03:48:00.000Z,IMPS,0,Chennai,LOW,SYNTHETIC
TXN-0004836,CASE-00571,ACC-01313,ACC-01058,8313,2026-01-23T22:45:00.000Z,TRANSFER,0,Chennai,LOW,SYNTHETIC
TXN-0004837,CASE-00571,ACC-01314,ACC-01059,17950,2026-01-24T10:42:00.000Z,IMPS,0,Chennai,LOW,SYNTHETIC
TXN-0004838,CASE-00571,ACC-01315,ACC-01060,17587,2026-01-24T01:39:00.000Z,NEFT,0,Chennai,LOW,SYNTHETIC
TXN-0004839,CASE-00572,ACC-01325,ACC-01072,19301,2026-01-24T09:00:00.000Z,TRANSFER,0,Bengaluru,LOW,SYNTHETIC
TXN-0004840,CASE-00572,ACC-01326,ACC-01073,17562,2026-01-24T05:57:00.000Z,NEFT,0,Bengaluru,LOW,SYNTHETIC
TXN-0004841,CASE-00572,ACC-01327,ACC-01074,13585,2026-01-24T15:54:00.000Z,TRANSFER,0,Bengaluru,LOW,SYNTHETIC
TXN-0004842,CASE-00572,ACC-01328,ACC-01075,19089,2026-01-24T00:51:00.000Z,IMPS,0,Bengaluru,LOW,SYNTHETIC
TXN-0004843,CASE-00572,ACC-01329,ACC-01076,14819,2026-01-24T15:48:00.000Z,NEFT,0,Bengaluru,LOW,SYNTHETIC
TXN-0004844,CASE-00572,ACC-01330,ACC-01077,5218,2026-01-24T08:45:00.000Z,NEFT,0,Bengaluru,LOW,SYNTHETIC
TXN-0004845,CASE-00572,ACC-01331,ACC-01078,14619,2026-01-24T14:42:00.000Z,IMPS,0,Bengaluru,LOW,SYNTHETIC
TXN-0004846,CASE-00572,ACC-01332,ACC-01079,15250,2026-01-24T13:39:00.000Z,TRANSFER,0,Bengaluru,LOW,SYNTHETIC
TXN-0004847,CASE-00572,ACC-01333,ACC-01080,20692,2026-01-24T16:36:00.000Z,TRANSFER,0,Bengaluru,LOW,SYNTHETIC
TXN-0004848,CASE-00572,ACC-01145,ACC-00444,20258,2026-01-24T20:20:00.000Z,TRANSFER,1,Bengaluru,MEDIUM,SYNTHETIC
TXN-0004849,CASE-00572,ACC-00444,ACC-00445,16847,2026-01-24T20:44:00.000Z,NEFT,1,Bengaluru,MEDIUM,SYNTHETIC
TXN-0004850,CASE-00573,ACC-01342,ACC-01091,12326,2026-01-24T10:00:00.000Z,IMPS,0,Hyderabad,LOW,SYNTHETIC
TXN-0004851,CASE-00573,ACC-01343,ACC-01092,15188,2026-01-24T05:57:00.000Z,UPI,0,Hyderabad,LOW,SYNTHETIC
TXN-0004852,CASE-00573,ACC-01344,ACC-01093,5696,2026-01-24T12:54:00.000Z,NEFT,0,Hyderabad,LOW,SYNTHETIC
TXN-0004853,CASE-00573,ACC-01345,ACC-01094,12453,2026-01-24T07:51:00.000Z,NEFT,0,Hyderabad,LOW,SYNTHETIC
TXN-0004854,CASE-00573,ACC-01346,ACC-01095,18301,2026-01-24T13:48:00.000Z,TRANSFER,0,Hyderabad,LOW,SYNTHETIC
TXN-0004855,CASE-00573,ACC-01347,ACC-01096,16520,2026-01-24T07:45:00.000Z,TRANSFER,0,Hyderabad,LOW,SYNTHETIC
TXN-0004856,CASE-00574,ACC-01359,ACC-01110,8582,2026-01-24T08:00:00.000Z,NEFT,0,Coimbatore,LOW,SYNTHETIC
TXN-0004857,CASE-00574,ACC-01360,ACC-01111,20615,2026-01-24T09:57:00.000Z,UPI,0,Coimbatore,LOW,SYNTHETIC
TXN-0004858,CASE-00574,ACC-01361,ACC-01112,9979,2026-01-24T06:54:00.000Z,TRANSFER,0,Coimbatore,LOW,SYNTHETIC
TXN-0004859,CASE-00574,ACC-01362,ACC-01113,18011,2026-01-24T17:51:00.000Z,TRANSFER,0,Coimbatore,LOW,SYNTHETIC
TXN-0004860,CASE-00574,ACC-01363,ACC-01114,17040,2026-01-24T03:48:00.000Z,TRANSFER,0,Coimbatore,LOW,SYNTHETIC
TXN-0004861,CASE-00574,ACC-01364,ACC-01115,7846,2026-01-24T02:45:00.000Z,IMPS,0,Coimbatore,LOW,SYNTHETIC
TXN-0004862,CASE-00574,ACC-01365,ACC-01116,13668,2026-01-24T19:42:00.000Z,NEFT,0,Coimbatore,LOW,SYNTHETIC
TXN-0004863,CASE-00574,ACC-01149,ACC-00470,91951,2026-01-25T18:00:00.000Z,IMPS,1,Coimbatore,HIGH,SYNTHETIC
TXN-0004864,CASE-00575,ACC-01376,ACC-01129,18288,2026-01-24T12:00:00.000Z,NEFT,0,Pune,LOW,SYNTHETIC
TXN-0004865,CASE-00575,ACC-01377,ACC-01130,9417,2026-01-24T10:57:00.000Z,TRANSFER,0,Pune,LOW,SYNTHETIC
TXN-0004866,CASE-00575,ACC-01378,ACC-01131,18563,2026-01-24T04:54:00.000Z,IMPS,0,Pune,LOW,SYNTHETIC
TXN-0004867,CASE-00575,ACC-01379,ACC-01132,6341,2026-01-24T09:51:00.000Z,NEFT,0,Pune,LOW,SYNTHETIC
TXN-0004868,CASE-00575,ACC-01380,ACC-01133,4844,2026-01-24T09:48:00.000Z,NEFT,0,Pune,LOW,SYNTHETIC
TXN-0004869,CASE-00575,ACC-01381,ACC-01134,1901,2026-01-24T06:45:00.000Z,IMPS,0,Pune,LOW,SYNTHETIC
TXN-0004870,CASE-00576,ACC-01393,ACC-01148,2933,2026-01-24T21:00:00.000Z,TRANSFER,0,Vijayawada,LOW,SYNTHETIC
TXN-0004871,CASE-00576,ACC-01394,ACC-01149,19448,2026-01-24T15:57:00.000Z,TRANSFER,0,Vijayawada,LOW,SYNTHETIC
TXN-0004872,CASE-00576,ACC-01395,ACC-01150,6991,2026-01-24T04:54:00.000Z,NEFT,0,Vijayawada,LOW,SYNTHETIC
TXN-0004873,CASE-00576,ACC-01396,ACC-01151,10319,2026-01-24T11:51:00.000Z,TRANSFER,0,Vijayawada,LOW,SYNTHETIC
TXN-0004874,CASE-00576,ACC-01397,ACC-01152,16020,2026-01-24T07:48:00.000Z,IMPS,0,Vijayawada,LOW,SYNTHETIC
TXN-0004875,CASE-00576,ACC-01398,ACC-01153,14111,2026-01-24T14:45:00.000Z,NEFT,0,Vijayawada,LOW,SYNTHETIC
TXN-0004876,CASE-00577,ACC-00010,ACC-01167,3622,2026-01-24T21:00:00.000Z,NEFT,0,Chennai,LOW,SYNTHETIC
TXN-0004877,CASE-00577,ACC-00011,ACC-01168,8512,2026-01-24T04:57:00.000Z,TRANSFER,0,Chennai,LOW,SYNTHETIC
TXN-0004878,CASE-00577,ACC-00012,ACC-01169,20372,2026-01-24T09:54:00.000Z,NEFT,0,Chennai,LOW,SYNTHETIC
TXN-0004879,CASE-00577,ACC-00013,ACC-01170,21544,2026-01-24T06:51:00.000Z,NEFT,0,Chennai,LOW,SYNTHETIC
TXN-0004880,CASE-00577,ACC-00014,ACC-01171,5620,2026-01-24T15:48:00.000Z,IMPS,0,Chennai,LOW,SYNTHETIC
TXN-0004881,CASE-00577,ACC-00015,ACC-01172,16866,2026-01-24T11:45:00.000Z,IMPS,0,Chennai,LOW,SYNTHETIC
TXN-0004882,CASE-00578,ACC-00027,ACC-01186,9143,2026-01-24T20:00:00.000Z,UPI,0,Bengaluru,LOW,SYNTHETIC
TXN-0004883,CASE-00578,ACC-00028,ACC-01187,15559,2026-01-25T00:57:00.000Z,IMPS,0,Bengaluru,LOW,SYNTHETIC
TXN-0004884,CASE-00578,ACC-00029,ACC-01188,17533,2026-01-24T07:54:00.000Z,NEFT,0,Bengaluru,LOW,SYNTHETIC
TXN-0004885,CASE-00578,ACC-00030,ACC-01189,3006,2026-01-25T00:51:00.000Z,NEFT,0,Bengaluru,LOW,SYNTHETIC
TXN-0004886,CASE-00578,ACC-00031,ACC-01190,2222,2026-01-24T19:48:00.000Z,NEFT,0,Bengaluru,LOW,SYNTHETIC
TXN-0004887,CASE-00578,ACC-00032,ACC-01191,3937,2026-01-24T19:45:00.000Z,TRANSFER,0,Bengaluru,LOW,SYNTHETIC
TXN-0004888,CASE-00578,ACC-00033,ACC-01192,5357,2026-01-24T13:42:00.000Z,TRANSFER,0,Bengaluru,LOW,SYNTHETIC
TXN-0004889,CASE-00579,ACC-00044,ACC-01205,10976,2026-01-25T00:00:00.000Z,UPI,0,Hyderabad,LOW,SYNTHETIC
TXN-0004890,CASE-00579,ACC-00045,ACC-01206,18954,2026-01-24T06:57:00.000Z,IMPS,0,Hyderabad,LOW,SYNTHETIC
TXN-0004891,CASE-00579,ACC-00046,ACC-01207,2283,2026-01-24T11:54:00.000Z,UPI,0,Hyderabad,LOW,SYNTHETIC
TXN-0004892,CASE-00579,ACC-00047,ACC-01208,11436,2026-01-24T20:51:00.000Z,TRANSFER,0,Hyderabad,LOW,SYNTHETIC
TXN-0004893,CASE-00579,ACC-00048,ACC-01209,7506,2026-01-24T21:48:00.000Z,NEFT,0,Hyderabad,LOW,SYNTHETIC
TXN-0004894,CASE-00579,ACC-00049,ACC-01210,20352,2026-01-24T08:45:00.000Z,TRANSFER,0,Hyderabad,LOW,SYNTHETIC
TXN-0004895,CASE-00579,ACC-00050,ACC-01211,3132,2026-01-24T16:42:00.000Z,IMPS,0,Hyderabad,LOW,SYNTHETIC
TXN-0004896,CASE-00579,ACC-00051,ACC-01212,9146,2026-01-24T22:39:00.000Z,IMPS,0,Hyderabad,LOW,SYNTHETIC
TXN-0004897,CASE-00579,ACC-00052,ACC-01213,14438,2026-01-25T01:36:00.000Z,IMPS,0,Hyderabad,LOW,SYNTHETIC
TXN-0004898,CASE-00579,ACC-01159,ACC-00535,53096,2026-01-25T22:00:00.000Z,NEFT,1,Hyderabad,MEDIUM,SYNTHETIC
TXN-0004899,CASE-00580,ACC-00061,ACC-01224,12418,2026-01-25T01:00:00.000Z,IMPS,0,Coimbatore,LOW,SYNTHETIC
TXN-0004900,CASE-00580,ACC-00062,ACC-01225,18755,2026-01-24T11:57:00.000Z,IMPS,0,Coimbatore,LOW,SYNTHETIC
TXN-0004901,CASE-00580,ACC-00063,ACC-01226,14927,2026-01-24T22:54:00.000Z,IMPS,0,Coimbatore,LOW,SYNTHETIC
TXN-0004902,CASE-00580,ACC-00064,ACC-01227,3599,2026-01-24T09:51:00.000Z,TRANSFER,0,Coimbatore,LOW,SYNTHETIC
TXN-0004903,CASE-00580,ACC-00065,ACC-01228,19574,2026-01-24T20:48:00.000Z,NEFT,0,Coimbatore,LOW,SYNTHETIC
TXN-0004904,CASE-00580,ACC-00066,ACC-01229,5983,2026-01-24T20:45:00.000Z,NEFT,0,Coimbatore,LOW,SYNTHETIC
TXN-0004905,CASE-00580,ACC-00067,ACC-01230,9937,2026-01-24T22:42:00.000Z,NEFT,0,Coimbatore,LOW,SYNTHETIC
TXN-0004906,CASE-00580,ACC-00068,ACC-01231,3722,2026-01-25T02:39:00.000Z,TRANSFER,0,Coimbatore,LOW,SYNTHETIC
TXN-0004907,CASE-00580,ACC-00069,ACC-01232,6554,2026-01-24T23:36:00.000Z,NEFT,0,Coimbatore,LOW,SYNTHETIC
TXN-0004908,CASE-00581,ACC-00078,ACC-01243,18317,2026-01-24T18:00:00.000Z,UPI,0,Pune,LOW,SYNTHETIC
TXN-0004909,CASE-00581,ACC-00079,ACC-01244,15036,2026-01-24T21:57:00.000Z,NEFT,0,Pune,LOW,SYNTHETIC
TXN-0004910,CASE-00581,ACC-00080,ACC-01245,13528,2026-01-25T00:54:00.000Z,IMPS,0,Pune,LOW,SYNTHETIC
TXN-0004911,CASE-00581,ACC-00081,ACC-01246,15682,2026-01-24T19:51:00.000Z,TRANSFER,0,Pune,LOW,SYNTHETIC
TXN-0004912,CASE-00581,ACC-00082,ACC-01247,15672,2026-01-24T15:48:00.000Z,TRANSFER,0,Pune,LOW,SYNTHETIC
TXN-0004913,CASE-00581,ACC-00083,ACC-01248,1559,2026-01-24T16:45:00.000Z,NEFT,0,Pune,LOW,SYNTHETIC
TXN-0004914,CASE-00581,ACC-00084,ACC-01249,5210,2026-01-24T18:42:00.000Z,TRANSFER,0,Pune,LOW,SYNTHETIC
TXN-0004915,CASE-00581,ACC-00085,ACC-01250,3286,2026-01-25T03:39:00.000Z,NEFT,0,Pune,LOW,SYNTHETIC
TXN-0004916,CASE-00581,ACC-00086,ACC-01251,2651,2026-01-24T14:36:00.000Z,UPI,0,Pune,LOW,SYNTHETIC
TXN-0004917,CASE-00581,ACC-00087,ACC-01252,12359,2026-01-24T15:33:00.000Z,TRANSFER,0,Pune,LOW,SYNTHETIC
TXN-0004918,CASE-00581,ACC-01163,ACC-00561,38166,2026-01-25T05:05:00.000Z,UPI,1,Pune,MEDIUM,SYNTHETIC
TXN-0004919,CASE-00582,ACC-00095,ACC-01262,3160,2026-01-24T13:00:00.000Z,UPI,0,Vijayawada,LOW,SYNTHETIC
TXN-0004920,CASE-00582,ACC-00096,ACC-01263,12650,2026-01-24T16:57:00.000Z,NEFT,0,Vijayawada,LOW,SYNTHETIC
TXN-0004921,CASE-00582,ACC-00097,ACC-01264,15170,2026-01-24T19:54:00.000Z,NEFT,0,Vijayawada,LOW,SYNTHETIC
TXN-0004922,CASE-00582,ACC-00098,ACC-01265,16303,2026-01-24T13:51:00.000Z,IMPS,0,Vijayawada,LOW,SYNTHETIC
TXN-0004923,CASE-00582,ACC-00099,ACC-01266,3851,2026-01-24T14:48:00.000Z,NEFT,0,Vijayawada,LOW,SYNTHETIC
TXN-0004924,CASE-00582,ACC-00100,ACC-01267,6774,2026-01-24T21:45:00.000Z,NEFT,0,Vijayawada,LOW,SYNTHETIC
TXN-0004925,CASE-00582,ACC-01165,ACC-00574,55643,2026-01-25T08:04:00.000Z,TRANSFER,1,Vijayawada,MEDIUM,SYNTHETIC
TXN-0004926,CASE-00582,ACC-00574,ACC-00575,46749,2026-01-25T10:05:00.000Z,IMPS,1,Vijayawada,MEDIUM,SYNTHETIC
TXN-0004927,CASE-00582,ACC-00575,ACC-00576,42611,2026-01-25T11:31:00.000Z,IMPS,1,Vijayawada,MEDIUM,SYNTHETIC
TXN-0004928,CASE-00583,ACC-00112,ACC-01281,14944,2026-01-24T19:00:00.000Z,IMPS,0,Chennai,LOW,SYNTHETIC
TXN-0004929,CASE-00583,ACC-00113,ACC-01282,17349,2026-01-25T00:57:00.000Z,NEFT,0,Chennai,LOW,SYNTHETIC
TXN-0004930,CASE-00583,ACC-00114,ACC-01283,15403,2026-01-24T17:54:00.000Z,UPI,0,Chennai,LOW,SYNTHETIC
TXN-0004931,CASE-00583,ACC-00115,ACC-01284,16823,2026-01-24T12:51:00.000Z,UPI,0,Chennai,LOW,SYNTHETIC
TXN-0004932,CASE-00583,ACC-00116,ACC-01285,12551,2026-01-24T17:48:00.000Z,TRANSFER,0,Chennai,LOW,SYNTHETIC
TXN-0004933,CASE-00583,ACC-00117,ACC-01286,17517,2026-01-24T11:45:00.000Z,UPI,0,Chennai,LOW,SYNTHETIC
TXN-0004934,CASE-00583,ACC-00118,ACC-01287,7085,2026-01-24T12:42:00.000Z,IMPS,0,Chennai,LOW,SYNTHETIC
TXN-0004935,CASE-00583,ACC-00119,ACC-01288,2159,2026-01-24T16:39:00.000Z,UPI,0,Chennai,LOW,SYNTHETIC
TXN-0004936,CASE-00583,ACC-00120,ACC-01289,5248,2026-01-24T19:36:00.000Z,UPI,0,Chennai,LOW,SYNTHETIC
TXN-0004937,CASE-00583,ACC-00121,ACC-01290,21447,2026-01-24T12:33:00.000Z,NEFT,0,Chennai,LOW,SYNTHETIC
TXN-0004938,CASE-00583,ACC-01167,ACC-00587,26904,2026-01-25T07:59:00.000Z,UPI,1,Chennai,MEDIUM,SYNTHETIC
TXN-0004939,CASE-00584,ACC-00129,ACC-01300,19746,2026-01-24T15:00:00.000Z,TRANSFER,0,Bengaluru,LOW,SYNTHETIC
TXN-0004940,CASE-00584,ACC-00130,ACC-01301,20085,2026-01-25T00:57:00.000Z,NEFT,0,Bengaluru,LOW,SYNTHETIC
TXN-0004941,CASE-00584,ACC-00131,ACC-01302,13896,2026-01-25T06:54:00.000Z,UPI,0,Bengaluru,LOW,SYNTHETIC
TXN-0004942,CASE-00584,ACC-00132,ACC-01303,17702,2026-01-25T04:51:00.000Z,TRANSFER,0,Bengaluru,LOW,SYNTHETIC
TXN-0004943,CASE-00584,ACC-00133,ACC-01304,17068,2026-01-24T18:48:00.000Z,UPI,0,Bengaluru,LOW,SYNTHETIC
TXN-0004944,CASE-00584,ACC-00134,ACC-01305,2935,2026-01-25T04:45:00.000Z,UPI,0,Bengaluru,LOW,SYNTHETIC
TXN-0004945,CASE-00584,ACC-00135,ACC-01306,15765,2026-01-25T04:42:00.000Z,UPI,0,Bengaluru,LOW,SYNTHETIC
TXN-0004946,CASE-00584,ACC-00136,ACC-01307,17041,2026-01-25T01:39:00.000Z,TRANSFER,0,Bengaluru,LOW,SYNTHETIC
TXN-0004947,CASE-00584,ACC-00137,ACC-01308,13018,2026-01-24T12:36:00.000Z,UPI,0,Bengaluru,LOW,SYNTHETIC
TXN-0004948,CASE-00585,ACC-00146,ACC-01319,19484,2026-01-24T14:00:00.000Z,NEFT,0,Hyderabad,LOW,SYNTHETIC
TXN-0004949,CASE-00585,ACC-00147,ACC-01320,18527,2026-01-25T03:57:00.000Z,UPI,0,Hyderabad,LOW,SYNTHETIC
TXN-0004950,CASE-00585,ACC-00148,ACC-01321,19126,2026-01-24T15:54:00.000Z,IMPS,0,Hyderabad,LOW,SYNTHETIC
TXN-0004951,CASE-00585,ACC-00149,ACC-01322,3943,2026-01-24T19:51:00.000Z,IMPS,0,Hyderabad,LOW,SYNTHETIC
TXN-0004952,CASE-00585,ACC-00150,ACC-01323,2461,2026-01-25T05:48:00.000Z,IMPS,0,Hyderabad,LOW,SYNTHETIC
TXN-0004953,CASE-00585,ACC-00151,ACC-01324,8255,2026-01-25T04:45:00.000Z,TRANSFER,0,Hyderabad,LOW,SYNTHETIC
TXN-0004954,CASE-00585,ACC-00152,ACC-01325,15428,2026-01-25T06:42:00.000Z,IMPS,0,Hyderabad,LOW,SYNTHETIC
TXN-0004955,CASE-00585,ACC-00153,ACC-01326,9804,2026-01-24T19:39:00.000Z,UPI,0,Hyderabad,LOW,SYNTHETIC
TXN-0004956,CASE-00585,ACC-00154,ACC-01327,15658,2026-01-25T03:36:00.000Z,TRANSFER,0,Hyderabad,LOW,SYNTHETIC
TXN-0004957,CASE-00585,ACC-01171,ACC-00613,75222,2026-01-25T10:47:00.000Z,NEFT,1,Hyderabad,HIGH,SYNTHETIC
TXN-0004958,CASE-00586,ACC-00163,ACC-01338,7391,2026-01-24T16:00:00.000Z,UPI,0,Coimbatore,LOW,SYNTHETIC
TXN-0004959,CASE-00586,ACC-00164,ACC-01339,15768,2026-01-24T16:57:00.000Z,IMPS,0,Coimbatore,LOW,SYNTHETIC
TXN-0004960,CASE-00586,ACC-00165,ACC-01340,9401,2026-01-24T16:54:00.000Z,UPI,0,Coimbatore,LOW,SYNTHETIC
TXN-0004961,CASE-00586,ACC-00166,ACC-01341,2743,2026-01-25T08:51:00.000Z,NEFT,0,Coimbatore,LOW,SYNTHETIC
TXN-0004962,CASE-00586,ACC-00167,ACC-01342,21174,2026-01-24T19:48:00.000Z,IMPS,0,Coimbatore,LOW,SYNTHETIC
TXN-0004963,CASE-00586,ACC-00168,ACC-01343,13925,2026-01-24T17:45:00.000Z,TRANSFER,0,Coimbatore,LOW,SYNTHETIC
TXN-0004964,CASE-00586,ACC-00169,ACC-01344,15191,2026-01-25T06:42:00.000Z,UPI,0,Coimbatore,LOW,SYNTHETIC
TXN-0004965,CASE-00586,ACC-00170,ACC-01345,2263,2026-01-24T13:39:00.000Z,NEFT,0,Coimbatore,LOW,SYNTHETIC
TXN-0004966,CASE-00586,ACC-00171,ACC-01346,16680,2026-01-25T00:36:00.000Z,IMPS,0,Coimbatore,LOW,SYNTHETIC
TXN-0004967,CASE-00586,ACC-00172,ACC-01347,1762,2026-01-24T18:33:00.000Z,TRANSFER,0,Coimbatore,LOW,SYNTHETIC
TXN-0004968,CASE-00586,ACC-01173,ACC-00626,12908,2026-01-25T10:06:00.000Z,IMPS,1,Coimbatore,MEDIUM,SYNTHETIC
TXN-0004969,CASE-00587,ACC-00180,ACC-01357,21644,2026-01-24T15:00:00.000Z,NEFT,0,Pune,LOW,SYNTHETIC
TXN-0004970,CASE-00587,ACC-00181,ACC-01358,19788,2026-01-25T02:57:00.000Z,NEFT,0,Pune,LOW,SYNTHETIC
TXN-0004971,CASE-00587,ACC-00182,ACC-01359,7142,2026-01-25T01:54:00.000Z,UPI,0,Pune,LOW,SYNTHETIC
TXN-0004972,CASE-00587,ACC-00183,ACC-01360,3889,2026-01-25T01:51:00.000Z,UPI,0,Pune,LOW,SYNTHETIC
TXN-0004973,CASE-00587,ACC-00184,ACC-01361,21068,2026-01-24T22:48:00.000Z,IMPS,0,Pune,LOW,SYNTHETIC
TXN-0004974,CASE-00587,ACC-00185,ACC-01362,9245,2026-01-25T00:45:00.000Z,UPI,0,Pune,LOW,SYNTHETIC
TXN-0004975,CASE-00587,ACC-00186,ACC-01363,6797,2026-01-25T05:42:00.000Z,NEFT,0,Pune,LOW,SYNTHETIC
TXN-0004976,CASE-00587,ACC-00187,ACC-01364,7683,2026-01-25T04:39:00.000Z,NEFT,0,Pune,LOW,SYNTHETIC
TXN-0004977,CASE-00587,ACC-01175,ACC-00639,31733,2026-01-25T11:32:00.000Z,TRANSFER,1,Pune,MEDIUM,SYNTHETIC
TXN-0004978,CASE-00587,ACC-00639,ACC-00640,28793,2026-01-25T12:35:00.000Z,TRANSFER,1,Pune,MEDIUM,SYNTHETIC
TXN-0004979,CASE-00588,ACC-00197,ACC-01376,17837,2026-01-25T05:00:00.000Z,UPI,0,Vijayawada,LOW,SYNTHETIC
TXN-0004980,CASE-00588,ACC-00198,ACC-01377,12034,2026-01-24T16:57:00.000Z,UPI,0,Vijayawada,LOW,SYNTHETIC
TXN-0004981,CASE-00588,ACC-00199,ACC-01378,18836,2026-01-25T09:54:00.000Z,TRANSFER,0,Vijayawada,LOW,SYNTHETIC
TXN-0004982,CASE-00588,ACC-00200,ACC-01379,8813,2026-01-24T15:51:00.000Z,UPI,0,Vijayawada,LOW,SYNTHETIC
TXN-0004983,CASE-00588,ACC-00201,ACC-01380,17350,2026-01-24T16:48:00.000Z,IMPS,0,Vijayawada,LOW,SYNTHETIC
TXN-0004984,CASE-00588,ACC-00202,ACC-01381,10235,2026-01-25T03:45:00.000Z,TRANSFER,0,Vijayawada,LOW,SYNTHETIC
TXN-0004985,CASE-00588,ACC-00203,ACC-01382,6634,2026-01-24T21:42:00.000Z,NEFT,0,Vijayawada,LOW,SYNTHETIC
TXN-0004986,CASE-00588,ACC-00204,ACC-01383,6617,2026-01-25T01:39:00.000Z,NEFT,0,Vijayawada,LOW,SYNTHETIC
TXN-0004987,CASE-00588,ACC-00205,ACC-01384,13956,2026-01-25T07:36:00.000Z,UPI,0,Vijayawada,LOW,SYNTHETIC
TXN-0004988,CASE-00588,ACC-01177,ACC-00652,34516,2026-01-25T12:43:00.000Z,NEFT,1,Vijayawada,MEDIUM,SYNTHETIC
TXN-0004989,CASE-00589,ACC-00214,ACC-01395,18374,2026-01-25T00:00:00.000Z,UPI,0,Chennai,LOW,SYNTHETIC
TXN-0004990,CASE-00589,ACC-00215,ACC-01396,7829,2026-01-25T00:57:00.000Z,TRANSFER,0,Chennai,LOW,SYNTHETIC
TXN-0004991,CASE-00589,ACC-00216,ACC-01397,7692,2026-01-24T22:54:00.000Z,TRANSFER,0,Chennai,LOW,SYNTHETIC
TXN-0004992,CASE-00589,ACC-00217,ACC-01398,2539,2026-01-25T04:51:00.000Z,IMPS,0,Chennai,LOW,SYNTHETIC
TXN-0004993,CASE-00589,ACC-00218,ACC-01399,17561,2026-01-25T11:48:00.000Z,UPI,0,Chennai,LOW,SYNTHETIC
TXN-0004994,CASE-00589,ACC-00219,ACC-01400,7622,2026-01-25T09:45:00.000Z,UPI,0,Chennai,LOW,SYNTHETIC
TXN-0004995,CASE-00589,ACC-00220,ACC-00001,8738,2026-01-25T09:42:00.000Z,NEFT,0,Chennai,LOW,SYNTHETIC
TXN-0004996,CASE-00589,ACC-01179,ACC-00665,40724,2026-01-27T01:00:00.000Z,IMPS,1,Chennai,MEDIUM,SYNTHETIC
TXN-0004997,CASE-00590,ACC-00231,ACC-00014,19442,2026-01-24T18:00:00.000Z,NEFT,0,Bengaluru,LOW,SYNTHETIC
TXN-0004998,CASE-00590,ACC-00232,ACC-00015,8358,2026-01-24T19:57:00.000Z,NEFT,0,Bengaluru,LOW,SYNTHETIC
TXN-0004999,CASE-00590,ACC-00233,ACC-00016,19408,2026-01-25T08:54:00.000Z,IMPS,0,Bengaluru,LOW,SYNTHETIC
TXN-0005000,CASE-00590,ACC-00234,ACC-00017,12277,2026-01-24T23:51:00.000Z,UPI,0,Bengaluru,LOW,SYNTHETIC
TXN-0005001,CASE-00590,ACC-00235,ACC-00018,10969,2026-01-25T11:48:00.000Z,UPI,0,Bengaluru,LOW,SYNTHETIC
TXN-0005002,CASE-00590,ACC-00236,ACC-00019,7842,2026-01-25T03:45:00.000Z,NEFT,0,Bengaluru,LOW,SYNTHETIC
TXN-0005003,CASE-00590,ACC-00237,ACC-00020,3515,2026-01-25T11:42:00.000Z,IMPS,0,Bengaluru,LOW,SYNTHETIC
TXN-0005004,CASE-00590,ACC-00238,ACC-00021,6901,2026-01-24T18:39:00.000Z,NEFT,0,Bengaluru,LOW,SYNTHETIC
TXN-0005005,CASE-00590,ACC-00239,ACC-00022,17788,2026-01-25T10:36:00.000Z,UPI,0,Bengaluru,LOW,SYNTHETIC
TXN-0005006,CASE-00590,ACC-00240,ACC-00023,10807,2026-01-25T07:33:00.000Z,TRANSFER,0,Bengaluru,LOW,SYNTHETIC
TXN-0005007,CASE-00590,ACC-01181,ACC-00678,19056,2026-01-25T14:33:00.000Z,NEFT,1,Bengaluru,MEDIUM,SYNTHETIC
TXN-0005008,CASE-00591,ACC-00248,ACC-00033,4677,2026-01-24T19:00:00.000Z,IMPS,0,Hyderabad,LOW,SYNTHETIC
TXN-0005009,CASE-00591,ACC-00249,ACC-00034,7095,2026-01-25T09:57:00.000Z,NEFT,0,Hyderabad,LOW,SYNTHETIC
TXN-0005010,CASE-00591,ACC-00250,ACC-00035,1234,2026-01-25T04:54:00.000Z,NEFT,0,Hyderabad,LOW,SYNTHETIC
TXN-0005011,CASE-00591,ACC-00251,ACC-00036,8555,2026-01-25T10:51:00.000Z,TRANSFER,0,Hyderabad,LOW,SYNTHETIC
TXN-0005012,CASE-00591,ACC-00252,ACC-00037,8378,2026-01-25T01:48:00.000Z,NEFT,0,Hyderabad,LOW,SYNTHETIC
TXN-0005013,CASE-00591,ACC-00253,ACC-00038,14333,2026-01-24T22:45:00.000Z,NEFT,0,Hyderabad,LOW,SYNTHETIC
TXN-0005014,CASE-00591,ACC-00254,ACC-00039,15053,2026-01-25T03:42:00.000Z,IMPS,0,Hyderabad,LOW,SYNTHETIC
TXN-0005015,CASE-00591,ACC-00255,ACC-00040,5887,2026-01-25T10:39:00.000Z,UPI,0,Hyderabad,LOW,SYNTHETIC
TXN-0005016,CASE-00591,ACC-00256,ACC-00041,2350,2026-01-25T10:36:00.000Z,UPI,0,Hyderabad,LOW,SYNTHETIC
TXN-0005017,CASE-00591,ACC-00257,ACC-00042,16407,2026-01-24T22:33:00.000Z,TRANSFER,0,Hyderabad,LOW,SYNTHETIC
TXN-0005018,CASE-00591,ACC-01183,ACC-00691,68580,2026-01-25T15:13:00.000Z,IMPS,1,Hyderabad,MEDIUM,SYNTHETIC
TXN-0005019,CASE-00592,ACC-00265,ACC-00052,6523,2026-01-25T13:00:00.000Z,TRANSFER,0,Coimbatore,LOW,SYNTHETIC
TXN-0005020,CASE-00592,ACC-00266,ACC-00053,4032,2026-01-25T01:57:00.000Z,IMPS,0,Coimbatore,LOW,SYNTHETIC
TXN-0005021,CASE-00592,ACC-00267,ACC-00054,9427,2026-01-24T19:54:00.000Z,IMPS,0,Coimbatore,LOW,SYNTHETIC
TXN-0005022,CASE-00592,ACC-00268,ACC-00055,19666,2026-01-25T00:51:00.000Z,TRANSFER,0,Coimbatore,LOW,SYNTHETIC
TXN-0005023,CASE-00592,ACC-00269,ACC-00056,16860,2026-01-25T12:48:00.000Z,NEFT,0,Coimbatore,LOW,SYNTHETIC
TXN-0005024,CASE-00592,ACC-00270,ACC-00057,2031,2026-01-25T02:45:00.000Z,IMPS,0,Coimbatore,LOW,SYNTHETIC
TXN-0005025,CASE-00593,ACC-00282,ACC-00071,2211,2026-01-24T23:00:00.000Z,NEFT,0,Pune,LOW,SYNTHETIC
TXN-0005026,CASE-00593,ACC-00283,ACC-00072,21879,2026-01-24T23:57:00.000Z,TRANSFER,0,Pune,LOW,SYNTHETIC
TXN-0005027,CASE-00593,ACC-00284,ACC-00073,9937,2026-01-24T20:54:00.000Z,TRANSFER,0,Pune,LOW,SYNTHETIC
TXN-0005028,CASE-00593,ACC-00285,ACC-00074,17797,2026-01-25T12:51:00.000Z,UPI,0,Pune,LOW,SYNTHETIC
TXN-0005029,CASE-00593,ACC-00286,ACC-00075,8794,2026-01-24T22:48:00.000Z,UPI,0,Pune,LOW,SYNTHETIC
TXN-0005030,CASE-00593,ACC-00287,ACC-00076,14593,2026-01-24T23:45:00.000Z,TRANSFER,0,Pune,LOW,SYNTHETIC
TXN-0005031,CASE-00593,ACC-00288,ACC-00077,4106,2026-01-25T13:42:00.000Z,TRANSFER,0,Pune,LOW,SYNTHETIC
TXN-0005032,CASE-00593,ACC-00289,ACC-00078,12250,2026-01-25T01:39:00.000Z,IMPS,0,Pune,LOW,SYNTHETIC
TXN-0005033,CASE-00594,ACC-00299,ACC-00090,20004,2026-01-25T12:00:00.000Z,UPI,0,Vijayawada,LOW,SYNTHETIC
TXN-0005034,CASE-00594,ACC-00300,ACC-00091,5034,2026-01-25T15:57:00.000Z,TRANSFER,0,Vijayawada,LOW,SYNTHETIC
TXN-0005035,CASE-00594,ACC-00301,ACC-00092,7290,2026-01-25T14:54:00.000Z,NEFT,0,Vijayawada,LOW,SYNTHETIC
TXN-0005036,CASE-00594,ACC-00302,ACC-00093,13443,2026-01-25T10:51:00.000Z,UPI,0,Vijayawada,LOW,SYNTHETIC
TXN-0005037,CASE-00594,ACC-00303,ACC-00094,18492,2026-01-25T03:48:00.000Z,NEFT,0,Vijayawada,LOW,SYNTHETIC
TXN-0005038,CASE-00594,ACC-00304,ACC-00095,8258,2026-01-24T22:45:00.000Z,TRANSFER,0,Vijayawada,LOW,SYNTHETIC
TXN-0005039,CASE-00594,ACC-01189,ACC-00730,20252,2026-01-26T03:00:00.000Z,NEFT,1,Vijayawada,MEDIUM,SYNTHETIC
TXN-0005040,CASE-00595,ACC-00316,ACC-00109,3197,2026-01-25T12:00:00.000Z,TRANSFER,0,Chennai,LOW,SYNTHETIC
TXN-0005041,CASE-00595,ACC-00317,ACC-00110,4253,2026-01-25T16:57:00.000Z,TRANSFER,0,Chennai,LOW,SYNTHETIC
TXN-0005042,CASE-00595,ACC-00318,ACC-00111,11131,2026-01-25T16:54:00.000Z,UPI,0,Chennai,LOW,SYNTHETIC
TXN-0005043,CASE-00595,ACC-00319,ACC-00112,6766,2026-01-25T08:51:00.000Z,IMPS,0,Chennai,LOW,SYNTHETIC
TXN-0005044,CASE-00595,ACC-00320,ACC-00113,18757,2026-01-25T04:48:00.000Z,NEFT,0,Chennai,LOW,SYNTHETIC
TXN-0005045,CASE-00595,ACC-00321,ACC-00114,1453,2026-01-25T16:45:00.000Z,IMPS,0,Chennai,LOW,SYNTHETIC
TXN-0005046,CASE-00595,ACC-00322,ACC-00115,20394,2026-01-24T22:42:00.000Z,TRANSFER,0,Chennai,LOW,SYNTHETIC
TXN-0005047,CASE-00595,ACC-00323,ACC-00116,4546,2026-01-25T07:39:00.000Z,IMPS,0,Chennai,LOW,SYNTHETIC
TXN-0005048,CASE-00596,ACC-00333,ACC-00128,16430,2026-01-25T18:00:00.000Z,NEFT,0,Bengaluru,LOW,SYNTHETIC
TXN-0005049,CASE-00596,ACC-00334,ACC-00129,20285,2026-01-25T17:57:00.000Z,UPI,0,Bengaluru,LOW,SYNTHETIC
TXN-0005050,CASE-00596,ACC-00335,ACC-00130,5483,2026-01-25T08:54:00.000Z,NEFT,0,Bengaluru,LOW,SYNTHETIC
TXN-0005051,CASE-00596,ACC-00336,ACC-00131,5338,2026-01-25T06:51:00.000Z,NEFT,0,Bengaluru,LOW,SYNTHETIC
TXN-0005052,CASE-00596,ACC-00337,ACC-00132,20019,2026-01-25T15:48:00.000Z,TRANSFER,0,Bengaluru,LOW,SYNTHETIC
TXN-0005053,CASE-00596,ACC-00338,ACC-00133,8245,2026-01-25T08:45:00.000Z,UPI,0,Bengaluru,LOW,SYNTHETIC
TXN-0005054,CASE-00596,ACC-00339,ACC-00134,21011,2026-01-25T09:42:00.000Z,IMPS,0,Bengaluru,LOW,SYNTHETIC
TXN-0005055,CASE-00596,ACC-00340,ACC-00135,20843,2026-01-25T08:39:00.000Z,TRANSFER,0,Bengaluru,LOW,SYNTHETIC
TXN-0005056,CASE-00596,ACC-00341,ACC-00136,21528,2026-01-25T07:36:00.000Z,TRANSFER,0,Bengaluru,LOW,SYNTHETIC
TXN-0005057,CASE-00597,ACC-00350,ACC-00147,4344,2026-01-25T16:00:00.000Z,NEFT,0,Hyderabad,LOW,SYNTHETIC
TXN-0005058,CASE-00597,ACC-00351,ACC-00148,7204,2026-01-25T14:57:00.000Z,UPI,0,Hyderabad,LOW,SYNTHETIC
TXN-0005059,CASE-00597,ACC-00352,ACC-00149,10046,2026-01-25T17:54:00.000Z,IMPS,0,Hyderabad,LOW,SYNTHETIC
TXN-0005060,CASE-00597,ACC-00353,ACC-00150,10856,2026-01-25T15:51:00.000Z,UPI,0,Hyderabad,LOW,SYNTHETIC
TXN-0005061,CASE-00597,ACC-00354,ACC-00151,7660,2026-01-25T18:48:00.000Z,NEFT,0,Hyderabad,LOW,SYNTHETIC
TXN-0005062,CASE-00597,ACC-00355,ACC-00152,7096,2026-01-25T15:45:00.000Z,IMPS,0,Hyderabad,LOW,SYNTHETIC
TXN-0005063,CASE-00597,ACC-00356,ACC-00153,16492,2026-01-25T14:42:00.000Z,UPI,0,Hyderabad,LOW,SYNTHETIC
TXN-0005064,CASE-00597,ACC-00357,ACC-00154,4936,2026-01-25T14:39:00.000Z,NEFT,0,Hyderabad,LOW,SYNTHETIC
TXN-0005065,CASE-00597,ACC-00358,ACC-00155,18225,2026-01-25T08:36:00.000Z,UPI,0,Hyderabad,LOW,SYNTHETIC
TXN-0005066,CASE-00597,ACC-01195,ACC-00769,46492,2026-01-25T21:20:00.000Z,UPI,1,Hyderabad,MEDIUM,SYNTHETIC
TXN-0005067,CASE-00597,ACC-00769,ACC-00770,41914,2026-01-25T22:38:00.000Z,UPI,1,Hyderabad,MEDIUM,SYNTHETIC
TXN-0005068,CASE-00598,ACC-00367,ACC-00166,20915,2026-01-25T13:00:00.000Z,NEFT,0,Coimbatore,LOW,SYNTHETIC
TXN-0005069,CASE-00598,ACC-00368,ACC-00167,4224,2026-01-25T11:57:00.000Z,IMPS,0,Coimbatore,LOW,SYNTHETIC
TXN-0005070,CASE-00598,ACC-00369,ACC-00168,8174,2026-01-25T06:54:00.000Z,TRANSFER,0,Coimbatore,LOW,SYNTHETIC
TXN-0005071,CASE-00598,ACC-00370,ACC-00169,10641,2026-01-25T11:51:00.000Z,UPI,0,Coimbatore,LOW,SYNTHETIC
TXN-0005072,CASE-00598,ACC-00371,ACC-00170,3181,2026-01-25T06:48:00.000Z,NEFT,0,Coimbatore,LOW,SYNTHETIC
TXN-0005073,CASE-00598,ACC-00372,ACC-00171,4470,2026-01-25T17:45:00.000Z,IMPS,0,Coimbatore,LOW,SYNTHETIC
TXN-0005074,CASE-00598,ACC-01197,ACC-00782,37321,2026-01-25T23:12:00.000Z,IMPS,1,Coimbatore,MEDIUM,SYNTHETIC
TXN-0005075,CASE-00599,ACC-00384,ACC-00185,13843,2026-01-25T06:00:00.000Z,IMPS,0,Pune,LOW,SYNTHETIC
TXN-0005076,CASE-00599,ACC-00385,ACC-00186,3913,2026-01-25T09:57:00.000Z,IMPS,0,Pune,LOW,SYNTHETIC
TXN-0005077,CASE-00599,ACC-00386,ACC-00187,21617,2026-01-25T11:54:00.000Z,TRANSFER,0,Pune,LOW,SYNTHETIC
TXN-0005078,CASE-00599,ACC-00387,ACC-00188,11495,2026-01-25T12:51:00.000Z,NEFT,0,Pune,LOW,SYNTHETIC
TXN-0005079,CASE-00599,ACC-00388,ACC-00189,6095,2026-01-25T20:48:00.000Z,NEFT,0,Pune,LOW,SYNTHETIC
TXN-0005080,CASE-00599,ACC-00389,ACC-00190,18114,2026-01-25T21:45:00.000Z,NEFT,0,Pune,LOW,SYNTHETIC
TXN-0005081,CASE-00599,ACC-01199,ACC-00795,16848,2026-01-26T14:00:00.000Z,IMPS,1,Pune,MEDIUM,SYNTHETIC
TXN-0005082,CASE-00600,ACC-00401,ACC-00204,2795,2026-01-25T21:00:00.000Z,TRANSFER,0,Vijayawada,LOW,SYNTHETIC
TXN-0005083,CASE-00600,ACC-00402,ACC-00205,1126,2026-01-25T04:57:00.000Z,TRANSFER,0,Vijayawada,LOW,SYNTHETIC
TXN-0005084,CASE-00600,ACC-00403,ACC-00206,4657,2026-01-25T14:54:00.000Z,IMPS,0,Vijayawada,LOW,SYNTHETIC
TXN-0005085,CASE-00600,ACC-00404,ACC-00207,5226,2026-01-25T17:51:00.000Z,IMPS,0,Vijayawada,LOW,SYNTHETIC
TXN-0005086,CASE-00600,ACC-00405,ACC-00208,1371,2026-01-25T11:48:00.000Z,TRANSFER,0,Vijayawada,LOW,SYNTHETIC
TXN-0005087,CASE-00600,ACC-00406,ACC-00209,20468,2026-01-25T19:45:00.000Z,TRANSFER,0,Vijayawada,LOW,SYNTHETIC
TXN-0005088,CASE-00600,ACC-00407,ACC-00210,20136,2026-01-25T08:42:00.000Z,NEFT,0,Vijayawada,LOW,SYNTHETIC
TXN-0005089,CASE-00600,ACC-00408,ACC-00211,19525,2026-01-25T16:39:00.000Z,NEFT,0,Vijayawada,LOW,SYNTHETIC
TXN-0005090,CASE-00600,ACC-00409,ACC-00212,17046,2026-01-25T07:36:00.000Z,NEFT,0,Vijayawada,LOW,SYNTHETIC
